{
  "results": [
    {
      "command": "out/20220731101132/contention 1024 1000000",
      "mean": 1.10162078195,
      "stddev": 0.2597385017453741,
      "median": 1.24485807652,
      "user": 1.7270621199999994,
      "system": 6.814726249999998,
      "min": 0.31123692352000004,
      "max": 1.32897167252,
      "times": [
        0.46366905752000004,
        1.32897167252,
        0.78149780552,
        1.26548154952,
        0.8916140435200001,
        0.36745315252000005,
        0.32608161152000004,
        0.71558932152,
        1.19451825352,
        1.26126201052,
        1.2612528305200001,
        1.26006623252,
        1.2873732505200002,
        1.27131480552,
        1.1421836815200002,
        0.8154819935200001,
        1.2503618305200002,
        1.20754610752,
        1.27634091052,
        1.2555659915200001,
        1.2400301445200002,
        1.23722894552,
        1.23846753552,
        1.30378143152,
        1.24356727352,
        0.8370092825200001,
        1.25669740652,
        1.25482172052,
        1.2671701395200001,
        1.2943660405200001,
        1.24323857352,
        0.66071229852,
        1.2730451825200002,
        1.08711647552,
        0.75941404552,
        1.24481535152,
        1.26677480752,
        1.2372742035200002,
        1.2345397765200001,
        1.23484761252,
        1.1459969595200001,
        1.11190609052,
        0.73927769652,
        0.93944449452,
        1.26224106252,
        1.10300326352,
        1.24845952952,
        0.8146066885200001,
        1.27717502252,
        1.25092079452,
        1.25097402952,
        1.2517479525200002,
        1.26523031152,
        1.24490080152,
        1.25537353652,
        1.26280322752,
        1.2701871445200001,
        1.27199497652,
        1.2612552895200002,
        1.25238098652,
        1.2460242915200002,
        1.2486777395200002,
        1.23127299252,
        1.2581910115200001,
        1.2766056895200002,
        1.25476782452,
        1.2591164305200002,
        0.97059461552,
        0.36696598752000004,
        0.77548716552,
        1.2479059435200002,
        1.28814688252,
        1.2551614585200002,
        0.81127319552,
        1.24460484852,
        1.25363970152,
        0.64211069352,
        1.24363865752,
        1.26208381352,
        1.28758327752,
        0.7809083785200001,
        1.26436142852,
        0.75789984852,
        1.2608259745200001,
        1.2424747095200002,
        1.2295756425200002,
        1.24734316552,
        0.58968034352,
        0.92000826152,
        1.2391697295200002,
        0.31123692352000004,
        1.2516713355200002,
        0.80976989052,
        1.2534906975200002,
        0.75157963352,
        1.2116529525200002,
        1.24861881052,
        0.81537385052,
        1.2503001345200002,
        0.78386004552
      ],
      "exit_codes": [
        0,
        0,
        0,
        0,
        0,
        0,
        0,
        0,
        0,
        0,
        0,
        0,
        0,
        0,
        0,
        0,
        0,
        0,
        0,
        0,
        0,
        0,
        0,
        0,
        0,
        0,
        0,
        0,
        0,
        0,
        0,
        0,
        0,
        0,
        0,
        0,
        0,
        0,
        0,
        0,
        0,
        0,
        0,
        0,
        0,
        0,
        0,
        0,
        0,
        0,
        0,
        0,
        0,
        0,
        0,
        0,
        0,
        0,
        0,
        0,
        0,
        0,
        0,
        0,
        0,
        0,
        0,
        0,
        0,
        0,
        0,
        0,
        0,
        0,
        0,
        0,
        0,
        0,
        0,
        0,
        0,
        0,
        0,
        0,
        0,
        0,
        0,
        0,
        0,
        0,
        0,
        0,
        0,
        0,
        0,
        0,
        0,
        0,
        0,
        0
      ]
    }
  ]
}
