{
  "results": [
    {
      "command": "out/20220731101132/contention 1024 1",
      "mean": 0.025305952870000006,
      "stddev": 0.0013505583572729588,
      "median": 0.02512988418,
      "user": 0.00808667,
      "system": 0.03882326999999999,
      "min": 0.022871487180000004,
      "max": 0.03039916318,
      "times": [
        0.02455635918,
        0.027983590180000004,
        0.024029246179999998,
        0.026498499180000003,
        0.026077214180000002,
        0.02541894618,
        0.02582893018,
        0.02597524718,
        0.02644726118,
        0.02576121418,
        0.026054881180000003,
        0.02669872418,
        0.026660908179999998,
        0.02645895718,
        0.02685133218,
        0.026181464180000003,
        0.026200592180000003,
        0.02711388218,
        0.026910465180000002,
        0.02616137618,
        0.026188451180000002,
        0.02710715818,
        0.026051349180000002,
        0.025602353180000002,
        0.026284977180000002,
        0.026226234180000002,
        0.02576972718,
        0.025547458180000003,
        0.024903276180000003,
        0.027879630180000003,
        0.03039916318,
        0.02399877718,
        0.02752095518,
        0.025974703180000003,
        0.02979771118,
        0.024588728179999998,
        0.02372350818,
        0.02526495718,
        0.027832794180000002,
        0.02733023818,
        0.025049603179999998,
        0.02515644818,
        0.025498243179999998,
        0.027202092179999998,
        0.02467243518,
        0.02423706818,
        0.02569968818,
        0.02588343118,
        0.02422316018,
        0.024859532179999998,
        0.025426715180000004,
        0.02517443018,
        0.02503641318,
        0.02726326818,
        0.025968558180000004,
        0.02500092918,
        0.02510332018,
        0.02377570918,
        0.022947250180000003,
        0.02403638618,
        0.02527349618,
        0.02404308218,
        0.02446057418,
        0.023590087180000004,
        0.024772221179999998,
        0.024672865180000003,
        0.02413009218,
        0.02455671518,
        0.02542893518,
        0.02440687818,
        0.02482852318,
        0.025731620179999998,
        0.024178662179999998,
        0.024737371180000002,
        0.022871487180000004,
        0.02442157718,
        0.023404207180000004,
        0.025167355180000003,
        0.02380787818,
        0.02440287518,
        0.024138903180000004,
        0.02367532018,
        0.02428501418,
        0.024245992180000002,
        0.023120790180000003,
        0.02439672918,
        0.025797828180000003,
        0.024214943180000004,
        0.02412165518,
        0.02426473118,
        0.025640372180000003,
        0.02360222018,
        0.024543766180000003,
        0.024264917179999998,
        0.02454486818,
        0.02377142418,
        0.02496200918,
        0.024579413180000002,
        0.024160274180000003,
        0.025301689180000003
      ],
      "exit_codes": [
        0,
        0,
        0,
        0,
        0,
        0,
        0,
        0,
        0,
        0,
        0,
        0,
        0,
        0,
        0,
        0,
        0,
        0,
        0,
        0,
        0,
        0,
        0,
        0,
        0,
        0,
        0,
        0,
        0,
        0,
        0,
        0,
        0,
        0,
        0,
        0,
        0,
        0,
        0,
        0,
        0,
        0,
        0,
        0,
        0,
        0,
        0,
        0,
        0,
        0,
        0,
        0,
        0,
        0,
        0,
        0,
        0,
        0,
        0,
        0,
        0,
        0,
        0,
        0,
        0,
        0,
        0,
        0,
        0,
        0,
        0,
        0,
        0,
        0,
        0,
        0,
        0,
        0,
        0,
        0,
        0,
        0,
        0,
        0,
        0,
        0,
        0,
        0,
        0,
        0,
        0,
        0,
        0,
        0,
        0,
        0,
        0,
        0,
        0,
        0
      ]
    }
  ]
}
