{
  "results": [
    {
      "command": "out/20220731101132/contention 1024 10000",
      "mean": 0.02664834752,
      "stddev": 0.0007034299535443237,
      "median": 0.026575930640000002,
      "user": 0.014256849999999993,
      "system": 0.04293063999999998,
      "min": 0.02538884614,
      "max": 0.028948295140000004,
      "times": [
        0.027553304140000002,
        0.027461465140000002,
        0.02721607614,
        0.027643791140000002,
        0.02695527814,
        0.02723685714,
        0.02683392914,
        0.027688086140000002,
        0.028948295140000004,
        0.02738121714,
        0.02751658614,
        0.02707473614,
        0.02730629414,
        0.02750287414,
        0.028586981140000002,
        0.026937906140000002,
        0.02741494114,
        0.02708031614,
        0.02772657014,
        0.02592989814,
        0.02704021014,
        0.02576282014,
        0.026417808140000002,
        0.026629123140000002,
        0.02633259514,
        0.026379163140000002,
        0.02592108414,
        0.02664951014,
        0.025569443140000002,
        0.02705723514,
        0.02625059814,
        0.026143209140000002,
        0.02681085914,
        0.02659727114,
        0.02611450514,
        0.026716480140000002,
        0.02657754314,
        0.027073631140000002,
        0.026165026140000002,
        0.02618253114,
        0.02669239114,
        0.02569860514,
        0.02570793514,
        0.02590965114,
        0.02691952114,
        0.02538884614,
        0.02764725414,
        0.026289967140000002,
        0.02614523414,
        0.02699549714,
        0.027010293140000002,
        0.026614991140000002,
        0.02625605214,
        0.02849441514,
        0.026092382140000002,
        0.02657431814,
        0.02621743014,
        0.02612384814,
        0.02567726414,
        0.02663030014,
        0.02646897214,
        0.02602276514,
        0.02621176914,
        0.02670288414,
        0.026440325140000002,
        0.02637970814,
        0.02741422314,
        0.02645174514,
        0.02639193514,
        0.02614954514,
        0.027689200140000002,
        0.02543671014,
        0.02624121214,
        0.02542492314,
        0.02609962414,
        0.02685593214,
        0.026617055140000002,
        0.02679447514,
        0.02595147214,
        0.02674306014,
        0.027322102140000002,
        0.02621431414,
        0.02672639614,
        0.02686775914,
        0.02624237914,
        0.02612900014,
        0.02613961214,
        0.02736842414,
        0.02565986714,
        0.02635260214,
        0.02649507714,
        0.02619744414,
        0.02574566014,
        0.02840090614,
        0.026485772140000002,
        0.02587835314,
        0.02725703514,
        0.02679488714,
        0.02641840214,
        0.02617897514
      ],
      "exit_codes": [
        0,
        0,
        0,
        0,
        0,
        0,
        0,
        0,
        0,
        0,
        0,
        0,
        0,
        0,
        0,
        0,
        0,
        0,
        0,
        0,
        0,
        0,
        0,
        0,
        0,
        0,
        0,
        0,
        0,
        0,
        0,
        0,
        0,
        0,
        0,
        0,
        0,
        0,
        0,
        0,
        0,
        0,
        0,
        0,
        0,
        0,
        0,
        0,
        0,
        0,
        0,
        0,
        0,
        0,
        0,
        0,
        0,
        0,
        0,
        0,
        0,
        0,
        0,
        0,
        0,
        0,
        0,
        0,
        0,
        0,
        0,
        0,
        0,
        0,
        0,
        0,
        0,
        0,
        0,
        0,
        0,
        0,
        0,
        0,
        0,
        0,
        0,
        0,
        0,
        0,
        0,
        0,
        0,
        0,
        0,
        0,
        0,
        0,
        0,
        0
      ]
    }
  ]
}
