{
  "results": [
    {
      "command": "out/20220731101132/contention 1024 100",
      "mean": 0.024082949860000015,
      "stddev": 0.0008864691614727293,
      "median": 0.02404381908,
      "user": 0.008020719999999997,
      "system": 0.03690357000000002,
      "min": 0.02230239658,
      "max": 0.027249816580000003,
      "times": [
        0.02230239658,
        0.024074058580000002,
        0.023794853580000004,
        0.02513334558,
        0.02429679958,
        0.02453083458,
        0.024363316580000002,
        0.02399596958,
        0.023543168580000003,
        0.023422372580000003,
        0.02421588258,
        0.025155472580000005,
        0.026832379580000003,
        0.026092438580000002,
        0.025221350580000003,
        0.023626641580000003,
        0.027249816580000003,
        0.024386437580000003,
        0.026847131580000003,
        0.02466237558,
        0.02500058258,
        0.02446097858,
        0.024229190580000004,
        0.024727479580000003,
        0.023808062580000004,
        0.02395778958,
        0.02465112858,
        0.02340654358,
        0.023427553580000003,
        0.024556656580000003,
        0.02483622058,
        0.024110622580000005,
        0.024220439580000003,
        0.023499609580000004,
        0.02511084558,
        0.024033439580000003,
        0.024478110580000004,
        0.023169526580000002,
        0.02269228358,
        0.02276953858,
        0.024756547580000003,
        0.022691380580000003,
        0.024991871580000005,
        0.023691211580000003,
        0.02412001658,
        0.02416523158,
        0.02377763458,
        0.024795963580000004,
        0.02381397358,
        0.025217621580000002,
        0.024244193580000004,
        0.02386450958,
        0.023927740580000002,
        0.02460383058,
        0.023134050580000003,
        0.022844470580000005,
        0.024090045580000004,
        0.023119268580000005,
        0.02375192258,
        0.025982315580000005,
        0.024247227580000003,
        0.02405419858,
        0.02441476358,
        0.02393833358,
        0.024408901580000003,
        0.024020191580000003,
        0.02336822658,
        0.02420151458,
        0.02473942758,
        0.023201072580000003,
        0.02352552258,
        0.02280034258,
        0.023812192580000002,
        0.022612544580000005,
        0.02470562558,
        0.023768292580000003,
        0.023522985580000003,
        0.02352015658,
        0.023238824580000005,
        0.023793125580000005,
        0.02425304858,
        0.023435042580000003,
        0.02288019558,
        0.024360349580000003,
        0.02424629358,
        0.02397444158,
        0.02416665758,
        0.024845690580000003,
        0.023753316580000003,
        0.02409196658,
        0.023042623580000005,
        0.022662261580000002,
        0.023630359580000003,
        0.022856629580000003,
        0.023000165580000002,
        0.023913502580000003,
        0.024900492580000003,
        0.023852198580000004,
        0.024238619580000002,
        0.02382021358
      ],
      "exit_codes": [
        0,
        0,
        0,
        0,
        0,
        0,
        0,
        0,
        0,
        0,
        0,
        0,
        0,
        0,
        0,
        0,
        0,
        0,
        0,
        0,
        0,
        0,
        0,
        0,
        0,
        0,
        0,
        0,
        0,
        0,
        0,
        0,
        0,
        0,
        0,
        0,
        0,
        0,
        0,
        0,
        0,
        0,
        0,
        0,
        0,
        0,
        0,
        0,
        0,
        0,
        0,
        0,
        0,
        0,
        0,
        0,
        0,
        0,
        0,
        0,
        0,
        0,
        0,
        0,
        0,
        0,
        0,
        0,
        0,
        0,
        0,
        0,
        0,
        0,
        0,
        0,
        0,
        0,
        0,
        0,
        0,
        0,
        0,
        0,
        0,
        0,
        0,
        0,
        0,
        0,
        0,
        0,
        0,
        0,
        0,
        0,
        0,
        0,
        0,
        0
      ]
    }
  ]
}
