{
  "results": [
    {
      "command": "out/20220731101132/contention 1024 1000",
      "mean": 0.025781258730000013,
      "stddev": 0.0009094802835211647,
      "median": 0.0257311869,
      "user": 0.009535849999999998,
      "system": 0.04026298,
      "min": 0.024084244400000003,
      "max": 0.0289240694,
      "times": [
        0.025390095400000003,
        0.025850154400000002,
        0.0248340374,
        0.0243611414,
        0.025221488400000002,
        0.0254762684,
        0.025093375400000003,
        0.0245675474,
        0.0246778354,
        0.024908221400000003,
        0.024805618400000003,
        0.025176245400000002,
        0.024859656400000003,
        0.0253732774,
        0.0250523684,
        0.025669178400000003,
        0.024084244400000003,
        0.0256445824,
        0.025738309400000003,
        0.0258239744,
        0.024344450400000002,
        0.0254665794,
        0.024966351400000003,
        0.024504516400000002,
        0.0255224354,
        0.0249311314,
        0.025549951400000003,
        0.0248292674,
        0.025632852400000003,
        0.0244724314,
        0.025215048400000002,
        0.024918958400000003,
        0.0249145794,
        0.0253478294,
        0.025498690400000003,
        0.0252760474,
        0.024223806400000002,
        0.0272144404,
        0.024628845400000002,
        0.027175224400000003,
        0.0260819114,
        0.0255980534,
        0.025071115400000003,
        0.0258801224,
        0.0269004384,
        0.025755268400000003,
        0.025605326400000003,
        0.026397294400000004,
        0.0258532674,
        0.0260081724,
        0.0254213504,
        0.026646497400000003,
        0.0256380164,
        0.0257494514,
        0.027509906400000003,
        0.025689158400000002,
        0.0257269814,
        0.0253368554,
        0.0260204064,
        0.0249612984,
        0.0258955524,
        0.0254838234,
        0.025862953400000003,
        0.025495538400000003,
        0.0254831454,
        0.025800816400000003,
        0.025995183400000003,
        0.0261680144,
        0.0257353924,
        0.0261954224,
        0.0261993134,
        0.026095870400000002,
        0.0259977584,
        0.025978114400000002,
        0.026074869400000002,
        0.0253169874,
        0.0257939254,
        0.0260131554,
        0.025783479400000003,
        0.026100745400000003,
        0.0277921494,
        0.0260251274,
        0.0256307144,
        0.025840193400000003,
        0.028473384400000003,
        0.025054968400000002,
        0.0264450874,
        0.0266992064,
        0.0268898254,
        0.0261040474,
        0.026001083400000003,
        0.026036960400000003,
        0.027992954400000002,
        0.0281198414,
        0.0289240694,
        0.0259132314,
        0.0265106384,
        0.0262856944,
        0.028128650400000003,
        0.026696035400000002
      ],
      "exit_codes": [
        0,
        0,
        0,
        0,
        0,
        0,
        0,
        0,
        0,
        0,
        0,
        0,
        0,
        0,
        0,
        0,
        0,
        0,
        0,
        0,
        0,
        0,
        0,
        0,
        0,
        0,
        0,
        0,
        0,
        0,
        0,
        0,
        0,
        0,
        0,
        0,
        0,
        0,
        0,
        0,
        0,
        0,
        0,
        0,
        0,
        0,
        0,
        0,
        0,
        0,
        0,
        0,
        0,
        0,
        0,
        0,
        0,
        0,
        0,
        0,
        0,
        0,
        0,
        0,
        0,
        0,
        0,
        0,
        0,
        0,
        0,
        0,
        0,
        0,
        0,
        0,
        0,
        0,
        0,
        0,
        0,
        0,
        0,
        0,
        0,
        0,
        0,
        0,
        0,
        0,
        0,
        0,
        0,
        0,
        0,
        0,
        0,
        0,
        0,
        0
      ]
    }
  ]
}
