{
  "results": [
    {
      "command": "out/20220731101132/contention 1024 10",
      "mean": 0.02383724430999999,
      "stddev": 0.0008218086620465581,
      "median": 0.02378868352,
      "user": 0.007826210000000002,
      "system": 0.03643608999999999,
      "min": 0.02223907602,
      "max": 0.026028901020000002,
      "times": [
        0.023814379020000002,
        0.02325052302,
        0.02319034502,
        0.026028901020000002,
        0.022965841020000002,
        0.022526258020000002,
        0.02383439102,
        0.024417172020000003,
        0.02377401502,
        0.02280401802,
        0.02276375202,
        0.02443420902,
        0.02449127302,
        0.02308889002,
        0.023290009020000002,
        0.02387332802,
        0.02441760902,
        0.02393168102,
        0.024261621020000002,
        0.024067496020000002,
        0.02273066002,
        0.02381928102,
        0.02567368902,
        0.02320604302,
        0.02299610002,
        0.023622798020000002,
        0.02305952502,
        0.02386090002,
        0.02391587802,
        0.02306559402,
        0.02397586502,
        0.02266024602,
        0.02434802002,
        0.02385520902,
        0.02454666302,
        0.02430965802,
        0.02379698002,
        0.02413167602,
        0.023731966020000002,
        0.024157944020000002,
        0.02356401702,
        0.02533544402,
        0.02326220502,
        0.02338036002,
        0.02323594502,
        0.023456205020000002,
        0.02283495402,
        0.02499204702,
        0.02376520402,
        0.024679493020000002,
        0.023821648020000002,
        0.024774502020000002,
        0.02481065402,
        0.02378038702,
        0.022426239020000002,
        0.02518933602,
        0.02463176002,
        0.02296466102,
        0.02408359102,
        0.02301356602,
        0.025552674020000003,
        0.02285228202,
        0.02354975502,
        0.02381199102,
        0.02471896402,
        0.02223907602,
        0.023652941020000002,
        0.02275641402,
        0.02492507902,
        0.02338717002,
        0.02440040802,
        0.02356998502,
        0.02318323502,
        0.02460964502,
        0.02350389002,
        0.02355412502,
        0.02346992802,
        0.02347325402,
        0.024674180020000002,
        0.025842098020000003,
        0.023185106020000002,
        0.02496489802,
        0.02344717102,
        0.02463953802,
        0.02301826502,
        0.02372728802,
        0.02321588502,
        0.02373595602,
        0.02380486602,
        0.02325209302,
        0.02506348302,
        0.02322885202,
        0.02380080902,
        0.02407343202,
        0.025132134020000002,
        0.02259723002,
        0.024137030020000002,
        0.022486004020000002,
        0.02542287302,
        0.02437179802
      ],
      "exit_codes": [
        0,
        0,
        0,
        0,
        0,
        0,
        0,
        0,
        0,
        0,
        0,
        0,
        0,
        0,
        0,
        0,
        0,
        0,
        0,
        0,
        0,
        0,
        0,
        0,
        0,
        0,
        0,
        0,
        0,
        0,
        0,
        0,
        0,
        0,
        0,
        0,
        0,
        0,
        0,
        0,
        0,
        0,
        0,
        0,
        0,
        0,
        0,
        0,
        0,
        0,
        0,
        0,
        0,
        0,
        0,
        0,
        0,
        0,
        0,
        0,
        0,
        0,
        0,
        0,
        0,
        0,
        0,
        0,
        0,
        0,
        0,
        0,
        0,
        0,
        0,
        0,
        0,
        0,
        0,
        0,
        0,
        0,
        0,
        0,
        0,
        0,
        0,
        0,
        0,
        0,
        0,
        0,
        0,
        0,
        0,
        0,
        0,
        0,
        0,
        0
      ]
    }
  ]
}
