{
  "results": [
    {
      "command": "out/20220731101132/contention 1024 100000",
      "mean": 0.07181444847999999,
      "stddev": 0.022713914579314428,
      "median": 0.060323883120000005,
      "user": 0.15286153999999993,
      "system": 0.3510024599999999,
      "min": 0.05173929112000001,
      "max": 0.14599339012,
      "times": [
        0.05498907612000001,
        0.054490243120000004,
        0.05657370812,
        0.056980120120000005,
        0.07603910712,
        0.05435194412000001,
        0.09716595112,
        0.05660371912000001,
        0.05320442612000001,
        0.05438135412000001,
        0.057133715120000005,
        0.053799889120000007,
        0.11046255112,
        0.08580526512,
        0.05808120312000001,
        0.053665085120000004,
        0.05173929112000001,
        0.11234175812000001,
        0.10316808112,
        0.06027160812000001,
        0.05530294912000001,
        0.06198253012000001,
        0.05522731512000001,
        0.05910874112000001,
        0.09961841112,
        0.11805141612,
        0.11619774712,
        0.10555358712,
        0.06963174212,
        0.05978220612000001,
        0.09103621612,
        0.058040251120000004,
        0.06169761012,
        0.05745294112,
        0.059405577120000004,
        0.06037615812,
        0.05752624112000001,
        0.056370464120000005,
        0.12183579412000001,
        0.056168727120000005,
        0.05851278512000001,
        0.060675402120000006,
        0.057275933120000004,
        0.11877759712000001,
        0.054806839120000006,
        0.05881726812000001,
        0.06183535712000001,
        0.05851374912000001,
        0.09915132212,
        0.06340037812,
        0.05800956512000001,
        0.06468100512,
        0.05630057712000001,
        0.07472684412,
        0.05886277612000001,
        0.07411040712,
        0.057687372120000004,
        0.10485999212000001,
        0.08603786412,
        0.05807455412,
        0.11389527112,
        0.055350465120000004,
        0.059318595120000005,
        0.05464395912000001,
        0.057709203120000004,
        0.07338773312,
        0.05488188612000001,
        0.10675587712000001,
        0.06703110312,
        0.06292209412,
        0.08980683212,
        0.058077277120000007,
        0.059302817120000004,
        0.053381046120000004,
        0.12029166312,
        0.06317369212,
        0.05887742412000001,
        0.05999613712000001,
        0.05417078412000001,
        0.11357880612,
        0.10873467612,
        0.08778526812,
        0.06075216912000001,
        0.14345246812,
        0.06185745712000001,
        0.07149226212,
        0.06450689012000001,
        0.08812777712,
        0.06268867812,
        0.062035335120000014,
        0.06241946012000001,
        0.05629557712000001,
        0.05663565712000001,
        0.14599339012,
        0.06015231512,
        0.06589902712,
        0.05875400212000001,
        0.06438939012,
        0.05596768012000001,
        0.08022039112
      ],
      "exit_codes": [
        0,
        0,
        0,
        0,
        0,
        0,
        0,
        0,
        0,
        0,
        0,
        0,
        0,
        0,
        0,
        0,
        0,
        0,
        0,
        0,
        0,
        0,
        0,
        0,
        0,
        0,
        0,
        0,
        0,
        0,
        0,
        0,
        0,
        0,
        0,
        0,
        0,
        0,
        0,
        0,
        0,
        0,
        0,
        0,
        0,
        0,
        0,
        0,
        0,
        0,
        0,
        0,
        0,
        0,
        0,
        0,
        0,
        0,
        0,
        0,
        0,
        0,
        0,
        0,
        0,
        0,
        0,
        0,
        0,
        0,
        0,
        0,
        0,
        0,
        0,
        0,
        0,
        0,
        0,
        0,
        0,
        0,
        0,
        0,
        0,
        0,
        0,
        0,
        0,
        0,
        0,
        0,
        0,
        0,
        0,
        0,
        0,
        0,
        0,
        0
      ]
    }
  ]
}
