{
  "results": [
    {
      "command": "out/20220731101132/contention 128 1000",
      "mean": 0.00466003873,
      "stddev": 0.00021898783593473603,
      "median": 0.00459822616,
      "user": 0.0026933400000000002,
      "system": 0.004802270000000001,
      "min": 0.00437219966,
      "max": 0.005765785660000001,
      "times": [
        0.004589355660000001,
        0.0046770996600000005,
        0.0048875646600000005,
        0.00479045666,
        0.00488971066,
        0.00472255466,
        0.0047273066600000005,
        0.0046868516600000005,
        0.00490550866,
        0.0050701476600000005,
        0.0052685766600000005,
        0.005765785660000001,
        0.00462122266,
        0.00459970366,
        0.00447861366,
        0.00472874566,
        0.00464055766,
        0.004749850660000001,
        0.00460875566,
        0.0044661716600000005,
        0.00449395566,
        0.00462130866,
        0.00457736066,
        0.004570744660000001,
        0.00458825066,
        0.00477211766,
        0.00442259966,
        0.004624522660000001,
        0.00456075266,
        0.00453824966,
        0.004550080660000001,
        0.00478013166,
        0.00459674866,
        0.00463572266,
        0.00463072666,
        0.00458898466,
        0.00474629766,
        0.004567656660000001,
        0.0044351506600000005,
        0.00457671266,
        0.00472922066,
        0.00466698566,
        0.0046371306600000006,
        0.00450739366,
        0.00459379266,
        0.00479483466,
        0.00460106766,
        0.00447226466,
        0.0046395696600000005,
        0.0045560806600000005,
        0.00457147866,
        0.00456887866,
        0.0046506696600000005,
        0.0046204576600000005,
        0.004525563660000001,
        0.00450649766,
        0.004438462660000001,
        0.00437219966,
        0.0044603926600000005,
        0.00472200966,
        0.00452141866,
        0.00447531466,
        0.00455110766,
        0.00449695066,
        0.00482573466,
        0.004922457660000001,
        0.00509297766,
        0.00462664466,
        0.00458402566,
        0.004578410660000001,
        0.004508056660000001,
        0.0045869056600000005,
        0.00452839366,
        0.004712106660000001,
        0.0049427316600000005,
        0.004767123660000001,
        0.00447414666,
        0.00450285566,
        0.00486295966,
        0.00471755166,
        0.00533867066,
        0.00487461266,
        0.0045234216600000005,
        0.00468047066,
        0.00447664766,
        0.0044844646600000005,
        0.00449681566,
        0.0047035626600000005,
        0.00456093766,
        0.00451723966,
        0.004447901660000001,
        0.00446579666,
        0.004459510660000001,
        0.00455860766,
        0.00487625266,
        0.00454438966,
        0.004832103660000001,
        0.00540496466,
        0.0046522086600000005,
        0.00443985266
      ],
      "exit_codes": [
        0,
        0,
        0,
        0,
        0,
        0,
        0,
        0,
        0,
        0,
        0,
        0,
        0,
        0,
        0,
        0,
        0,
        0,
        0,
        0,
        0,
        0,
        0,
        0,
        0,
        0,
        0,
        0,
        0,
        0,
        0,
        0,
        0,
        0,
        0,
        0,
        0,
        0,
        0,
        0,
        0,
        0,
        0,
        0,
        0,
        0,
        0,
        0,
        0,
        0,
        0,
        0,
        0,
        0,
        0,
        0,
        0,
        0,
        0,
        0,
        0,
        0,
        0,
        0,
        0,
        0,
        0,
        0,
        0,
        0,
        0,
        0,
        0,
        0,
        0,
        0,
        0,
        0,
        0,
        0,
        0,
        0,
        0,
        0,
        0,
        0,
        0,
        0,
        0,
        0,
        0,
        0,
        0,
        0,
        0,
        0,
        0,
        0,
        0,
        0
      ]
    }
  ]
}
