{
  "results": [
    {
      "command": "out/20220731101132/contention 128 1000000",
      "mean": 1.23745268462,
      "stddev": 0.09021364249750881,
      "median": 1.25518298936,
      "user": 1.79196788,
      "system": 7.829200240000001,
      "min": 1.01570530436,
      "max": 1.4360648353599998,
      "times": [
        1.27418121436,
        1.22013608336,
        1.0888096213599998,
        1.25076466036,
        1.25572983636,
        1.15492426136,
        1.24361756636,
        1.2397445193599999,
        1.26477979236,
        1.2670027423599999,
        1.12687013036,
        1.1547245073599999,
        1.2081417023599998,
        1.38507736336,
        1.1157348593599998,
        1.17652869736,
        1.16910491336,
        1.26559152436,
        1.08833408036,
        1.0811620983599999,
        1.29631517736,
        1.25975992536,
        1.29602450336,
        1.2302369303599998,
        1.3888735133599999,
        1.07609290336,
        1.28270428636,
        1.22982495736,
        1.3187189473599998,
        1.2117108563599999,
        1.1155769653599998,
        1.1426229373599999,
        1.21612842236,
        1.27477079136,
        1.25445195636,
        1.2236300093599999,
        1.1064376783599998,
        1.2508788043599999,
        1.20359862836,
        1.2623941753599999,
        1.08887097336,
        1.0492225393599999,
        1.31151130236,
        1.32945441336,
        1.4360648353599998,
        1.17091799336,
        1.26904077936,
        1.28251524836,
        1.15531864336,
        1.27306169236,
        1.40103871636,
        1.2757711883599998,
        1.2571901673599999,
        1.23183981836,
        1.01570530436,
        1.31552930636,
        1.26240418336,
        1.26001602636,
        1.24994872836,
        1.25873269736,
        1.26549462536,
        1.0289208613599998,
        1.2784177643599999,
        1.3748774043599998,
        1.2501270093599999,
        1.3910922343599998,
        1.25448171736,
        1.24442587336,
        1.05365225736,
        1.32659946936,
        1.28533994536,
        1.10652544036,
        1.15621071036,
        1.29530853936,
        1.31646788136,
        1.2816403243599999,
        1.28280089236,
        1.2560689913599998,
        1.24816567836,
        1.3200527763599998,
        1.2480342873599999,
        1.40597130136,
        1.26363948036,
        1.27357244336,
        1.30195618336,
        1.0540333873599999,
        1.42528551936,
        1.28356612636,
        1.25042123536,
        1.26920182336,
        1.29145310736,
        1.3115758473599999,
        1.19967139536,
        1.2505996553599998,
        1.28328345936,
        1.24772365536,
        1.26244541736,
        1.2476724043599998,
        1.2546361423599999,
        1.0379880933599999
      ],
      "exit_codes": [
        0,
        0,
        0,
        0,
        0,
        0,
        0,
        0,
        0,
        0,
        0,
        0,
        0,
        0,
        0,
        0,
        0,
        0,
        0,
        0,
        0,
        0,
        0,
        0,
        0,
        0,
        0,
        0,
        0,
        0,
        0,
        0,
        0,
        0,
        0,
        0,
        0,
        0,
        0,
        0,
        0,
        0,
        0,
        0,
        0,
        0,
        0,
        0,
        0,
        0,
        0,
        0,
        0,
        0,
        0,
        0,
        0,
        0,
        0,
        0,
        0,
        0,
        0,
        0,
        0,
        0,
        0,
        0,
        0,
        0,
        0,
        0,
        0,
        0,
        0,
        0,
        0,
        0,
        0,
        0,
        0,
        0,
        0,
        0,
        0,
        0,
        0,
        0,
        0,
        0,
        0,
        0,
        0,
        0,
        0,
        0,
        0,
        0,
        0,
        0
      ]
    }
  ]
}
