{
  "results": [
    {
      "command": "out/20220731101132/contention 128 10000",
      "mean": 0.013635841540000004,
      "stddev": 0.0008809622242181937,
      "median": 0.013637188300000002,
      "user": 0.018222040000000005,
      "system": 0.06263851999999999,
      "min": 0.010240887800000001,
      "max": 0.017327267800000004,
      "times": [
        0.0127820968,
        0.012891838800000001,
        0.012884011800000001,
        0.012726287800000001,
        0.0128855298,
        0.013422535800000001,
        0.0139797998,
        0.013631239800000002,
        0.0133758448,
        0.0130560048,
        0.0133776438,
        0.0134631998,
        0.0127617918,
        0.0122236128,
        0.0114231088,
        0.013944556800000002,
        0.0127877358,
        0.012742024800000001,
        0.0138124678,
        0.013682159800000001,
        0.0132757798,
        0.0123873438,
        0.013310900799999999,
        0.0127091548,
        0.013562654799999999,
        0.0136247698,
        0.0138601518,
        0.014445034800000001,
        0.013346619799999999,
        0.010240887800000001,
        0.0137665538,
        0.013592276799999999,
        0.0118360918,
        0.0134863778,
        0.012505240800000001,
        0.012831289800000001,
        0.013317916800000001,
        0.013637138800000002,
        0.013609785800000001,
        0.0139889338,
        0.0139971198,
        0.0138078068,
        0.0131363348,
        0.0127894748,
        0.0134833128,
        0.013468720800000002,
        0.011391018800000001,
        0.0140403278,
        0.013637237800000002,
        0.0140709668,
        0.013470974800000002,
        0.0131245308,
        0.0135232418,
        0.013551066799999999,
        0.0139984588,
        0.013416873800000001,
        0.014056658800000002,
        0.0137674608,
        0.013199507800000001,
        0.0142657178,
        0.0133788688,
        0.0146202978,
        0.014662273800000002,
        0.0146032318,
        0.0147960058,
        0.0135958418,
        0.0145227758,
        0.013781137800000001,
        0.0146994658,
        0.017327267800000004,
        0.012900826800000001,
        0.013924386799999999,
        0.014403231800000001,
        0.0139564708,
        0.014833283800000001,
        0.0140837138,
        0.014269844800000002,
        0.014956726800000002,
        0.0135200068,
        0.013333390799999999,
        0.014107874800000001,
        0.013754446800000002,
        0.013195326800000002,
        0.0155365938,
        0.013942429800000001,
        0.014000518800000002,
        0.013712070800000002,
        0.014604526800000002,
        0.0127550748,
        0.014259392800000001,
        0.0145601768,
        0.0142075728,
        0.0140170618,
        0.014274775800000002,
        0.0140648938,
        0.0142668888,
        0.014015618799999999,
        0.014283020799999999,
        0.014601401800000002,
        0.013870227800000001
      ],
      "exit_codes": [
        0,
        0,
        0,
        0,
        0,
        0,
        0,
        0,
        0,
        0,
        0,
        0,
        0,
        0,
        0,
        0,
        0,
        0,
        0,
        0,
        0,
        0,
        0,
        0,
        0,
        0,
        0,
        0,
        0,
        0,
        0,
        0,
        0,
        0,
        0,
        0,
        0,
        0,
        0,
        0,
        0,
        0,
        0,
        0,
        0,
        0,
        0,
        0,
        0,
        0,
        0,
        0,
        0,
        0,
        0,
        0,
        0,
        0,
        0,
        0,
        0,
        0,
        0,
        0,
        0,
        0,
        0,
        0,
        0,
        0,
        0,
        0,
        0,
        0,
        0,
        0,
        0,
        0,
        0,
        0,
        0,
        0,
        0,
        0,
        0,
        0,
        0,
        0,
        0,
        0,
        0,
        0,
        0,
        0,
        0,
        0,
        0,
        0,
        0,
        0
      ]
    }
  ]
}
