{
  "results": [
    {
      "command": "out/20220731101132/contention 128 100000",
      "mean": 0.11999011501999998,
      "stddev": 0.013047607866901498,
      "median": 0.12281126396000001,
      "user": 0.17649846000000002,
      "system": 0.7290662400000002,
      "min": 0.05120061746,
      "max": 0.13841078246000002,
      "times": [
        0.10532689746000001,
        0.10450213446,
        0.10399183646000001,
        0.10917275646,
        0.12158592746000002,
        0.12001535846000001,
        0.12717425246000003,
        0.12819288846000002,
        0.11143975746000001,
        0.12688373846,
        0.12211869246000001,
        0.13276205646000003,
        0.10074650446000001,
        0.12034373246000002,
        0.12299495846000003,
        0.12850295046000001,
        0.12825998946,
        0.13468078446,
        0.11262367546000002,
        0.13263835746000002,
        0.09430810046000002,
        0.12589943146000002,
        0.13036774446000002,
        0.13398584046,
        0.10562842446000001,
        0.12208838546000002,
        0.13125991946,
        0.13224437246,
        0.11906577746000001,
        0.13267187046,
        0.11527818446000002,
        0.12464676546,
        0.11209594446000001,
        0.13481126946000002,
        0.10907459646,
        0.13265482246000002,
        0.09514974546000002,
        0.12786700146000002,
        0.12995588446,
        0.13454689346,
        0.11201813646000001,
        0.13449799446000002,
        0.11983089646000002,
        0.12798963546,
        0.09799039946000002,
        0.13364434646,
        0.13841078246000002,
        0.11633617846000001,
        0.11706930946,
        0.13258991346000001,
        0.11143382346000001,
        0.12913861846000002,
        0.10744652146000001,
        0.12901013046,
        0.12802448746,
        0.12450121746000001,
        0.11102001346000001,
        0.13056844646000001,
        0.12419314946000001,
        0.10618244246000001,
        0.13155556446000002,
        0.12662598346,
        0.12681430246,
        0.11899966746000001,
        0.12625672446000002,
        0.11785882746000001,
        0.13388830846000002,
        0.05120061746,
        0.11686775146000002,
        0.11372093346,
        0.10960225246000001,
        0.11137552246000001,
        0.10626685346000002,
        0.09437594846000001,
        0.12588310346,
        0.12932094446,
        0.13326976846000002,
        0.10448533346000001,
        0.12613384946,
        0.13152654946,
        0.13132182446000001,
        0.11071302446000002,
        0.12831527646000002,
        0.11049004946000002,
        0.12225723346000002,
        0.11901202046000002,
        0.12971902746000002,
        0.13375031746000002,
        0.11616292746000001,
        0.13116348146,
        0.11133165246000001,
        0.12884073746000002,
        0.12687128546,
        0.09567468446,
        0.12395095946000001,
        0.12125235846000001,
        0.12262756946,
        0.10148210746000001,
        0.11609396546000002,
        0.11249752646000001
      ],
      "exit_codes": [
        0,
        0,
        0,
        0,
        0,
        0,
        0,
        0,
        0,
        0,
        0,
        0,
        0,
        0,
        0,
        0,
        0,
        0,
        0,
        0,
        0,
        0,
        0,
        0,
        0,
        0,
        0,
        0,
        0,
        0,
        0,
        0,
        0,
        0,
        0,
        0,
        0,
        0,
        0,
        0,
        0,
        0,
        0,
        0,
        0,
        0,
        0,
        0,
        0,
        0,
        0,
        0,
        0,
        0,
        0,
        0,
        0,
        0,
        0,
        0,
        0,
        0,
        0,
        0,
        0,
        0,
        0,
        0,
        0,
        0,
        0,
        0,
        0,
        0,
        0,
        0,
        0,
        0,
        0,
        0,
        0,
        0,
        0,
        0,
        0,
        0,
        0,
        0,
        0,
        0,
        0,
        0,
        0,
        0,
        0,
        0,
        0,
        0,
        0,
        0
      ]
    }
  ]
}
