{
  "results": [
    {
      "command": "out/20220731101132/contention 128 10",
      "mean": 0.004640292319999997,
      "stddev": 0.00020929599502365017,
      "median": 0.004623596679999999,
      "user": 0.0019624600000000005,
      "system": 0.0038257800000000026,
      "min": 0.004063828679999999,
      "max": 0.005381025679999998,
      "times": [
        0.004712483679999999,
        0.004750611679999999,
        0.005305974679999999,
        0.004748253679999999,
        0.004932641679999999,
        0.004661538679999999,
        0.004639189679999999,
        0.0044582736799999995,
        0.004653246679999999,
        0.004678739679999999,
        0.004680646679999999,
        0.004608738679999999,
        0.004667020679999999,
        0.004560743679999999,
        0.004514463679999999,
        0.004752738679999999,
        0.005102405679999999,
        0.004620155679999999,
        0.004532060679999999,
        0.0046374126799999995,
        0.004753057679999999,
        0.004620932679999999,
        0.004858205679999999,
        0.0046887716799999994,
        0.0049817136799999995,
        0.005381025679999998,
        0.004747249679999999,
        0.004563883679999999,
        0.004661281679999999,
        0.004755575679999999,
        0.004632487679999999,
        0.004602002679999999,
        0.004547261679999999,
        0.0045149006799999995,
        0.004797612679999999,
        0.004893632679999999,
        0.004845930679999999,
        0.004367575679999999,
        0.004246660679999999,
        0.004632066679999999,
        0.004603998679999999,
        0.004513849679999999,
        0.004916182679999999,
        0.004773014679999999,
        0.0046177636799999994,
        0.004701825679999999,
        0.0046148436799999994,
        0.004855705679999999,
        0.004835777679999999,
        0.004680191679999999,
        0.00516870268,
        0.004888582679999999,
        0.0047748986799999995,
        0.004658177679999999,
        0.004588830679999999,
        0.004455995679999999,
        0.004853302679999999,
        0.004764632679999999,
        0.004488176679999999,
        0.004510678679999999,
        0.004711126679999999,
        0.004573339679999999,
        0.004564953679999999,
        0.004706086679999999,
        0.004565124679999999,
        0.004489070679999999,
        0.004599407679999999,
        0.004667874679999999,
        0.004624115679999999,
        0.004473386679999999,
        0.0048439226799999995,
        0.004583993679999999,
        0.004623077679999999,
        0.004705586679999999,
        0.004569701679999999,
        0.004470422679999999,
        0.004851738679999999,
        0.004996789679999999,
        0.004424012679999999,
        0.004508132679999999,
        0.0047699386799999995,
        0.004175573679999999,
        0.004063828679999999,
        0.004636543679999999,
        0.004483251679999999,
        0.0043509896799999994,
        0.004369803679999999,
        0.004537964679999999,
        0.004513419679999999,
        0.004367764679999999,
        0.004651141679999999,
        0.0044410616799999995,
        0.004519186679999999,
        0.0043848366799999995,
        0.004516250679999999,
        0.004334851679999999,
        0.004455308679999999,
        0.004456444679999999,
        0.004513538679999999,
        0.004361363679999999
      ],
      "exit_codes": [
        0,
        0,
        0,
        0,
        0,
        0,
        0,
        0,
        0,
        0,
        0,
        0,
        0,
        0,
        0,
        0,
        0,
        0,
        0,
        0,
        0,
        0,
        0,
        0,
        0,
        0,
        0,
        0,
        0,
        0,
        0,
        0,
        0,
        0,
        0,
        0,
        0,
        0,
        0,
        0,
        0,
        0,
        0,
        0,
        0,
        0,
        0,
        0,
        0,
        0,
        0,
        0,
        0,
        0,
        0,
        0,
        0,
        0,
        0,
        0,
        0,
        0,
        0,
        0,
        0,
        0,
        0,
        0,
        0,
        0,
        0,
        0,
        0,
        0,
        0,
        0,
        0,
        0,
        0,
        0,
        0,
        0,
        0,
        0,
        0,
        0,
        0,
        0,
        0,
        0,
        0,
        0,
        0,
        0,
        0,
        0,
        0,
        0,
        0,
        0
      ]
    }
  ]
}
