{
  "results": [
    {
      "command": "out/20220731101132/contention 128 100",
      "mean": 0.00374695516,
      "stddev": 0.00021016893500541578,
      "median": 0.003720793840000001,
      "user": 0.002056080000000001,
      "system": 0.003825809999999999,
      "min": 0.003321339840000001,
      "max": 0.004709482840000001,
      "times": [
        0.003643783840000001,
        0.0036462118400000013,
        0.003763096840000001,
        0.003751299840000001,
        0.0038793778400000012,
        0.003811077840000001,
        0.0039008358400000006,
        0.003738597840000001,
        0.003609341840000001,
        0.0036878348400000006,
        0.0037381718400000007,
        0.003605720840000001,
        0.0035980398400000013,
        0.003819995840000001,
        0.003800613840000001,
        0.004010766840000001,
        0.0036910008400000013,
        0.0036251518400000006,
        0.003644738840000001,
        0.003634899840000001,
        0.004185039840000002,
        0.003745635840000001,
        0.0036947938400000006,
        0.003650740840000001,
        0.003684468840000001,
        0.0035865408400000006,
        0.003755646840000001,
        0.0037414068400000006,
        0.003639785840000001,
        0.0036639938400000014,
        0.003672146840000001,
        0.003589535840000001,
        0.003776180840000001,
        0.003559819840000001,
        0.0039337198400000006,
        0.003768381840000001,
        0.0037520058400000006,
        0.003634845840000001,
        0.003573327840000001,
        0.0036131968400000014,
        0.003663850840000001,
        0.0038655978400000007,
        0.003726784840000001,
        0.003578216840000001,
        0.0036774038400000006,
        0.0035645568400000014,
        0.003913071840000001,
        0.003977664840000001,
        0.004004748840000001,
        0.0033580118400000007,
        0.0034584988400000014,
        0.0036277938400000012,
        0.003599656840000001,
        0.0036499078400000014,
        0.003737958840000001,
        0.004058520840000001,
        0.0037904288400000007,
        0.004709482840000001,
        0.0041563888400000006,
        0.003529408840000001,
        0.0037835428400000014,
        0.003963677840000001,
        0.00436420484,
        0.0037443438400000012,
        0.0036514168400000008,
        0.0036328758400000012,
        0.0037037628400000007,
        0.003778845840000001,
        0.003943423840000002,
        0.0036236738400000014,
        0.0037222178400000013,
        0.003610221840000001,
        0.0036787188400000006,
        0.0037728478400000007,
        0.003608016840000001,
        0.0038451708400000007,
        0.003798387840000001,
        0.003804789840000001,
        0.004015258840000001,
        0.003810612840000001,
        0.003703905840000001,
        0.0037193698400000007,
        0.003832056840000001,
        0.003745932840000001,
        0.0038771498400000013,
        0.003743765840000001,
        0.003693673840000001,
        0.0035930728400000007,
        0.0035043458400000013,
        0.004263102840000001,
        0.003831629840000001,
        0.0035876698400000013,
        0.004347101840000001,
        0.0037794098400000006,
        0.003477289840000001,
        0.003433636840000001,
        0.003937297840000001,
        0.0034000208400000007,
        0.003321339840000001,
        0.003578002840000001
      ],
      "exit_codes": [
        0,
        0,
        0,
        0,
        0,
        0,
        0,
        0,
        0,
        0,
        0,
        0,
        0,
        0,
        0,
        0,
        0,
        0,
        0,
        0,
        0,
        0,
        0,
        0,
        0,
        0,
        0,
        0,
        0,
        0,
        0,
        0,
        0,
        0,
        0,
        0,
        0,
        0,
        0,
        0,
        0,
        0,
        0,
        0,
        0,
        0,
        0,
        0,
        0,
        0,
        0,
        0,
        0,
        0,
        0,
        0,
        0,
        0,
        0,
        0,
        0,
        0,
        0,
        0,
        0,
        0,
        0,
        0,
        0,
        0,
        0,
        0,
        0,
        0,
        0,
        0,
        0,
        0,
        0,
        0,
        0,
        0,
        0,
        0,
        0,
        0,
        0,
        0,
        0,
        0,
        0,
        0,
        0,
        0,
        0,
        0,
        0,
        0,
        0,
        0
      ]
    }
  ]
}
