{
  "results": [
    {
      "command": "out/20220731101132/contention 128 1",
      "mean": 0.004818725599999999,
      "stddev": 0.00024042327639574974,
      "median": 0.00477591314,
      "user": 0.0018932799999999991,
      "system": 0.0037737600000000006,
      "min": 0.00427349864,
      "max": 0.005760302639999999,
      "times": [
        0.0048444206399999995,
        0.004717390639999999,
        0.0049326636399999995,
        0.00520599764,
        0.004687373639999999,
        0.00505273864,
        0.005144028639999999,
        0.005003107639999999,
        0.00514633164,
        0.005096461639999999,
        0.00447083664,
        0.004649311639999999,
        0.005006992639999999,
        0.00480312164,
        0.004549331639999999,
        0.004731651639999999,
        0.004985366639999999,
        0.004706535639999999,
        0.004353596639999999,
        0.00438401764,
        0.005159332639999998,
        0.004919504639999999,
        0.00493884164,
        0.00467247264,
        0.00484965664,
        0.00482195964,
        0.00492458464,
        0.00533640564,
        0.005578959639999999,
        0.005182108639999999,
        0.004905167639999999,
        0.00471088764,
        0.00473436164,
        0.005221079639999999,
        0.00483981564,
        0.00527782064,
        0.00522097264,
        0.00470183964,
        0.004667912639999999,
        0.00468190164,
        0.00473215164,
        0.004715772639999999,
        0.00502959964,
        0.004722024639999999,
        0.004685092639999999,
        0.00468248464,
        0.005760302639999999,
        0.004801577639999999,
        0.00480026364,
        0.004966560639999999,
        0.00467756664,
        0.004572329639999999,
        0.004800380639999999,
        0.004634964639999999,
        0.004687545639999999,
        0.004805522639999999,
        0.004740612639999999,
        0.00466755164,
        0.00466304564,
        0.004670694639999999,
        0.00470758064,
        0.00499773664,
        0.004894905639999999,
        0.004638402639999999,
        0.0050603036399999995,
        0.005102110639999999,
        0.00457363964,
        0.00427349864,
        0.00485161164,
        0.00477743364,
        0.004829307639999999,
        0.00498955664,
        0.00476729064,
        0.00458384964,
        0.00461373564,
        0.004819891639999999,
        0.00466660164,
        0.004609726639999999,
        0.00468476164,
        0.00459879864,
        0.004795223639999999,
        0.00465518264,
        0.004838485639999999,
        0.00465579164,
        0.004963782639999999,
        0.00480918464,
        0.00487474964,
        0.00491519864,
        0.00473316664,
        0.00435057264,
        0.00466823764,
        0.004645000639999999,
        0.004679048639999999,
        0.00464325264,
        0.00477439264,
        0.00519800864,
        0.004811750639999999,
        0.00463793964,
        0.004727607639999999,
        0.00482233164
      ],
      "exit_codes": [
        0,
        0,
        0,
        0,
        0,
        0,
        0,
        0,
        0,
        0,
        0,
        0,
        0,
        0,
        0,
        0,
        0,
        0,
        0,
        0,
        0,
        0,
        0,
        0,
        0,
        0,
        0,
        0,
        0,
        0,
        0,
        0,
        0,
        0,
        0,
        0,
        0,
        0,
        0,
        0,
        0,
        0,
        0,
        0,
        0,
        0,
        0,
        0,
        0,
        0,
        0,
        0,
        0,
        0,
        0,
        0,
        0,
        0,
        0,
        0,
        0,
        0,
        0,
        0,
        0,
        0,
        0,
        0,
        0,
        0,
        0,
        0,
        0,
        0,
        0,
        0,
        0,
        0,
        0,
        0,
        0,
        0,
        0,
        0,
        0,
        0,
        0,
        0,
        0,
        0,
        0,
        0,
        0,
        0,
        0,
        0,
        0,
        0,
        0,
        0
      ]
    }
  ]
}
