{
  "results": [
    {
      "command": "out/20220731101132/contention 16 100000",
      "mean": 0.13726884929000002,
      "stddev": 0.00818645049809894,
      "median": 0.13608089210000002,
      "user": 0.18760617000000004,
      "system": 0.8341025099999999,
      "min": 0.1215605086,
      "max": 0.15752199960000002,
      "times": [
        0.1215605086,
        0.14632643560000003,
        0.12556416760000003,
        0.12370347860000001,
        0.1228772546,
        0.12588305160000002,
        0.1262670506,
        0.1313626706,
        0.13515797860000003,
        0.1389472096,
        0.14663149560000002,
        0.14820196060000002,
        0.1303497526,
        0.13209557360000002,
        0.13126275260000003,
        0.12972053960000002,
        0.13294955260000002,
        0.1329813656,
        0.13627796960000002,
        0.14092271260000003,
        0.14465006960000001,
        0.14751790060000003,
        0.12849684160000002,
        0.12712792060000003,
        0.13097370260000002,
        0.1329327006,
        0.13242189560000003,
        0.1372431856,
        0.13937344460000003,
        0.14710862460000002,
        0.15752199960000002,
        0.13670492760000003,
        0.14045280860000003,
        0.14091296260000002,
        0.14819567760000002,
        0.15349543660000003,
        0.15619530860000003,
        0.13690345560000003,
        0.14138594960000003,
        0.14226467760000003,
        0.1500864336,
        0.15210458760000004,
        0.13275011560000002,
        0.13462786860000003,
        0.13916706560000003,
        0.13540657860000002,
        0.14203494960000002,
        0.14159029360000003,
        0.1509103146,
        0.12942510560000003,
        0.1266220496,
        0.1291391946,
        0.12934940560000002,
        0.13195840060000003,
        0.1341647216,
        0.13686546360000001,
        0.13957243760000002,
        0.14652032860000003,
        0.14948913560000002,
        0.1266892786,
        0.1282255636,
        0.1274370196,
        0.13045029760000001,
        0.13051736060000002,
        0.1354399786,
        0.13905669160000003,
        0.14175378060000002,
        0.14418679960000003,
        0.12362733560000001,
        0.14780045960000002,
        0.13319932360000003,
        0.1311343926,
        0.13455622860000002,
        0.13708967060000002,
        0.1383433286,
        0.14438026160000003,
        0.14565264660000002,
        0.13217063260000003,
        0.12972841860000003,
        0.13127807460000002,
        0.1327461826,
        0.13693643160000002,
        0.13882109460000003,
        0.14350966560000003,
        0.14980325660000002,
        0.15109796160000002,
        0.1289702426,
        0.13240666460000003,
        0.13252032160000002,
        0.1358838146,
        0.13491112560000001,
        0.14327210860000003,
        0.1466285686,
        0.15041033560000003,
        0.1307110136,
        0.13121585260000002,
        0.1352662316,
        0.13717224260000002,
        0.14186103860000002,
        0.1473158106
      ],
      "exit_codes": [
        0,
        0,
        0,
        0,
        0,
        0,
        0,
        0,
        0,
        0,
        0,
        0,
        0,
        0,
        0,
        0,
        0,
        0,
        0,
        0,
        0,
        0,
        0,
        0,
        0,
        0,
        0,
        0,
        0,
        0,
        0,
        0,
        0,
        0,
        0,
        0,
        0,
        0,
        0,
        0,
        0,
        0,
        0,
        0,
        0,
        0,
        0,
        0,
        0,
        0,
        0,
        0,
        0,
        0,
        0,
        0,
        0,
        0,
        0,
        0,
        0,
        0,
        0,
        0,
        0,
        0,
        0,
        0,
        0,
        0,
        0,
        0,
        0,
        0,
        0,
        0,
        0,
        0,
        0,
        0,
        0,
        0,
        0,
        0,
        0,
        0,
        0,
        0,
        0,
        0,
        0,
        0,
        0,
        0,
        0,
        0,
        0,
        0,
        0,
        0
      ]
    }
  ]
}
