{
  "results": [
    {
      "command": "out/20220731101132/contention 16 10000",
      "mean": 0.015239386180000002,
      "stddev": 0.0007465284789529037,
      "median": 0.015160764640000001,
      "user": 0.01862002,
      "system": 0.07412747999999997,
      "min": 0.01370881914,
      "max": 0.01736454314,
      "times": [
        0.01393559814,
        0.01370881914,
        0.014656106140000002,
        0.01410568314,
        0.01403560314,
        0.01459382114,
        0.014952570140000001,
        0.01470965014,
        0.01432129114,
        0.01509929814,
        0.01474890314,
        0.014567083140000001,
        0.01430059914,
        0.01427358614,
        0.01495969914,
        0.014855779139999999,
        0.014235909140000001,
        0.01426606814,
        0.014678694140000002,
        0.01433093914,
        0.01422895614,
        0.014421161140000001,
        0.01447603014,
        0.014558070140000002,
        0.01417951414,
        0.014281198140000001,
        0.01432610714,
        0.015424260140000002,
        0.015553453140000001,
        0.01616478114,
        0.01520772714,
        0.015582902140000002,
        0.01549664514,
        0.015612846139999999,
        0.01546309414,
        0.01540075814,
        0.01611218214,
        0.016927289140000003,
        0.01584437114,
        0.01465005914,
        0.015399424140000001,
        0.015491006140000001,
        0.015006238140000001,
        0.01736454314,
        0.01594655014,
        0.015655140140000003,
        0.01553625114,
        0.01594545814,
        0.01599432914,
        0.016785838140000002,
        0.015279069140000002,
        0.01486963214,
        0.01571981914,
        0.015170351140000001,
        0.014993804139999999,
        0.015757474139999998,
        0.016613507139999997,
        0.01657040914,
        0.015351839140000002,
        0.016545883140000002,
        0.01708206214,
        0.01652294814,
        0.01617720114,
        0.01515117814,
        0.015010772140000002,
        0.01549664414,
        0.01590873114,
        0.01523861414,
        0.015873340139999997,
        0.017234425140000002,
        0.015736922139999998,
        0.015490953140000001,
        0.015768800140000004,
        0.015587503140000002,
        0.01513909214,
        0.01503063414,
        0.015351734140000002,
        0.01534566514,
        0.01462877414,
        0.015272103140000002,
        0.01487307914,
        0.01492559414,
        0.01512450314,
        0.015600332140000001,
        0.01453038914,
        0.01480684214,
        0.01528721314,
        0.01506303814,
        0.014804665140000001,
        0.01507858814,
        0.01538287514,
        0.014851483140000002,
        0.015038975139999999,
        0.01495143214,
        0.015326647140000002,
        0.01552750414,
        0.014812059140000002,
        0.014912494140000001,
        0.01503479514,
        0.01571433714
      ],
      "exit_codes": [
        0,
        0,
        0,
        0,
        0,
        0,
        0,
        0,
        0,
        0,
        0,
        0,
        0,
        0,
        0,
        0,
        0,
        0,
        0,
        0,
        0,
        0,
        0,
        0,
        0,
        0,
        0,
        0,
        0,
        0,
        0,
        0,
        0,
        0,
        0,
        0,
        0,
        0,
        0,
        0,
        0,
        0,
        0,
        0,
        0,
        0,
        0,
        0,
        0,
        0,
        0,
        0,
        0,
        0,
        0,
        0,
        0,
        0,
        0,
        0,
        0,
        0,
        0,
        0,
        0,
        0,
        0,
        0,
        0,
        0,
        0,
        0,
        0,
        0,
        0,
        0,
        0,
        0,
        0,
        0,
        0,
        0,
        0,
        0,
        0,
        0,
        0,
        0,
        0,
        0,
        0,
        0,
        0,
        0,
        0,
        0,
        0,
        0,
        0,
        0
      ]
    }
  ]
}
