{
  "results": [
    {
      "command": "out/20220731101132/contention 16 1000",
      "mean": 0.00395143146,
      "stddev": 0.0002440849228824578,
      "median": 0.0039077732600000005,
      "user": 0.0028430100000000004,
      "system": 0.0076281699999999975,
      "min": 0.0034957537600000003,
      "max": 0.00498504676,
      "times": [
        0.0038340197600000006,
        0.003907683760000001,
        0.00376404076,
        0.0037106327600000006,
        0.00408485976,
        0.00485315176,
        0.0041351237600000005,
        0.0039049637600000004,
        0.003988008760000001,
        0.0037395987600000007,
        0.0036112787600000003,
        0.0039464947600000005,
        0.0037274407600000007,
        0.00392074876,
        0.00405076876,
        0.0039744127600000005,
        0.00373788276,
        0.00396672276,
        0.004053224760000001,
        0.00391871376,
        0.00397405776,
        0.004007672760000001,
        0.0043327287600000005,
        0.0038414727600000007,
        0.0038814287600000006,
        0.0038963507600000002,
        0.0038008007600000004,
        0.0038149457600000006,
        0.00391926076,
        0.0038465787600000002,
        0.00396549376,
        0.00393172676,
        0.0039572007600000006,
        0.0038785067600000007,
        0.00378496376,
        0.004050907760000001,
        0.003933477760000001,
        0.00394293276,
        0.00450708776,
        0.00498504676,
        0.00381757176,
        0.0037843997600000004,
        0.004224407760000001,
        0.0038869307600000007,
        0.0034957537600000003,
        0.0043365617600000005,
        0.0038613197600000006,
        0.0036607687600000004,
        0.00369785276,
        0.00403077676,
        0.00388971176,
        0.00377386876,
        0.00415333976,
        0.0039323147600000006,
        0.0037731177600000007,
        0.00374563776,
        0.00427264976,
        0.0037422487600000005,
        0.0037681877600000005,
        0.004000135760000001,
        0.00451508476,
        0.003779822760000001,
        0.0037280477600000004,
        0.0037261637600000007,
        0.0039510707600000005,
        0.0038536347600000003,
        0.00390786276,
        0.0040990207600000005,
        0.00404363376,
        0.00404535076,
        0.00388777876,
        0.00417390676,
        0.0039088047600000005,
        0.00392865076,
        0.0037706677600000005,
        0.003803805760000001,
        0.00405337876,
        0.004000700760000001,
        0.00381808576,
        0.0038030897600000004,
        0.00385127376,
        0.00382241476,
        0.00429474576,
        0.004917801760000001,
        0.00400864776,
        0.0038022017600000003,
        0.0038796757600000004,
        0.0038194177600000007,
        0.0038428857600000003,
        0.00404509376,
        0.0039631397600000005,
        0.0036049517600000008,
        0.004174482760000001,
        0.00390976476,
        0.0038812307600000007,
        0.00393224976,
        0.0039026317600000006,
        0.00384016076,
        0.0038587907600000004,
        0.00406305176
      ],
      "exit_codes": [
        0,
        0,
        0,
        0,
        0,
        0,
        0,
        0,
        0,
        0,
        0,
        0,
        0,
        0,
        0,
        0,
        0,
        0,
        0,
        0,
        0,
        0,
        0,
        0,
        0,
        0,
        0,
        0,
        0,
        0,
        0,
        0,
        0,
        0,
        0,
        0,
        0,
        0,
        0,
        0,
        0,
        0,
        0,
        0,
        0,
        0,
        0,
        0,
        0,
        0,
        0,
        0,
        0,
        0,
        0,
        0,
        0,
        0,
        0,
        0,
        0,
        0,
        0,
        0,
        0,
        0,
        0,
        0,
        0,
        0,
        0,
        0,
        0,
        0,
        0,
        0,
        0,
        0,
        0,
        0,
        0,
        0,
        0,
        0,
        0,
        0,
        0,
        0,
        0,
        0,
        0,
        0,
        0,
        0,
        0,
        0,
        0,
        0,
        0,
        0
      ]
    }
  ]
}
