{
  "results": [
    {
      "command": "out/20220731101132/contention 16 100",
      "mean": 0.0020270717399999997,
      "stddev": 0.00016272479643566896,
      "median": 0.002000740259999999,
      "user": 0.0012687199999999992,
      "system": 0.0016383300000000006,
      "min": 0.001610145759999999,
      "max": 0.0026002367599999993,
      "times": [
        0.0018598427599999991,
        0.0019109437599999987,
        0.002042892759999999,
        0.002040201759999999,
        0.0023216967599999994,
        0.002009646759999999,
        0.001969979759999999,
        0.0020240977599999994,
        0.0021070067599999994,
        0.001963369759999999,
        0.0019901617599999994,
        0.002117207759999999,
        0.002002570759999999,
        0.002038062759999999,
        0.0021475047599999993,
        0.0019417737599999986,
        0.0018854877599999986,
        0.001842764759999999,
        0.0020609287599999988,
        0.0019205397599999993,
        0.0021302017599999987,
        0.002371339759999999,
        0.0023383187599999994,
        0.0020957747599999995,
        0.001960596759999999,
        0.002135063759999999,
        0.001706652759999999,
        0.0018139577599999993,
        0.0020005447599999986,
        0.002317963759999999,
        0.002262758759999999,
        0.0022514927599999995,
        0.002129475759999999,
        0.0019220557599999993,
        0.0019760657599999986,
        0.001901693759999999,
        0.002035880759999999,
        0.0022832277599999992,
        0.0026002367599999993,
        0.0024821917599999995,
        0.002143808759999999,
        0.0019854457599999993,
        0.0019050137599999992,
        0.0019704517599999994,
        0.002087087759999999,
        0.002053759759999999,
        0.0018823927599999988,
        0.002003503759999999,
        0.002047074759999999,
        0.002175464759999999,
        0.002070256759999999,
        0.0019945897599999993,
        0.0020497727599999988,
        0.001848795759999999,
        0.0019890147599999995,
        0.0018861367599999988,
        0.0019643547599999993,
        0.0019803767599999994,
        0.002159844759999999,
        0.0020009357599999993,
        0.001980975759999999,
        0.001981680759999999,
        0.0019021257599999989,
        0.002026571759999999,
        0.0019008687599999987,
        0.0019196657599999988,
        0.0018811197599999992,
        0.0019168307599999991,
        0.0022641267599999987,
        0.0020067157599999988,
        0.0019752357599999992,
        0.001963592759999999,
        0.002078782759999999,
        0.0018771657599999988,
        0.0019716977599999993,
        0.0020876457599999987,
        0.0019947407599999988,
        0.0022283317599999988,
        0.0025212607599999987,
        0.0017343107599999989,
        0.001610145759999999,
        0.0017239377599999987,
        0.0020223857599999994,
        0.002027540759999999,
        0.0018574787599999988,
        0.0019269317599999993,
        0.0020874287599999992,
        0.0019069287599999991,
        0.0020262547599999995,
        0.002196698759999999,
        0.0018824777599999992,
        0.0019237657599999987,
        0.0020880367599999993,
        0.0020156937599999994,
        0.001955575759999999,
        0.0019584367599999987,
        0.002223758759999999,
        0.001982303759999999,
        0.001953647759999999,
        0.002014041759999999
      ],
      "exit_codes": [
        0,
        0,
        0,
        0,
        0,
        0,
        0,
        0,
        0,
        0,
        0,
        0,
        0,
        0,
        0,
        0,
        0,
        0,
        0,
        0,
        0,
        0,
        0,
        0,
        0,
        0,
        0,
        0,
        0,
        0,
        0,
        0,
        0,
        0,
        0,
        0,
        0,
        0,
        0,
        0,
        0,
        0,
        0,
        0,
        0,
        0,
        0,
        0,
        0,
        0,
        0,
        0,
        0,
        0,
        0,
        0,
        0,
        0,
        0,
        0,
        0,
        0,
        0,
        0,
        0,
        0,
        0,
        0,
        0,
        0,
        0,
        0,
        0,
        0,
        0,
        0,
        0,
        0,
        0,
        0,
        0,
        0,
        0,
        0,
        0,
        0,
        0,
        0,
        0,
        0,
        0,
        0,
        0,
        0,
        0,
        0,
        0,
        0,
        0,
        0
      ]
    }
  ]
}
