{
  "results": [
    {
      "command": "out/20220731101132/contention 16 1",
      "mean": 0.003016805959999999,
      "stddev": 0.00021078499882586194,
      "median": 0.0029753795,
      "user": 0.0010988099999999995,
      "system": 0.00122372,
      "min": 0.00269294,
      "max": 0.0037529360000000006,
      "times": [
        0.0029964410000000003,
        0.0030237820000000005,
        0.003328519,
        0.0033847740000000005,
        0.0030896850000000004,
        0.003080163,
        0.0032874730000000004,
        0.003308184,
        0.0030963590000000004,
        0.003581653,
        0.003736552,
        0.003278226,
        0.0037529360000000006,
        0.003351577,
        0.0030551849999999998,
        0.002960594,
        0.0031015200000000004,
        0.002883789,
        0.0028537310000000004,
        0.0031675170000000003,
        0.003031462,
        0.0030530500000000003,
        0.0028499790000000003,
        0.003017539,
        0.0028579050000000004,
        0.003037622,
        0.0036311280000000004,
        0.003327242,
        0.0034491510000000006,
        0.003054377,
        0.002926757,
        0.003000749,
        0.0029097420000000003,
        0.002920571,
        0.0030012669999999997,
        0.002802414,
        0.0030090110000000002,
        0.003010394,
        0.003010765,
        0.002941426,
        0.0029570290000000003,
        0.0030873149999999998,
        0.0029779800000000003,
        0.00293074,
        0.002949306,
        0.00332581,
        0.002895662,
        0.002933846,
        0.00293335,
        0.002882166,
        0.0029433780000000004,
        0.002973671,
        0.003041095,
        0.002970348,
        0.003268716,
        0.0033604620000000003,
        0.0029770879999999997,
        0.003024399,
        0.00289273,
        0.003089638,
        0.002836396,
        0.002824182,
        0.003091859,
        0.003012958,
        0.003150396,
        0.002980515,
        0.0031817050000000004,
        0.002905906,
        0.002866326,
        0.0029604889999999997,
        0.0027977170000000003,
        0.002870726,
        0.0029581259999999997,
        0.0031627450000000002,
        0.002886699,
        0.00269294,
        0.0029001910000000003,
        0.002822147,
        0.0028296519999999998,
        0.0027973970000000005,
        0.003074278,
        0.0028268230000000004,
        0.002799985,
        0.0028699820000000005,
        0.002859547,
        0.0028073190000000004,
        0.002786914,
        0.0030264400000000005,
        0.0027459310000000005,
        0.0028050049999999997,
        0.003061466,
        0.002922306,
        0.002720044,
        0.002758459,
        0.0029307870000000002,
        0.0027347210000000003,
        0.003117492,
        0.002994448,
        0.0029404500000000003,
        0.0027931870000000004
      ],
      "exit_codes": [
        0,
        0,
        0,
        0,
        0,
        0,
        0,
        0,
        0,
        0,
        0,
        0,
        0,
        0,
        0,
        0,
        0,
        0,
        0,
        0,
        0,
        0,
        0,
        0,
        0,
        0,
        0,
        0,
        0,
        0,
        0,
        0,
        0,
        0,
        0,
        0,
        0,
        0,
        0,
        0,
        0,
        0,
        0,
        0,
        0,
        0,
        0,
        0,
        0,
        0,
        0,
        0,
        0,
        0,
        0,
        0,
        0,
        0,
        0,
        0,
        0,
        0,
        0,
        0,
        0,
        0,
        0,
        0,
        0,
        0,
        0,
        0,
        0,
        0,
        0,
        0,
        0,
        0,
        0,
        0,
        0,
        0,
        0,
        0,
        0,
        0,
        0,
        0,
        0,
        0,
        0,
        0,
        0,
        0,
        0,
        0,
        0,
        0,
        0,
        0
      ]
    }
  ]
}
