{
  "results": [
    {
      "command": "out/20220731101132/contention 16 10",
      "mean": 0.0028877762200000007,
      "stddev": 0.00018268178121235622,
      "median": 0.0028671933199999992,
      "user": 0.0011970099999999999,
      "system": 0.0013926200000000004,
      "min": 0.0026050673199999987,
      "max": 0.0038225673199999985,
      "times": [
        0.0029451353199999985,
        0.002802355319999999,
        0.002815617319999999,
        0.0029205803199999986,
        0.002741086319999999,
        0.0028676513199999993,
        0.003001323319999999,
        0.002899073319999999,
        0.002866735319999999,
        0.0029775193199999992,
        0.0029159683199999993,
        0.002802760319999999,
        0.002781791319999999,
        0.0029670583199999986,
        0.0029809613199999986,
        0.002817125319999999,
        0.002838313319999999,
        0.0029044113199999987,
        0.002894492319999999,
        0.0029113823199999993,
        0.003120211319999999,
        0.0031731463199999987,
        0.002789393319999999,
        0.0028395863199999986,
        0.0029385933199999985,
        0.0027957433199999986,
        0.0028032643199999985,
        0.0038225673199999985,
        0.0029306583199999988,
        0.002640716319999999,
        0.0027434233199999988,
        0.0029081223199999987,
        0.0027124013199999993,
        0.002840661319999999,
        0.002840933319999999,
        0.002776978319999999,
        0.002912823319999999,
        0.002953411319999999,
        0.0028678243199999993,
        0.002873724319999999,
        0.0028333623199999986,
        0.002941509319999999,
        0.002816774319999999,
        0.0028543903199999988,
        0.0029758483199999993,
        0.0031267523199999987,
        0.0028711573199999988,
        0.0028285503199999987,
        0.002883881319999999,
        0.0027753673199999987,
        0.0028849813199999987,
        0.003095805319999999,
        0.002984704319999999,
        0.0027848623199999986,
        0.0029371103199999993,
        0.002988036319999999,
        0.0028374273199999987,
        0.002789668319999999,
        0.0028792193199999993,
        0.0027842363199999986,
        0.002782101319999999,
        0.0029550603199999985,
        0.003197980319999999,
        0.0030439093199999987,
        0.0029482593199999987,
        0.002948260319999999,
        0.0027437503199999993,
        0.0026822653199999992,
        0.0029643493199999985,
        0.0028490793199999987,
        0.002635608319999999,
        0.002741022319999999,
        0.0029836113199999993,
        0.002979495319999999,
        0.003070925319999999,
        0.003190616319999999,
        0.002849596319999999,
        0.002738067319999999,
        0.002726519319999999,
        0.0029899703199999985,
        0.0034424683199999993,
        0.0029283863199999986,
        0.003050414319999999,
        0.0027494173199999992,
        0.0026607963199999987,
        0.0026477953199999993,
        0.0027158123199999985,
        0.0026050673199999987,
        0.002672400319999999,
        0.002877779319999999,
        0.002721822319999999,
        0.003133559319999999,
        0.002756925319999999,
        0.003552111319999999,
        0.0026216893199999987,
        0.002783869319999999,
        0.002846374319999999,
        0.002697391319999999,
        0.002770764319999999,
        0.002713161319999999
      ],
      "exit_codes": [
        0,
        0,
        0,
        0,
        0,
        0,
        0,
        0,
        0,
        0,
        0,
        0,
        0,
        0,
        0,
        0,
        0,
        0,
        0,
        0,
        0,
        0,
        0,
        0,
        0,
        0,
        0,
        0,
        0,
        0,
        0,
        0,
        0,
        0,
        0,
        0,
        0,
        0,
        0,
        0,
        0,
        0,
        0,
        0,
        0,
        0,
        0,
        0,
        0,
        0,
        0,
        0,
        0,
        0,
        0,
        0,
        0,
        0,
        0,
        0,
        0,
        0,
        0,
        0,
        0,
        0,
        0,
        0,
        0,
        0,
        0,
        0,
        0,
        0,
        0,
        0,
        0,
        0,
        0,
        0,
        0,
        0,
        0,
        0,
        0,
        0,
        0,
        0,
        0,
        0,
        0,
        0,
        0,
        0,
        0,
        0,
        0,
        0,
        0,
        0
      ]
    }
  ]
}
