{
  "results": [
    {
      "command": "out/20220731101132/contention 16 1000000",
      "mean": 1.4883294114999999,
      "stddev": 0.030217754009321102,
      "median": 1.49056585762,
      "user": 1.8901531699999998,
      "system": 9.626952749999996,
      "min": 1.41483813112,
      "max": 1.55003757312,
      "times": [
        1.4548493051200002,
        1.54425608312,
        1.4867656121200001,
        1.49592586512,
        1.5381422551200001,
        1.4630582111200001,
        1.4314122981200001,
        1.4955957151200001,
        1.53078949512,
        1.5305349061200002,
        1.43335277712,
        1.50101417212,
        1.54191721712,
        1.47815166512,
        1.47371535412,
        1.52227394212,
        1.53518185712,
        1.4510854431200002,
        1.50924675612,
        1.52245676812,
        1.4838709651200002,
        1.49806276312,
        1.49667975912,
        1.49731491012,
        1.46543819612,
        1.47499493812,
        1.49533303012,
        1.47443013312,
        1.52913623112,
        1.4783347131200002,
        1.4908827051200002,
        1.51263698112,
        1.5254518471200003,
        1.48201401512,
        1.47963403412,
        1.50585574712,
        1.48931562412,
        1.46718954512,
        1.4199793951200002,
        1.48207216912,
        1.52623025112,
        1.4936037501200001,
        1.4713065601200002,
        1.50113732112,
        1.4780650781200002,
        1.50335418012,
        1.5130549691200001,
        1.50989536912,
        1.5363195581200002,
        1.5336907651200002,
        1.45852281512,
        1.45800462512,
        1.54000039512,
        1.47871767512,
        1.46242010212,
        1.45270560612,
        1.4669649911200002,
        1.50912521212,
        1.50245406012,
        1.50639635912,
        1.4186051211200001,
        1.55003757312,
        1.53717713112,
        1.45548550012,
        1.4656957671200002,
        1.51350555012,
        1.48449366012,
        1.4969899131200002,
        1.50262678112,
        1.46605013712,
        1.47307657112,
        1.4920749151200001,
        1.44900221312,
        1.49496608612,
        1.49024901012,
        1.45168991012,
        1.4746104531200002,
        1.4588037251200001,
        1.5057677101200002,
        1.49519879712,
        1.50761700112,
        1.4779685521200001,
        1.51308404212,
        1.51972266312,
        1.4649185201200001,
        1.4768920651200002,
        1.46866173112,
        1.49158111512,
        1.46958203812,
        1.44282521412,
        1.4644452761200002,
        1.50318456112,
        1.49332011112,
        1.4579479341200001,
        1.4670426661200002,
        1.50957765212,
        1.43435354812,
        1.52582603912,
        1.41483813112,
        1.46312271912
      ],
      "exit_codes": [
        0,
        0,
        0,
        0,
        0,
        0,
        0,
        0,
        0,
        0,
        0,
        0,
        0,
        0,
        0,
        0,
        0,
        0,
        0,
        0,
        0,
        0,
        0,
        0,
        0,
        0,
        0,
        0,
        0,
        0,
        0,
        0,
        0,
        0,
        0,
        0,
        0,
        0,
        0,
        0,
        0,
        0,
        0,
        0,
        0,
        0,
        0,
        0,
        0,
        0,
        0,
        0,
        0,
        0,
        0,
        0,
        0,
        0,
        0,
        0,
        0,
        0,
        0,
        0,
        0,
        0,
        0,
        0,
        0,
        0,
        0,
        0,
        0,
        0,
        0,
        0,
        0,
        0,
        0,
        0,
        0,
        0,
        0,
        0,
        0,
        0,
        0,
        0,
        0,
        0,
        0,
        0,
        0,
        0,
        0,
        0,
        0,
        0,
        0,
        0
      ]
    }
  ]
}
