{
  "results": [
    {
      "command": "out/20220731101132/contention 1 10",
      "mean": 0.0027154520800000016,
      "stddev": 0.00021017272660031443,
      "median": 0.0027285207400000004,
      "user": 0.00093161,
      "system": 0.0007554199999999997,
      "min": 0.00217775774,
      "max": 0.0034622767400000003,
      "times": [
        0.00249885974,
        0.0024679517400000004,
        0.0024694677400000004,
        0.0027182437400000005,
        0.0026979617400000005,
        0.0027533667400000002,
        0.00247496074,
        0.0026140807400000005,
        0.0027793547400000005,
        0.0027513527400000004,
        0.00259034774,
        0.00249799274,
        0.0024951627400000005,
        0.0024752437400000003,
        0.00267910274,
        0.0026383097400000002,
        0.0025634667400000004,
        0.00251368374,
        0.0026488637400000005,
        0.00283863874,
        0.00272907774,
        0.0027601427400000002,
        0.00310624174,
        0.00270735574,
        0.00323973374,
        0.0027671667400000007,
        0.0028878997400000003,
        0.00269816074,
        0.00254457474,
        0.0027290077400000004,
        0.00250704974,
        0.0024730057400000004,
        0.0026162807400000004,
        0.0027754097400000005,
        0.0026100467400000005,
        0.0024829767400000005,
        0.0026839567400000004,
        0.0027715387400000006,
        0.0029955207400000007,
        0.0027366967400000003,
        0.0028422867400000004,
        0.0027280337400000004,
        0.00284643674,
        0.00288267674,
        0.0027411027400000005,
        0.0027447827400000004,
        0.00274365274,
        0.0027306327400000003,
        0.0026954707400000002,
        0.0027364177400000006,
        0.00247695774,
        0.00257309574,
        0.00293278274,
        0.0027329657400000005,
        0.00284968974,
        0.00276615974,
        0.00269658374,
        0.0029574337400000007,
        0.00274204274,
        0.0032543737400000006,
        0.0027542777400000004,
        0.0024972257400000006,
        0.0027358707400000006,
        0.0028516137400000003,
        0.00334112974,
        0.0023378267400000004,
        0.0022974127400000005,
        0.0025766827400000004,
        0.00252533774,
        0.0025239507400000006,
        0.0029455597400000005,
        0.00290291574,
        0.00246604074,
        0.0027861997400000006,
        0.0029087337400000002,
        0.00253377174,
        0.0027712077400000004,
        0.00283627274,
        0.0028757547400000004,
        0.0026043447400000007,
        0.0028230757400000005,
        0.0034622767400000003,
        0.0031610807400000002,
        0.0024229667400000004,
        0.00217775774,
        0.00252698874,
        0.0029317737400000004,
        0.0026334647400000004,
        0.0025026407400000005,
        0.0027953437400000006,
        0.0029582057400000003,
        0.0025973727400000006,
        0.0027481657400000004,
        0.0028774737400000003,
        0.00264015574,
        0.0027180147400000004,
        0.0027099267400000006,
        0.0026248977400000002,
        0.00270906274,
        0.0027905977400000006
      ],
      "exit_codes": [
        0,
        0,
        0,
        0,
        0,
        0,
        0,
        0,
        0,
        0,
        0,
        0,
        0,
        0,
        0,
        0,
        0,
        0,
        0,
        0,
        0,
        0,
        0,
        0,
        0,
        0,
        0,
        0,
        0,
        0,
        0,
        0,
        0,
        0,
        0,
        0,
        0,
        0,
        0,
        0,
        0,
        0,
        0,
        0,
        0,
        0,
        0,
        0,
        0,
        0,
        0,
        0,
        0,
        0,
        0,
        0,
        0,
        0,
        0,
        0,
        0,
        0,
        0,
        0,
        0,
        0,
        0,
        0,
        0,
        0,
        0,
        0,
        0,
        0,
        0,
        0,
        0,
        0,
        0,
        0,
        0,
        0,
        0,
        0,
        0,
        0,
        0,
        0,
        0,
        0,
        0,
        0,
        0,
        0,
        0,
        0,
        0,
        0,
        0,
        0
      ]
    }
  ]
}
