{
  "results": [
    {
      "command": "out/20220731101132/contention 1 1",
      "mean": 0.00282361851,
      "stddev": 0.0002270108486382634,
      "median": 0.002852037519999999,
      "user": 0.0009679900000000004,
      "system": 0.0008706499999999997,
      "min": 0.002247509019999999,
      "max": 0.003385394019999999,
      "times": [
        0.002853149019999999,
        0.003050207019999999,
        0.002902900019999999,
        0.0030590190199999995,
        0.002821031019999999,
        0.0024039360199999997,
        0.002665117019999999,
        0.002717382019999999,
        0.0027420130199999997,
        0.002801812019999999,
        0.003024677019999999,
        0.0028035630199999993,
        0.0029822700199999995,
        0.0028052190199999993,
        0.0032744970199999994,
        0.0030531510199999995,
        0.002541323019999999,
        0.0029245400199999997,
        0.003141655019999999,
        0.002884142019999999,
        0.002736810019999999,
        0.002730408019999999,
        0.0027074150199999994,
        0.0027484800199999992,
        0.0029568470199999993,
        0.0026876470199999995,
        0.0028973050199999992,
        0.0029016600199999994,
        0.0029285510199999996,
        0.0028670700199999993,
        0.0029153420199999995,
        0.0024713820199999993,
        0.002247509019999999,
        0.002281636019999999,
        0.0027756990199999994,
        0.0027127970199999994,
        0.0026800030199999993,
        0.002679516019999999,
        0.002751984019999999,
        0.0025700410199999994,
        0.002556613019999999,
        0.002719254019999999,
        0.002653547019999999,
        0.003197236019999999,
        0.002589572019999999,
        0.0030281370199999992,
        0.0025159180199999997,
        0.002940305019999999,
        0.0029216110199999992,
        0.0026730750199999995,
        0.0028944600199999997,
        0.0031327050199999994,
        0.002603592019999999,
        0.0027587470199999997,
        0.0030394140199999998,
        0.002932428019999999,
        0.0029718360199999993,
        0.0031715850199999993,
        0.0027587130199999994,
        0.002680610019999999,
        0.0032254680199999995,
        0.002873148019999999,
        0.0026053220199999992,
        0.002842687019999999,
        0.0030796680199999997,
        0.002696103019999999,
        0.0028841960199999994,
        0.0029398840199999993,
        0.0026882120199999996,
        0.003004578019999999,
        0.002850926019999999,
        0.002603047019999999,
        0.0031853670199999996,
        0.0030592200199999996,
        0.0027085170199999996,
        0.0023988760199999994,
        0.002588918019999999,
        0.002990309019999999,
        0.0027182610199999995,
        0.003078107019999999,
        0.002855133019999999,
        0.0027434010199999994,
        0.0028721270199999994,
        0.0028996430199999994,
        0.003101289019999999,
        0.003385394019999999,
        0.002502298019999999,
        0.0023986780199999995,
        0.0029263990199999996,
        0.002924782019999999,
        0.003015950019999999,
        0.002870241019999999,
        0.002788451019999999,
        0.0026473900199999994,
        0.0022999730199999993,
        0.0024600790199999995,
        0.003239792019999999,
        0.0029279840199999997,
        0.003046496019999999,
        0.002996472019999999
      ],
      "exit_codes": [
        0,
        0,
        0,
        0,
        0,
        0,
        0,
        0,
        0,
        0,
        0,
        0,
        0,
        0,
        0,
        0,
        0,
        0,
        0,
        0,
        0,
        0,
        0,
        0,
        0,
        0,
        0,
        0,
        0,
        0,
        0,
        0,
        0,
        0,
        0,
        0,
        0,
        0,
        0,
        0,
        0,
        0,
        0,
        0,
        0,
        0,
        0,
        0,
        0,
        0,
        0,
        0,
        0,
        0,
        0,
        0,
        0,
        0,
        0,
        0,
        0,
        0,
        0,
        0,
        0,
        0,
        0,
        0,
        0,
        0,
        0,
        0,
        0,
        0,
        0,
        0,
        0,
        0,
        0,
        0,
        0,
        0,
        0,
        0,
        0,
        0,
        0,
        0,
        0,
        0,
        0,
        0,
        0,
        0,
        0,
        0,
        0,
        0,
        0,
        0
      ]
    }
  ]
}
