{
  "results": [
    {
      "command": "out/20220731101132/contention 1 100000",
      "mean": 0.04432850128,
      "stddev": 0.0006272618065612352,
      "median": 0.04416212598000001,
      "user": 0.04189311999999999,
      "system": 0.0010928700000000001,
      "min": 0.043568258480000004,
      "max": 0.04816844448,
      "times": [
        0.04522149048000001,
        0.04420850248,
        0.045424540480000004,
        0.045952643480000006,
        0.044590933480000004,
        0.045002447480000006,
        0.04393749248000001,
        0.04389547148,
        0.04382238948,
        0.044577801480000005,
        0.044429443480000004,
        0.043876126480000006,
        0.044040824480000004,
        0.044309371480000005,
        0.045605989480000005,
        0.044579724480000006,
        0.04519810148,
        0.04405716348,
        0.045268600480000004,
        0.044081099480000004,
        0.04406034348000001,
        0.043672042480000006,
        0.04465618448000001,
        0.043568258480000004,
        0.04369252248,
        0.04476728948000001,
        0.044222932480000005,
        0.04531096148,
        0.043972375480000006,
        0.043921370480000006,
        0.044116387480000005,
        0.04421128248,
        0.04410219248,
        0.04400072448,
        0.044249682480000004,
        0.044531030480000004,
        0.04382924748000001,
        0.04464664848,
        0.04455105048000001,
        0.04452484048000001,
        0.044112630480000005,
        0.04465543248000001,
        0.043902746480000004,
        0.04457538048,
        0.04404496948,
        0.04406875148,
        0.04816844448,
        0.044243825480000006,
        0.04563031948000001,
        0.04366575948,
        0.04381675048000001,
        0.04389100548,
        0.04380886548000001,
        0.044010610480000004,
        0.043816000480000006,
        0.04384597348,
        0.04399869948000001,
        0.04394593948,
        0.04398348548000001,
        0.045304484480000004,
        0.04392517948000001,
        0.044214984480000004,
        0.04432096648,
        0.04433504548,
        0.044743341480000004,
        0.04391978648000001,
        0.04388421648,
        0.04444761348,
        0.044232923480000005,
        0.044213635480000006,
        0.04492591448,
        0.04407935048,
        0.04377145248000001,
        0.044538105480000006,
        0.044027734480000004,
        0.044011464480000005,
        0.04416336248,
        0.043921676480000005,
        0.04438846448000001,
        0.04398912548,
        0.044740903480000004,
        0.044045701480000005,
        0.04385996148000001,
        0.043723631480000004,
        0.04416088948000001,
        0.044224489480000004,
        0.045171033480000004,
        0.044174666480000006,
        0.04413503148,
        0.044392738480000006,
        0.04427456248,
        0.04523548848,
        0.044109927480000005,
        0.04379458548,
        0.04426367648000001,
        0.044211882480000006,
        0.043918778480000004,
        0.04407640048000001,
        0.04367545048,
        0.044428385480000006
      ],
      "exit_codes": [
        0,
        0,
        0,
        0,
        0,
        0,
        0,
        0,
        0,
        0,
        0,
        0,
        0,
        0,
        0,
        0,
        0,
        0,
        0,
        0,
        0,
        0,
        0,
        0,
        0,
        0,
        0,
        0,
        0,
        0,
        0,
        0,
        0,
        0,
        0,
        0,
        0,
        0,
        0,
        0,
        0,
        0,
        0,
        0,
        0,
        0,
        0,
        0,
        0,
        0,
        0,
        0,
        0,
        0,
        0,
        0,
        0,
        0,
        0,
        0,
        0,
        0,
        0,
        0,
        0,
        0,
        0,
        0,
        0,
        0,
        0,
        0,
        0,
        0,
        0,
        0,
        0,
        0,
        0,
        0,
        0,
        0,
        0,
        0,
        0,
        0,
        0,
        0,
        0,
        0,
        0,
        0,
        0,
        0,
        0,
        0,
        0,
        0,
        0,
        0
      ]
    }
  ]
}
