{
  "results": [
    {
      "command": "out/20220731101132/contention 1 1000",
      "mean": 0.003172617990000001,
      "stddev": 0.00019037586784443751,
      "median": 0.003187663540000001,
      "user": 0.0013693,
      "system": 0.0007661699999999997,
      "min": 0.002705883540000001,
      "max": 0.003787971540000001,
      "times": [
        0.002981353540000001,
        0.0030781805400000016,
        0.002952866540000001,
        0.0031007545400000016,
        0.0033283905400000014,
        0.003260174540000001,
        0.003263811540000001,
        0.003307751540000001,
        0.0033411765400000013,
        0.0033967285400000016,
        0.0029170065400000015,
        0.0030583685400000014,
        0.002976160540000001,
        0.0029754995400000013,
        0.0036191165400000012,
        0.0036641735400000015,
        0.0032186705400000016,
        0.0035220485400000016,
        0.002950508540000001,
        0.002705883540000001,
        0.0027775435400000013,
        0.0029091185400000013,
        0.003014376540000001,
        0.003100801540000001,
        0.003044349540000001,
        0.003144158540000001,
        0.0030445955400000015,
        0.003085501540000001,
        0.0031014815400000014,
        0.002882883540000001,
        0.0029385095400000015,
        0.002933360540000001,
        0.0028771595400000015,
        0.0030542195400000013,
        0.003400920540000001,
        0.003137216540000001,
        0.0030233205400000012,
        0.003212029540000001,
        0.0032102405400000014,
        0.0033673115400000013,
        0.003251620540000001,
        0.003253092540000001,
        0.003276078540000001,
        0.0032589825400000014,
        0.003408818540000001,
        0.003086714540000001,
        0.0031777525400000016,
        0.0030828405400000016,
        0.003190097540000001,
        0.003321773540000001,
        0.0032389465400000012,
        0.003452648540000001,
        0.0031852295400000012,
        0.0032589855400000016,
        0.0030788315400000015,
        0.0030396935400000013,
        0.002987860540000001,
        0.0031824395400000013,
        0.002942727540000001,
        0.003006804540000001,
        0.003391741540000001,
        0.003338105540000001,
        0.0030525925400000016,
        0.0029790885400000013,
        0.003041984540000001,
        0.002832399540000001,
        0.003018479540000001,
        0.0032981755400000013,
        0.003228504540000001,
        0.003455449540000001,
        0.003493640540000001,
        0.0032036765400000017,
        0.003231213540000001,
        0.0032195705400000015,
        0.0032036585400000016,
        0.003273105540000001,
        0.003251981540000001,
        0.0030848975400000014,
        0.0031550355400000014,
        0.0032824435400000012,
        0.0032808925400000014,
        0.003232436540000001,
        0.003333072540000001,
        0.003157206540000001,
        0.0034422375400000016,
        0.003350355540000001,
        0.0032747175400000017,
        0.0033298425400000013,
        0.0030363055400000013,
        0.0031190595400000013,
        0.003252459540000001,
        0.003195260540000001,
        0.0034171855400000014,
        0.003207845540000001,
        0.003787971540000001,
        0.0032145695400000013,
        0.0030002125400000012,
        0.002967964540000001,
        0.003011026540000001,
        0.0030557695400000016
      ],
      "exit_codes": [
        0,
        0,
        0,
        0,
        0,
        0,
        0,
        0,
        0,
        0,
        0,
        0,
        0,
        0,
        0,
        0,
        0,
        0,
        0,
        0,
        0,
        0,
        0,
        0,
        0,
        0,
        0,
        0,
        0,
        0,
        0,
        0,
        0,
        0,
        0,
        0,
        0,
        0,
        0,
        0,
        0,
        0,
        0,
        0,
        0,
        0,
        0,
        0,
        0,
        0,
        0,
        0,
        0,
        0,
        0,
        0,
        0,
        0,
        0,
        0,
        0,
        0,
        0,
        0,
        0,
        0,
        0,
        0,
        0,
        0,
        0,
        0,
        0,
        0,
        0,
        0,
        0,
        0,
        0,
        0,
        0,
        0,
        0,
        0,
        0,
        0,
        0,
        0,
        0,
        0,
        0,
        0,
        0,
        0,
        0,
        0,
        0,
        0,
        0,
        0
      ]
    }
  ]
}
