{
  "results": [
    {
      "command": "out/20220731101132/contention 1 10000",
      "mean": 0.007088476480000002,
      "stddev": 0.00018652945678617364,
      "median": 0.007079670860000001,
      "user": 0.0051647099999999994,
      "system": 0.0007934999999999997,
      "min": 0.00662235186,
      "max": 0.007852007860000001,
      "times": [
        0.006767194860000001,
        0.00684267786,
        0.00730978786,
        0.007264861860000001,
        0.00662285986,
        0.00688703586,
        0.00688691386,
        0.00728447286,
        0.00732409086,
        0.00737347486,
        0.007076890860000001,
        0.007202368860000001,
        0.00708378986,
        0.00710766686,
        0.00717893486,
        0.006913524860000001,
        0.007041193860000001,
        0.006893354860000001,
        0.0071046378600000005,
        0.00708776186,
        0.00711645986,
        0.00696943786,
        0.007117022860000001,
        0.006821487860000001,
        0.00702666886,
        0.007098348860000001,
        0.006943376860000001,
        0.00713254286,
        0.0074066448600000005,
        0.00736878786,
        0.00714593786,
        0.00724218286,
        0.007024771860000001,
        0.00706448286,
        0.00712436986,
        0.007021838860000001,
        0.00702933086,
        0.006994642860000001,
        0.00734669686,
        0.00776116986,
        0.00714512286,
        0.00699102786,
        0.00662235186,
        0.0068871398600000005,
        0.00708835186,
        0.00697725586,
        0.00721062286,
        0.0069781478600000005,
        0.00712364886,
        0.00702193586,
        0.00717219186,
        0.0070530398600000006,
        0.00706614786,
        0.00707250186,
        0.00695832886,
        0.00724742986,
        0.006994747860000001,
        0.0071635968599999995,
        0.00705962986,
        0.007101373860000001,
        0.00707082786,
        0.007082450860000001,
        0.00715221586,
        0.0070669728599999995,
        0.007114925860000001,
        0.006897012860000001,
        0.00713690086,
        0.006889785860000001,
        0.00710269686,
        0.00693392686,
        0.0069904278600000005,
        0.006949517860000001,
        0.006988824860000001,
        0.00712767586,
        0.00689883386,
        0.00721402986,
        0.0070916988600000005,
        0.00730571486,
        0.00697975786,
        0.00720844086,
        0.00711826286,
        0.007362273860000001,
        0.007075051860000001,
        0.00687160486,
        0.00703213886,
        0.0069800678599999996,
        0.007168366860000001,
        0.00703115786,
        0.00721308186,
        0.00692716786,
        0.007252502860000001,
        0.0075719238599999995,
        0.00713736186,
        0.007852007860000001,
        0.006872140860000001,
        0.00705185086,
        0.00693706086,
        0.007010250860000001,
        0.007150668860000001,
        0.007085772860000001
      ],
      "exit_codes": [
        0,
        0,
        0,
        0,
        0,
        0,
        0,
        0,
        0,
        0,
        0,
        0,
        0,
        0,
        0,
        0,
        0,
        0,
        0,
        0,
        0,
        0,
        0,
        0,
        0,
        0,
        0,
        0,
        0,
        0,
        0,
        0,
        0,
        0,
        0,
        0,
        0,
        0,
        0,
        0,
        0,
        0,
        0,
        0,
        0,
        0,
        0,
        0,
        0,
        0,
        0,
        0,
        0,
        0,
        0,
        0,
        0,
        0,
        0,
        0,
        0,
        0,
        0,
        0,
        0,
        0,
        0,
        0,
        0,
        0,
        0,
        0,
        0,
        0,
        0,
        0,
        0,
        0,
        0,
        0,
        0,
        0,
        0,
        0,
        0,
        0,
        0,
        0,
        0,
        0,
        0,
        0,
        0,
        0,
        0,
        0,
        0,
        0,
        0,
        0
      ]
    }
  ]
}
