{
  "results": [
    {
      "command": "out/20220731101132/contention 1 1000000",
      "mean": 0.41038172413999985,
      "stddev": 0.007107281964542802,
      "median": 0.40823083270000005,
      "user": 0.40511675,
      "system": 0.003154150000000002,
      "min": 0.40438606270000005,
      "max": 0.4415849827000001,
      "times": [
        0.4386915417,
        0.40836500970000006,
        0.40954085870000007,
        0.40770183870000004,
        0.4087901937,
        0.40833864470000003,
        0.40595612870000003,
        0.40784880670000007,
        0.40749670270000005,
        0.40840983170000006,
        0.41170075670000006,
        0.40926336770000005,
        0.41789834770000006,
        0.41013421270000006,
        0.4106000597,
        0.4055254347,
        0.40807185570000004,
        0.4063645537,
        0.4093827387,
        0.42745456270000004,
        0.43227688470000003,
        0.40807066770000006,
        0.42965377870000004,
        0.40656833170000006,
        0.40963667870000003,
        0.40846254170000007,
        0.4075624507,
        0.4078880087,
        0.40639289370000004,
        0.40751764870000007,
        0.40669635370000007,
        0.4345404627,
        0.4415849827000001,
        0.42854021270000003,
        0.4204564257,
        0.42254688170000004,
        0.41936398170000005,
        0.4112116887,
        0.40895068170000004,
        0.40864625670000004,
        0.40842908170000003,
        0.41487030170000005,
        0.40603579170000004,
        0.40687763070000005,
        0.40739984670000007,
        0.40736469970000005,
        0.4082541947,
        0.40535139970000006,
        0.4057832357,
        0.40801325270000005,
        0.40879949070000005,
        0.40612876770000006,
        0.4089290367,
        0.4057388337,
        0.40957733170000005,
        0.40870501870000003,
        0.40866910270000006,
        0.40768391970000006,
        0.40438606270000005,
        0.40614550870000005,
        0.40795665070000003,
        0.41158426370000006,
        0.4082074707,
        0.4076292597,
        0.4057144247,
        0.40625362070000004,
        0.41082241970000005,
        0.40784777070000006,
        0.40684019870000004,
        0.40548232570000003,
        0.40751886170000007,
        0.40616092270000004,
        0.4071293737,
        0.4074530827,
        0.40896461070000006,
        0.40876789170000005,
        0.4088698257,
        0.40761920870000007,
        0.40936724170000005,
        0.40645827770000004,
        0.40845136070000004,
        0.40606662470000005,
        0.40559255270000005,
        0.40792983070000005,
        0.41326754870000004,
        0.41458189970000003,
        0.41036264570000003,
        0.40703453070000006,
        0.40846006270000007,
        0.40608783570000007,
        0.40788423970000004,
        0.40870568970000004,
        0.41386399470000007,
        0.4074728187,
        0.40794238270000005,
        0.40799276070000007,
        0.40826666670000006,
        0.40898420370000005,
        0.40637956370000006,
        0.40895173170000004
      ],
      "exit_codes": [
        0,
        0,
        0,
        0,
        0,
        0,
        0,
        0,
        0,
        0,
        0,
        0,
        0,
        0,
        0,
        0,
        0,
        0,
        0,
        0,
        0,
        0,
        0,
        0,
        0,
        0,
        0,
        0,
        0,
        0,
        0,
        0,
        0,
        0,
        0,
        0,
        0,
        0,
        0,
        0,
        0,
        0,
        0,
        0,
        0,
        0,
        0,
        0,
        0,
        0,
        0,
        0,
        0,
        0,
        0,
        0,
        0,
        0,
        0,
        0,
        0,
        0,
        0,
        0,
        0,
        0,
        0,
        0,
        0,
        0,
        0,
        0,
        0,
        0,
        0,
        0,
        0,
        0,
        0,
        0,
        0,
        0,
        0,
        0,
        0,
        0,
        0,
        0,
        0,
        0,
        0,
        0,
        0,
        0,
        0,
        0,
        0,
        0,
        0,
        0
      ]
    }
  ]
}
