{
  "results": [
    {
      "command": "out/20220731101132/contention 2048 10000",
      "mean": 0.06345422181999999,
      "stddev": 0.0020154095206289333,
      "median": 0.06326382962,
      "user": 0.02110302,
      "system": 0.11170399999999998,
      "min": 0.059623251120000005,
      "max": 0.07391752812,
      "times": [
        0.06628680212,
        0.06315978312000001,
        0.06322454612,
        0.06401264912,
        0.06400770912,
        0.06338250212,
        0.06537737212,
        0.06459030012,
        0.06389815512000001,
        0.06261092312000001,
        0.061791009120000004,
        0.06332885812,
        0.06261630812,
        0.06382421712,
        0.07391752812,
        0.07197249212000001,
        0.06503378412000001,
        0.06587931212,
        0.06482929312,
        0.06312180912,
        0.06409194512000001,
        0.06325378412,
        0.06300106812,
        0.06330451612,
        0.06346505412,
        0.06461393312000001,
        0.06281491612000001,
        0.06609936112,
        0.06524204112,
        0.06603225112,
        0.06359686712,
        0.06425086312,
        0.06327456012,
        0.06402234512,
        0.06514724612,
        0.062246553120000006,
        0.06530204212,
        0.06345757212,
        0.06173317212,
        0.06196405112,
        0.06202868112,
        0.062306801120000005,
        0.06467268812,
        0.06344070612000001,
        0.06527672412,
        0.06288930512,
        0.06527994012,
        0.06417681012,
        0.06272778812,
        0.06392970912,
        0.06252886012,
        0.06460717212,
        0.06469999512,
        0.061654535120000006,
        0.06233200212000001,
        0.06292729812,
        0.06327387512,
        0.06636821012,
        0.06296414212,
        0.06480004912000001,
        0.06209274612,
        0.06535321612,
        0.06212763712000001,
        0.06378900512,
        0.06373695512000001,
        0.06289955712,
        0.06303697112000001,
        0.06231969812,
        0.06226578112,
        0.06428642812,
        0.06405113012000001,
        0.06340698712000001,
        0.06481583412,
        0.06200561112,
        0.06574821512000001,
        0.06347716312,
        0.06484674812,
        0.06237831012,
        0.06209807512,
        0.06233316012000001,
        0.06100028912000001,
        0.06272025312,
        0.059755146120000005,
        0.06022132912,
        0.061775713120000006,
        0.06012636412,
        0.06018542312,
        0.06412908012,
        0.06205882312000001,
        0.06299485412,
        0.06027937012000001,
        0.06179700512,
        0.06228485612000001,
        0.06277656312,
        0.06217286712,
        0.06244560612,
        0.06225627912000001,
        0.06196677712,
        0.06111831412,
        0.059623251120000005
      ],
      "exit_codes": [
        0,
        0,
        0,
        0,
        0,
        0,
        0,
        0,
        0,
        0,
        0,
        0,
        0,
        0,
        0,
        0,
        0,
        0,
        0,
        0,
        0,
        0,
        0,
        0,
        0,
        0,
        0,
        0,
        0,
        0,
        0,
        0,
        0,
        0,
        0,
        0,
        0,
        0,
        0,
        0,
        0,
        0,
        0,
        0,
        0,
        0,
        0,
        0,
        0,
        0,
        0,
        0,
        0,
        0,
        0,
        0,
        0,
        0,
        0,
        0,
        0,
        0,
        0,
        0,
        0,
        0,
        0,
        0,
        0,
        0,
        0,
        0,
        0,
        0,
        0,
        0,
        0,
        0,
        0,
        0,
        0,
        0,
        0,
        0,
        0,
        0,
        0,
        0,
        0,
        0,
        0,
        0,
        0,
        0,
        0,
        0,
        0,
        0,
        0,
        0
      ]
    }
  ]
}
