{
  "results": [
    {
      "command": "out/20220731101132/contention 2048 1",
      "mean": 0.06054590762,
      "stddev": 0.0040999045621203075,
      "median": 0.059573267740000005,
      "user": 0.014222389999999998,
      "system": 0.10774099999999998,
      "min": 0.054798869240000006,
      "max": 0.07582874424,
      "times": [
        0.06589070324,
        0.06535964524,
        0.06860789124,
        0.06727004524,
        0.06675013924,
        0.061814929240000004,
        0.06495791124,
        0.06409117124,
        0.06323941024,
        0.06756436224,
        0.06258080024,
        0.07006988224,
        0.07430618224,
        0.07349894924,
        0.07582874424,
        0.06713720324,
        0.06952586524,
        0.06459476624,
        0.06229472324000001,
        0.06232595324,
        0.06024553824,
        0.05919122424000001,
        0.06443296824,
        0.05975355824000001,
        0.06200872624000001,
        0.05838464124000001,
        0.06151281624000001,
        0.058867443240000004,
        0.06219623924,
        0.057897434240000004,
        0.06312444024,
        0.06065956524000001,
        0.06289830324,
        0.059527388240000007,
        0.05898266824000001,
        0.05926783824000001,
        0.058219331240000005,
        0.06288936024,
        0.05854746124000001,
        0.061412770240000004,
        0.058471280240000006,
        0.06373746624,
        0.05639005224000001,
        0.06085407024000001,
        0.05657026324000001,
        0.060181563240000006,
        0.05979737224,
        0.058750099240000006,
        0.05989037224000001,
        0.058652629240000004,
        0.05759544524000001,
        0.05668339924000001,
        0.05925724024000001,
        0.056799506240000006,
        0.05878224924000001,
        0.056280431240000005,
        0.06105052324000001,
        0.056267485240000005,
        0.06052751924,
        0.05603349424000001,
        0.06162123324000001,
        0.05680006924000001,
        0.05867824724000001,
        0.05934917724000001,
        0.05832778024000001,
        0.055984780240000004,
        0.057561161240000006,
        0.05763545524000001,
        0.057055902240000005,
        0.05987177324,
        0.054798869240000006,
        0.06025470024000001,
        0.057801171240000004,
        0.06084863524000001,
        0.055892297240000006,
        0.060759873240000005,
        0.056569558240000005,
        0.05978197624,
        0.05716755124,
        0.06138343724000001,
        0.05692032024,
        0.057735228240000006,
        0.057615531240000004,
        0.056104279240000006,
        0.05921158924000001,
        0.057177735240000006,
        0.06187594424,
        0.05640668724,
        0.05961914724,
        0.05911929524000001,
        0.06118713424,
        0.057255106240000006,
        0.059862458240000006,
        0.058069824240000005,
        0.05793193724000001,
        0.057805992240000006,
        0.05613276324000001,
        0.058309966240000004,
        0.057884739240000004,
        0.05991997924000001
      ],
      "exit_codes": [
        0,
        0,
        0,
        0,
        0,
        0,
        0,
        0,
        0,
        0,
        0,
        0,
        0,
        0,
        0,
        0,
        0,
        0,
        0,
        0,
        0,
        0,
        0,
        0,
        0,
        0,
        0,
        0,
        0,
        0,
        0,
        0,
        0,
        0,
        0,
        0,
        0,
        0,
        0,
        0,
        0,
        0,
        0,
        0,
        0,
        0,
        0,
        0,
        0,
        0,
        0,
        0,
        0,
        0,
        0,
        0,
        0,
        0,
        0,
        0,
        0,
        0,
        0,
        0,
        0,
        0,
        0,
        0,
        0,
        0,
        0,
        0,
        0,
        0,
        0,
        0,
        0,
        0,
        0,
        0,
        0,
        0,
        0,
        0,
        0,
        0,
        0,
        0,
        0,
        0,
        0,
        0,
        0,
        0,
        0,
        0,
        0,
        0,
        0,
        0
      ]
    }
  ]
}
