{
  "results": [
    {
      "command": "out/20220731101132/contention 2048 10",
      "mean": 0.060404219979999986,
      "stddev": 0.0023560294698970687,
      "median": 0.06039546656,
      "user": 0.014304700000000004,
      "system": 0.10720610999999995,
      "min": 0.05543593906,
      "max": 0.07430102306,
      "times": [
        0.05666973806,
        0.060810861060000006,
        0.05543593906,
        0.06223784306,
        0.05589219906,
        0.05985022906,
        0.05797122106000001,
        0.05979412506000001,
        0.058946236060000004,
        0.061197280060000005,
        0.061871951060000006,
        0.05948609506000001,
        0.06028641406000001,
        0.06011464106000001,
        0.061153773060000007,
        0.06140513906000001,
        0.07430102306,
        0.06055936906,
        0.06814991706,
        0.06285414506,
        0.061592479060000004,
        0.06114187606000001,
        0.06048427306,
        0.06224618206000001,
        0.06250328206,
        0.06225008406000001,
        0.06105526806000001,
        0.06067258806000001,
        0.059448793060000005,
        0.06049833306,
        0.059932630060000006,
        0.06226413406000001,
        0.06038548806,
        0.06106666906,
        0.06027377206,
        0.05828712606000001,
        0.059829209060000006,
        0.05845119506,
        0.05869381306,
        0.06127425606000001,
        0.060447146060000005,
        0.060134897060000005,
        0.06279825106,
        0.05932883506000001,
        0.06071025806,
        0.058903942060000006,
        0.06242023906,
        0.058322892060000006,
        0.06267995406,
        0.06083231406000001,
        0.06215429506000001,
        0.06024298606000001,
        0.06067786306000001,
        0.059991601060000004,
        0.06040544506,
        0.062219141060000004,
        0.060920015060000006,
        0.06231564206,
        0.061959275060000006,
        0.05997696106000001,
        0.058728319060000006,
        0.06196683906000001,
        0.059482368060000006,
        0.059424656060000004,
        0.05686875106000001,
        0.059888919060000004,
        0.05769467206000001,
        0.058320954060000006,
        0.057643143060000006,
        0.059916572060000006,
        0.06385779406,
        0.06373420006,
        0.06302655606,
        0.05842422106,
        0.06066767806,
        0.056856323060000005,
        0.057733091060000005,
        0.05763973806000001,
        0.058344382060000005,
        0.057484252060000005,
        0.059918682060000006,
        0.05820972206,
        0.058453025060000004,
        0.05901757106,
        0.058830608060000004,
        0.058602938060000005,
        0.06151434106000001,
        0.06258306106,
        0.06150059806,
        0.06100609406000001,
        0.06179627506000001,
        0.059969649060000005,
        0.059188008060000005,
        0.060731766060000004,
        0.06060757606000001,
        0.06035891406000001,
        0.05841985006000001,
        0.06122239306000001,
        0.06123460206000001,
        0.06077135106
      ],
      "exit_codes": [
        0,
        0,
        0,
        0,
        0,
        0,
        0,
        0,
        0,
        0,
        0,
        0,
        0,
        0,
        0,
        0,
        0,
        0,
        0,
        0,
        0,
        0,
        0,
        0,
        0,
        0,
        0,
        0,
        0,
        0,
        0,
        0,
        0,
        0,
        0,
        0,
        0,
        0,
        0,
        0,
        0,
        0,
        0,
        0,
        0,
        0,
        0,
        0,
        0,
        0,
        0,
        0,
        0,
        0,
        0,
        0,
        0,
        0,
        0,
        0,
        0,
        0,
        0,
        0,
        0,
        0,
        0,
        0,
        0,
        0,
        0,
        0,
        0,
        0,
        0,
        0,
        0,
        0,
        0,
        0,
        0,
        0,
        0,
        0,
        0,
        0,
        0,
        0,
        0,
        0,
        0,
        0,
        0,
        0,
        0,
        0,
        0,
        0,
        0,
        0
      ]
    }
  ]
}
