{
  "results": [
    {
      "command": "out/20220731101132/contention 2048 100",
      "mean": 0.05968204910999999,
      "stddev": 0.00208219703464918,
      "median": 0.0596220786,
      "user": 0.014418919999999997,
      "system": 0.10607122999999997,
      "min": 0.0561175226,
      "max": 0.07074225160000001,
      "times": [
        0.060090040600000005,
        0.06141066460000001,
        0.06234090260000001,
        0.0639541636,
        0.06207099860000001,
        0.060788128600000005,
        0.06165658260000001,
        0.06057667160000001,
        0.05877620260000001,
        0.0597380876,
        0.0624824546,
        0.0592936406,
        0.0619535006,
        0.0598837856,
        0.06031793160000001,
        0.07074225160000001,
        0.06195748960000001,
        0.060435838600000014,
        0.062412418600000005,
        0.05962639460000001,
        0.06468964460000001,
        0.061356442600000005,
        0.05948923560000001,
        0.0582342396,
        0.0627613476,
        0.05826253860000001,
        0.0614003196,
        0.0598492036,
        0.06080204360000001,
        0.0593189326,
        0.0584271286,
        0.0596177626,
        0.06071959760000001,
        0.060728735600000014,
        0.059691470600000004,
        0.061203022600000004,
        0.06048338460000001,
        0.0590663686,
        0.0561175226,
        0.0575683766,
        0.0586857316,
        0.0588274766,
        0.0570767596,
        0.05807379360000001,
        0.0608913536,
        0.0588035006,
        0.0583141826,
        0.057625552600000005,
        0.05842113260000001,
        0.057138075600000005,
        0.05875640360000001,
        0.057278180600000006,
        0.05977614860000001,
        0.05671676660000001,
        0.0583796516,
        0.0561732306,
        0.05922214760000001,
        0.056697740600000004,
        0.0591223256,
        0.0597572106,
        0.06066314560000001,
        0.0567161316,
        0.0579787296,
        0.05732755760000001,
        0.0574474906,
        0.0588647756,
        0.0577187356,
        0.05892859660000001,
        0.0578486936,
        0.05888967860000001,
        0.0567066646,
        0.05923029960000001,
        0.05632384260000001,
        0.059376900600000004,
        0.057549826600000006,
        0.060428869600000004,
        0.057998972600000004,
        0.06294882560000001,
        0.05986159960000001,
        0.058979619600000005,
        0.05988200660000001,
        0.0598962616,
        0.061564707600000004,
        0.061545152600000014,
        0.0591274566,
        0.06046862260000001,
        0.058937753600000004,
        0.0591858616,
        0.060607136600000014,
        0.0566511926,
        0.060360958600000014,
        0.061691236600000005,
        0.05973630660000001,
        0.06159897060000001,
        0.06011331060000001,
        0.06074930360000001,
        0.06053424260000001,
        0.06007115460000001,
        0.0585915256,
        0.0590699616
      ],
      "exit_codes": [
        0,
        0,
        0,
        0,
        0,
        0,
        0,
        0,
        0,
        0,
        0,
        0,
        0,
        0,
        0,
        0,
        0,
        0,
        0,
        0,
        0,
        0,
        0,
        0,
        0,
        0,
        0,
        0,
        0,
        0,
        0,
        0,
        0,
        0,
        0,
        0,
        0,
        0,
        0,
        0,
        0,
        0,
        0,
        0,
        0,
        0,
        0,
        0,
        0,
        0,
        0,
        0,
        0,
        0,
        0,
        0,
        0,
        0,
        0,
        0,
        0,
        0,
        0,
        0,
        0,
        0,
        0,
        0,
        0,
        0,
        0,
        0,
        0,
        0,
        0,
        0,
        0,
        0,
        0,
        0,
        0,
        0,
        0,
        0,
        0,
        0,
        0,
        0,
        0,
        0,
        0,
        0,
        0,
        0,
        0,
        0,
        0,
        0,
        0,
        0
      ]
    }
  ]
}
