{
  "results": [
    {
      "command": "out/20220731101132/contention 2048 1000",
      "mean": 0.06126010578000002,
      "stddev": 0.0020217264597450144,
      "median": 0.06125010594,
      "user": 0.01584562,
      "system": 0.10931268000000001,
      "min": 0.05767245294000001,
      "max": 0.07408278594,
      "times": [
        0.06130883794,
        0.060341573940000004,
        0.05944316794000001,
        0.060537629940000004,
        0.05964433694000001,
        0.06288386894,
        0.06165832694000001,
        0.06214189694000001,
        0.06083030094,
        0.06355180894000001,
        0.06259377194,
        0.06449079794000001,
        0.06288788994000001,
        0.06147834694000001,
        0.06563562894000001,
        0.07408278594,
        0.05978743594000001,
        0.06626504194,
        0.06119137394,
        0.06206115494,
        0.06234789094000001,
        0.061988063940000004,
        0.06341357694000001,
        0.06279701494,
        0.06152181594,
        0.06186288594,
        0.06269721394000001,
        0.06066184294,
        0.06167856694,
        0.06159847494000001,
        0.06230874094000001,
        0.05949096494,
        0.06015897694000001,
        0.06037577694,
        0.06315858394,
        0.06196020594,
        0.06284483694000001,
        0.06269908894000001,
        0.06087934994000001,
        0.06281271894000001,
        0.061785046940000005,
        0.06198794894000001,
        0.061120730940000007,
        0.06264888494000001,
        0.05949248194000001,
        0.06157010394000001,
        0.059725022940000004,
        0.060884181940000004,
        0.06147192194000001,
        0.06106182794000001,
        0.06142934194000001,
        0.06389590494000001,
        0.06160374494000001,
        0.06181835294,
        0.06183982494000001,
        0.058897053940000006,
        0.06049603094,
        0.05959886994000001,
        0.06151589394000001,
        0.05952728494000001,
        0.059022624940000004,
        0.05970948394,
        0.06025876994,
        0.05767245294000001,
        0.059093637940000006,
        0.058575062940000006,
        0.06155517694000001,
        0.060244675940000006,
        0.06254619294000001,
        0.06057939494,
        0.06031354194000001,
        0.05992267694,
        0.06076937694000001,
        0.059459452940000004,
        0.06003902894,
        0.06184650994,
        0.05910115994,
        0.06021977794000001,
        0.05777756994,
        0.05874490694000001,
        0.058190243940000004,
        0.05826094994000001,
        0.06010965394000001,
        0.06098843994,
        0.06016855394000001,
        0.06291267394000001,
        0.05872830494,
        0.06151104094000001,
        0.06081613594,
        0.06133879494000001,
        0.06273374594,
        0.06170572394,
        0.06180440694,
        0.06104438294,
        0.06164759094000001,
        0.060294507940000006,
        0.06029868594,
        0.06183513494000001,
        0.06091905694000001,
        0.06080804794
      ],
      "exit_codes": [
        0,
        0,
        0,
        0,
        0,
        0,
        0,
        0,
        0,
        0,
        0,
        0,
        0,
        0,
        0,
        0,
        0,
        0,
        0,
        0,
        0,
        0,
        0,
        0,
        0,
        0,
        0,
        0,
        0,
        0,
        0,
        0,
        0,
        0,
        0,
        0,
        0,
        0,
        0,
        0,
        0,
        0,
        0,
        0,
        0,
        0,
        0,
        0,
        0,
        0,
        0,
        0,
        0,
        0,
        0,
        0,
        0,
        0,
        0,
        0,
        0,
        0,
        0,
        0,
        0,
        0,
        0,
        0,
        0,
        0,
        0,
        0,
        0,
        0,
        0,
        0,
        0,
        0,
        0,
        0,
        0,
        0,
        0,
        0,
        0,
        0,
        0,
        0,
        0,
        0,
        0,
        0,
        0,
        0,
        0,
        0,
        0,
        0,
        0,
        0
      ]
    }
  ]
}
