{
  "results": [
    {
      "command": "out/20220731101132/contention 2048 100000",
      "mean": 0.11185074415000003,
      "stddev": 0.007710543898763185,
      "median": 0.11403400578,
      "user": 0.16214630000000008,
      "system": 0.5184031100000002,
      "min": 0.08603786978000001,
      "max": 0.12740387478,
      "times": [
        0.10715654278,
        0.09223733878000001,
        0.10371059578000001,
        0.10631758178,
        0.11132995678,
        0.11015273478000001,
        0.11247428778000002,
        0.09786649378000001,
        0.09217845278,
        0.10925127778,
        0.11533923878,
        0.11018324278000001,
        0.11489603678000002,
        0.11061749178000001,
        0.11874871778000001,
        0.11840313978000001,
        0.12740387478,
        0.11738446478,
        0.11852439278000002,
        0.11773068178000001,
        0.11713334378000001,
        0.11342914978000002,
        0.10813394178,
        0.09981565778000001,
        0.10513911478000001,
        0.11343268178000002,
        0.11393254178000001,
        0.11770951878000001,
        0.11562481578000001,
        0.11903039078000001,
        0.11637817878000001,
        0.11412587678000001,
        0.11890376778000002,
        0.12090585378000002,
        0.08603786978000001,
        0.09914292078,
        0.10901804078,
        0.11427329278000001,
        0.11349679178000001,
        0.11295593478,
        0.11932884578000001,
        0.11592600078000001,
        0.11565347878000001,
        0.11344163578000001,
        0.12091836278000001,
        0.10644328078000001,
        0.09581916578,
        0.10315855378000001,
        0.11375441678,
        0.11333231778000001,
        0.11804359078000001,
        0.11644858578000002,
        0.11759548878000001,
        0.11504326378000002,
        0.11181183078000001,
        0.11815747478000001,
        0.11008123778000001,
        0.09226367278000001,
        0.10378872278000001,
        0.10891940578,
        0.11244028278000001,
        0.11565170478,
        0.11390666878000001,
        0.11799612478,
        0.11579675578000001,
        0.11559752978000001,
        0.11208215378000001,
        0.11031941078000002,
        0.09671178878,
        0.10000778878000001,
        0.11206360578,
        0.11402900578000001,
        0.11630933478000001,
        0.11685218678,
        0.11783933178000001,
        0.11509783478,
        0.11781745678000001,
        0.11403900578000001,
        0.12097918878000001,
        0.12055175378,
        0.11522728878,
        0.11557834478000001,
        0.10140166078000001,
        0.09950894578000001,
        0.10796198878,
        0.11412289178000001,
        0.11567867478,
        0.11655172378,
        0.11921753278000001,
        0.11530515678000001,
        0.11354485578000001,
        0.11449173578,
        0.11610008878000001,
        0.12463352978,
        0.10752403578000001,
        0.09168330678000002,
        0.10625270178000001,
        0.11472761978000001,
        0.11385055478000002,
        0.11516730178000001
      ],
      "exit_codes": [
        0,
        0,
        0,
        0,
        0,
        0,
        0,
        0,
        0,
        0,
        0,
        0,
        0,
        0,
        0,
        0,
        0,
        0,
        0,
        0,
        0,
        0,
        0,
        0,
        0,
        0,
        0,
        0,
        0,
        0,
        0,
        0,
        0,
        0,
        0,
        0,
        0,
        0,
        0,
        0,
        0,
        0,
        0,
        0,
        0,
        0,
        0,
        0,
        0,
        0,
        0,
        0,
        0,
        0,
        0,
        0,
        0,
        0,
        0,
        0,
        0,
        0,
        0,
        0,
        0,
        0,
        0,
        0,
        0,
        0,
        0,
        0,
        0,
        0,
        0,
        0,
        0,
        0,
        0,
        0,
        0,
        0,
        0,
        0,
        0,
        0,
        0,
        0,
        0,
        0,
        0,
        0,
        0,
        0,
        0,
        0,
        0,
        0,
        0,
        0
      ]
    }
  ]
}
