{
  "results": [
    {
      "command": "out/20220731101132/contention 2048 1000000",
      "mean": 1.1661336374399998,
      "stddev": 0.27210875132251355,
      "median": 1.27841661154,
      "user": 1.77882567,
      "system": 7.14481075,
      "min": 0.42216057454,
      "max": 1.38625260654,
      "times": [
        0.63210315454,
        1.29956864154,
        1.2876169135400002,
        1.28033632954,
        1.3084534945400002,
        0.49777996954000003,
        0.42216057454,
        1.2764468635400001,
        1.2649702875400002,
        1.29572847054,
        1.2837345875400001,
        1.31639119454,
        0.44667289454000003,
        1.2654954065400001,
        1.2673568775400001,
        1.30275751654,
        1.30153523554,
        1.3206719475400002,
        1.2618153145400002,
        1.2667844535400001,
        1.38625260654,
        1.33345692354,
        1.28179270854,
        1.2842667915400001,
        0.90845681054,
        1.2958459905400002,
        1.3348031425400002,
        1.29746315554,
        1.27869942454,
        0.84117070254,
        1.28263228954,
        0.42784725854,
        1.31844623854,
        1.28160325754,
        1.27232724554,
        1.2863146755400001,
        1.26393373254,
        1.25931446754,
        0.55005500054,
        1.2949061355400002,
        1.3058893335400001,
        1.2985450195400001,
        1.2782495925400001,
        0.85046252254,
        1.27061790054,
        0.42898893654,
        1.28127196654,
        1.28570959354,
        0.46076225254000003,
        1.3060499755400001,
        1.2752655115400002,
        1.26914854854,
        1.27361012754,
        1.29708047854,
        1.30864442054,
        1.26972331754,
        1.2681453935400002,
        0.87780109254,
        0.52345073454,
        1.27190343454,
        1.2664693605400001,
        1.27667489254,
        1.29474584854,
        1.31591188254,
        1.29032677954,
        1.27517289454,
        1.27953874554,
        1.28158270354,
        1.2758654585400002,
        0.54773391754,
        1.2688219115400001,
        1.2846079705400002,
        1.31415559754,
        1.26123041354,
        1.2858835825400001,
        1.26938168054,
        1.2678005055400001,
        1.2952673725400001,
        1.28616899654,
        0.86873746354,
        1.28216873654,
        1.27238363254,
        1.2705037415400002,
        1.2634104485400002,
        1.2941139485400002,
        1.2793938575400001,
        1.27663002354,
        1.3077995805400002,
        1.30428368954,
        1.2723916005400002,
        1.2712606635400001,
        1.2713845575400002,
        0.87857780454,
        0.49102710454,
        0.42324310754,
        1.28224954554,
        1.30200978454,
        1.31224805054,
        1.27858363054,
        1.29433341954
      ],
      "exit_codes": [
        0,
        0,
        0,
        0,
        0,
        0,
        0,
        0,
        0,
        0,
        0,
        0,
        0,
        0,
        0,
        0,
        0,
        0,
        0,
        0,
        0,
        0,
        0,
        0,
        0,
        0,
        0,
        0,
        0,
        0,
        0,
        0,
        0,
        0,
        0,
        0,
        0,
        0,
        0,
        0,
        0,
        0,
        0,
        0,
        0,
        0,
        0,
        0,
        0,
        0,
        0,
        0,
        0,
        0,
        0,
        0,
        0,
        0,
        0,
        0,
        0,
        0,
        0,
        0,
        0,
        0,
        0,
        0,
        0,
        0,
        0,
        0,
        0,
        0,
        0,
        0,
        0,
        0,
        0,
        0,
        0,
        0,
        0,
        0,
        0,
        0,
        0,
        0,
        0,
        0,
        0,
        0,
        0,
        0,
        0,
        0,
        0,
        0,
        0,
        0
      ]
    }
  ]
}
