{
  "results": [
    {
      "command": "out/20220731101132/contention 256 100",
      "mean": 0.007008439010000001,
      "stddev": 0.0002877006885536431,
      "median": 0.006933753400000001,
      "user": 0.0029624199999999995,
      "system": 0.007283609999999995,
      "min": 0.0063241069,
      "max": 0.0081362819,
      "times": [
        0.006927584900000001,
        0.006996660900000001,
        0.006780958900000001,
        0.006762677900000001,
        0.0067537509,
        0.007111634900000001,
        0.0077193939000000005,
        0.007395580900000001,
        0.0067032799,
        0.0071101669,
        0.0077352639,
        0.0081362819,
        0.006760676900000001,
        0.0070606259,
        0.007230139900000001,
        0.007131744900000001,
        0.0071010879,
        0.006931757900000001,
        0.0068849859000000005,
        0.0067371369,
        0.0068545309,
        0.006873640900000001,
        0.007215927900000001,
        0.0072000779,
        0.006862517900000001,
        0.0068988279000000005,
        0.006653393900000001,
        0.007042418900000001,
        0.0073941259,
        0.007430542900000001,
        0.006998027900000001,
        0.0070151649,
        0.007250932900000001,
        0.0068718009,
        0.0068776929,
        0.006806273900000001,
        0.0071517329,
        0.007775198900000001,
        0.007334445900000001,
        0.0068058259000000005,
        0.0073155329,
        0.007004494900000001,
        0.007065385900000001,
        0.0068691569,
        0.0067683279,
        0.006947184900000001,
        0.006994442900000001,
        0.007167375900000001,
        0.0068845969000000005,
        0.0068124349,
        0.0068320669,
        0.006841550900000001,
        0.007061991900000001,
        0.007030879900000001,
        0.006961653900000001,
        0.006961207900000001,
        0.0069420459,
        0.0071250499,
        0.007758730900000001,
        0.0063241069,
        0.006782662900000001,
        0.006749302900000001,
        0.007721192900000001,
        0.007049204900000001,
        0.0068710169,
        0.006826412900000001,
        0.0068275199,
        0.0066850649,
        0.006797536900000001,
        0.0068225399,
        0.0070302349000000005,
        0.006832998900000001,
        0.0068474029,
        0.006727155900000001,
        0.0071129939000000005,
        0.007633849900000001,
        0.0072648649,
        0.0071939809,
        0.006922377900000001,
        0.007028942900000001,
        0.007137173900000001,
        0.006810477900000001,
        0.0068508329,
        0.0067127129,
        0.0068317279,
        0.0068446599,
        0.006947929900000001,
        0.006755452900000001,
        0.0069666059,
        0.0067161399,
        0.0073456999,
        0.0068946819000000005,
        0.0067925409,
        0.006935748900000001,
        0.006974515900000001,
        0.007328499900000001,
        0.0068073269,
        0.0068510209,
        0.006812650900000001,
        0.0068475299000000005
      ],
      "exit_codes": [
        0,
        0,
        0,
        0,
        0,
        0,
        0,
        0,
        0,
        0,
        0,
        0,
        0,
        0,
        0,
        0,
        0,
        0,
        0,
        0,
        0,
        0,
        0,
        0,
        0,
        0,
        0,
        0,
        0,
        0,
        0,
        0,
        0,
        0,
        0,
        0,
        0,
        0,
        0,
        0,
        0,
        0,
        0,
        0,
        0,
        0,
        0,
        0,
        0,
        0,
        0,
        0,
        0,
        0,
        0,
        0,
        0,
        0,
        0,
        0,
        0,
        0,
        0,
        0,
        0,
        0,
        0,
        0,
        0,
        0,
        0,
        0,
        0,
        0,
        0,
        0,
        0,
        0,
        0,
        0,
        0,
        0,
        0,
        0,
        0,
        0,
        0,
        0,
        0,
        0,
        0,
        0,
        0,
        0,
        0,
        0,
        0,
        0,
        0,
        0
      ]
    }
  ]
}
