{
  "results": [
    {
      "command": "out/20220731101132/contention 256 100000",
      "mean": 0.06284159366000001,
      "stddev": 0.011927559067797718,
      "median": 0.06194026390000001,
      "user": 0.14177203,
      "system": 0.3133772799999998,
      "min": 0.043690423400000004,
      "max": 0.12825920140000002,
      "times": [
        0.0675760504,
        0.056856639400000006,
        0.0545059774,
        0.0550978504,
        0.0555747944,
        0.0654627244,
        0.056497172400000004,
        0.12167993340000001,
        0.0630509234,
        0.0624825184,
        0.05409033740000001,
        0.0643386914,
        0.0564963834,
        0.0655845994,
        0.05353893440000001,
        0.05333067440000001,
        0.0602612224,
        0.0581413054,
        0.0661314444,
        0.05414852440000001,
        0.05422436540000001,
        0.0542266064,
        0.043690423400000004,
        0.05747557340000001,
        0.0641370724,
        0.055381186400000004,
        0.056279812400000004,
        0.06438335939999999,
        0.05653010740000001,
        0.049280364400000005,
        0.06624196239999999,
        0.0582291034,
        0.04843359740000001,
        0.12825920140000002,
        0.0625092274,
        0.0629815124,
        0.0597794254,
        0.05799065640000001,
        0.05638190440000001,
        0.055823895400000004,
        0.058572581400000004,
        0.0673210024,
        0.057166357400000006,
        0.0700444864,
        0.05713443640000001,
        0.054329122400000006,
        0.0741193254,
        0.0676222174,
        0.0618097384,
        0.06230474040000001,
        0.061045384400000006,
        0.0658503244,
        0.0631627574,
        0.0680928364,
        0.05791846640000001,
        0.053978656400000005,
        0.06212666540000001,
        0.0613687444,
        0.0662961504,
        0.050885001400000004,
        0.06015207540000001,
        0.0766513974,
        0.0631847274,
        0.052520551400000004,
        0.05375907840000001,
        0.1104111044,
        0.051840588400000005,
        0.0647097004,
        0.0635443224,
        0.0659404464,
        0.0631686314,
        0.0673079414,
        0.0775961304,
        0.0712408054,
        0.0672915144,
        0.0637024044,
        0.0671564314,
        0.061675132400000006,
        0.061944488400000004,
        0.0731376294,
        0.06193603940000001,
        0.0639052264,
        0.0601879234,
        0.0676330334,
        0.0660403974,
        0.061568355400000004,
        0.054636902400000006,
        0.0640587994,
        0.0717169474,
        0.0642889234,
        0.0677261484,
        0.0637484824,
        0.0682707404,
        0.0610408824,
        0.056173438400000004,
        0.057189955400000006,
        0.053903907400000006,
        0.06348122739999999,
        0.055006739400000004,
        0.06647514239999999
      ],
      "exit_codes": [
        0,
        0,
        0,
        0,
        0,
        0,
        0,
        0,
        0,
        0,
        0,
        0,
        0,
        0,
        0,
        0,
        0,
        0,
        0,
        0,
        0,
        0,
        0,
        0,
        0,
        0,
        0,
        0,
        0,
        0,
        0,
        0,
        0,
        0,
        0,
        0,
        0,
        0,
        0,
        0,
        0,
        0,
        0,
        0,
        0,
        0,
        0,
        0,
        0,
        0,
        0,
        0,
        0,
        0,
        0,
        0,
        0,
        0,
        0,
        0,
        0,
        0,
        0,
        0,
        0,
        0,
        0,
        0,
        0,
        0,
        0,
        0,
        0,
        0,
        0,
        0,
        0,
        0,
        0,
        0,
        0,
        0,
        0,
        0,
        0,
        0,
        0,
        0,
        0,
        0,
        0,
        0,
        0,
        0,
        0,
        0,
        0,
        0,
        0,
        0
      ]
    }
  ]
}
