{
  "results": [
    {
      "command": "out/20220731101132/contention 256 1",
      "mean": 0.007445581109999998,
      "stddev": 0.0003417593190302316,
      "median": 0.00738703136,
      "user": 0.0028744500000000006,
      "system": 0.007360639999999999,
      "min": 0.006857475859999999,
      "max": 0.008654723860000001,
      "times": [
        0.00720134386,
        0.00750739086,
        0.00744520986,
        0.00728400686,
        0.00696997986,
        0.007395693859999999,
        0.007506083859999999,
        0.0069318038599999994,
        0.006997560860000001,
        0.0072697868599999995,
        0.00771512086,
        0.00738296686,
        0.007454393859999999,
        0.00745215486,
        0.007654698860000001,
        0.007284304859999999,
        0.007584373859999999,
        0.00706525286,
        0.00756062986,
        0.007639119860000001,
        0.00761981086,
        0.00731721486,
        0.00694975786,
        0.00745320686,
        0.00746555186,
        0.00737424986,
        0.008036003860000002,
        0.00727562986,
        0.008495373859999999,
        0.00763111886,
        0.00707250786,
        0.007464337860000001,
        0.0073850118599999995,
        0.00728460086,
        0.00754781986,
        0.007316157859999999,
        0.00733213086,
        0.0073878178600000005,
        0.008654723860000001,
        0.007689055859999999,
        0.00735199486,
        0.007589294860000001,
        0.008211796859999999,
        0.0075966778600000005,
        0.007386244859999999,
        0.00689797486,
        0.007578481860000001,
        0.00730421286,
        0.007959906860000001,
        0.00789294086,
        0.00699577886,
        0.007404401860000001,
        0.00732300586,
        0.0075508738600000005,
        0.0074554778599999995,
        0.0071330848600000005,
        0.007301294860000001,
        0.00719076386,
        0.0076980628599999995,
        0.00705636786,
        0.007328266860000001,
        0.007124669859999999,
        0.007376614859999999,
        0.00762927086,
        0.007511891860000001,
        0.007298753860000001,
        0.00717967486,
        0.00729469086,
        0.00760385386,
        0.00746680786,
        0.00733012786,
        0.00721211986,
        0.00730149986,
        0.00770807086,
        0.00736301586,
        0.00721450386,
        0.00716511286,
        0.00785143286,
        0.0077782458600000005,
        0.00707052686,
        0.007533164859999999,
        0.00748324986,
        0.007902276860000002,
        0.007076809860000001,
        0.0071900348600000006,
        0.007187970859999999,
        0.007187170860000001,
        0.008179922860000001,
        0.007796957859999999,
        0.007477018859999999,
        0.006986562860000001,
        0.00703555486,
        0.006857475859999999,
        0.00828673186,
        0.00751909486,
        0.00706957386,
        0.007509148859999999,
        0.00734910786,
        0.007868073860000002,
        0.008320456859999999
      ],
      "exit_codes": [
        0,
        0,
        0,
        0,
        0,
        0,
        0,
        0,
        0,
        0,
        0,
        0,
        0,
        0,
        0,
        0,
        0,
        0,
        0,
        0,
        0,
        0,
        0,
        0,
        0,
        0,
        0,
        0,
        0,
        0,
        0,
        0,
        0,
        0,
        0,
        0,
        0,
        0,
        0,
        0,
        0,
        0,
        0,
        0,
        0,
        0,
        0,
        0,
        0,
        0,
        0,
        0,
        0,
        0,
        0,
        0,
        0,
        0,
        0,
        0,
        0,
        0,
        0,
        0,
        0,
        0,
        0,
        0,
        0,
        0,
        0,
        0,
        0,
        0,
        0,
        0,
        0,
        0,
        0,
        0,
        0,
        0,
        0,
        0,
        0,
        0,
        0,
        0,
        0,
        0,
        0,
        0,
        0,
        0,
        0,
        0,
        0,
        0,
        0,
        0
      ]
    }
  ]
}
