{
  "results": [
    {
      "command": "out/20220731101132/contention 256 10",
      "mean": 0.0071724062800000024,
      "stddev": 0.000362872119941921,
      "median": 0.00711967704,
      "user": 0.002910219999999999,
      "system": 0.007343599999999999,
      "min": 0.00640348754,
      "max": 0.00833441654,
      "times": [
        0.006821584540000001,
        0.00721523654,
        0.00717787954,
        0.007422657540000001,
        0.0071420975400000005,
        0.007060098540000001,
        0.00727799354,
        0.00809094754,
        0.007903386540000001,
        0.007337170540000001,
        0.0076909885400000015,
        0.0072930285400000005,
        0.007438385540000001,
        0.007272863540000001,
        0.007186980540000001,
        0.007097894540000001,
        0.007400587540000001,
        0.008021926540000002,
        0.00770469154,
        0.007465785540000001,
        0.00757467154,
        0.00799470554,
        0.00833441654,
        0.00765513054,
        0.00750358254,
        0.00747393154,
        0.007221527540000001,
        0.007998415540000001,
        0.00764752354,
        0.007180297540000001,
        0.007090426540000001,
        0.007303705540000001,
        0.00735660054,
        0.0070905095400000005,
        0.00709059954,
        0.007204737540000001,
        0.00711215054,
        0.007224350540000001,
        0.00807741554,
        0.00705704854,
        0.007152757540000001,
        0.007341711540000001,
        0.007052779540000001,
        0.00733621254,
        0.00707943654,
        0.00717680854,
        0.006983176540000001,
        0.007224426540000001,
        0.00721877954,
        0.007447132540000001,
        0.006811110540000001,
        0.00701110654,
        0.00689994454,
        0.00688489954,
        0.006869112540000001,
        0.00692722054,
        0.006726268540000001,
        0.007127203540000001,
        0.00707585154,
        0.006955436540000001,
        0.007006045540000001,
        0.006951850540000001,
        0.00714272454,
        0.00722774054,
        0.006815289540000001,
        0.006856261540000001,
        0.0068136225400000005,
        0.007360382540000001,
        0.006751164540000001,
        0.0065923805400000006,
        0.006847347540000001,
        0.006803803540000001,
        0.00745503654,
        0.007759626540000001,
        0.006758289540000001,
        0.00640348754,
        0.00673913054,
        0.006965620540000001,
        0.00687262354,
        0.007055399540000001,
        0.00683861754,
        0.007323703540000001,
        0.007155493540000001,
        0.00718257954,
        0.0075155755400000005,
        0.00678232654,
        0.006853813540000001,
        0.006939479540000001,
        0.00685544954,
        0.00691444354,
        0.00670801854,
        0.006867994540000001,
        0.006764637540000001,
        0.006735935540000001,
        0.00701351254,
        0.007040278540000001,
        0.00695782454,
        0.006972926540000001,
        0.00670893154,
        0.0074159505400000015
      ],
      "exit_codes": [
        0,
        0,
        0,
        0,
        0,
        0,
        0,
        0,
        0,
        0,
        0,
        0,
        0,
        0,
        0,
        0,
        0,
        0,
        0,
        0,
        0,
        0,
        0,
        0,
        0,
        0,
        0,
        0,
        0,
        0,
        0,
        0,
        0,
        0,
        0,
        0,
        0,
        0,
        0,
        0,
        0,
        0,
        0,
        0,
        0,
        0,
        0,
        0,
        0,
        0,
        0,
        0,
        0,
        0,
        0,
        0,
        0,
        0,
        0,
        0,
        0,
        0,
        0,
        0,
        0,
        0,
        0,
        0,
        0,
        0,
        0,
        0,
        0,
        0,
        0,
        0,
        0,
        0,
        0,
        0,
        0,
        0,
        0,
        0,
        0,
        0,
        0,
        0,
        0,
        0,
        0,
        0,
        0,
        0,
        0,
        0,
        0,
        0,
        0,
        0
      ]
    }
  ]
}
