{
  "results": [
    {
      "command": "out/20220731101132/contention 256 10000",
      "mean": 0.012637898779999992,
      "stddev": 0.0007747553996775467,
      "median": 0.012648951680000001,
      "user": 0.018487319999999998,
      "system": 0.05301061000000001,
      "min": 0.01063437218,
      "max": 0.01510092418,
      "times": [
        0.01226141818,
        0.013328247179999999,
        0.012637419180000001,
        0.01280678318,
        0.01219529318,
        0.01113938418,
        0.01232405718,
        0.01224834318,
        0.012395560180000001,
        0.012132442180000001,
        0.01280607718,
        0.01088459918,
        0.01240366418,
        0.012056397180000001,
        0.01510092418,
        0.012951739180000001,
        0.01311273218,
        0.01176014718,
        0.01263995318,
        0.012707421180000001,
        0.01288410018,
        0.01113469718,
        0.01249412318,
        0.012361210180000002,
        0.012280538180000002,
        0.012120694180000002,
        0.012263756180000002,
        0.011875393179999999,
        0.01291069018,
        0.01287972918,
        0.01120749218,
        0.01129699318,
        0.01264119818,
        0.01202061418,
        0.01248171918,
        0.012736898180000001,
        0.01160736318,
        0.01342081518,
        0.01063437218,
        0.013370591179999999,
        0.01238411218,
        0.01231357718,
        0.013128297180000002,
        0.012150402180000002,
        0.01281707718,
        0.01193005518,
        0.012484076180000001,
        0.013545911179999998,
        0.013013796180000002,
        0.012398881180000002,
        0.011811102180000001,
        0.012457742180000002,
        0.011630178179999999,
        0.01147584518,
        0.01285341018,
        0.012947369180000001,
        0.013486738179999999,
        0.013143477180000002,
        0.012535779180000001,
        0.012656705180000002,
        0.01283041418,
        0.01289752018,
        0.011102033180000002,
        0.014430792179999999,
        0.01280311018,
        0.012376897180000002,
        0.01246566718,
        0.01247193718,
        0.01274976818,
        0.012700658180000001,
        0.01261620318,
        0.01224127618,
        0.01317074318,
        0.013003402180000002,
        0.01283224418,
        0.012630768180000002,
        0.012469401179999999,
        0.011848988180000002,
        0.013516380179999999,
        0.01283293718,
        0.01271137818,
        0.01105105818,
        0.013212991180000001,
        0.01353162518,
        0.013077496180000002,
        0.01358637318,
        0.013475390180000001,
        0.012949347180000001,
        0.01280528518,
        0.014066848180000001,
        0.01283527618,
        0.01361896718,
        0.01412312218,
        0.013479396179999999,
        0.01394159118,
        0.01396298118,
        0.01316847418,
        0.01241022718,
        0.012372654180000001,
        0.013738130179999999
      ],
      "exit_codes": [
        0,
        0,
        0,
        0,
        0,
        0,
        0,
        0,
        0,
        0,
        0,
        0,
        0,
        0,
        0,
        0,
        0,
        0,
        0,
        0,
        0,
        0,
        0,
        0,
        0,
        0,
        0,
        0,
        0,
        0,
        0,
        0,
        0,
        0,
        0,
        0,
        0,
        0,
        0,
        0,
        0,
        0,
        0,
        0,
        0,
        0,
        0,
        0,
        0,
        0,
        0,
        0,
        0,
        0,
        0,
        0,
        0,
        0,
        0,
        0,
        0,
        0,
        0,
        0,
        0,
        0,
        0,
        0,
        0,
        0,
        0,
        0,
        0,
        0,
        0,
        0,
        0,
        0,
        0,
        0,
        0,
        0,
        0,
        0,
        0,
        0,
        0,
        0,
        0,
        0,
        0,
        0,
        0,
        0,
        0,
        0,
        0,
        0,
        0,
        0
      ]
    }
  ]
}
