{
  "results": [
    {
      "command": "out/20220731101132/contention 256 1000000",
      "mean": 1.0892702265599998,
      "stddev": 0.247116591946656,
      "median": 1.20385834974,
      "user": 1.7139572000000007,
      "system": 6.741997909999998,
      "min": 0.34383800574000006,
      "max": 1.31369496774,
      "times": [
        0.71074607574,
        1.24522569274,
        1.2283805057400001,
        1.19904436274,
        1.31369496774,
        1.19593375874,
        0.98797930974,
        1.21004389474,
        0.51120463174,
        1.25884496774,
        1.24172764874,
        1.20993349474,
        1.08340318474,
        1.1997840267400002,
        1.20488581874,
        1.2554232437400001,
        1.24390462974,
        1.2285694897400001,
        1.2187168267400001,
        1.17490904574,
        1.10752207374,
        1.24394651874,
        0.73740348274,
        1.2759648377400001,
        1.25441625574,
        1.2370947087400002,
        1.21802116674,
        0.40402571374,
        1.16562315274,
        1.24420270774,
        1.2211918377400002,
        0.42040750474000005,
        1.16436386974,
        1.06893920274,
        1.20822880774,
        1.25382889174,
        1.07782803974,
        1.22537512274,
        1.18636549274,
        1.1372403907400002,
        1.22953974974,
        1.22153644974,
        1.20443074774,
        1.25210344174,
        1.0837590407400002,
        1.23391134774,
        0.73522115674,
        1.21883401974,
        0.49269297074000007,
        0.78121755074,
        1.1753160387400001,
        1.17876863274,
        1.23922583274,
        1.2302111287400002,
        1.21642841274,
        1.21446336174,
        0.71308518874,
        1.1948218757400002,
        1.28240211074,
        1.22244681774,
        1.20328595174,
        1.19972464474,
        1.1682697857400002,
        1.23569585974,
        0.75987146574,
        1.1921000507400001,
        1.2051611747400002,
        1.22731621174,
        1.1191734667400002,
        1.2907864447400001,
        0.75246703474,
        1.0532119047400001,
        1.2057274257400001,
        1.20157538674,
        0.34383800574000006,
        1.21238622874,
        1.2444786707400002,
        0.60005831874,
        1.27912501074,
        1.26610628774,
        1.23499710674,
        0.35871400674000004,
        1.19607259874,
        1.2844957897400002,
        1.13992634974,
        0.73770551874,
        1.23298079574,
        1.19566411474,
        0.9880141207400001,
        0.62531017374,
        0.74934168074,
        0.98494083474,
        1.25756768674,
        1.21967500474,
        1.19819293874,
        0.69038962974,
        1.2107033767400002,
        1.18659194274,
        1.23483042874,
        0.54578799474
      ],
      "exit_codes": [
        0,
        0,
        0,
        0,
        0,
        0,
        0,
        0,
        0,
        0,
        0,
        0,
        0,
        0,
        0,
        0,
        0,
        0,
        0,
        0,
        0,
        0,
        0,
        0,
        0,
        0,
        0,
        0,
        0,
        0,
        0,
        0,
        0,
        0,
        0,
        0,
        0,
        0,
        0,
        0,
        0,
        0,
        0,
        0,
        0,
        0,
        0,
        0,
        0,
        0,
        0,
        0,
        0,
        0,
        0,
        0,
        0,
        0,
        0,
        0,
        0,
        0,
        0,
        0,
        0,
        0,
        0,
        0,
        0,
        0,
        0,
        0,
        0,
        0,
        0,
        0,
        0,
        0,
        0,
        0,
        0,
        0,
        0,
        0,
        0,
        0,
        0,
        0,
        0,
        0,
        0,
        0,
        0,
        0,
        0,
        0,
        0,
        0,
        0,
        0
      ]
    }
  ]
}
