{
  "results": [
    {
      "command": "out/20220731101132/contention 256 1000",
      "mean": 0.007004510470000002,
      "stddev": 0.0002481118490706351,
      "median": 0.00696206824,
      "user": 0.003537650000000001,
      "system": 0.00762379,
      "min": 0.00658786724,
      "max": 0.00797407724,
      "times": [
        0.006709770239999999,
        0.0073097512400000005,
        0.00786064224,
        0.00700276524,
        0.0068800482400000005,
        0.006922823240000001,
        0.006986644239999999,
        0.00746501324,
        0.007035882239999999,
        0.00691699124,
        0.00702895624,
        0.0069277472400000005,
        0.00741284524,
        0.00709627424,
        0.006902821240000001,
        0.00702824124,
        0.006783661240000001,
        0.007280079240000001,
        0.00704453824,
        0.007060613239999999,
        0.007015568240000001,
        0.00691202424,
        0.00704411624,
        0.0071393952400000005,
        0.00705601424,
        0.00708856024,
        0.00723749324,
        0.00702660324,
        0.00726003324,
        0.007045862240000001,
        0.006956970240000001,
        0.006929750239999999,
        0.00700775824,
        0.00728309724,
        0.006934529240000001,
        0.006961119240000001,
        0.00682900824,
        0.0068951162400000005,
        0.006948269240000001,
        0.007100192240000001,
        0.00706091124,
        0.00680906624,
        0.007108916240000001,
        0.006963017239999999,
        0.0067424832399999995,
        0.00695408724,
        0.0070342042399999995,
        0.00701435024,
        0.00783407324,
        0.007247679240000001,
        0.0068872942399999994,
        0.00722607124,
        0.0068670022399999996,
        0.0076197192399999995,
        0.00797407724,
        0.00692482424,
        0.006944772240000001,
        0.00691430424,
        0.00698446024,
        0.007281167240000001,
        0.0069706002399999994,
        0.007168304239999999,
        0.00708122024,
        0.006999168240000001,
        0.00691280824,
        0.007183181239999999,
        0.0071176322399999995,
        0.00699746324,
        0.006971668239999999,
        0.00688761624,
        0.00739219724,
        0.00677370924,
        0.00687150024,
        0.006876590239999999,
        0.006682255240000001,
        0.00682673724,
        0.00665080124,
        0.00679607724,
        0.0067135712400000006,
        0.00670299224,
        0.00705413924,
        0.006727643239999999,
        0.00669669424,
        0.0072687872399999996,
        0.0068405442399999995,
        0.00679570524,
        0.00672542324,
        0.00679635824,
        0.00679761324,
        0.0069272252399999994,
        0.006658815239999999,
        0.00695341924,
        0.00690860724,
        0.00658786724,
        0.00689407924,
        0.00660552224,
        0.007226168240000001,
        0.006951551239999999,
        0.006679364239999999,
        0.007059355240000001
      ],
      "exit_codes": [
        0,
        0,
        0,
        0,
        0,
        0,
        0,
        0,
        0,
        0,
        0,
        0,
        0,
        0,
        0,
        0,
        0,
        0,
        0,
        0,
        0,
        0,
        0,
        0,
        0,
        0,
        0,
        0,
        0,
        0,
        0,
        0,
        0,
        0,
        0,
        0,
        0,
        0,
        0,
        0,
        0,
        0,
        0,
        0,
        0,
        0,
        0,
        0,
        0,
        0,
        0,
        0,
        0,
        0,
        0,
        0,
        0,
        0,
        0,
        0,
        0,
        0,
        0,
        0,
        0,
        0,
        0,
        0,
        0,
        0,
        0,
        0,
        0,
        0,
        0,
        0,
        0,
        0,
        0,
        0,
        0,
        0,
        0,
        0,
        0,
        0,
        0,
        0,
        0,
        0,
        0,
        0,
        0,
        0,
        0,
        0,
        0,
        0,
        0,
        0
      ]
    }
  ]
}
