{
  "results": [
    {
      "command": "out/20220731101132/contention 2 1000",
      "mean": 0.00321236887,
      "stddev": 0.00030851994152632527,
      "median": 0.00317013774,
      "user": 0.001544210000000001,
      "system": 0.0010963499999999998,
      "min": 0.00252925674,
      "max": 0.00382692174,
      "times": [
        0.00310834074,
        0.0029858657400000004,
        0.0030538547400000005,
        0.00332897774,
        0.0036801837400000006,
        0.00382692174,
        0.0026214677400000002,
        0.00252925674,
        0.0028554487400000005,
        0.00292072974,
        0.00320457574,
        0.00299185974,
        0.0027232957400000002,
        0.00343456474,
        0.00366600174,
        0.00317105174,
        0.00366277874,
        0.0032210977400000005,
        0.0031230817400000003,
        0.0033284227400000007,
        0.00322302474,
        0.00340083074,
        0.0027614517400000003,
        0.00349590774,
        0.00299324074,
        0.00323260574,
        0.00288963274,
        0.0035563437400000005,
        0.00298155574,
        0.00292426774,
        0.00335151874,
        0.0031618487400000006,
        0.0033216837400000003,
        0.00307903474,
        0.00305764574,
        0.00298668574,
        0.00311822274,
        0.0028807647400000006,
        0.00298479074,
        0.00280890774,
        0.0028430107400000005,
        0.00367958674,
        0.00287513874,
        0.0030389597400000004,
        0.00318613474,
        0.00364170074,
        0.0031216877400000002,
        0.0032497227400000005,
        0.00357245574,
        0.0033150717400000007,
        0.0031007597400000003,
        0.0035078537400000005,
        0.0036241827400000006,
        0.00297476974,
        0.0036621577400000006,
        0.0036009197400000007,
        0.00283464674,
        0.0027417907400000005,
        0.0036367187400000002,
        0.00351932574,
        0.0031331857400000006,
        0.00352811174,
        0.0034233117400000006,
        0.0028437967400000005,
        0.0029421067400000004,
        0.00284790274,
        0.0037236607400000007,
        0.00320368774,
        0.00321711274,
        0.00288253074,
        0.00281089974,
        0.0031844017400000004,
        0.0038031387400000007,
        0.0030527437400000006,
        0.00346976574,
        0.0029248287400000005,
        0.0031282207400000006,
        0.0031766927400000006,
        0.0028408507400000003,
        0.00316922374,
        0.0032170537400000006,
        0.00295872974,
        0.0031461007400000003,
        0.0037643847400000005,
        0.0034242977400000003,
        0.0033972957400000003,
        0.00361716574,
        0.0034093747400000003,
        0.0030947217400000004,
        0.0027402717400000004,
        0.00316162874,
        0.0037400767400000007,
        0.0036884217400000004,
        0.00377740374,
        0.00310799974,
        0.0034595767400000003,
        0.00330576574,
        0.0034130257400000006,
        0.0031461137400000004,
        0.0029869667400000003
      ],
      "exit_codes": [
        0,
        0,
        0,
        0,
        0,
        0,
        0,
        0,
        0,
        0,
        0,
        0,
        0,
        0,
        0,
        0,
        0,
        0,
        0,
        0,
        0,
        0,
        0,
        0,
        0,
        0,
        0,
        0,
        0,
        0,
        0,
        0,
        0,
        0,
        0,
        0,
        0,
        0,
        0,
        0,
        0,
        0,
        0,
        0,
        0,
        0,
        0,
        0,
        0,
        0,
        0,
        0,
        0,
        0,
        0,
        0,
        0,
        0,
        0,
        0,
        0,
        0,
        0,
        0,
        0,
        0,
        0,
        0,
        0,
        0,
        0,
        0,
        0,
        0,
        0,
        0,
        0,
        0,
        0,
        0,
        0,
        0,
        0,
        0,
        0,
        0,
        0,
        0,
        0,
        0,
        0,
        0,
        0,
        0,
        0,
        0,
        0,
        0,
        0,
        0
      ]
    }
  ]
}
