{
  "results": [
    {
      "command": "out/20220731101132/contention 2 1000000",
      "mean": 0.2823604795600001,
      "stddev": 0.05060288746947399,
      "median": 0.26738396826000005,
      "user": 0.4572296799999996,
      "system": 0.06570171000000002,
      "min": 0.22939448126,
      "max": 0.46954150126000005,
      "times": [
        0.26738367026000004,
        0.30303240826000005,
        0.24951831126,
        0.26939761026000003,
        0.23616218826000002,
        0.23969117326,
        0.28975720226,
        0.25490788026000005,
        0.29302626626000006,
        0.27373673826000006,
        0.29092251826000004,
        0.33585781626000005,
        0.27155489726000004,
        0.25419882026,
        0.26055559726000005,
        0.24382614626000002,
        0.33578561526000006,
        0.24300923026000001,
        0.23266551726,
        0.23277904726,
        0.23787782526,
        0.22995181626,
        0.24311550026,
        0.22939448126,
        0.25224798926,
        0.30056203426000005,
        0.24450638326000002,
        0.24848808626,
        0.31816493226000003,
        0.27770925326,
        0.23809919926,
        0.25294816726,
        0.24112807926000002,
        0.23841350926000002,
        0.27565335526,
        0.46954150126000005,
        0.40022436426,
        0.25398221426000006,
        0.24709112126000002,
        0.25863462326000003,
        0.27030093526000004,
        0.25037896926000003,
        0.38067080426000005,
        0.29120390926000006,
        0.36663878226,
        0.27026038126,
        0.28220943526000003,
        0.25173973226,
        0.23817834726,
        0.23348146426,
        0.31424559926000006,
        0.31609619326000005,
        0.27783258426,
        0.26733174826000006,
        0.25473030226000004,
        0.31820959426000006,
        0.29395410526000004,
        0.33508173326,
        0.27096988426,
        0.23184315126,
        0.36009998526000003,
        0.25968829926000003,
        0.36293813526,
        0.23716898126,
        0.23503051526000002,
        0.24797760525999998,
        0.26331276126000003,
        0.23487432726000002,
        0.26249269226000005,
        0.23445001826,
        0.24584560126000002,
        0.23162885826000001,
        0.30608260726000003,
        0.43397902626000007,
        0.26738426626000006,
        0.26668137126,
        0.27208098226000005,
        0.31435330426,
        0.37645995426000006,
        0.25211710326000003,
        0.30251507126000005,
        0.26813367926000004,
        0.44490054026000003,
        0.39997193426000005,
        0.34250562126000006,
        0.26716046126000004,
        0.26025250626,
        0.32857516226000005,
        0.36286959326000007,
        0.34197295526000004,
        0.28110338126000006,
        0.30634194826000005,
        0.26914365126000006,
        0.28360293526,
        0.25636362326,
        0.23442513226,
        0.27196847826000004,
        0.25644121626000005,
        0.24852301425999998,
        0.29376990926
      ],
      "exit_codes": [
        0,
        0,
        0,
        0,
        0,
        0,
        0,
        0,
        0,
        0,
        0,
        0,
        0,
        0,
        0,
        0,
        0,
        0,
        0,
        0,
        0,
        0,
        0,
        0,
        0,
        0,
        0,
        0,
        0,
        0,
        0,
        0,
        0,
        0,
        0,
        0,
        0,
        0,
        0,
        0,
        0,
        0,
        0,
        0,
        0,
        0,
        0,
        0,
        0,
        0,
        0,
        0,
        0,
        0,
        0,
        0,
        0,
        0,
        0,
        0,
        0,
        0,
        0,
        0,
        0,
        0,
        0,
        0,
        0,
        0,
        0,
        0,
        0,
        0,
        0,
        0,
        0,
        0,
        0,
        0,
        0,
        0,
        0,
        0,
        0,
        0,
        0,
        0,
        0,
        0,
        0,
        0,
        0,
        0,
        0,
        0,
        0,
        0,
        0,
        0
      ]
    }
  ]
}
