{
  "results": [
    {
      "command": "out/20220731101132/contention 2 100000",
      "mean": 0.03244952417,
      "stddev": 0.008346216574909766,
      "median": 0.030052145720000003,
      "user": 0.04742927000000002,
      "system": 0.008518200000000004,
      "min": 0.025036210220000004,
      "max": 0.09247974822,
      "times": [
        0.025036210220000004,
        0.031892888220000006,
        0.029016543220000003,
        0.027507462220000004,
        0.030062371220000002,
        0.029266480220000002,
        0.02792592522,
        0.030901274220000004,
        0.028647954220000004,
        0.026087467220000004,
        0.04583808822,
        0.02743873822,
        0.027543563220000004,
        0.02616958922,
        0.025656301220000004,
        0.03753645222,
        0.04316723922,
        0.033091806220000006,
        0.02762743822,
        0.04200542822,
        0.026386310220000004,
        0.028561495220000004,
        0.026091089220000002,
        0.05170897622,
        0.02683836322,
        0.032940374220000006,
        0.05155435022,
        0.033135889220000006,
        0.04196527722000001,
        0.042591324220000004,
        0.029164097220000004,
        0.028016239220000003,
        0.034648420220000004,
        0.029777931220000005,
        0.039257895220000005,
        0.02628162922,
        0.03666096722,
        0.03601691422,
        0.028697047220000004,
        0.036088410220000006,
        0.027227719220000002,
        0.026592181220000004,
        0.026032441220000004,
        0.03407848822,
        0.028480310220000003,
        0.026419287220000004,
        0.03356205022,
        0.051833640220000005,
        0.03427483722,
        0.028774220220000004,
        0.02891588522,
        0.034648378220000005,
        0.03202292822,
        0.027544646220000003,
        0.029596941220000006,
        0.039056579220000005,
        0.031063660220000004,
        0.038106765220000005,
        0.032318540220000004,
        0.02719949622,
        0.040493556220000004,
        0.02969433422,
        0.034653706220000004,
        0.029755575220000004,
        0.03194026322,
        0.03241890822,
        0.09247974822,
        0.02637965122,
        0.02625355022,
        0.030041920220000004,
        0.029704309220000003,
        0.026058073220000002,
        0.03954470922,
        0.03433760822,
        0.029954597220000004,
        0.027964462220000003,
        0.032310099220000006,
        0.03269977122,
        0.032566696220000003,
        0.032710820220000006,
        0.033555922220000006,
        0.025865041220000003,
        0.027896431220000004,
        0.027964138220000004,
        0.030479654220000006,
        0.028378919220000003,
        0.02891485722,
        0.02566833522,
        0.03196701022,
        0.037183380220000006,
        0.03395997622,
        0.033521438220000005,
        0.02674988022,
        0.03394706522,
        0.030591870220000004,
        0.03388438422,
        0.026417893220000002,
        0.028182595220000002,
        0.02878794822,
        0.03252210122
      ],
      "exit_codes": [
        0,
        0,
        0,
        0,
        0,
        0,
        0,
        0,
        0,
        0,
        0,
        0,
        0,
        0,
        0,
        0,
        0,
        0,
        0,
        0,
        0,
        0,
        0,
        0,
        0,
        0,
        0,
        0,
        0,
        0,
        0,
        0,
        0,
        0,
        0,
        0,
        0,
        0,
        0,
        0,
        0,
        0,
        0,
        0,
        0,
        0,
        0,
        0,
        0,
        0,
        0,
        0,
        0,
        0,
        0,
        0,
        0,
        0,
        0,
        0,
        0,
        0,
        0,
        0,
        0,
        0,
        0,
        0,
        0,
        0,
        0,
        0,
        0,
        0,
        0,
        0,
        0,
        0,
        0,
        0,
        0,
        0,
        0,
        0,
        0,
        0,
        0,
        0,
        0,
        0,
        0,
        0,
        0,
        0,
        0,
        0,
        0,
        0,
        0,
        0
      ]
    }
  ]
}
