{
  "results": [
    {
      "command": "out/20220731101132/contention 2 10",
      "mean": 0.00196598857,
      "stddev": 0.0001430738021145345,
      "median": 0.0019670413800000003,
      "user": 0.0009342699999999996,
      "system": 0.0007512799999999997,
      "min": 0.0016642228800000003,
      "max": 0.0025227738800000002,
      "times": [
        0.0022058728800000006,
        0.0019082858800000004,
        0.0017835358800000005,
        0.00200305488,
        0.0018861238800000004,
        0.0018979998800000004,
        0.0020178618800000005,
        0.00195928788,
        0.0019185518800000005,
        0.00224564388,
        0.00200526688,
        0.00176575488,
        0.0018336588800000005,
        0.00206810088,
        0.00198510188,
        0.0019465198800000002,
        0.0018436618800000003,
        0.0019244988800000006,
        0.00191341988,
        0.0018372068800000005,
        0.0019327618800000002,
        0.00196488388,
        0.00192577688,
        0.0020738628800000005,
        0.00216728788,
        0.00189491088,
        0.0017606198800000001,
        0.0017526828800000006,
        0.00197338688,
        0.0020273618800000005,
        0.0018105888800000005,
        0.0018871898800000004,
        0.0020080228800000003,
        0.0020273078800000003,
        0.00231266388,
        0.0020060998800000003,
        0.0016642228800000003,
        0.0017447928800000006,
        0.00224821888,
        0.00186779388,
        0.00198405388,
        0.00171673588,
        0.00187241088,
        0.00187907188,
        0.0019673648800000005,
        0.00224121888,
        0.0021573038800000006,
        0.0018702378799999998,
        0.0020484048800000006,
        0.0019400548800000005,
        0.00190895388,
        0.0017703158800000001,
        0.0020849068800000005,
        0.0020328128800000005,
        0.0020347358800000006,
        0.0019377198800000005,
        0.00202952288,
        0.00206381688,
        0.00208154488,
        0.00206555688,
        0.00197623088,
        0.00198259888,
        0.0021765118800000003,
        0.00196101788,
        0.0018244148800000003,
        0.00220822888,
        0.0025227738800000002,
        0.00214128088,
        0.00196671788,
        0.0018693188800000004,
        0.0016988888800000003,
        0.0019168648800000003,
        0.00205467288,
        0.00187099388,
        0.0017654298800000002,
        0.0018181038800000001,
        0.0020150918800000005,
        0.0020024098800000005,
        0.0019424258800000006,
        0.0019176178800000003,
        0.0017544608800000006,
        0.0020023058800000006,
        0.00207446988,
        0.0020636558800000006,
        0.0020116528800000004,
        0.0020967158800000003,
        0.00204745188,
        0.0020110478800000006,
        0.0018501968800000005,
        0.0020174698800000004,
        0.0020105228800000002,
        0.00198659788,
        0.0018731068800000006,
        0.0019691248800000004,
        0.00177955388,
        0.00176577788,
        0.0019681148800000004,
        0.00217247988,
        0.00195447088,
        0.0018714928800000002
      ],
      "exit_codes": [
        0,
        0,
        0,
        0,
        0,
        0,
        0,
        0,
        0,
        0,
        0,
        0,
        0,
        0,
        0,
        0,
        0,
        0,
        0,
        0,
        0,
        0,
        0,
        0,
        0,
        0,
        0,
        0,
        0,
        0,
        0,
        0,
        0,
        0,
        0,
        0,
        0,
        0,
        0,
        0,
        0,
        0,
        0,
        0,
        0,
        0,
        0,
        0,
        0,
        0,
        0,
        0,
        0,
        0,
        0,
        0,
        0,
        0,
        0,
        0,
        0,
        0,
        0,
        0,
        0,
        0,
        0,
        0,
        0,
        0,
        0,
        0,
        0,
        0,
        0,
        0,
        0,
        0,
        0,
        0,
        0,
        0,
        0,
        0,
        0,
        0,
        0,
        0,
        0,
        0,
        0,
        0,
        0,
        0,
        0,
        0,
        0,
        0,
        0,
        0
      ]
    }
  ]
}
