{
  "results": [
    {
      "command": "out/20220731101132/contention 2 1",
      "mean": 0.002676959710000002,
      "stddev": 0.0002138766159780902,
      "median": 0.00268526398,
      "user": 0.0009348599999999998,
      "system": 0.00075808,
      "min": 0.00236299098,
      "max": 0.0036076579799999998,
      "times": [
        0.0025112009800000003,
        0.0025827279800000004,
        0.00256541098,
        0.00251518298,
        0.00236299098,
        0.00241171998,
        0.0036076579799999998,
        0.00284473998,
        0.0025647199799999996,
        0.0027774899799999997,
        0.00278884198,
        0.0027162029799999996,
        0.00264236998,
        0.0026933259800000003,
        0.00248607998,
        0.0024018699799999996,
        0.0024002549799999997,
        0.00271251598,
        0.0029720449799999996,
        0.00267272798,
        0.0024066159800000004,
        0.0025689729799999996,
        0.0028701019800000003,
        0.0025472429800000003,
        0.0025323539799999998,
        0.0026888649799999996,
        0.00275733598,
        0.0029308499799999997,
        0.0028517099799999996,
        0.0026883889800000003,
        0.0027030169800000003,
        0.00268601998,
        0.00278046698,
        0.0026955419799999996,
        0.00274516498,
        0.00276584198,
        0.0026845079799999996,
        0.00280410898,
        0.0027981629800000003,
        0.00245831498,
        0.00254611798,
        0.00307980598,
        0.0028476809799999996,
        0.00273952598,
        0.0027837519799999997,
        0.00264776998,
        0.0031946629799999996,
        0.00273971898,
        0.00248399698,
        0.00255336898,
        0.0024532589800000002,
        0.00247540798,
        0.0027378029799999997,
        0.00291666498,
        0.00252488398,
        0.0025355329799999996,
        0.0026930519799999997,
        0.00254083198,
        0.00246224398,
        0.00254182898,
        0.0026085069799999996,
        0.00250999498,
        0.00243420198,
        0.00274270598,
        0.0025377299800000003,
        0.0025856679800000002,
        0.00273986898,
        0.0027811059800000003,
        0.00272851798,
        0.00277299698,
        0.00248344998,
        0.0024970799799999997,
        0.00241115298,
        0.00240858898,
        0.0026726349799999997,
        0.0035340959799999997,
        0.0027423839799999997,
        0.00273832498,
        0.00290664098,
        0.0028821479800000003,
        0.0031381329799999996,
        0.00261281998,
        0.00290137398,
        0.0025650679800000003,
        0.00243713698,
        0.0029333269800000004,
        0.00263345798,
        0.0025270039800000003,
        0.00243482298,
        0.00250126798,
        0.0025422169800000003,
        0.0027085879799999997,
        0.00275485598,
        0.0025148509800000003,
        0.00269247498,
        0.0028901789799999997,
        0.0025257759799999996,
        0.0024861499799999996,
        0.0027626809799999996,
        0.0027244159799999995
      ],
      "exit_codes": [
        0,
        0,
        0,
        0,
        0,
        0,
        0,
        0,
        0,
        0,
        0,
        0,
        0,
        0,
        0,
        0,
        0,
        0,
        0,
        0,
        0,
        0,
        0,
        0,
        0,
        0,
        0,
        0,
        0,
        0,
        0,
        0,
        0,
        0,
        0,
        0,
        0,
        0,
        0,
        0,
        0,
        0,
        0,
        0,
        0,
        0,
        0,
        0,
        0,
        0,
        0,
        0,
        0,
        0,
        0,
        0,
        0,
        0,
        0,
        0,
        0,
        0,
        0,
        0,
        0,
        0,
        0,
        0,
        0,
        0,
        0,
        0,
        0,
        0,
        0,
        0,
        0,
        0,
        0,
        0,
        0,
        0,
        0,
        0,
        0,
        0,
        0,
        0,
        0,
        0,
        0,
        0,
        0,
        0,
        0,
        0,
        0,
        0,
        0,
        0
      ]
    }
  ]
}
