{
  "results": [
    {
      "command": "out/20220731101132/contention 2 10000",
      "mean": 0.005748755330000004,
      "stddev": 0.0007900414608960946,
      "median": 0.005496531580000001,
      "user": 0.005649209999999999,
      "system": 0.00158627,
      "min": 0.004675163080000001,
      "max": 0.008269192080000001,
      "times": [
        0.004675163080000001,
        0.0047952780800000015,
        0.00577596608,
        0.005296086080000002,
        0.004997104080000002,
        0.00682263808,
        0.00505634108,
        0.0053097720800000005,
        0.005472181080000001,
        0.00602730108,
        0.0057983300800000005,
        0.0070782640800000005,
        0.00585705708,
        0.005790208080000001,
        0.00568375508,
        0.005224326080000001,
        0.006079260080000001,
        0.005155393080000001,
        0.006540882080000001,
        0.007704062080000001,
        0.004990504080000001,
        0.00523807708,
        0.0053287850800000005,
        0.005032597080000001,
        0.0050036830800000015,
        0.0052278120800000015,
        0.005864108080000001,
        0.005291970080000001,
        0.00507203208,
        0.007209562080000001,
        0.00578109408,
        0.00528123808,
        0.006199580080000001,
        0.008269192080000001,
        0.00536746808,
        0.005389323080000001,
        0.00539540908,
        0.005695334080000001,
        0.0060345590800000015,
        0.007054052080000001,
        0.00541805008,
        0.005382986080000001,
        0.005120015080000002,
        0.006838918080000001,
        0.005448340080000001,
        0.004915302080000001,
        0.005829852080000001,
        0.00567836608,
        0.005409569080000001,
        0.005303137080000001,
        0.006315844080000001,
        0.00778896108,
        0.005368719080000001,
        0.00537327208,
        0.007393882080000001,
        0.00537806408,
        0.005882927080000001,
        0.00574488708,
        0.0049199190800000014,
        0.005767738080000001,
        0.00565391208,
        0.00810397008,
        0.004933792080000001,
        0.0063481160800000005,
        0.00717226508,
        0.005892086080000001,
        0.005325011080000001,
        0.005472676080000001,
        0.007867289080000001,
        0.0059395420800000005,
        0.00536054008,
        0.004785578080000002,
        0.004911076080000002,
        0.006114893080000001,
        0.005028682080000001,
        0.0052203360800000004,
        0.004925963080000002,
        0.005187470080000001,
        0.0059796080800000005,
        0.006203924080000001,
        0.004912494080000001,
        0.00589402908,
        0.0066856030800000014,
        0.005520387080000001,
        0.005196901080000002,
        0.004865003080000001,
        0.005837673080000001,
        0.006550881080000001,
        0.00554077308,
        0.005727850080000001,
        0.005059934080000002,
        0.005191745080000001,
        0.0050171890800000014,
        0.006522363080000001,
        0.005432929080000001,
        0.0060126180800000005,
        0.004903510080000001,
        0.006746087080000001,
        0.005892877080000001,
        0.00579345608
      ],
      "exit_codes": [
        0,
        0,
        0,
        0,
        0,
        0,
        0,
        0,
        0,
        0,
        0,
        0,
        0,
        0,
        0,
        0,
        0,
        0,
        0,
        0,
        0,
        0,
        0,
        0,
        0,
        0,
        0,
        0,
        0,
        0,
        0,
        0,
        0,
        0,
        0,
        0,
        0,
        0,
        0,
        0,
        0,
        0,
        0,
        0,
        0,
        0,
        0,
        0,
        0,
        0,
        0,
        0,
        0,
        0,
        0,
        0,
        0,
        0,
        0,
        0,
        0,
        0,
        0,
        0,
        0,
        0,
        0,
        0,
        0,
        0,
        0,
        0,
        0,
        0,
        0,
        0,
        0,
        0,
        0,
        0,
        0,
        0,
        0,
        0,
        0,
        0,
        0,
        0,
        0,
        0,
        0,
        0,
        0,
        0,
        0,
        0,
        0,
        0,
        0,
        0
      ]
    }
  ]
}
