{
  "results": [
    {
      "command": "out/20220731101132/contention 2 100",
      "mean": 0.0027943305999999983,
      "stddev": 0.00016030554090681922,
      "median": 0.00279508718,
      "user": 0.0010351200000000003,
      "system": 0.0008358000000000003,
      "min": 0.0024464606800000004,
      "max": 0.00342177468,
      "times": [
        0.0029169996800000003,
        0.0027957896800000002,
        0.00297275768,
        0.00286482368,
        0.00282184968,
        0.00274246568,
        0.00290855968,
        0.0028984836799999998,
        0.0029011616800000005,
        0.0027175256800000005,
        0.00281131968,
        0.0027916396800000006,
        0.00279575568,
        0.0025621076800000004,
        0.0028109266800000004,
        0.00280134968,
        0.00280892868,
        0.0027344496800000002,
        0.00281496268,
        0.0025745586800000005,
        0.00262122068,
        0.00296014968,
        0.0033426236800000006,
        0.00269635968,
        0.00275550168,
        0.00258293568,
        0.0027913116799999998,
        0.0029377606800000005,
        0.00287190968,
        0.00285595668,
        0.0029064696800000004,
        0.0028340196800000004,
        0.0028835876800000003,
        0.0026853136800000003,
        0.0029267596800000004,
        0.00288006168,
        0.0033995016800000004,
        0.00263008468,
        0.0028092256800000006,
        0.00285852068,
        0.0028204676800000004,
        0.00283967568,
        0.0027944186800000002,
        0.00264772668,
        0.0025881046800000002,
        0.00257330068,
        0.00342177468,
        0.0027619896800000006,
        0.0027159736800000003,
        0.0024464606800000004,
        0.00269672068,
        0.00291477868,
        0.00283187168,
        0.0027761386800000004,
        0.0025495806800000004,
        0.0026584436800000002,
        0.0029649506800000004,
        0.0029444576800000005,
        0.00288232068,
        0.00273563368,
        0.0028953596800000004,
        0.0025372856800000006,
        0.0025461136800000003,
        0.0026871096800000003,
        0.0028599226800000003,
        0.00295135468,
        0.00291693768,
        0.0028724316800000003,
        0.00256506668,
        0.0027390206800000003,
        0.0027827676800000005,
        0.00270081268,
        0.0026616976800000005,
        0.0026767786799999998,
        0.00266169568,
        0.0029011736800000003,
        0.00276148168,
        0.0028876936800000005,
        0.0027397656800000002,
        0.00269685868,
        0.00286298368,
        0.0029803906800000006,
        0.0027707006800000004,
        0.0026578106800000004,
        0.0028722596800000006,
        0.00270125368,
        0.0026778846800000005,
        0.0025506696800000005,
        0.0027393136800000005,
        0.0028513996800000004,
        0.00269242268,
        0.00262274168,
        0.00268215868,
        0.00300399768,
        0.00276837768,
        0.0026883996800000005,
        0.00278071568,
        0.0028293496800000004,
        0.00291564768,
        0.0029027736800000003
      ],
      "exit_codes": [
        0,
        0,
        0,
        0,
        0,
        0,
        0,
        0,
        0,
        0,
        0,
        0,
        0,
        0,
        0,
        0,
        0,
        0,
        0,
        0,
        0,
        0,
        0,
        0,
        0,
        0,
        0,
        0,
        0,
        0,
        0,
        0,
        0,
        0,
        0,
        0,
        0,
        0,
        0,
        0,
        0,
        0,
        0,
        0,
        0,
        0,
        0,
        0,
        0,
        0,
        0,
        0,
        0,
        0,
        0,
        0,
        0,
        0,
        0,
        0,
        0,
        0,
        0,
        0,
        0,
        0,
        0,
        0,
        0,
        0,
        0,
        0,
        0,
        0,
        0,
        0,
        0,
        0,
        0,
        0,
        0,
        0,
        0,
        0,
        0,
        0,
        0,
        0,
        0,
        0,
        0,
        0,
        0,
        0,
        0,
        0,
        0,
        0,
        0,
        0
      ]
    }
  ]
}
