{
  "results": [
    {
      "command": "out/20220731101132/contention 32 1",
      "mean": 0.0032351037400000014,
      "stddev": 0.00018690086997876656,
      "median": 0.0032309105200000006,
      "user": 0.0012150199999999998,
      "system": 0.0015430499999999994,
      "min": 0.00292270952,
      "max": 0.0037690255200000006,
      "times": [
        0.0033234405200000005,
        0.0033318415200000004,
        0.00327259852,
        0.0032334605200000006,
        0.00328134352,
        0.00325123552,
        0.00330350752,
        0.00348491252,
        0.00363380652,
        0.0035140755200000003,
        0.00335262552,
        0.0033114785200000006,
        0.00320508852,
        0.00333680052,
        0.00339050752,
        0.00325540452,
        0.00347164052,
        0.00345225652,
        0.00321438952,
        0.0033230565200000005,
        0.00347345452,
        0.0032127245200000002,
        0.00327760252,
        0.0032283605200000005,
        0.00350787352,
        0.00344395252,
        0.0033677535200000003,
        0.00355216452,
        0.0031949565200000006,
        0.00346835952,
        0.0034372815200000005,
        0.00338244652,
        0.0033502675200000006,
        0.00375182652,
        0.0033191135200000004,
        0.00324110252,
        0.0034291425200000006,
        0.00352459252,
        0.0031657795200000006,
        0.00328480052,
        0.00328376552,
        0.00342504352,
        0.00311213152,
        0.00316239452,
        0.0031897115200000005,
        0.0030998425200000003,
        0.0032747955200000006,
        0.0031175005200000006,
        0.00307314152,
        0.00330450452,
        0.00313642552,
        0.0031433095200000005,
        0.0032436875200000004,
        0.0030479645200000003,
        0.00315831252,
        0.00338108352,
        0.0033694355200000006,
        0.00348011352,
        0.0031087425200000004,
        0.00301412752,
        0.0031845175200000005,
        0.00316595852,
        0.0033893155200000005,
        0.00304867352,
        0.0031413845199999998,
        0.00329035252,
        0.0033303995200000005,
        0.00314199852,
        0.0034811095200000006,
        0.0030638615200000003,
        0.00292649152,
        0.0029531595200000004,
        0.00337215052,
        0.0034309485200000006,
        0.00305774852,
        0.0037690255200000006,
        0.00309916752,
        0.0029472055200000006,
        0.0031116325200000006,
        0.0029768345200000003,
        0.0030809345200000005,
        0.0030422215200000004,
        0.0030628825200000004,
        0.00323771352,
        0.0032133835200000003,
        0.0029939735200000006,
        0.00292270952,
        0.0030261055200000004,
        0.0031169335199999998,
        0.00301471452,
        0.0031710945200000003,
        0.00313472652,
        0.0030527645200000004,
        0.0029552865199999998,
        0.00306764852,
        0.0029308065200000003,
        0.00294098952,
        0.00307303052,
        0.00296237652,
        0.0029450835200000003
      ],
      "exit_codes": [
        0,
        0,
        0,
        0,
        0,
        0,
        0,
        0,
        0,
        0,
        0,
        0,
        0,
        0,
        0,
        0,
        0,
        0,
        0,
        0,
        0,
        0,
        0,
        0,
        0,
        0,
        0,
        0,
        0,
        0,
        0,
        0,
        0,
        0,
        0,
        0,
        0,
        0,
        0,
        0,
        0,
        0,
        0,
        0,
        0,
        0,
        0,
        0,
        0,
        0,
        0,
        0,
        0,
        0,
        0,
        0,
        0,
        0,
        0,
        0,
        0,
        0,
        0,
        0,
        0,
        0,
        0,
        0,
        0,
        0,
        0,
        0,
        0,
        0,
        0,
        0,
        0,
        0,
        0,
        0,
        0,
        0,
        0,
        0,
        0,
        0,
        0,
        0,
        0,
        0,
        0,
        0,
        0,
        0,
        0,
        0,
        0,
        0,
        0,
        0
      ]
    }
  ]
}
