{
  "results": [
    {
      "command": "out/20220731101132/contention 32 1000000",
      "mean": 1.4589026717700009,
      "stddev": 0.03646816652147454,
      "median": 1.4575533749200003,
      "user": 1.8699434799999997,
      "system": 9.485133320000003,
      "min": 1.3574582989200001,
      "max": 1.54039867992,
      "times": [
        1.46456697992,
        1.5196648969200002,
        1.4963820769200002,
        1.4653059279200003,
        1.52529969792,
        1.45062498392,
        1.4406733319200002,
        1.4443464079200001,
        1.51764862892,
        1.45027820992,
        1.3991274469200001,
        1.47673343692,
        1.4680918979200002,
        1.46198828992,
        1.4616456749200002,
        1.4733518969200001,
        1.4556839189200002,
        1.42554631992,
        1.47982403492,
        1.44434463592,
        1.5078557669200001,
        1.42428194092,
        1.4330729849200001,
        1.4518719349200002,
        1.46353372592,
        1.4202626789200001,
        1.4337031979200001,
        1.38459213992,
        1.41423214292,
        1.4595902329200001,
        1.42294278992,
        1.4643617719200002,
        1.45007452092,
        1.43507257592,
        1.4347258789200001,
        1.4615170589200002,
        1.46415999292,
        1.45762931992,
        1.49635531092,
        1.43572137592,
        1.5013319949200001,
        1.45684501192,
        1.4632660839200002,
        1.44809267192,
        1.4794975089200002,
        1.4191658719200002,
        1.46718866992,
        1.4932562899200001,
        1.42200526392,
        1.5085245169200001,
        1.4817989709200001,
        1.4652489529200001,
        1.4916155369200002,
        1.47299503492,
        1.5279089109200001,
        1.45010788892,
        1.3720583249200002,
        1.5109331909200001,
        1.54039867992,
        1.46716304892,
        1.4538314489200002,
        1.3765033189200002,
        1.4540068159200001,
        1.4670931559200002,
        1.46338448292,
        1.45339061592,
        1.4479254619200002,
        1.45712038192,
        1.49215814692,
        1.4753879979200002,
        1.4727831419200001,
        1.49448930892,
        1.52118691592,
        1.44100174192,
        1.4464628049200001,
        1.43726776192,
        1.39345993692,
        1.45780274392,
        1.40791642792,
        1.5176696869200001,
        1.5121283129200003,
        1.4219480689200001,
        1.4442453999200002,
        1.41468556492,
        1.4617767909200001,
        1.4968697859200002,
        1.3574582989200001,
        1.4559979819200002,
        1.4574774299200002,
        1.41539188592,
        1.45452112492,
        1.4714457519200002,
        1.4549735699200002,
        1.52615069392,
        1.41826628192,
        1.42089877892,
        1.43174750892,
        1.44654563392,
        1.4810650119200002,
        1.5397425399200002
      ],
      "exit_codes": [
        0,
        0,
        0,
        0,
        0,
        0,
        0,
        0,
        0,
        0,
        0,
        0,
        0,
        0,
        0,
        0,
        0,
        0,
        0,
        0,
        0,
        0,
        0,
        0,
        0,
        0,
        0,
        0,
        0,
        0,
        0,
        0,
        0,
        0,
        0,
        0,
        0,
        0,
        0,
        0,
        0,
        0,
        0,
        0,
        0,
        0,
        0,
        0,
        0,
        0,
        0,
        0,
        0,
        0,
        0,
        0,
        0,
        0,
        0,
        0,
        0,
        0,
        0,
        0,
        0,
        0,
        0,
        0,
        0,
        0,
        0,
        0,
        0,
        0,
        0,
        0,
        0,
        0,
        0,
        0,
        0,
        0,
        0,
        0,
        0,
        0,
        0,
        0,
        0,
        0,
        0,
        0,
        0,
        0,
        0,
        0,
        0,
        0,
        0,
        0
      ]
    }
  ]
}
