{
  "results": [
    {
      "command": "out/20220731101132/contention 32 10000",
      "mean": 0.014496240740000001,
      "stddev": 0.0006644024969176977,
      "median": 0.014407987300000001,
      "user": 0.01820461,
      "system": 0.07155228999999999,
      "min": 0.013209436300000002,
      "max": 0.0162981403,
      "times": [
        0.0132956633,
        0.013693869300000001,
        0.013451950300000001,
        0.013909164300000002,
        0.0138347703,
        0.0141588443,
        0.014788989300000003,
        0.0144129073,
        0.014986669300000002,
        0.0139663303,
        0.013209436300000002,
        0.013810641300000003,
        0.014504477300000002,
        0.014220201300000002,
        0.0142734193,
        0.014663365300000002,
        0.0150368853,
        0.014403067300000003,
        0.0137264733,
        0.013555112300000002,
        0.014029972300000002,
        0.014518095300000002,
        0.013703737300000001,
        0.014450759300000001,
        0.0142141943,
        0.014649158300000003,
        0.013635942300000002,
        0.014147123300000002,
        0.014866896300000002,
        0.013797142300000002,
        0.013593982300000002,
        0.0144752413,
        0.014256415300000002,
        0.013939445300000002,
        0.013741384300000003,
        0.0141392693,
        0.014191325300000002,
        0.013722342300000002,
        0.0136292023,
        0.0135560633,
        0.0144336243,
        0.014285668300000002,
        0.0140566193,
        0.013699029300000002,
        0.014322964300000001,
        0.014686225300000001,
        0.015275474300000001,
        0.014474783300000002,
        0.015025576300000003,
        0.014320814300000002,
        0.0145330483,
        0.0143988923,
        0.0142044313,
        0.0143766543,
        0.0139277813,
        0.0141503173,
        0.013934325300000001,
        0.0150767243,
        0.015020937300000002,
        0.0158337973,
        0.0162981403,
        0.0159858603,
        0.015647301300000003,
        0.0143851443,
        0.014070332300000002,
        0.0141017033,
        0.0138039363,
        0.0141879803,
        0.0157231663,
        0.0161557373,
        0.014997373300000002,
        0.0149293403,
        0.014125560300000003,
        0.014274481300000003,
        0.0141967523,
        0.015014491300000002,
        0.014921362300000001,
        0.0136703393,
        0.0136746973,
        0.0146757863,
        0.014512795300000002,
        0.014884760300000001,
        0.0150239083,
        0.0152432443,
        0.014895112300000003,
        0.0147598923,
        0.014723157300000001,
        0.014901848300000003,
        0.014815912300000001,
        0.014854075300000002,
        0.014895601300000002,
        0.0156441073,
        0.015125049300000002,
        0.015337478300000002,
        0.0155358453,
        0.015645093300000003,
        0.015171089300000003,
        0.0151640093,
        0.0150873903,
        0.015366601300000001
      ],
      "exit_codes": [
        0,
        0,
        0,
        0,
        0,
        0,
        0,
        0,
        0,
        0,
        0,
        0,
        0,
        0,
        0,
        0,
        0,
        0,
        0,
        0,
        0,
        0,
        0,
        0,
        0,
        0,
        0,
        0,
        0,
        0,
        0,
        0,
        0,
        0,
        0,
        0,
        0,
        0,
        0,
        0,
        0,
        0,
        0,
        0,
        0,
        0,
        0,
        0,
        0,
        0,
        0,
        0,
        0,
        0,
        0,
        0,
        0,
        0,
        0,
        0,
        0,
        0,
        0,
        0,
        0,
        0,
        0,
        0,
        0,
        0,
        0,
        0,
        0,
        0,
        0,
        0,
        0,
        0,
        0,
        0,
        0,
        0,
        0,
        0,
        0,
        0,
        0,
        0,
        0,
        0,
        0,
        0,
        0,
        0,
        0,
        0,
        0,
        0,
        0,
        0
      ]
    }
  ]
}
