{
  "results": [
    {
      "command": "out/20220731101132/contention 32 100000",
      "mean": 0.13251274748000003,
      "stddev": 0.008637228377230188,
      "median": 0.12964760178,
      "user": 0.18294613000000004,
      "system": 0.8094948700000002,
      "min": 0.12143904478,
      "max": 0.15560154878000002,
      "times": [
        0.12143904478,
        0.12809664578000002,
        0.13250513378,
        0.13295812878000002,
        0.13245612378000002,
        0.14503069778000002,
        0.14945983778000002,
        0.12664992278,
        0.12518803878,
        0.12459453478000002,
        0.12544437178,
        0.12912188778,
        0.12168971578000001,
        0.13367275078000002,
        0.13019032578,
        0.13408415678000002,
        0.13891264378,
        0.13937380478,
        0.14725357678,
        0.12659194878000002,
        0.12521436278,
        0.12584042178000002,
        0.13751570878000002,
        0.13024323678000002,
        0.13248520778,
        0.13116262878,
        0.13296774978,
        0.13667718378000002,
        0.14292402478000002,
        0.14231812578,
        0.12189906878000001,
        0.12553037878,
        0.12621494978,
        0.12597082178000002,
        0.12368396978000001,
        0.12590557378,
        0.12687244378,
        0.12672632878,
        0.12851904978,
        0.12626632578000002,
        0.13918670378,
        0.14520514778000002,
        0.14315151578000002,
        0.14848954978,
        0.15419015778,
        0.13321103778,
        0.13446870178,
        0.14001363478,
        0.14723506578,
        0.15501273078000002,
        0.15252198078,
        0.13081606878000002,
        0.13349219278000002,
        0.13416398878000002,
        0.12905506778,
        0.15100642878,
        0.15560154878000002,
        0.13081989278,
        0.12746561878,
        0.12566137878,
        0.12629082578,
        0.12570775078000002,
        0.12779334978,
        0.12586576278,
        0.12698255078,
        0.13068249878000002,
        0.13309508078,
        0.12990193278,
        0.13631154678000001,
        0.14222009678,
        0.15180367578,
        0.12690441478,
        0.12362121878000001,
        0.12374365278000002,
        0.12311202178000002,
        0.12403458178000001,
        0.12509270478,
        0.12295938778000001,
        0.12495757078,
        0.12767917878,
        0.12419682878000002,
        0.12742875878,
        0.12859992778,
        0.13040389378,
        0.12877677278000002,
        0.13500276078,
        0.13674213778000002,
        0.13752308278,
        0.14322460478000001,
        0.14900604278000001,
        0.12566545478000002,
        0.12514329278,
        0.12602255378000002,
        0.12435708978000001,
        0.12939327078,
        0.12900798778,
        0.12819522878,
        0.13447578078,
        0.12892556878,
        0.13000463978000001
      ],
      "exit_codes": [
        0,
        0,
        0,
        0,
        0,
        0,
        0,
        0,
        0,
        0,
        0,
        0,
        0,
        0,
        0,
        0,
        0,
        0,
        0,
        0,
        0,
        0,
        0,
        0,
        0,
        0,
        0,
        0,
        0,
        0,
        0,
        0,
        0,
        0,
        0,
        0,
        0,
        0,
        0,
        0,
        0,
        0,
        0,
        0,
        0,
        0,
        0,
        0,
        0,
        0,
        0,
        0,
        0,
        0,
        0,
        0,
        0,
        0,
        0,
        0,
        0,
        0,
        0,
        0,
        0,
        0,
        0,
        0,
        0,
        0,
        0,
        0,
        0,
        0,
        0,
        0,
        0,
        0,
        0,
        0,
        0,
        0,
        0,
        0,
        0,
        0,
        0,
        0,
        0,
        0,
        0,
        0,
        0,
        0,
        0,
        0,
        0,
        0,
        0,
        0
      ]
    }
  ]
}
