{
  "results": [
    {
      "command": "out/20220731101132/contention 32 100",
      "mean": 0.0030606446500000013,
      "stddev": 0.00015942478648340317,
      "median": 0.0030400274400000002,
      "user": 0.00137973,
      "system": 0.00188974,
      "min": 0.002573181940000001,
      "max": 0.0036234869400000006,
      "times": [
        0.0034846859400000005,
        0.002573181940000001,
        0.0026541489400000004,
        0.0031021629400000005,
        0.0029831459400000006,
        0.0029143829400000002,
        0.003025165940000001,
        0.0029705699400000003,
        0.0030872979400000003,
        0.0029569779400000005,
        0.0030951559400000006,
        0.0030192209400000006,
        0.0029288469400000007,
        0.00313502694,
        0.0029149909400000003,
        0.003106665940000001,
        0.0030403799400000003,
        0.0033493779400000008,
        0.0030208459400000004,
        0.0029906689400000003,
        0.0028858369400000003,
        0.0029272719400000005,
        0.003194102940000001,
        0.0030082829400000003,
        0.00284011894,
        0.0030452819400000005,
        0.0033880739400000003,
        0.002965776940000001,
        0.0031942109400000004,
        0.00336591694,
        0.0032013049400000004,
        0.003221109940000001,
        0.00334576694,
        0.003395952940000001,
        0.0028935219400000006,
        0.0028168189400000006,
        0.00315928994,
        0.0029974969400000007,
        0.0028781389400000007,
        0.00296307894,
        0.0030832089400000006,
        0.0029786689400000004,
        0.0031178789400000003,
        0.0030239689400000003,
        0.003048304940000001,
        0.0030492299400000007,
        0.0031080049400000003,
        0.00292961594,
        0.0029125059400000003,
        0.0031256349400000005,
        0.0029924649400000004,
        0.003255620940000001,
        0.0031498979400000006,
        0.0031345989400000007,
        0.002913374940000001,
        0.003025323940000001,
        0.0029883729400000006,
        0.002997878940000001,
        0.0030934239400000007,
        0.0030436719400000005,
        0.003078503940000001,
        0.0031497989400000007,
        0.003156432940000001,
        0.0028914539400000006,
        0.00303967494,
        0.00292035494,
        0.0028505559400000004,
        0.003159899940000001,
        0.0030842979400000007,
        0.0031899509400000006,
        0.0031555409400000002,
        0.0032424349400000008,
        0.0029497309400000004,
        0.003045394940000001,
        0.0029900039400000008,
        0.0029809329400000005,
        0.0029927419400000003,
        0.0030334239400000005,
        0.0029098409400000005,
        0.0029576669400000004,
        0.0030856979400000002,
        0.0030295279400000008,
        0.002981004940000001,
        0.003050158940000001,
        0.0028822639400000005,
        0.0029911629400000005,
        0.003371043940000001,
        0.003092874940000001,
        0.0029878589400000005,
        0.0036234869400000006,
        0.0031433779400000003,
        0.0029719179400000003,
        0.00315201294,
        0.0030767659400000005,
        0.002982421940000001,
        0.0029648329400000007,
        0.0031485819400000003,
        0.00332990294,
        0.0032377309400000004,
        0.0031712939400000005
      ],
      "exit_codes": [
        0,
        0,
        0,
        0,
        0,
        0,
        0,
        0,
        0,
        0,
        0,
        0,
        0,
        0,
        0,
        0,
        0,
        0,
        0,
        0,
        0,
        0,
        0,
        0,
        0,
        0,
        0,
        0,
        0,
        0,
        0,
        0,
        0,
        0,
        0,
        0,
        0,
        0,
        0,
        0,
        0,
        0,
        0,
        0,
        0,
        0,
        0,
        0,
        0,
        0,
        0,
        0,
        0,
        0,
        0,
        0,
        0,
        0,
        0,
        0,
        0,
        0,
        0,
        0,
        0,
        0,
        0,
        0,
        0,
        0,
        0,
        0,
        0,
        0,
        0,
        0,
        0,
        0,
        0,
        0,
        0,
        0,
        0,
        0,
        0,
        0,
        0,
        0,
        0,
        0,
        0,
        0,
        0,
        0,
        0,
        0,
        0,
        0,
        0,
        0
      ]
    }
  ]
}
