{
  "results": [
    {
      "command": "out/20220731101132/contention 32 1000",
      "mean": 0.0030312417799999987,
      "stddev": 0.00017420575949004974,
      "median": 0.00301295758,
      "user": 0.0029272199999999986,
      "system": 0.00769573,
      "min": 0.0026180970799999995,
      "max": 0.0036874360799999993,
      "times": [
        0.0029139390799999996,
        0.0032136370799999998,
        0.00303490808,
        0.0028781060799999997,
        0.0030736710799999997,
        0.00293152108,
        0.00268735908,
        0.0028911060799999997,
        0.0032127580799999993,
        0.00299201908,
        0.00300074308,
        0.00312159408,
        0.0028806850799999997,
        0.00291590908,
        0.00310730008,
        0.0030399400799999993,
        0.0033192670799999996,
        0.0030284670799999996,
        0.00334669008,
        0.0029357010799999994,
        0.00287008908,
        0.0031526340799999993,
        0.0032026220799999993,
        0.0033048050799999997,
        0.0030318490799999993,
        0.0026449110799999995,
        0.0026180970799999995,
        0.0029607570799999993,
        0.00310566208,
        0.0028634520799999995,
        0.00321888008,
        0.0030494150799999994,
        0.0031464260799999996,
        0.00315165408,
        0.0029219260799999997,
        0.0031304040799999995,
        0.00282382008,
        0.00338101308,
        0.00346294008,
        0.00314520108,
        0.0036874360799999993,
        0.00277931808,
        0.0030322000799999993,
        0.0028786290799999994,
        0.0029329510799999993,
        0.0027294870799999997,
        0.0029330810799999994,
        0.00316983308,
        0.0029105020799999994,
        0.00292337108,
        0.0031218800799999993,
        0.00304078908,
        0.0028930610799999994,
        0.00302261308,
        0.00334597008,
        0.0031099700799999998,
        0.0028590850799999996,
        0.00282965208,
        0.0031195210799999998,
        0.00298177608,
        0.0028822290799999997,
        0.0030788420799999997,
        0.00303492308,
        0.0031308720799999995,
        0.00320003008,
        0.0033194100799999997,
        0.00300875008,
        0.0029302090799999993,
        0.0029656470799999998,
        0.0028463620799999995,
        0.0030019400799999995,
        0.0032763530799999998,
        0.00304268908,
        0.0028318820799999997,
        0.0029997550799999995,
        0.0029530380799999995,
        0.0029922570799999996,
        0.0028732220799999996,
        0.0033305530799999997,
        0.00312331408,
        0.00289685208,
        0.0028551440799999992,
        0.0030533660799999997,
        0.00301048508,
        0.00305676508,
        0.0030665070799999992,
        0.00301543008,
        0.00292253508,
        0.0029884140799999997,
        0.0030054300799999996,
        0.0029595720799999994,
        0.0028440950799999993,
        0.0031109720799999997,
        0.0029887420799999996,
        0.0032020100799999996,
        0.0031477250799999993,
        0.00293469508,
        0.0028963700799999994,
        0.0030716020799999993,
        0.0032621800799999996
      ],
      "exit_codes": [
        0,
        0,
        0,
        0,
        0,
        0,
        0,
        0,
        0,
        0,
        0,
        0,
        0,
        0,
        0,
        0,
        0,
        0,
        0,
        0,
        0,
        0,
        0,
        0,
        0,
        0,
        0,
        0,
        0,
        0,
        0,
        0,
        0,
        0,
        0,
        0,
        0,
        0,
        0,
        0,
        0,
        0,
        0,
        0,
        0,
        0,
        0,
        0,
        0,
        0,
        0,
        0,
        0,
        0,
        0,
        0,
        0,
        0,
        0,
        0,
        0,
        0,
        0,
        0,
        0,
        0,
        0,
        0,
        0,
        0,
        0,
        0,
        0,
        0,
        0,
        0,
        0,
        0,
        0,
        0,
        0,
        0,
        0,
        0,
        0,
        0,
        0,
        0,
        0,
        0,
        0,
        0,
        0,
        0,
        0,
        0,
        0,
        0,
        0,
        0
      ]
    }
  ]
}
