{
  "results": [
    {
      "command": "out/20220731101132/contention 32 10",
      "mean": 0.003122139989999999,
      "stddev": 0.0002013322985522422,
      "median": 0.0030996507799999997,
      "user": 0.0013165300000000002,
      "system": 0.0017352099999999992,
      "min": 0.00266821778,
      "max": 0.00393755978,
      "times": [
        0.0031121887799999996,
        0.00311491178,
        0.00341253078,
        0.0032643307799999997,
        0.0032223997800000003,
        0.0032130067799999995,
        0.0032618357799999997,
        0.0031240867800000002,
        0.00323363678,
        0.0031301867799999996,
        0.00319367178,
        0.0031440417799999997,
        0.00337172478,
        0.0031374587799999996,
        0.00309782878,
        0.0032133827800000002,
        0.00329019178,
        0.0031966237799999995,
        0.0031313767799999994,
        0.00331419778,
        0.00299512878,
        0.0031656617799999997,
        0.00303354578,
        0.00299291778,
        0.00312082078,
        0.00308675178,
        0.0029818877800000003,
        0.00325132178,
        0.0033098087799999995,
        0.0030073877799999997,
        0.00360598278,
        0.0037545817800000002,
        0.0030211607799999997,
        0.00307913378,
        0.0034234897799999995,
        0.00297778678,
        0.00393755978,
        0.00314912678,
        0.00270054378,
        0.0027306707799999996,
        0.0030880587799999998,
        0.0030588987799999995,
        0.00295051778,
        0.0029793757799999997,
        0.0030725807799999996,
        0.00319476878,
        0.0029891347799999995,
        0.00309242178,
        0.0030035257799999994,
        0.00300453178,
        0.0031614927799999996,
        0.0031505117800000003,
        0.0032389737799999995,
        0.0038466487799999997,
        0.00312080178,
        0.00266821778,
        0.00293044878,
        0.00297394878,
        0.0029641397799999997,
        0.00300548878,
        0.00317237978,
        0.00297198478,
        0.00314452578,
        0.0031253107799999996,
        0.0029563177799999995,
        0.0030068047799999996,
        0.0031014727799999996,
        0.0030960697800000003,
        0.00298264978,
        0.00310987078,
        0.0029707727799999995,
        0.00311135078,
        0.0033023287799999997,
        0.0030075527799999996,
        0.00289509178,
        0.00298229878,
        0.00303132878,
        0.00304389878,
        0.0030117287799999995,
        0.00309770978,
        0.0032829777799999998,
        0.00301677878,
        0.0030158087799999995,
        0.0031109927800000003,
        0.0030416127799999994,
        0.0031109097799999997,
        0.00286680678,
        0.0030346867799999995,
        0.00328319478,
        0.0031324357799999997,
        0.00299468378,
        0.0030706577799999996,
        0.00294810178,
        0.00295948578,
        0.00319444578,
        0.0031038227799999995,
        0.00364177978,
        0.0033635767799999996,
        0.0029164127799999997,
        0.00300400778
      ],
      "exit_codes": [
        0,
        0,
        0,
        0,
        0,
        0,
        0,
        0,
        0,
        0,
        0,
        0,
        0,
        0,
        0,
        0,
        0,
        0,
        0,
        0,
        0,
        0,
        0,
        0,
        0,
        0,
        0,
        0,
        0,
        0,
        0,
        0,
        0,
        0,
        0,
        0,
        0,
        0,
        0,
        0,
        0,
        0,
        0,
        0,
        0,
        0,
        0,
        0,
        0,
        0,
        0,
        0,
        0,
        0,
        0,
        0,
        0,
        0,
        0,
        0,
        0,
        0,
        0,
        0,
        0,
        0,
        0,
        0,
        0,
        0,
        0,
        0,
        0,
        0,
        0,
        0,
        0,
        0,
        0,
        0,
        0,
        0,
        0,
        0,
        0,
        0,
        0,
        0,
        0,
        0,
        0,
        0,
        0,
        0,
        0,
        0,
        0,
        0,
        0,
        0
      ]
    }
  ]
}
