{
  "results": [
    {
      "command": "out/20220731101132/contention 4096 100",
      "mean": 0.1925095595300001,
      "stddev": 0.00434691348324158,
      "median": 0.19282400444000003,
      "user": 0.0275103,
      "system": 0.31557047,
      "min": 0.18283784344,
      "max": 0.21011084944000002,
      "times": [
        0.19979789344,
        0.20154023144000002,
        0.19504599644,
        0.19505548544,
        0.18849859044,
        0.21011084944000002,
        0.19991604744000002,
        0.19065785444000002,
        0.19467119144000003,
        0.19789910144000003,
        0.19917429144,
        0.19959386544000002,
        0.19502042144,
        0.19663961044000003,
        0.19533012844000003,
        0.19359306244000002,
        0.19280671944000002,
        0.19319236544,
        0.19745049044000001,
        0.18966850844000002,
        0.19087943544000002,
        0.18516495544000003,
        0.18416969044,
        0.18283784344,
        0.18753886044,
        0.18978878044000003,
        0.19153461844000003,
        0.19221369744000003,
        0.19444220044000002,
        0.19564751444,
        0.19268451744,
        0.19338032244000003,
        0.19195187544,
        0.19391107444000003,
        0.19500081244,
        0.19375210344000002,
        0.18894080444000003,
        0.18445291844,
        0.18748940344,
        0.18675823244,
        0.18752841044000002,
        0.19215123144000001,
        0.18816896144,
        0.18859446744000002,
        0.19609871544000002,
        0.19294231544,
        0.19284128944,
        0.19107786044000002,
        0.19399198144000002,
        0.19645288744000003,
        0.19023503044,
        0.18741705044,
        0.18898439444,
        0.18932966644000002,
        0.18543562644000003,
        0.19014835844000003,
        0.19536689544000002,
        0.19413762644000002,
        0.19426080544000002,
        0.19598944644000002,
        0.19497848744000001,
        0.19362478544000003,
        0.19835662344000002,
        0.19081865644,
        0.19058607244,
        0.20032802744000003,
        0.19461602244,
        0.19353902644,
        0.18865943144000002,
        0.18881657544000002,
        0.18861852144000002,
        0.19364946844000003,
        0.19508026844,
        0.19566182944000002,
        0.19352209644,
        0.19916602144,
        0.19308866144,
        0.19338128544000002,
        0.19587047344000003,
        0.19202490444,
        0.19148665444000001,
        0.18726355344,
        0.18906474744,
        0.18611624644000002,
        0.18748146144000002,
        0.18942814544000003,
        0.18934531644000002,
        0.18441847344,
        0.19417596044000002,
        0.19432382044000002,
        0.19501214444,
        0.19835363444,
        0.19387340844,
        0.19246679644,
        0.19143529144000002,
        0.19102758544,
        0.19278487444,
        0.18991095944000003,
        0.19097533544,
        0.18826891844000002
      ],
      "exit_codes": [
        0,
        0,
        0,
        0,
        0,
        0,
        0,
        0,
        0,
        0,
        0,
        0,
        0,
        0,
        0,
        0,
        0,
        0,
        0,
        0,
        0,
        0,
        0,
        0,
        0,
        0,
        0,
        0,
        0,
        0,
        0,
        0,
        0,
        0,
        0,
        0,
        0,
        0,
        0,
        0,
        0,
        0,
        0,
        0,
        0,
        0,
        0,
        0,
        0,
        0,
        0,
        0,
        0,
        0,
        0,
        0,
        0,
        0,
        0,
        0,
        0,
        0,
        0,
        0,
        0,
        0,
        0,
        0,
        0,
        0,
        0,
        0,
        0,
        0,
        0,
        0,
        0,
        0,
        0,
        0,
        0,
        0,
        0,
        0,
        0,
        0,
        0,
        0,
        0,
        0,
        0,
        0,
        0,
        0,
        0,
        0,
        0,
        0,
        0,
        0
      ]
    }
  ]
}
