{
  "results": [
    {
      "command": "out/20220731101132/contention 4096 10",
      "mean": 0.19243945352000005,
      "stddev": 0.003643931708653716,
      "median": 0.19241316168,
      "user": 0.027335209999999992,
      "system": 0.31517217,
      "min": 0.18519450368,
      "max": 0.20360341168,
      "times": [
        0.19567596768,
        0.19956080468,
        0.19586065068,
        0.19160623668,
        0.18668581168,
        0.20184715368,
        0.18689349168,
        0.19336891768,
        0.18943372568,
        0.19328327568,
        0.18519450368,
        0.19303000368,
        0.19527526968,
        0.19436934668,
        0.19509627968,
        0.19221652068,
        0.18939756568,
        0.19166753868,
        0.19577208268000001,
        0.18917349568,
        0.18658282768,
        0.18983686468,
        0.19117077968,
        0.18704749368,
        0.19036913868,
        0.19094528168,
        0.19277907468,
        0.20013170668,
        0.19514161168,
        0.19483253968,
        0.19714848368000001,
        0.19332985968,
        0.19172969568,
        0.19237965868,
        0.19382368868,
        0.19355335468,
        0.19226736168,
        0.19622244668,
        0.18757631568,
        0.19108896868,
        0.18686522268,
        0.18779705668,
        0.19067684168000001,
        0.19707281468,
        0.19610259368,
        0.19622873868000001,
        0.19365971268,
        0.19315353268,
        0.19244666468,
        0.18755020868,
        0.19256399668,
        0.19521681768,
        0.19587773368,
        0.18931950968,
        0.19022822468,
        0.18706103968,
        0.18821409068,
        0.18845363568,
        0.18962625968,
        0.19465829968,
        0.19993644668,
        0.19526047268,
        0.19626428368,
        0.19616043468,
        0.19256481968,
        0.18931657968,
        0.19193549068000001,
        0.19351620868,
        0.19408920368,
        0.18957830268,
        0.19036294068,
        0.19254686768,
        0.18832559768,
        0.19124337168,
        0.18938095968,
        0.19231933768,
        0.19317784168,
        0.19597288068,
        0.19464413268,
        0.19132998768,
        0.19117721368,
        0.18918016668,
        0.19245518668,
        0.19501340568,
        0.19280765168,
        0.19128762968,
        0.19865082568,
        0.18969699768,
        0.19199820168,
        0.18628574968,
        0.18682611168,
        0.18761816268,
        0.19119608168,
        0.19275446068,
        0.19715491468000002,
        0.19079842068,
        0.19445056768,
        0.18930418568000001,
        0.20360341168,
        0.19762105568
      ],
      "exit_codes": [
        0,
        0,
        0,
        0,
        0,
        0,
        0,
        0,
        0,
        0,
        0,
        0,
        0,
        0,
        0,
        0,
        0,
        0,
        0,
        0,
        0,
        0,
        0,
        0,
        0,
        0,
        0,
        0,
        0,
        0,
        0,
        0,
        0,
        0,
        0,
        0,
        0,
        0,
        0,
        0,
        0,
        0,
        0,
        0,
        0,
        0,
        0,
        0,
        0,
        0,
        0,
        0,
        0,
        0,
        0,
        0,
        0,
        0,
        0,
        0,
        0,
        0,
        0,
        0,
        0,
        0,
        0,
        0,
        0,
        0,
        0,
        0,
        0,
        0,
        0,
        0,
        0,
        0,
        0,
        0,
        0,
        0,
        0,
        0,
        0,
        0,
        0,
        0,
        0,
        0,
        0,
        0,
        0,
        0,
        0,
        0,
        0,
        0,
        0,
        0
      ]
    }
  ]
}
