{
  "results": [
    {
      "command": "out/20220731101132/contention 4096 1",
      "mean": 0.19251165705999998,
      "stddev": 0.006635218135149962,
      "median": 0.19182078126000002,
      "user": 0.02714338,
      "system": 0.31568018000000003,
      "min": 0.18225431476000004,
      "max": 0.22371263176000003,
      "times": [
        0.21602988576,
        0.21202896576000002,
        0.20889228876000002,
        0.19973323376000002,
        0.22371263176000003,
        0.20371202576000003,
        0.19422782576000003,
        0.19454038376000002,
        0.19035313976,
        0.19126810876000003,
        0.19324643376000003,
        0.19322308176000003,
        0.19259875976000002,
        0.19364495476000002,
        0.19305462276000002,
        0.19662122876000002,
        0.19272967476000002,
        0.19400672576000003,
        0.19081846076000003,
        0.19112057376000002,
        0.18916960976000002,
        0.18439069176000003,
        0.18831924276000003,
        0.18606635876000002,
        0.19007805176000003,
        0.18964154976000003,
        0.18949814976,
        0.19326276476,
        0.19079163276000002,
        0.19082991176000003,
        0.19535206576000003,
        0.19651424076000001,
        0.19713925276000002,
        0.19829706676000003,
        0.19377908776000002,
        0.19637329476,
        0.19031637276000002,
        0.18727611776000003,
        0.18399085576000002,
        0.18694108876,
        0.18715927476000002,
        0.18874569376000003,
        0.18872613576000002,
        0.19029650676,
        0.18990328776,
        0.19531799776000003,
        0.19667681376,
        0.19694401176000004,
        0.19903383976000003,
        0.19794528576000003,
        0.19239391176000004,
        0.19763038176000003,
        0.19548143576000002,
        0.19254327676000002,
        0.18814427876000003,
        0.18468633776,
        0.18771462276000003,
        0.18593728176000002,
        0.18700157876000004,
        0.18647037376000003,
        0.18421212776,
        0.18954482776000003,
        0.19088058676000003,
        0.19718843276000003,
        0.19588248076000003,
        0.19774632976000003,
        0.19597708276000003,
        0.19821030676000004,
        0.19742505676000002,
        0.19291573276,
        0.18875663476,
        0.18790965376000002,
        0.18547947476,
        0.18593434776000003,
        0.19180560676000002,
        0.18354330276000003,
        0.18731192376000003,
        0.18722780776000003,
        0.18854860676000001,
        0.19183595576000004,
        0.19453204276000002,
        0.19622709976000002,
        0.19925252476000002,
        0.19592204276000003,
        0.19740438876000002,
        0.19747031876,
        0.19646052476000003,
        0.18999296776000002,
        0.18541322676000002,
        0.18729046676000002,
        0.18225431476000004,
        0.18563656276,
        0.18492869476,
        0.18353314976000001,
        0.18433642076000004,
        0.18736443776000003,
        0.18889809976000002,
        0.19248036876000002,
        0.19721310576000003,
        0.19387592776
      ],
      "exit_codes": [
        0,
        0,
        0,
        0,
        0,
        0,
        0,
        0,
        0,
        0,
        0,
        0,
        0,
        0,
        0,
        0,
        0,
        0,
        0,
        0,
        0,
        0,
        0,
        0,
        0,
        0,
        0,
        0,
        0,
        0,
        0,
        0,
        0,
        0,
        0,
        0,
        0,
        0,
        0,
        0,
        0,
        0,
        0,
        0,
        0,
        0,
        0,
        0,
        0,
        0,
        0,
        0,
        0,
        0,
        0,
        0,
        0,
        0,
        0,
        0,
        0,
        0,
        0,
        0,
        0,
        0,
        0,
        0,
        0,
        0,
        0,
        0,
        0,
        0,
        0,
        0,
        0,
        0,
        0,
        0,
        0,
        0,
        0,
        0,
        0,
        0,
        0,
        0,
        0,
        0,
        0,
        0,
        0,
        0,
        0,
        0,
        0,
        0,
        0,
        0
      ]
    }
  ]
}
