{
  "results": [
    {
      "command": "out/20220731101132/contention 4096 1000000",
      "mean": 1.1818421493399993,
      "stddev": 0.20248757966697906,
      "median": 1.3184089298,
      "user": 1.781785269999999,
      "system": 7.076857010000002,
      "min": 0.7535605468000001,
      "max": 1.3927820858,
      "times": [
        0.8643641428000001,
        1.2059056598,
        1.2804202858,
        1.2705771308,
        1.2823921928,
        0.8086581518000001,
        1.1148049197999998,
        1.2906428578,
        0.7535605468000001,
        1.2909686408,
        1.2925648468,
        1.2925101618,
        0.9809709648000001,
        1.2969829828,
        1.3353079278,
        1.2770211588,
        0.9015129518000001,
        1.3484794708,
        1.3213477778,
        1.3614483588,
        1.3775650418,
        1.3316191718,
        1.3177443638,
        1.0125898238,
        1.0275973848,
        1.3715243518,
        1.3326280208,
        1.0440305427999998,
        1.3268775578,
        1.0275105238,
        1.0881780077999998,
        1.3297301708,
        1.3288109028,
        0.8429769148000001,
        1.0287308708,
        0.8528708398000001,
        1.0137651838,
        0.8694657648000002,
        1.0858687338,
        1.3322846758,
        1.3305699778,
        0.8204272718000001,
        1.3170059928,
        1.3271819048,
        1.3415919148,
        1.3637909108,
        1.3333559708,
        1.3298122788,
        1.3337784367999999,
        1.3365530207999998,
        1.3347226218,
        0.9968746518000001,
        1.0362229917999999,
        1.3448310408,
        0.8376571828000001,
        1.3393060178,
        1.3492789608,
        1.3593872418,
        1.3477480738,
        1.0322089648,
        1.3842499558,
        1.3927820858,
        1.3421380178,
        1.3491511928,
        0.8529738448000002,
        1.0581209028,
        1.3288031738,
        0.8102303478000001,
        1.3257610968,
        1.3279368238,
        1.3219189668,
        1.3279870357999999,
        0.8409200998000002,
        1.3614249578,
        1.3337846258,
        1.3269178168,
        0.8462155668000001,
        1.2845478858,
        0.8334629738000001,
        0.9596618138000002,
        1.3286981648,
        0.8689891288000001,
        0.8979400078000002,
        1.3361569218,
        1.0232567157999999,
        1.3190734957999999,
        1.3251066807999998,
        1.3327465917999999,
        0.8193134808000001,
        1.3263113498,
        1.3247222667999998,
        1.3627635298,
        1.3411387498,
        1.3266589348,
        0.8570934748000001,
        0.8328242878000001,
        1.3240961928,
        1.3273154848,
        1.0004763738,
        0.9754285088000001
      ],
      "exit_codes": [
        0,
        0,
        0,
        0,
        0,
        0,
        0,
        0,
        0,
        0,
        0,
        0,
        0,
        0,
        0,
        0,
        0,
        0,
        0,
        0,
        0,
        0,
        0,
        0,
        0,
        0,
        0,
        0,
        0,
        0,
        0,
        0,
        0,
        0,
        0,
        0,
        0,
        0,
        0,
        0,
        0,
        0,
        0,
        0,
        0,
        0,
        0,
        0,
        0,
        0,
        0,
        0,
        0,
        0,
        0,
        0,
        0,
        0,
        0,
        0,
        0,
        0,
        0,
        0,
        0,
        0,
        0,
        0,
        0,
        0,
        0,
        0,
        0,
        0,
        0,
        0,
        0,
        0,
        0,
        0,
        0,
        0,
        0,
        0,
        0,
        0,
        0,
        0,
        0,
        0,
        0,
        0,
        0,
        0,
        0,
        0,
        0,
        0,
        0,
        0
      ]
    }
  ]
}
