{
  "results": [
    {
      "command": "out/20220731101132/contention 4096 100000",
      "mean": 0.2124756711000001,
      "stddev": 0.0038130189534109687,
      "median": 0.21240150164000002,
      "user": 0.10238006000000001,
      "system": 0.45600411,
      "min": 0.20588919964000002,
      "max": 0.23290487464000004,
      "times": [
        0.20730295464000004,
        0.20770815064000003,
        0.20915693364000001,
        0.21283483964000002,
        0.23290487464000004,
        0.21915083364000001,
        0.21228897964000001,
        0.21378311564000002,
        0.20699579264000004,
        0.20624142364000003,
        0.20871031264000003,
        0.21199908664000003,
        0.21207655364000003,
        0.21303651864000003,
        0.21687459564000003,
        0.21401953364000004,
        0.21673214264000001,
        0.21272001264,
        0.21301674164000003,
        0.21268946864000002,
        0.21270380364000002,
        0.21094460664000003,
        0.21251402364000002,
        0.21173970564000003,
        0.20867057264000002,
        0.20632275664000002,
        0.20795771164000001,
        0.21301928164000003,
        0.21430787264000004,
        0.21484497664000002,
        0.21693364564000003,
        0.21352889464000002,
        0.21267520264000003,
        0.20769329664000002,
        0.21056654964000002,
        0.21066467564000002,
        0.20995308764000004,
        0.20869522964000004,
        0.21152514464000002,
        0.20645680464000002,
        0.20857943364000003,
        0.21330042564,
        0.21595377564,
        0.21517190664000002,
        0.21627183964000002,
        0.21690386064000003,
        0.22059494464,
        0.21178719564000004,
        0.21195635264,
        0.21266862064000003,
        0.20997437864000001,
        0.21295518264000002,
        0.21127365964000003,
        0.20842819264000004,
        0.20846639664000002,
        0.20946067264,
        0.20983101164000004,
        0.21437122464000002,
        0.20977486764000003,
        0.21559161564,
        0.21598134864000001,
        0.21404859464000003,
        0.21616009864000002,
        0.21021711264000004,
        0.21033397664000003,
        0.20827773764000002,
        0.20996617664000003,
        0.21276348864000003,
        0.21060643764000003,
        0.20758422464000004,
        0.21059114764000003,
        0.20776792964000002,
        0.21015085264000002,
        0.21475221264000002,
        0.21216354064000004,
        0.21346748364000004,
        0.21431193864000003,
        0.21514843364000003,
        0.21634006164000003,
        0.21331891064000003,
        0.21109094064000003,
        0.21601231564000004,
        0.21157301864000003,
        0.21617153364000002,
        0.20588919964000002,
        0.20914307964000003,
        0.21140345764000001,
        0.21147441964000002,
        0.21196260364000002,
        0.21197937364000002,
        0.21256147464000003,
        0.21503812064000002,
        0.21347874764000002,
        0.21628475364000002,
        0.21521233164000003,
        0.21835889064000003,
        0.21571420964000002,
        0.22037606064000004,
        0.21027090364000003,
        0.21434370164000002
      ],
      "exit_codes": [
        0,
        0,
        0,
        0,
        0,
        0,
        0,
        0,
        0,
        0,
        0,
        0,
        0,
        0,
        0,
        0,
        0,
        0,
        0,
        0,
        0,
        0,
        0,
        0,
        0,
        0,
        0,
        0,
        0,
        0,
        0,
        0,
        0,
        0,
        0,
        0,
        0,
        0,
        0,
        0,
        0,
        0,
        0,
        0,
        0,
        0,
        0,
        0,
        0,
        0,
        0,
        0,
        0,
        0,
        0,
        0,
        0,
        0,
        0,
        0,
        0,
        0,
        0,
        0,
        0,
        0,
        0,
        0,
        0,
        0,
        0,
        0,
        0,
        0,
        0,
        0,
        0,
        0,
        0,
        0,
        0,
        0,
        0,
        0,
        0,
        0,
        0,
        0,
        0,
        0,
        0,
        0,
        0,
        0,
        0,
        0,
        0,
        0,
        0,
        0
      ]
    }
  ]
}
