{
  "results": [
    {
      "command": "out/20220731101132/contention 4096 1000",
      "mean": 0.19346227728,
      "stddev": 0.003318423853120096,
      "median": 0.19317645912000003,
      "user": 0.028725869999999994,
      "system": 0.3174040600000001,
      "min": 0.18604342062,
      "max": 0.21544410562000002,
      "times": [
        0.19092784562,
        0.19200919762000002,
        0.18898886662000003,
        0.19982037162000002,
        0.20039215362,
        0.21544410562000002,
        0.19661854462000003,
        0.19570122362,
        0.19699960062000002,
        0.19145341962,
        0.19432617662,
        0.19139101962000002,
        0.19032746462000003,
        0.19175446962,
        0.19627666562,
        0.19557937662000002,
        0.19442133062000003,
        0.19285679862000002,
        0.19225105162000003,
        0.19205011662000002,
        0.19257738962,
        0.18845388662,
        0.19350938562000003,
        0.19319027762000002,
        0.19362581062,
        0.19307012262,
        0.19428254762000002,
        0.19325429562000002,
        0.19908145962,
        0.19664736862,
        0.19437128062,
        0.19721265762,
        0.19625511862000003,
        0.19489189062,
        0.19255373962000003,
        0.19227047462000002,
        0.19161667762,
        0.18604342062,
        0.19323820562000002,
        0.19267539562000002,
        0.19407949962,
        0.19159294662,
        0.19013867462,
        0.19357661762000003,
        0.19366516762000002,
        0.19676335462000002,
        0.19748459662,
        0.19361098762,
        0.19472449762000002,
        0.19316264062000002,
        0.19088177862000003,
        0.19186096962000002,
        0.19082831862000002,
        0.18886652762000003,
        0.19560070362,
        0.19440480262,
        0.19470960962000003,
        0.18746204062000002,
        0.19090816562000001,
        0.18991866162,
        0.19303788362000002,
        0.19571564562000002,
        0.19424688762000003,
        0.19323391362,
        0.19550204762,
        0.19252019062,
        0.19292600362,
        0.19337627362,
        0.19135621962000002,
        0.19292774862,
        0.19362434362000003,
        0.19820361962000002,
        0.19465526362000002,
        0.19158694962000003,
        0.19069257462000003,
        0.19263991762000002,
        0.19183745162000002,
        0.19313530362,
        0.19096661862000003,
        0.19510290262000002,
        0.19186798262000002,
        0.19377849362000002,
        0.19300789062,
        0.19132314162000003,
        0.19327807462000002,
        0.19121412562,
        0.19403664062,
        0.19619666562000002,
        0.19590109662000002,
        0.19185818362,
        0.19108586362000002,
        0.19303926162,
        0.19213627362000002,
        0.19025764662000003,
        0.19386792962000002,
        0.19222353062000003,
        0.19395111062,
        0.19391701062000002,
        0.18979636862000002,
        0.19355091162000002
      ],
      "exit_codes": [
        0,
        0,
        0,
        0,
        0,
        0,
        0,
        0,
        0,
        0,
        0,
        0,
        0,
        0,
        0,
        0,
        0,
        0,
        0,
        0,
        0,
        0,
        0,
        0,
        0,
        0,
        0,
        0,
        0,
        0,
        0,
        0,
        0,
        0,
        0,
        0,
        0,
        0,
        0,
        0,
        0,
        0,
        0,
        0,
        0,
        0,
        0,
        0,
        0,
        0,
        0,
        0,
        0,
        0,
        0,
        0,
        0,
        0,
        0,
        0,
        0,
        0,
        0,
        0,
        0,
        0,
        0,
        0,
        0,
        0,
        0,
        0,
        0,
        0,
        0,
        0,
        0,
        0,
        0,
        0,
        0,
        0,
        0,
        0,
        0,
        0,
        0,
        0,
        0,
        0,
        0,
        0,
        0,
        0,
        0,
        0,
        0,
        0,
        0,
        0
      ]
    }
  ]
}
