{
  "results": [
    {
      "command": "out/20220731101132/contention 4 100",
      "mean": 0.0027311693400000002,
      "stddev": 0.0002389358961403505,
      "median": 0.0027125578,
      "user": 0.00111544,
      "system": 0.00098595,
      "min": 0.0022704268000000006,
      "max": 0.0036482418000000007,
      "times": [
        0.0025601518,
        0.0025643518,
        0.0027961348000000003,
        0.0029555188000000006,
        0.0028310118000000003,
        0.0028248768000000003,
        0.0027874998000000004,
        0.0026082808,
        0.0026656428,
        0.0027042978000000003,
        0.0026345658,
        0.0026767358000000002,
        0.0027996018000000004,
        0.0031059238,
        0.0028063468,
        0.0030929378000000003,
        0.0027786148000000003,
        0.0025271418,
        0.0025465888000000005,
        0.0026489518,
        0.0029154978000000002,
        0.0027133458000000005,
        0.0029852288,
        0.0028081788000000004,
        0.0030616178,
        0.0024476158,
        0.0022903408,
        0.0026636968,
        0.0028591298,
        0.0028498988,
        0.0027126188,
        0.0026634938,
        0.0030303808,
        0.0025562128000000003,
        0.0024138367999999998,
        0.0024433788000000002,
        0.0026674768,
        0.0027947368000000006,
        0.0025287698,
        0.0024498598000000003,
        0.0024403108,
        0.0030784718,
        0.0027844378000000006,
        0.0026923228000000003,
        0.0027145358000000004,
        0.0027401968,
        0.0027357978000000006,
        0.0026761298,
        0.0028509718000000006,
        0.0036482418000000007,
        0.0027229698000000003,
        0.0028936388000000003,
        0.0025406408,
        0.0024652858,
        0.0022987018,
        0.0026966948,
        0.0025863318000000006,
        0.0025852698,
        0.0028813958,
        0.0028607288000000006,
        0.0031761118000000004,
        0.0028484998,
        0.0022706708000000005,
        0.0023703788,
        0.0024439548000000006,
        0.0026278898000000003,
        0.0028435598000000006,
        0.0028380918,
        0.0026813858000000004,
        0.0027124968,
        0.0035030108000000007,
        0.0033540548000000002,
        0.0026859298,
        0.0025260618000000003,
        0.0027836118,
        0.0026633738,
        0.0027303558,
        0.0026863528,
        0.0027040018,
        0.0030123338000000006,
        0.0029486528000000002,
        0.0026422948000000006,
        0.0024212858000000003,
        0.0023607598000000003,
        0.0026169338,
        0.0029528188,
        0.0027929058,
        0.0028547278000000003,
        0.0027471068,
        0.0030375788,
        0.0026194118,
        0.0024150318000000005,
        0.0022704268000000006,
        0.0026067778,
        0.0026774028000000004,
        0.0026358148,
        0.0027972628,
        0.0028280078000000003,
        0.0029845228000000006,
        0.0027815158
      ],
      "exit_codes": [
        0,
        0,
        0,
        0,
        0,
        0,
        0,
        0,
        0,
        0,
        0,
        0,
        0,
        0,
        0,
        0,
        0,
        0,
        0,
        0,
        0,
        0,
        0,
        0,
        0,
        0,
        0,
        0,
        0,
        0,
        0,
        0,
        0,
        0,
        0,
        0,
        0,
        0,
        0,
        0,
        0,
        0,
        0,
        0,
        0,
        0,
        0,
        0,
        0,
        0,
        0,
        0,
        0,
        0,
        0,
        0,
        0,
        0,
        0,
        0,
        0,
        0,
        0,
        0,
        0,
        0,
        0,
        0,
        0,
        0,
        0,
        0,
        0,
        0,
        0,
        0,
        0,
        0,
        0,
        0,
        0,
        0,
        0,
        0,
        0,
        0,
        0,
        0,
        0,
        0,
        0,
        0,
        0,
        0,
        0,
        0,
        0,
        0,
        0,
        0
      ]
    }
  ]
}
