{
  "results": [
    {
      "command": "out/20220731101132/contention 4 10",
      "mean": 0.0027672999400000006,
      "stddev": 0.0004092646858543925,
      "median": 0.002720888420000001,
      "user": 0.0010475799999999996,
      "system": 0.0009042299999999996,
      "min": 0.0022387649200000005,
      "max": 0.0060961129200000005,
      "times": [
        0.002711174920000001,
        0.002509286920000001,
        0.0025723169200000005,
        0.0028269539200000008,
        0.0027142189200000007,
        0.0027332269200000007,
        0.0028051059200000002,
        0.0033620549200000004,
        0.0030512729200000005,
        0.0026728929200000003,
        0.0026042839200000004,
        0.002679357920000001,
        0.002442421920000001,
        0.0025321619200000004,
        0.0028443019200000003,
        0.002734147920000001,
        0.0024603929200000003,
        0.002739003920000001,
        0.0028678909200000003,
        0.0028131589200000003,
        0.0024813949200000003,
        0.0028091099200000004,
        0.002797560920000001,
        0.0027366369200000004,
        0.0027193789200000004,
        0.0027438479200000004,
        0.003026807920000001,
        0.0028449479200000002,
        0.0026766939200000006,
        0.0025181419200000004,
        0.0024683529200000007,
        0.002405377920000001,
        0.0025598709200000003,
        0.0027595259200000003,
        0.0027880499200000006,
        0.002679464920000001,
        0.002937442920000001,
        0.0032776169200000004,
        0.002952467920000001,
        0.0027991759200000008,
        0.0028253279200000005,
        0.0024273449200000003,
        0.0022387649200000005,
        0.0023624019200000007,
        0.0026350119200000003,
        0.0033853869200000004,
        0.0027698629200000003,
        0.003306047920000001,
        0.002597000920000001,
        0.0028683969200000003,
        0.0025932219200000004,
        0.0026755139200000007,
        0.002808653920000001,
        0.0028177639200000007,
        0.0029083089200000007,
        0.002764410920000001,
        0.0029308409200000003,
        0.0027363069200000006,
        0.002592332920000001,
        0.0024496629200000007,
        0.0024817869200000004,
        0.0026356589200000006,
        0.002840106920000001,
        0.002595982920000001,
        0.003407832920000001,
        0.0026891169200000007,
        0.0028265239200000007,
        0.002578015920000001,
        0.002511677920000001,
        0.002527925920000001,
        0.002638767920000001,
        0.0028069989200000004,
        0.002721534920000001,
        0.002925503920000001,
        0.0028584709200000008,
        0.002649554920000001,
        0.0029400599200000007,
        0.002598058920000001,
        0.0025794329200000002,
        0.0025339629200000005,
        0.0028210339200000004,
        0.0037436199200000008,
        0.002681603920000001,
        0.0060961129200000005,
        0.0027202419200000006,
        0.002603369920000001,
        0.0027682579200000003,
        0.0025667569200000006,
        0.0026102799200000007,
        0.0024529379200000003,
        0.002550158920000001,
        0.0028016569200000003,
        0.0029625669200000005,
        0.0026446419200000003,
        0.002762274920000001,
        0.0025661789200000003,
        0.0025622469200000005,
        0.0027619349200000004,
        0.00273734592,
        0.0026197379200000002
      ],
      "exit_codes": [
        0,
        0,
        0,
        0,
        0,
        0,
        0,
        0,
        0,
        0,
        0,
        0,
        0,
        0,
        0,
        0,
        0,
        0,
        0,
        0,
        0,
        0,
        0,
        0,
        0,
        0,
        0,
        0,
        0,
        0,
        0,
        0,
        0,
        0,
        0,
        0,
        0,
        0,
        0,
        0,
        0,
        0,
        0,
        0,
        0,
        0,
        0,
        0,
        0,
        0,
        0,
        0,
        0,
        0,
        0,
        0,
        0,
        0,
        0,
        0,
        0,
        0,
        0,
        0,
        0,
        0,
        0,
        0,
        0,
        0,
        0,
        0,
        0,
        0,
        0,
        0,
        0,
        0,
        0,
        0,
        0,
        0,
        0,
        0,
        0,
        0,
        0,
        0,
        0,
        0,
        0,
        0,
        0,
        0,
        0,
        0,
        0,
        0,
        0,
        0
      ]
    }
  ]
}
