{
  "results": [
    {
      "command": "out/20220731101132/contention 4 10000",
      "mean": 0.01213560026,
      "stddev": 0.0013929352247554917,
      "median": 0.012177835380000002,
      "user": 0.010738480000000003,
      "system": 0.016260899999999995,
      "min": 0.007416242380000001,
      "max": 0.016134700380000002,
      "times": [
        0.012467714380000001,
        0.012429034380000002,
        0.012531722380000002,
        0.01287697438,
        0.011276561380000001,
        0.009847593380000002,
        0.012055918380000002,
        0.012033527380000002,
        0.01138727238,
        0.010455437380000002,
        0.012135308380000001,
        0.007416242380000001,
        0.011619295380000002,
        0.01188020738,
        0.01213516438,
        0.011234676380000003,
        0.011626699380000001,
        0.010010712380000002,
        0.011330346380000002,
        0.010946797380000001,
        0.013829809380000002,
        0.01276233538,
        0.010822944380000001,
        0.012883779380000002,
        0.01183123338,
        0.01109771038,
        0.01118642538,
        0.012938191380000002,
        0.011263468380000002,
        0.01281604138,
        0.012597196380000002,
        0.012647086380000002,
        0.012220362380000002,
        0.01158981438,
        0.012706332380000001,
        0.010816001380000002,
        0.01191640038,
        0.01324740538,
        0.010594416380000003,
        0.013726547380000002,
        0.00996119938,
        0.012886302380000002,
        0.00952789138,
        0.012610186380000003,
        0.01010097938,
        0.01230204638,
        0.011238066380000002,
        0.008710812380000002,
        0.01388053338,
        0.011193526380000002,
        0.01264130938,
        0.012110707380000002,
        0.01047459438,
        0.012808071380000001,
        0.013349976380000003,
        0.014297921380000002,
        0.01239409138,
        0.01299073438,
        0.012347842380000001,
        0.01249949338,
        0.012296330380000001,
        0.010894261380000003,
        0.012120002380000001,
        0.011349454380000002,
        0.010822349380000002,
        0.013634806380000003,
        0.013254312380000001,
        0.012951834380000003,
        0.014550167380000003,
        0.015509929380000002,
        0.011692479380000002,
        0.015100713380000002,
        0.014350185380000002,
        0.011831492380000003,
        0.01015513338,
        0.013480673380000002,
        0.012595718380000002,
        0.013941094380000001,
        0.016134700380000002,
        0.012081065380000002,
        0.012780003380000002,
        0.011819002380000002,
        0.01268619738,
        0.01275039738,
        0.013630736380000001,
        0.01247733338,
        0.014326222380000003,
        0.013449642380000001,
        0.00960231638,
        0.011730335380000002,
        0.01047402838,
        0.01170383938,
        0.013153488380000002,
        0.011811601380000002,
        0.01140399038,
        0.01277527938,
        0.010793362380000001,
        0.01302496538,
        0.011934023380000002,
        0.01296956438
      ],
      "exit_codes": [
        0,
        0,
        0,
        0,
        0,
        0,
        0,
        0,
        0,
        0,
        0,
        0,
        0,
        0,
        0,
        0,
        0,
        0,
        0,
        0,
        0,
        0,
        0,
        0,
        0,
        0,
        0,
        0,
        0,
        0,
        0,
        0,
        0,
        0,
        0,
        0,
        0,
        0,
        0,
        0,
        0,
        0,
        0,
        0,
        0,
        0,
        0,
        0,
        0,
        0,
        0,
        0,
        0,
        0,
        0,
        0,
        0,
        0,
        0,
        0,
        0,
        0,
        0,
        0,
        0,
        0,
        0,
        0,
        0,
        0,
        0,
        0,
        0,
        0,
        0,
        0,
        0,
        0,
        0,
        0,
        0,
        0,
        0,
        0,
        0,
        0,
        0,
        0,
        0,
        0,
        0,
        0,
        0,
        0,
        0,
        0,
        0,
        0,
        0,
        0
      ]
    }
  ]
}
