{
  "results": [
    {
      "command": "out/20220731101132/contention 4 1000000",
      "mean": 0.9804082751600002,
      "stddev": 0.016875955339145106,
      "median": 0.9824444749800001,
      "user": 1.0215105399999997,
      "system": 1.62292604,
      "min": 0.94863660898,
      "max": 1.04163825198,
      "times": [
        1.00650919798,
        1.00148361398,
        0.9951976999800001,
        0.99190063598,
        0.9875679699800001,
        1.0071346489800002,
        0.9915594829800001,
        0.9588232359800001,
        0.97009617898,
        0.98246633898,
        1.0003567479800002,
        0.98829414798,
        0.96895463098,
        0.96236683298,
        0.99254165598,
        0.99616843598,
        0.97697861898,
        0.96047647298,
        0.97415775398,
        0.9848854569800001,
        0.98999679998,
        0.97646621798,
        0.9693484599800001,
        0.97217059098,
        0.9770422319800001,
        0.99338939498,
        0.9778132859800001,
        0.9729988899800001,
        0.9616444539800001,
        0.96978322998,
        0.98761183198,
        0.9832980279800001,
        0.9785990519800001,
        0.9673503909800001,
        0.96184429898,
        0.99192215998,
        1.01959182498,
        0.97512221598,
        0.9635447029800001,
        0.95047550898,
        0.9866124809800001,
        0.97303466798,
        0.99010865798,
        0.9625851349800001,
        0.9607125939800001,
        0.9834945059800001,
        0.9813422849800001,
        0.9870676269800001,
        0.9678542949800001,
        0.95109974198,
        1.0243628689800002,
        0.99028202598,
        0.98776880198,
        0.99458517798,
        0.95315252998,
        0.95475563298,
        0.99167510498,
        0.98258862498,
        0.98242261098,
        0.9574929709800001,
        0.95849393398,
        0.97538235998,
        0.99218902598,
        0.9907590229800001,
        0.96498279298,
        0.96815649398,
        0.98297284498,
        0.9848084099800001,
        0.97907800798,
        1.00126351098,
        0.96530478998,
        0.96057958598,
        0.9650136569800001,
        0.98642317298,
        0.9853006739800001,
        0.98719327298,
        0.94863660898,
        0.99384089898,
        1.04163825198,
        0.98135629298,
        0.98786789498,
        0.98560876098,
        0.98382738498,
        0.97077194298,
        0.96383367698,
        0.96969026898,
        0.99618727198,
        0.9936373969800001,
        0.9939671839800001,
        0.96510199198,
        0.9503741829800001,
        0.96978098298,
        0.97196520698,
        0.99219715698,
        0.99579589798,
        0.9546867289800001,
        0.97991503398,
        1.01774002098,
        0.99121759198,
        0.99235565798
      ],
      "exit_codes": [
        0,
        0,
        0,
        0,
        0,
        0,
        0,
        0,
        0,
        0,
        0,
        0,
        0,
        0,
        0,
        0,
        0,
        0,
        0,
        0,
        0,
        0,
        0,
        0,
        0,
        0,
        0,
        0,
        0,
        0,
        0,
        0,
        0,
        0,
        0,
        0,
        0,
        0,
        0,
        0,
        0,
        0,
        0,
        0,
        0,
        0,
        0,
        0,
        0,
        0,
        0,
        0,
        0,
        0,
        0,
        0,
        0,
        0,
        0,
        0,
        0,
        0,
        0,
        0,
        0,
        0,
        0,
        0,
        0,
        0,
        0,
        0,
        0,
        0,
        0,
        0,
        0,
        0,
        0,
        0,
        0,
        0,
        0,
        0,
        0,
        0,
        0,
        0,
        0,
        0,
        0,
        0,
        0,
        0,
        0,
        0,
        0,
        0,
        0,
        0
      ]
    }
  ]
}
