{
  "results": [
    {
      "command": "out/20220731101132/contention 4 1",
      "mean": 0.0027073713799999994,
      "stddev": 0.0001932026505181353,
      "median": 0.0026804987399999996,
      "user": 0.0009519299999999992,
      "system": 0.0008411300000000003,
      "min": 0.002386418239999999,
      "max": 0.0035525182399999996,
      "times": [
        0.0025395782399999993,
        0.002936464239999999,
        0.0027665852399999997,
        0.0028057862399999997,
        0.0026049652399999994,
        0.0025093542399999996,
        0.002532494239999999,
        0.0026338622399999993,
        0.0026370242399999994,
        0.0027216832399999994,
        0.002985394239999999,
        0.002828244239999999,
        0.0027508652399999994,
        0.0026795932399999996,
        0.002513219239999999,
        0.0025843952399999992,
        0.0026002122399999997,
        0.0029061132399999996,
        0.0035525182399999996,
        0.0026274102399999996,
        0.002839860239999999,
        0.0027066002399999995,
        0.0028223942399999992,
        0.0027331502399999996,
        0.0025389052399999996,
        0.002579498239999999,
        0.002696359239999999,
        0.002634019239999999,
        0.0024537222399999997,
        0.0029186812399999997,
        0.0031341972399999995,
        0.002788290239999999,
        0.002949911239999999,
        0.0026925822399999993,
        0.0026363802399999993,
        0.002488882239999999,
        0.0024858472399999997,
        0.0026392292399999994,
        0.002772316239999999,
        0.0027674442399999995,
        0.0026934482399999997,
        0.0033679282399999995,
        0.0025367862399999996,
        0.0024602172399999993,
        0.0025401972399999996,
        0.0027140242399999993,
        0.002703170239999999,
        0.002807343239999999,
        0.0031028512399999997,
        0.0028018892399999996,
        0.0026005292399999993,
        0.0027874282399999993,
        0.0025378292399999996,
        0.0025603842399999992,
        0.0025566732399999992,
        0.002720423239999999,
        0.0025270852399999996,
        0.002436661239999999,
        0.002840353239999999,
        0.0029858932399999994,
        0.0027875412399999996,
        0.002555065239999999,
        0.002530156239999999,
        0.0025741482399999995,
        0.002386418239999999,
        0.0024809122399999995,
        0.002705612239999999,
        0.0028551972399999998,
        0.0028789682399999995,
        0.0027122622399999995,
        0.0027361962399999992,
        0.002603715239999999,
        0.0025045112399999995,
        0.002674965239999999,
        0.0027706342399999996,
        0.0027255652399999996,
        0.002762994239999999,
        0.003024480239999999,
        0.0026539672399999996,
        0.0026358612399999992,
        0.0026588232399999997,
        0.0024981372399999996,
        0.0025031992399999997,
        0.0028677772399999996,
        0.0027168312399999998,
        0.0025595362399999998,
        0.0026303432399999997,
        0.0032034942399999998,
        0.0026764642399999994,
        0.0026149192399999997,
        0.002597634239999999,
        0.0026706822399999992,
        0.0024534722399999994,
        0.0026814042399999996,
        0.0028401002399999994,
        0.002619312239999999,
        0.0028736162399999993,
        0.0028049342399999997,
        0.002826458239999999,
        0.0026056772399999993
      ],
      "exit_codes": [
        0,
        0,
        0,
        0,
        0,
        0,
        0,
        0,
        0,
        0,
        0,
        0,
        0,
        0,
        0,
        0,
        0,
        0,
        0,
        0,
        0,
        0,
        0,
        0,
        0,
        0,
        0,
        0,
        0,
        0,
        0,
        0,
        0,
        0,
        0,
        0,
        0,
        0,
        0,
        0,
        0,
        0,
        0,
        0,
        0,
        0,
        0,
        0,
        0,
        0,
        0,
        0,
        0,
        0,
        0,
        0,
        0,
        0,
        0,
        0,
        0,
        0,
        0,
        0,
        0,
        0,
        0,
        0,
        0,
        0,
        0,
        0,
        0,
        0,
        0,
        0,
        0,
        0,
        0,
        0,
        0,
        0,
        0,
        0,
        0,
        0,
        0,
        0,
        0,
        0,
        0,
        0,
        0,
        0,
        0,
        0,
        0,
        0,
        0,
        0
      ]
    }
  ]
}
