{
  "results": [
    {
      "command": "out/20220731101132/contention 4 100000",
      "mean": 0.10052982729999997,
      "stddev": 0.007608064131574247,
      "median": 0.10036558972000001,
      "user": 0.10293395000000002,
      "system": 0.16358464,
      "min": 0.08122295322,
      "max": 0.15923480722000002,
      "times": [
        0.09722929522000001,
        0.09902391722000001,
        0.09920952522000001,
        0.09605347122,
        0.10483524622000001,
        0.08122295322,
        0.09643204222000001,
        0.10488039122000001,
        0.09398926922,
        0.09278052122000001,
        0.09839156522,
        0.10780354922000002,
        0.09503102922000001,
        0.09671424422000001,
        0.09903099922000001,
        0.09656236622000001,
        0.10028316422000001,
        0.09801816222000001,
        0.09217516122000001,
        0.09161213722000001,
        0.09131681422000001,
        0.11084749622000001,
        0.09646665022,
        0.09596912522,
        0.10505463522000001,
        0.10044801522,
        0.10051060822,
        0.09342186222000001,
        0.10517065822,
        0.09687773022000001,
        0.09314771722000001,
        0.09519438122000001,
        0.10050854022000001,
        0.15923480722000002,
        0.11252702822,
        0.10193333422,
        0.09666244422,
        0.09010663722000001,
        0.09506604122000001,
        0.09758097822,
        0.09925334622000001,
        0.09748052822000002,
        0.10070436622000001,
        0.10638682222000001,
        0.10206412322000001,
        0.11155533722000001,
        0.10519213122000001,
        0.09733965922000001,
        0.10049766222,
        0.10654624022,
        0.10227462322000001,
        0.10074025622,
        0.09481140922,
        0.10170277822000001,
        0.10479619822000001,
        0.09958336822000001,
        0.10423504722000002,
        0.09721488122000001,
        0.09537599622000001,
        0.10240895822000001,
        0.09972114422000002,
        0.09588831022000001,
        0.10126490322000001,
        0.10348171922,
        0.10189712422000001,
        0.10296838122000002,
        0.10413480822000001,
        0.10338180922000001,
        0.09755063722000001,
        0.10444788422000001,
        0.10300462222000001,
        0.09635479322000001,
        0.10081330222000001,
        0.09914633022000001,
        0.10356137922000001,
        0.10272859222000001,
        0.10250319122000001,
        0.10596406622000001,
        0.10175205522000001,
        0.10169004022000001,
        0.09656736922,
        0.09631485622000001,
        0.10436373222,
        0.10006959922000001,
        0.10202553522,
        0.09822312222000001,
        0.09401132422000001,
        0.09742342922000001,
        0.10581578722000001,
        0.10191965922000001,
        0.09697322322000002,
        0.10569923522,
        0.10166078422000001,
        0.09986493522,
        0.10178993422000002,
        0.10102666222000001,
        0.10443666722000002,
        0.10016855122000001,
        0.10379452122,
        0.09909046122000001
      ],
      "exit_codes": [
        0,
        0,
        0,
        0,
        0,
        0,
        0,
        0,
        0,
        0,
        0,
        0,
        0,
        0,
        0,
        0,
        0,
        0,
        0,
        0,
        0,
        0,
        0,
        0,
        0,
        0,
        0,
        0,
        0,
        0,
        0,
        0,
        0,
        0,
        0,
        0,
        0,
        0,
        0,
        0,
        0,
        0,
        0,
        0,
        0,
        0,
        0,
        0,
        0,
        0,
        0,
        0,
        0,
        0,
        0,
        0,
        0,
        0,
        0,
        0,
        0,
        0,
        0,
        0,
        0,
        0,
        0,
        0,
        0,
        0,
        0,
        0,
        0,
        0,
        0,
        0,
        0,
        0,
        0,
        0,
        0,
        0,
        0,
        0,
        0,
        0,
        0,
        0,
        0,
        0,
        0,
        0,
        0,
        0,
        0,
        0,
        0,
        0,
        0,
        0
      ]
    }
  ]
}
