{
  "results": [
    {
      "command": "out/20220731101132/contention 512 1000000",
      "mean": 1.0819128000999996,
      "stddev": 0.29760813590985347,
      "median": 1.22234451878,
      "user": 1.7131144399999996,
      "system": 6.68732662,
      "min": 0.28143676078,
      "max": 1.28621702278,
      "times": [
        0.32213394278000007,
        1.2505026497799998,
        1.22847274578,
        1.2349082007799999,
        1.21820583778,
        1.2181920127799999,
        1.26108096578,
        1.26232085078,
        1.23156020678,
        1.21498745978,
        1.2406125667799999,
        0.9011998777800001,
        1.13333289378,
        1.1990833807799999,
        1.27635252178,
        1.2172406167799998,
        1.2222534267799998,
        1.22235254878,
        1.24793960178,
        1.2244346417799998,
        0.31169439578,
        1.21374712478,
        1.2334328097799998,
        1.2498329817799998,
        1.2291234897799999,
        1.22233648878,
        0.44992154378000004,
        1.27920680978,
        0.6177686817800001,
        1.22838080378,
        1.22916088978,
        1.24164128378,
        1.2189836457799998,
        0.37884661278000004,
        1.21482915578,
        0.9536216607800001,
        1.22627214378,
        1.22707667478,
        1.28621702278,
        1.24105102478,
        1.21459637778,
        0.44985529778000005,
        1.2623239207799999,
        1.21613098878,
        0.5459216277800001,
        1.1857884697799999,
        0.53426763878,
        1.22341254978,
        0.38465021178000003,
        1.22497323678,
        1.2442653017799998,
        1.20092165578,
        1.22397642678,
        1.1225524977799999,
        1.24629938778,
        1.22390980378,
        0.32569288678,
        1.24011107078,
        1.28053185978,
        1.26943055478,
        1.22542399078,
        1.21371893278,
        1.22698944378,
        1.2561152037799999,
        1.27633165578,
        1.27661593478,
        0.28143676078,
        1.24672620078,
        1.20533932778,
        1.22803683978,
        1.27333136678,
        0.90503798678,
        0.44907794478000007,
        1.22216447978,
        1.0267588157799998,
        1.2362774807799999,
        1.14848740178,
        1.2165971597799998,
        1.17333439578,
        0.46176232978000004,
        1.26143699878,
        1.21339402778,
        1.23622207078,
        1.19952926378,
        0.7054035327800001,
        1.2185508057799999,
        0.33950702978,
        1.23426520378,
        1.2206986037799998,
        0.79831607278,
        1.23024051278,
        0.7073611027800001,
        1.23543964378,
        1.2366109887799999,
        1.27601620778,
        1.1577267917799998,
        1.22808729278,
        1.11399797478,
        1.2679573597799998,
        0.5610309127800001
      ],
      "exit_codes": [
        0,
        0,
        0,
        0,
        0,
        0,
        0,
        0,
        0,
        0,
        0,
        0,
        0,
        0,
        0,
        0,
        0,
        0,
        0,
        0,
        0,
        0,
        0,
        0,
        0,
        0,
        0,
        0,
        0,
        0,
        0,
        0,
        0,
        0,
        0,
        0,
        0,
        0,
        0,
        0,
        0,
        0,
        0,
        0,
        0,
        0,
        0,
        0,
        0,
        0,
        0,
        0,
        0,
        0,
        0,
        0,
        0,
        0,
        0,
        0,
        0,
        0,
        0,
        0,
        0,
        0,
        0,
        0,
        0,
        0,
        0,
        0,
        0,
        0,
        0,
        0,
        0,
        0,
        0,
        0,
        0,
        0,
        0,
        0,
        0,
        0,
        0,
        0,
        0,
        0,
        0,
        0,
        0,
        0,
        0,
        0,
        0,
        0,
        0,
        0
      ]
    }
  ]
}
