{
  "results": [
    {
      "command": "out/20220731101132/contention 512 1000",
      "mean": 0.012018248800000002,
      "stddev": 0.0004199795947535378,
      "median": 0.01193040356,
      "user": 0.005492879999999998,
      "system": 0.015547879999999998,
      "min": 0.01140422406,
      "max": 0.01354467306,
      "times": [
        0.01160622106,
        0.01181714706,
        0.011652566060000001,
        0.01225804606,
        0.01186556706,
        0.01184096406,
        0.01206193506,
        0.011613848060000001,
        0.01171526606,
        0.01209739106,
        0.01195821306,
        0.01170184506,
        0.01204197506,
        0.01244966406,
        0.012196219060000001,
        0.012027303060000001,
        0.01184305806,
        0.011674677060000001,
        0.01192792306,
        0.01194589406,
        0.01173175406,
        0.011933876060000001,
        0.01233099606,
        0.01187092806,
        0.01194844906,
        0.01180650206,
        0.011925406060000001,
        0.01169101606,
        0.01176716806,
        0.012108002060000001,
        0.01256813906,
        0.01180799306,
        0.011932884060000001,
        0.01174234606,
        0.011837384060000001,
        0.01187692006,
        0.01214926406,
        0.01144470606,
        0.01153979406,
        0.01221034906,
        0.01199622606,
        0.011834101060000001,
        0.01165309606,
        0.011534355060000001,
        0.01211821406,
        0.01200403606,
        0.01210267406,
        0.01167016706,
        0.01197744706,
        0.01179504206,
        0.01187253506,
        0.01160046706,
        0.01211205406,
        0.01211281906,
        0.01233468706,
        0.01140422406,
        0.01223121806,
        0.01209209906,
        0.01175703506,
        0.01212594906,
        0.011747786060000001,
        0.01175556006,
        0.01200298306,
        0.01276207106,
        0.01287678806,
        0.01174676006,
        0.01171604806,
        0.01172524906,
        0.01193835306,
        0.011691149060000001,
        0.01182352306,
        0.01236480606,
        0.01177969006,
        0.01153917106,
        0.01200595406,
        0.01188018606,
        0.01196991406,
        0.01157511906,
        0.01212843806,
        0.01175768306,
        0.01207723306,
        0.01169384606,
        0.01183409406,
        0.01212577106,
        0.01292422406,
        0.01231531606,
        0.013422748060000001,
        0.01226622606,
        0.01354467306,
        0.012948784060000001,
        0.01143822306,
        0.01157907406,
        0.01231078906,
        0.01208859806,
        0.01267205806,
        0.01187204206,
        0.01288436806,
        0.01307967506,
        0.013244641060000001,
        0.01186721706
      ],
      "exit_codes": [
        0,
        0,
        0,
        0,
        0,
        0,
        0,
        0,
        0,
        0,
        0,
        0,
        0,
        0,
        0,
        0,
        0,
        0,
        0,
        0,
        0,
        0,
        0,
        0,
        0,
        0,
        0,
        0,
        0,
        0,
        0,
        0,
        0,
        0,
        0,
        0,
        0,
        0,
        0,
        0,
        0,
        0,
        0,
        0,
        0,
        0,
        0,
        0,
        0,
        0,
        0,
        0,
        0,
        0,
        0,
        0,
        0,
        0,
        0,
        0,
        0,
        0,
        0,
        0,
        0,
        0,
        0,
        0,
        0,
        0,
        0,
        0,
        0,
        0,
        0,
        0,
        0,
        0,
        0,
        0,
        0,
        0,
        0,
        0,
        0,
        0,
        0,
        0,
        0,
        0,
        0,
        0,
        0,
        0,
        0,
        0,
        0,
        0,
        0,
        0
      ]
    }
  ]
}
