{
  "results": [
    {
      "command": "out/20220731101132/contention 512 100000",
      "mean": 0.052165700070000015,
      "stddev": 0.012645383936583272,
      "median": 0.049542077680000005,
      "user": 0.13528389,
      "system": 0.22868529999999992,
      "min": 0.04050685918,
      "max": 0.11843516418000001,
      "times": [
        0.046890730180000006,
        0.047127377180000006,
        0.044082792180000004,
        0.04425091418,
        0.05628319718,
        0.04868317518,
        0.050095428180000005,
        0.049092106180000004,
        0.05103370218,
        0.045447192180000005,
        0.04655458918,
        0.04494733218,
        0.06642209618,
        0.04050685918,
        0.05007936718,
        0.049788663180000005,
        0.043639833180000004,
        0.06611269218,
        0.044298805180000005,
        0.043724333180000005,
        0.044158550180000006,
        0.047208428180000005,
        0.043953546180000004,
        0.050716319180000004,
        0.05154469518,
        0.045777809180000004,
        0.045840464180000005,
        0.05432870218,
        0.05132911618,
        0.08769169718,
        0.05232759018,
        0.04725587918,
        0.05174244118,
        0.06529426118000001,
        0.05013728118000001,
        0.04943282518,
        0.05249344618,
        0.044185245180000006,
        0.05158177718,
        0.057167563180000006,
        0.04703444318,
        0.054291911180000006,
        0.04523082718,
        0.04892084018,
        0.04512428318,
        0.04413614518,
        0.04762056918,
        0.05630817518,
        0.045908949180000005,
        0.049123201180000006,
        0.045002387180000006,
        0.05198952418,
        0.04575942418,
        0.05048691618,
        0.05422553118,
        0.05059891718,
        0.050947833180000006,
        0.04984937918,
        0.05058768818000001,
        0.049608215180000005,
        0.05215186218,
        0.054732317180000004,
        0.050067492180000006,
        0.05548566818,
        0.04908412418,
        0.046901898180000005,
        0.09827131918000001,
        0.053631304180000006,
        0.05416437518,
        0.052221538180000006,
        0.04733243418,
        0.049475940180000004,
        0.046236442180000004,
        0.050217120180000005,
        0.04629673018,
        0.05136757318,
        0.055413529180000004,
        0.10965957518000001,
        0.05272179518,
        0.047791338180000004,
        0.04727292218,
        0.04743487918,
        0.05417712318,
        0.09630534618,
        0.053718997180000005,
        0.05276040718,
        0.046956291180000005,
        0.04636078518,
        0.042990336180000005,
        0.04992221218,
        0.048017487180000006,
        0.04632205918,
        0.11843516418000001,
        0.047857168180000006,
        0.04596653918,
        0.04408438018,
        0.04943699918,
        0.049639579180000004,
        0.05829818918,
        0.04140478118
      ],
      "exit_codes": [
        0,
        0,
        0,
        0,
        0,
        0,
        0,
        0,
        0,
        0,
        0,
        0,
        0,
        0,
        0,
        0,
        0,
        0,
        0,
        0,
        0,
        0,
        0,
        0,
        0,
        0,
        0,
        0,
        0,
        0,
        0,
        0,
        0,
        0,
        0,
        0,
        0,
        0,
        0,
        0,
        0,
        0,
        0,
        0,
        0,
        0,
        0,
        0,
        0,
        0,
        0,
        0,
        0,
        0,
        0,
        0,
        0,
        0,
        0,
        0,
        0,
        0,
        0,
        0,
        0,
        0,
        0,
        0,
        0,
        0,
        0,
        0,
        0,
        0,
        0,
        0,
        0,
        0,
        0,
        0,
        0,
        0,
        0,
        0,
        0,
        0,
        0,
        0,
        0,
        0,
        0,
        0,
        0,
        0,
        0,
        0,
        0,
        0,
        0,
        0
      ]
    }
  ]
}
