{
  "results": [
    {
      "command": "out/20220731101132/contention 512 10",
      "mean": 0.012249249230000004,
      "stddev": 0.0005578844840252708,
      "median": 0.0121009999,
      "user": 0.0046346600000000005,
      "system": 0.01524841,
      "min": 0.0114710304,
      "max": 0.013952296400000001,
      "times": [
        0.012078565400000001,
        0.011800057400000001,
        0.0117077134,
        0.012025419400000001,
        0.012114182400000001,
        0.011699317400000001,
        0.0117214714,
        0.0119307084,
        0.0120793884,
        0.0115455574,
        0.0116348084,
        0.0118328024,
        0.012271504400000001,
        0.0118591774,
        0.0119847684,
        0.0120095194,
        0.012503144400000001,
        0.0121863804,
        0.0124393594,
        0.012611108400000001,
        0.0129461964,
        0.012482539400000001,
        0.012244551400000001,
        0.0121486174,
        0.0122821204,
        0.012930306400000001,
        0.0125408754,
        0.0126186644,
        0.013224309400000002,
        0.0129190264,
        0.0124163124,
        0.013053295400000001,
        0.012358194400000001,
        0.012367630400000001,
        0.0126218344,
        0.0130379384,
        0.0128029054,
        0.012588196400000001,
        0.0127358044,
        0.0126353394,
        0.0135892494,
        0.013396595399999999,
        0.0129231754,
        0.012747409400000001,
        0.0129110604,
        0.012562381400000001,
        0.0130412554,
        0.0125967614,
        0.013887059400000002,
        0.013152674400000001,
        0.013952296400000001,
        0.013378522400000002,
        0.012705046400000001,
        0.0126772814,
        0.0130286544,
        0.0119291954,
        0.0119488454,
        0.011651555400000001,
        0.011709098400000001,
        0.0116408864,
        0.0116336474,
        0.0121075804,
        0.0119207854,
        0.0119192554,
        0.0119662584,
        0.0120084544,
        0.0114747044,
        0.0123735744,
        0.0119721644,
        0.0117164494,
        0.011834735400000001,
        0.0120944194,
        0.0123293514,
        0.013002472400000001,
        0.0124034424,
        0.0121402294,
        0.0118121174,
        0.0114710304,
        0.0119409114,
        0.0114889764,
        0.012134616400000001,
        0.011735283400000001,
        0.0122212354,
        0.011602910400000001,
        0.0115155814,
        0.0120459494,
        0.011999577400000001,
        0.0117498644,
        0.0119827764,
        0.0118506774,
        0.0117629024,
        0.0118685234,
        0.0117688064,
        0.0116622054,
        0.0117084474,
        0.012038588400000001,
        0.011528786400000001,
        0.0117996494,
        0.012125216400000001,
        0.0117941494
      ],
      "exit_codes": [
        0,
        0,
        0,
        0,
        0,
        0,
        0,
        0,
        0,
        0,
        0,
        0,
        0,
        0,
        0,
        0,
        0,
        0,
        0,
        0,
        0,
        0,
        0,
        0,
        0,
        0,
        0,
        0,
        0,
        0,
        0,
        0,
        0,
        0,
        0,
        0,
        0,
        0,
        0,
        0,
        0,
        0,
        0,
        0,
        0,
        0,
        0,
        0,
        0,
        0,
        0,
        0,
        0,
        0,
        0,
        0,
        0,
        0,
        0,
        0,
        0,
        0,
        0,
        0,
        0,
        0,
        0,
        0,
        0,
        0,
        0,
        0,
        0,
        0,
        0,
        0,
        0,
        0,
        0,
        0,
        0,
        0,
        0,
        0,
        0,
        0,
        0,
        0,
        0,
        0,
        0,
        0,
        0,
        0,
        0,
        0,
        0,
        0,
        0,
        0
      ]
    }
  ]
}
