{
  "results": [
    {
      "command": "out/20220731101132/contention 512 10000",
      "mean": 0.01653291584,
      "stddev": 0.0005062406280895274,
      "median": 0.01662533018,
      "user": 0.021805719999999987,
      "system": 0.06944621999999999,
      "min": 0.015272261680000003,
      "max": 0.017744049680000002,
      "times": [
        0.016326062680000003,
        0.01601439568,
        0.01614361668,
        0.01640716068,
        0.01680524468,
        0.01605732568,
        0.015953414680000003,
        0.016294424680000003,
        0.01626017368,
        0.01584812668,
        0.016795702680000003,
        0.01665927768,
        0.015633704680000002,
        0.01633000268,
        0.01571299568,
        0.015548486680000001,
        0.015853771680000003,
        0.016265936680000002,
        0.01574495868,
        0.016339495680000003,
        0.015681920680000003,
        0.01571355568,
        0.016137416680000002,
        0.016536818680000002,
        0.01625245868,
        0.015272261680000003,
        0.016007802680000002,
        0.01607392368,
        0.01624446568,
        0.016596597680000002,
        0.016628486680000002,
        0.015934651680000002,
        0.01616508968,
        0.016461103680000002,
        0.01606757768,
        0.01563803068,
        0.016146082680000003,
        0.01608463368,
        0.01644015168,
        0.016424018680000003,
        0.016877792680000003,
        0.01665142768,
        0.01644361068,
        0.016864912680000003,
        0.016686976680000003,
        0.01679945068,
        0.016962019680000003,
        0.01657028668,
        0.01737401968,
        0.017320726680000002,
        0.016288162680000003,
        0.01714761968,
        0.01666433168,
        0.01658025868,
        0.01676246668,
        0.015320150680000002,
        0.01638357068,
        0.016869093680000002,
        0.016927422680000002,
        0.016444479680000002,
        0.016914032680000003,
        0.01684780668,
        0.01663927168,
        0.01657231568,
        0.01703350568,
        0.015938057680000003,
        0.01737030468,
        0.01679680768,
        0.016655318680000003,
        0.016820051680000003,
        0.01663772468,
        0.017223078680000004,
        0.01694275068,
        0.016883856680000003,
        0.017744049680000002,
        0.016754454680000003,
        0.016916510680000003,
        0.016729612680000002,
        0.01662217368,
        0.01672647868,
        0.016671750680000003,
        0.016438157680000003,
        0.016902379680000003,
        0.01670369868,
        0.017150151680000003,
        0.01672523068,
        0.01655094868,
        0.01685158868,
        0.01566952568,
        0.01698313468,
        0.016715478680000003,
        0.01732562068,
        0.016664416680000002,
        0.016773067680000003,
        0.01642915668,
        0.017148931680000003,
        0.01707603468,
        0.01771678968,
        0.01700869568,
        0.01757855368
      ],
      "exit_codes": [
        0,
        0,
        0,
        0,
        0,
        0,
        0,
        0,
        0,
        0,
        0,
        0,
        0,
        0,
        0,
        0,
        0,
        0,
        0,
        0,
        0,
        0,
        0,
        0,
        0,
        0,
        0,
        0,
        0,
        0,
        0,
        0,
        0,
        0,
        0,
        0,
        0,
        0,
        0,
        0,
        0,
        0,
        0,
        0,
        0,
        0,
        0,
        0,
        0,
        0,
        0,
        0,
        0,
        0,
        0,
        0,
        0,
        0,
        0,
        0,
        0,
        0,
        0,
        0,
        0,
        0,
        0,
        0,
        0,
        0,
        0,
        0,
        0,
        0,
        0,
        0,
        0,
        0,
        0,
        0,
        0,
        0,
        0,
        0,
        0,
        0,
        0,
        0,
        0,
        0,
        0,
        0,
        0,
        0,
        0,
        0,
        0,
        0,
        0,
        0
      ]
    }
  ]
}
