{
  "results": [
    {
      "command": "out/20220731101132/contention 512 1",
      "mean": 0.012150067750000002,
      "stddev": 0.0005654607452743608,
      "median": 0.012148559620000002,
      "user": 0.004559569999999998,
      "system": 0.01476347,
      "min": 0.01114269212,
      "max": 0.014256641120000002,
      "times": [
        0.012428298120000002,
        0.01202785712,
        0.012403140120000001,
        0.012192033120000001,
        0.012357905120000002,
        0.012026853120000002,
        0.012420972120000002,
        0.012380609120000002,
        0.012298102120000001,
        0.01286433812,
        0.01257218212,
        0.012307959120000002,
        0.012352478120000001,
        0.01248883312,
        0.01179073312,
        0.012422037120000002,
        0.01341809312,
        0.012032756120000002,
        0.012136393120000002,
        0.01259582212,
        0.012518239120000002,
        0.01219980812,
        0.012176475120000002,
        0.012371121120000002,
        0.011934784120000002,
        0.01197563612,
        0.012346488120000002,
        0.01236396512,
        0.013170681120000001,
        0.012557669120000002,
        0.012470498120000001,
        0.012294022120000001,
        0.012005564120000001,
        0.012303553120000001,
        0.012507506120000001,
        0.011996652120000001,
        0.01211797212,
        0.011875560120000002,
        0.012042509120000001,
        0.012279702120000001,
        0.012422379120000002,
        0.011996849120000002,
        0.012553236120000002,
        0.01239374812,
        0.012053385120000001,
        0.012147642120000001,
        0.012378764120000002,
        0.012192503120000002,
        0.012792762120000002,
        0.013276011120000002,
        0.011745566120000002,
        0.011744239120000001,
        0.011754890120000002,
        0.011661627120000002,
        0.011691587120000001,
        0.011847191120000001,
        0.012742590120000001,
        0.012651446120000001,
        0.013297316120000001,
        0.013322282120000003,
        0.011519946120000001,
        0.01171794412,
        0.01306576012,
        0.012257630120000002,
        0.012262563120000002,
        0.012862817120000002,
        0.014256641120000002,
        0.012900226120000002,
        0.01191254612,
        0.011840625120000002,
        0.01178339012,
        0.012241929120000002,
        0.01184007312,
        0.011753542120000002,
        0.013231433120000002,
        0.012149477120000002,
        0.011906563120000001,
        0.01130315412,
        0.011330036120000001,
        0.011761923120000002,
        0.011253034120000002,
        0.011475318120000001,
        0.012208893120000001,
        0.012809968120000001,
        0.011443089120000001,
        0.011151766120000002,
        0.012061837120000002,
        0.011535418120000002,
        0.011511510120000002,
        0.011896410120000001,
        0.01157414112,
        0.01114269212,
        0.011312403120000002,
        0.011442041120000001,
        0.011413170120000002,
        0.01138895112,
        0.01150112512,
        0.011343170120000001,
        0.011644687120000002,
        0.01130711212
      ],
      "exit_codes": [
        0,
        0,
        0,
        0,
        0,
        0,
        0,
        0,
        0,
        0,
        0,
        0,
        0,
        0,
        0,
        0,
        0,
        0,
        0,
        0,
        0,
        0,
        0,
        0,
        0,
        0,
        0,
        0,
        0,
        0,
        0,
        0,
        0,
        0,
        0,
        0,
        0,
        0,
        0,
        0,
        0,
        0,
        0,
        0,
        0,
        0,
        0,
        0,
        0,
        0,
        0,
        0,
        0,
        0,
        0,
        0,
        0,
        0,
        0,
        0,
        0,
        0,
        0,
        0,
        0,
        0,
        0,
        0,
        0,
        0,
        0,
        0,
        0,
        0,
        0,
        0,
        0,
        0,
        0,
        0,
        0,
        0,
        0,
        0,
        0,
        0,
        0,
        0,
        0,
        0,
        0,
        0,
        0,
        0,
        0,
        0,
        0,
        0,
        0,
        0
      ]
    }
  ]
}
