{
  "results": [
    {
      "command": "out/20220731101132/contention 64 10000",
      "mean": 0.014580960320000001,
      "stddev": 0.0007427784236471523,
      "median": 0.014530046960000001,
      "user": 0.018701660000000005,
      "system": 0.07137812999999997,
      "min": 0.010862417959999999,
      "max": 0.016408360960000003,
      "times": [
        0.014226702959999999,
        0.01416321296,
        0.013723049959999999,
        0.014022257960000001,
        0.013852889960000002,
        0.01413266796,
        0.01434140396,
        0.01375965796,
        0.013547084959999999,
        0.014331150959999999,
        0.014155879960000001,
        0.01387060996,
        0.01438901996,
        0.013801330959999998,
        0.013147530959999999,
        0.01451568296,
        0.01478149596,
        0.01408773296,
        0.013666305960000001,
        0.01453977396,
        0.01470105396,
        0.01385002596,
        0.01384429796,
        0.014252357960000002,
        0.01444295996,
        0.01439707496,
        0.014915145959999999,
        0.01386731496,
        0.01392875996,
        0.01457937496,
        0.014247281959999998,
        0.014657138960000001,
        0.01448451896,
        0.01408387696,
        0.01405058396,
        0.014404790959999999,
        0.014121258959999999,
        0.01449301496,
        0.015173873959999999,
        0.01485901796,
        0.014893104959999999,
        0.01463378896,
        0.01475414196,
        0.014718756960000001,
        0.014421145960000001,
        0.01439881796,
        0.01345968096,
        0.01418927996,
        0.01367659096,
        0.014500024960000002,
        0.014303131960000002,
        0.013778954960000001,
        0.014747791960000001,
        0.014396227959999999,
        0.01406659996,
        0.01401303996,
        0.01469919496,
        0.01451527396,
        0.014982275960000001,
        0.014381174960000001,
        0.01361020196,
        0.015159136960000002,
        0.01586699796,
        0.010862417959999999,
        0.01481823696,
        0.01541962696,
        0.01494178696,
        0.01503833296,
        0.01463650896,
        0.014367119959999999,
        0.015439656960000001,
        0.015044681959999999,
        0.01528943196,
        0.01592680096,
        0.015597184960000001,
        0.015765826960000003,
        0.01525425296,
        0.01485821396,
        0.014792914959999999,
        0.014887609960000001,
        0.01608645196,
        0.015459559959999999,
        0.01552839396,
        0.016408360960000003,
        0.01585484296,
        0.014815227960000002,
        0.015107622959999999,
        0.01529231296,
        0.015082403959999999,
        0.01503902396,
        0.015135070959999998,
        0.01530995996,
        0.01510605196,
        0.015794718960000002,
        0.014562083960000001,
        0.01399651996,
        0.01514073796,
        0.01537808796,
        0.01496316796,
        0.014520319960000002
      ],
      "exit_codes": [
        0,
        0,
        0,
        0,
        0,
        0,
        0,
        0,
        0,
        0,
        0,
        0,
        0,
        0,
        0,
        0,
        0,
        0,
        0,
        0,
        0,
        0,
        0,
        0,
        0,
        0,
        0,
        0,
        0,
        0,
        0,
        0,
        0,
        0,
        0,
        0,
        0,
        0,
        0,
        0,
        0,
        0,
        0,
        0,
        0,
        0,
        0,
        0,
        0,
        0,
        0,
        0,
        0,
        0,
        0,
        0,
        0,
        0,
        0,
        0,
        0,
        0,
        0,
        0,
        0,
        0,
        0,
        0,
        0,
        0,
        0,
        0,
        0,
        0,
        0,
        0,
        0,
        0,
        0,
        0,
        0,
        0,
        0,
        0,
        0,
        0,
        0,
        0,
        0,
        0,
        0,
        0,
        0,
        0,
        0,
        0,
        0,
        0,
        0,
        0
      ]
    }
  ]
}
