{
  "results": [
    {
      "command": "out/20220731101132/contention 64 1000",
      "mean": 0.004235642340000002,
      "stddev": 0.00021672634999147256,
      "median": 0.0042193892399999995,
      "user": 0.0033721000000000024,
      "system": 0.008218759999999999,
      "min": 0.00351889174,
      "max": 0.00488874474,
      "times": [
        0.00408507574,
        0.00423647874,
        0.00431135174,
        0.00446003474,
        0.00422758274,
        0.00408536274,
        0.00430288374,
        0.00415607974,
        0.00402196974,
        0.00437573274,
        0.0045303867400000005,
        0.00422372074,
        0.00412739774,
        0.00414729074,
        0.00407970874,
        0.00417928374,
        0.00453180674,
        0.00446625574,
        0.00421860674,
        0.00404974474,
        0.00413336674,
        0.00412407574,
        0.00441419174,
        0.00416925874,
        0.00448376974,
        0.00436255574,
        0.00419427974,
        0.00409276174,
        0.00391253474,
        0.00421689574,
        0.00412458674,
        0.00448176174,
        0.00440229674,
        0.00440406374,
        0.00429255574,
        0.00401548874,
        0.00394905774,
        0.00449775674,
        0.00488874474,
        0.00351889174,
        0.0036664047400000004,
        0.00406756774,
        0.00397101574,
        0.00397135274,
        0.00410969374,
        0.00427206674,
        0.00452398674,
        0.00450686574,
        0.00438375774,
        0.00417421974,
        0.00400587474,
        0.00433261774,
        0.00405974274,
        0.00440415274,
        0.00436240774,
        0.00440167874,
        0.00408769474,
        0.00423284374,
        0.00396016974,
        0.00418004774,
        0.00402930374,
        0.00459741674,
        0.00440663674,
        0.00422012874,
        0.00407640574,
        0.00412717874,
        0.00408241474,
        0.00417388374,
        0.0047272337400000005,
        0.00430290674,
        0.0037731137400000003,
        0.0037624597399999998,
        0.00417029774,
        0.00425766274,
        0.00409213574,
        0.00423364174,
        0.00419027474,
        0.00446167274,
        0.00422930474,
        0.00408252074,
        0.00413497874,
        0.0041810367400000005,
        0.0044017217400000004,
        0.00425003974,
        0.00436900274,
        0.00439430474,
        0.00415908274,
        0.00421263574,
        0.00432374674,
        0.00405254574,
        0.00460441274,
        0.00442577874,
        0.00421864974,
        0.00439096674,
        0.00426788974,
        0.00421509874,
        0.00428768274,
        0.00469426274,
        0.00449259074,
        0.00432140074
      ],
      "exit_codes": [
        0,
        0,
        0,
        0,
        0,
        0,
        0,
        0,
        0,
        0,
        0,
        0,
        0,
        0,
        0,
        0,
        0,
        0,
        0,
        0,
        0,
        0,
        0,
        0,
        0,
        0,
        0,
        0,
        0,
        0,
        0,
        0,
        0,
        0,
        0,
        0,
        0,
        0,
        0,
        0,
        0,
        0,
        0,
        0,
        0,
        0,
        0,
        0,
        0,
        0,
        0,
        0,
        0,
        0,
        0,
        0,
        0,
        0,
        0,
        0,
        0,
        0,
        0,
        0,
        0,
        0,
        0,
        0,
        0,
        0,
        0,
        0,
        0,
        0,
        0,
        0,
        0,
        0,
        0,
        0,
        0,
        0,
        0,
        0,
        0,
        0,
        0,
        0,
        0,
        0,
        0,
        0,
        0,
        0,
        0,
        0,
        0,
        0,
        0,
        0
      ]
    }
  ]
}
