{
  "results": [
    {
      "command": "out/20220731101132/contention 64 1000000",
      "mean": 1.4053633364799998,
      "stddev": 0.043040876331956406,
      "median": 1.40999998302,
      "user": 1.8574526099999997,
      "system": 9.06814913,
      "min": 1.24321593402,
      "max": 1.49503087302,
      "times": [
        1.4400021110199999,
        1.45245235302,
        1.39636652802,
        1.34458302202,
        1.40110722502,
        1.26425500302,
        1.43917614402,
        1.43138316902,
        1.43789124402,
        1.49503087302,
        1.45683939002,
        1.4336710020199999,
        1.39454717702,
        1.39883347302,
        1.42047170302,
        1.4168531850200001,
        1.40950304002,
        1.40862849102,
        1.35688893902,
        1.4304330220200001,
        1.36239608202,
        1.43361197202,
        1.39426475202,
        1.42648179902,
        1.44793075002,
        1.43112273702,
        1.43178091902,
        1.42677892002,
        1.33725849202,
        1.44928265002,
        1.4775367610199999,
        1.38953135402,
        1.42571183902,
        1.43452645502,
        1.44515407302,
        1.40795595502,
        1.28359565802,
        1.41067060902,
        1.42220988002,
        1.41266091102,
        1.46512586102,
        1.39024676102,
        1.42603582402,
        1.34486568502,
        1.39466993902,
        1.3902868130200001,
        1.3951061870199999,
        1.44663457802,
        1.46265110902,
        1.39193147102,
        1.38390729102,
        1.41086464502,
        1.43195290102,
        1.39026353902,
        1.39732189302,
        1.45659171502,
        1.40546040002,
        1.42977564602,
        1.41454728402,
        1.39351779502,
        1.42509223502,
        1.43529188202,
        1.3710937030199999,
        1.39968231102,
        1.41985863202,
        1.43378829902,
        1.41248121802,
        1.43735939302,
        1.43297189402,
        1.38981853102,
        1.45257442602,
        1.31990470302,
        1.39935123702,
        1.43113143902,
        1.39039442602,
        1.3147766300200001,
        1.41049692602,
        1.44232962202,
        1.42829711802,
        1.43131068802,
        1.39842297302,
        1.34315140602,
        1.39858362002,
        1.28220019702,
        1.24321593402,
        1.40950265202,
        1.39305549602,
        1.4061202420199999,
        1.40163084802,
        1.40801011202,
        1.39038460102,
        1.39456424102,
        1.35681757302,
        1.43428228902,
        1.40471056502,
        1.44789477802,
        1.43288485102,
        1.34741535102,
        1.37801455702,
        1.3863290480200001
      ],
      "exit_codes": [
        0,
        0,
        0,
        0,
        0,
        0,
        0,
        0,
        0,
        0,
        0,
        0,
        0,
        0,
        0,
        0,
        0,
        0,
        0,
        0,
        0,
        0,
        0,
        0,
        0,
        0,
        0,
        0,
        0,
        0,
        0,
        0,
        0,
        0,
        0,
        0,
        0,
        0,
        0,
        0,
        0,
        0,
        0,
        0,
        0,
        0,
        0,
        0,
        0,
        0,
        0,
        0,
        0,
        0,
        0,
        0,
        0,
        0,
        0,
        0,
        0,
        0,
        0,
        0,
        0,
        0,
        0,
        0,
        0,
        0,
        0,
        0,
        0,
        0,
        0,
        0,
        0,
        0,
        0,
        0,
        0,
        0,
        0,
        0,
        0,
        0,
        0,
        0,
        0,
        0,
        0,
        0,
        0,
        0,
        0,
        0,
        0,
        0,
        0,
        0
      ]
    }
  ]
}
