{
  "results": [
    {
      "command": "out/20220731101132/contention 64 10",
      "mean": 0.003660538700000001,
      "stddev": 0.00023363764596604617,
      "median": 0.0036402963000000004,
      "user": 0.0015460299999999999,
      "system": 0.002448220000000001,
      "min": 0.0032825208,
      "max": 0.0044992638,
      "times": [
        0.0040826898,
        0.0037915438,
        0.0037102728,
        0.0037070398,
        0.0036535518,
        0.0035433318000000005,
        0.0035011738,
        0.0039838528,
        0.0043321498,
        0.0037658768,
        0.0034150458000000005,
        0.0033955498000000006,
        0.0036792448,
        0.0037083778,
        0.0035992268,
        0.0040084838000000005,
        0.0040210208,
        0.0037393727999999998,
        0.0036058848000000004,
        0.0035261898,
        0.0037625248,
        0.0037035758,
        0.0039228558000000005,
        0.0044992638,
        0.0036638778000000006,
        0.0032825208,
        0.0033771578,
        0.0035604488,
        0.0036540768000000003,
        0.0037867018000000002,
        0.0039899258,
        0.0039569728,
        0.0038410208,
        0.0037290618,
        0.0036372898000000004,
        0.0035355818000000006,
        0.0037363408000000006,
        0.0041527188,
        0.0039378958000000006,
        0.0035490058000000003,
        0.0033052438000000005,
        0.0033291618,
        0.0034820698000000002,
        0.0034754528,
        0.0034323998000000003,
        0.0034407318,
        0.0038536997999999998,
        0.0038456468000000006,
        0.0036878378000000005,
        0.0035885478000000004,
        0.0034679298,
        0.0034396808,
        0.0037696248000000003,
        0.0038455438,
        0.0043107578,
        0.0038226658000000005,
        0.0037969748,
        0.0037624558,
        0.0033821298000000005,
        0.0041316648000000004,
        0.0034925968,
        0.0034559098000000003,
        0.0037818167999999997,
        0.0037158288000000003,
        0.0036361528000000004,
        0.0035000728,
        0.0034596798000000005,
        0.0033880968000000004,
        0.0035520438,
        0.0034043348000000005,
        0.0037857018,
        0.0037167228,
        0.0035638248000000004,
        0.0034560388,
        0.0035899758,
        0.0034954948000000003,
        0.0034707688,
        0.0033547648,
        0.0037114088000000005,
        0.0036433028000000004,
        0.0036961848,
        0.0035088588000000004,
        0.0034644118,
        0.0034792258,
        0.0033956638000000004,
        0.0034626888000000005,
        0.0039855508,
        0.0037284598,
        0.0037260788,
        0.0035591528000000006,
        0.0035759948,
        0.0035399768000000005,
        0.0033500238,
        0.0035242198000000006,
        0.0037964688,
        0.0037326628000000006,
        0.0037670128000000004,
        0.0033994018,
        0.0034845918,
        0.0034837858
      ],
      "exit_codes": [
        0,
        0,
        0,
        0,
        0,
        0,
        0,
        0,
        0,
        0,
        0,
        0,
        0,
        0,
        0,
        0,
        0,
        0,
        0,
        0,
        0,
        0,
        0,
        0,
        0,
        0,
        0,
        0,
        0,
        0,
        0,
        0,
        0,
        0,
        0,
        0,
        0,
        0,
        0,
        0,
        0,
        0,
        0,
        0,
        0,
        0,
        0,
        0,
        0,
        0,
        0,
        0,
        0,
        0,
        0,
        0,
        0,
        0,
        0,
        0,
        0,
        0,
        0,
        0,
        0,
        0,
        0,
        0,
        0,
        0,
        0,
        0,
        0,
        0,
        0,
        0,
        0,
        0,
        0,
        0,
        0,
        0,
        0,
        0,
        0,
        0,
        0,
        0,
        0,
        0,
        0,
        0,
        0,
        0,
        0,
        0,
        0,
        0,
        0,
        0
      ]
    }
  ]
}
