{
  "results": [
    {
      "command": "out/20220731101132/contention 8 100000",
      "mean": 0.15584924897999997,
      "stddev": 0.010647730453725392,
      "median": 0.15842887866000002,
      "user": 0.18575060000000002,
      "system": 0.6852082500000001,
      "min": 0.08659209766,
      "max": 0.16666618566000002,
      "times": [
        0.14807106666000003,
        0.13932863266000003,
        0.15179589566,
        0.15128925866,
        0.15418115666,
        0.15411103666000003,
        0.15331705966000003,
        0.15859259066000003,
        0.15916549166000002,
        0.15698038466000003,
        0.16478885966000004,
        0.15655509066000003,
        0.15802128066,
        0.15703101666000002,
        0.15778154166000002,
        0.15760814166000003,
        0.15601597566000003,
        0.15626256766000002,
        0.15997991666000003,
        0.15724607466,
        0.15935263666000002,
        0.15793958966000002,
        0.15852418266,
        0.15594553866000002,
        0.15216362866000002,
        0.13378013366000002,
        0.16666618566000002,
        0.12828132166000003,
        0.08659209766,
        0.16021071066000003,
        0.16138633266000002,
        0.16416935866000001,
        0.11567089966,
        0.13355744366000002,
        0.16549725166,
        0.16211278766000004,
        0.16456060966000002,
        0.12136960966,
        0.14962119466,
        0.16443653066000002,
        0.16408319366000002,
        0.16512509266000003,
        0.16112825866000002,
        0.16287431766000002,
        0.16011737666000003,
        0.16047554266000003,
        0.15870866766000002,
        0.15889630266000002,
        0.16078971266000003,
        0.15679060466000003,
        0.16031127166000003,
        0.15993767366000003,
        0.15619902866000002,
        0.15833357466000003,
        0.15873310466,
        0.15727635966000003,
        0.16037638566,
        0.15951886666000004,
        0.15928008966,
        0.15902060366,
        0.15873310366,
        0.15739698266000002,
        0.15772311266000003,
        0.15893413166000003,
        0.15764247666000003,
        0.16042381966000002,
        0.15977343066000002,
        0.15971527766000002,
        0.16095191966000003,
        0.15933780466000003,
        0.15965513466000003,
        0.15901839666000003,
        0.15869389366000003,
        0.15556574166000003,
        0.15501240166000002,
        0.15542653866000003,
        0.15623358866000003,
        0.15524195766,
        0.15522284966000002,
        0.15383489866000002,
        0.15630258166000002,
        0.15448109466,
        0.15766183666000003,
        0.15811563566000003,
        0.15173183066,
        0.15977140666000003,
        0.15956550866000002,
        0.15915970466,
        0.15785053166000002,
        0.15931507066000003,
        0.16101451866000002,
        0.15608262066000003,
        0.16000899066000002,
        0.15905988466,
        0.15955574966000002,
        0.15754003866000002,
        0.15785982766000003,
        0.15806640666000002,
        0.15889233666000002,
        0.16041474966000002
      ],
      "exit_codes": [
        0,
        0,
        0,
        0,
        0,
        0,
        0,
        0,
        0,
        0,
        0,
        0,
        0,
        0,
        0,
        0,
        0,
        0,
        0,
        0,
        0,
        0,
        0,
        0,
        0,
        0,
        0,
        0,
        0,
        0,
        0,
        0,
        0,
        0,
        0,
        0,
        0,
        0,
        0,
        0,
        0,
        0,
        0,
        0,
        0,
        0,
        0,
        0,
        0,
        0,
        0,
        0,
        0,
        0,
        0,
        0,
        0,
        0,
        0,
        0,
        0,
        0,
        0,
        0,
        0,
        0,
        0,
        0,
        0,
        0,
        0,
        0,
        0,
        0,
        0,
        0,
        0,
        0,
        0,
        0,
        0,
        0,
        0,
        0,
        0,
        0,
        0,
        0,
        0,
        0,
        0,
        0,
        0,
        0,
        0,
        0,
        0,
        0,
        0,
        0
      ]
    }
  ]
}
