{
  "results": [
    {
      "command": "out/20220731101132/contention 8 10000",
      "mean": 0.017648044499999998,
      "stddev": 0.000753144717582585,
      "median": 0.01754526544,
      "user": 0.018857429999999998,
      "system": 0.06681372999999999,
      "min": 0.01642241694,
      "max": 0.02079595494,
      "times": [
        0.01743884994,
        0.01779092894,
        0.01684570494,
        0.01664666294,
        0.01685751994,
        0.01703169494,
        0.01747730694,
        0.01737531594,
        0.01683038694,
        0.01701996294,
        0.01730693394,
        0.01701955394,
        0.01751817994,
        0.01705339694,
        0.01720340194,
        0.01712563694,
        0.01702788894,
        0.01754596194,
        0.01720006794,
        0.01693300594,
        0.01706194094,
        0.01754456894,
        0.01696668594,
        0.01702493094,
        0.01653895594,
        0.01793104194,
        0.01768113794,
        0.01724867594,
        0.01705752094,
        0.01710443794,
        0.01778894694,
        0.01678074394,
        0.01758234694,
        0.01749250394,
        0.01651212894,
        0.01805503494,
        0.01766952294,
        0.02079595494,
        0.02066120794,
        0.01963265594,
        0.01717684194,
        0.01717079694,
        0.01736263194,
        0.01796520794,
        0.01712684394,
        0.01749176694,
        0.01795177794,
        0.01750112994,
        0.01738014694,
        0.01815071394,
        0.01865867794,
        0.01642241694,
        0.01839008594,
        0.01818018394,
        0.01900325194,
        0.01765900394,
        0.01693640594,
        0.01749353994,
        0.01810863194,
        0.01800925994,
        0.01757829194,
        0.01962381894,
        0.01759844594,
        0.01843732594,
        0.01770826394,
        0.01725851394,
        0.01834704494,
        0.01692549494,
        0.01750225594,
        0.01758577894,
        0.01804685694,
        0.018648147940000002,
        0.01689000094,
        0.01894767494,
        0.01712257794,
        0.01688829294,
        0.01755701694,
        0.01728552794,
        0.01794617494,
        0.01740059294,
        0.01752054994,
        0.01728109794,
        0.01763755794,
        0.01845324094,
        0.01797623794,
        0.01793406094,
        0.01766428494,
        0.01694637994,
        0.01861513894,
        0.01768100994,
        0.01785047694,
        0.01802355394,
        0.01780082494,
        0.01774364294,
        0.01809510394,
        0.01803869794,
        0.01813744294,
        0.01759295594,
        0.01776130594,
        0.01823416094
      ],
      "exit_codes": [
        0,
        0,
        0,
        0,
        0,
        0,
        0,
        0,
        0,
        0,
        0,
        0,
        0,
        0,
        0,
        0,
        0,
        0,
        0,
        0,
        0,
        0,
        0,
        0,
        0,
        0,
        0,
        0,
        0,
        0,
        0,
        0,
        0,
        0,
        0,
        0,
        0,
        0,
        0,
        0,
        0,
        0,
        0,
        0,
        0,
        0,
        0,
        0,
        0,
        0,
        0,
        0,
        0,
        0,
        0,
        0,
        0,
        0,
        0,
        0,
        0,
        0,
        0,
        0,
        0,
        0,
        0,
        0,
        0,
        0,
        0,
        0,
        0,
        0,
        0,
        0,
        0,
        0,
        0,
        0,
        0,
        0,
        0,
        0,
        0,
        0,
        0,
        0,
        0,
        0,
        0,
        0,
        0,
        0,
        0,
        0,
        0,
        0,
        0,
        0
      ]
    }
  ]
}
