{
  "results": [
    {
      "command": "out/20220731101132/contention 8 100",
      "mean": 0.0018887914499999996,
      "stddev": 0.00019630197031631082,
      "median": 0.0018626798800000003,
      "user": 0.0012309600000000003,
      "system": 0.0014644200000000001,
      "min": 0.0015989868799999997,
      "max": 0.00307324088,
      "times": [
        0.0018563218799999997,
        0.00195655588,
        0.0018987738799999998,
        0.0019201308800000003,
        0.0019071738800000002,
        0.0017430758799999997,
        0.0018450358799999996,
        0.0018399998799999997,
        0.0016854088799999997,
        0.0017685138799999997,
        0.0018175758799999996,
        0.00222224188,
        0.00173892288,
        0.0017991978800000002,
        0.0018647588799999997,
        0.0016942818800000001,
        0.0017436318800000002,
        0.0017445438799999998,
        0.0018303798800000004,
        0.00208708488,
        0.00307324088,
        0.0018629038800000003,
        0.0017899528800000004,
        0.0019418908800000003,
        0.0019233278800000002,
        0.0018856658800000003,
        0.00194435188,
        0.0019275158799999998,
        0.0018658878799999996,
        0.0018088878799999999,
        0.0020696608800000005,
        0.00198326088,
        0.00200919488,
        0.00176533788,
        0.0015989868799999997,
        0.0018143228799999997,
        0.00208767588,
        0.00214836988,
        0.0017326248799999998,
        0.0016925428800000004,
        0.00165033688,
        0.0018252188800000004,
        0.0020953248800000004,
        0.0018624558800000002,
        0.0017736818800000004,
        0.0016909098800000004,
        0.0019049968800000003,
        0.0017781538799999997,
        0.0017640818800000002,
        0.0019005188799999999,
        0.0017301118799999998,
        0.0017585858800000004,
        0.0017147168800000002,
        0.0019061138799999996,
        0.0017587028800000004,
        0.0018107848799999997,
        0.00198217488,
        0.0022866958800000004,
        0.00200661588,
        0.0017876188799999999,
        0.0019522958800000001,
        0.0017783158800000003,
        0.0017835348800000002,
        0.00181886388,
        0.0017557368800000003,
        0.0017195698800000002,
        0.0018335088799999997,
        0.0017857008799999998,
        0.00189837488,
        0.00196128688,
        0.0018333618799999999,
        0.0017345168799999997,
        0.00192877288,
        0.0018088258800000004,
        0.0020954038800000004,
        0.0019338788800000004,
        0.0026377378799999998,
        0.0020379098800000005,
        0.0017142088800000004,
        0.0018807518800000003,
        0.0018824968800000004,
        0.00171758788,
        0.00176749488,
        0.00187680588,
        0.0018690208800000003,
        0.0018176818800000002,
        0.00228174288,
        0.0019270058800000003,
        0.0019289618800000003,
        0.0021245448800000003,
        0.0019081328800000003,
        0.00200064088,
        0.00208529488,
        0.0019014718800000005,
        0.0016130718800000002,
        0.0017760268800000004,
        0.0018994548799999996,
        0.0018768408799999998,
        0.0020461248800000002,
        0.00180916788
      ],
      "exit_codes": [
        0,
        0,
        0,
        0,
        0,
        0,
        0,
        0,
        0,
        0,
        0,
        0,
        0,
        0,
        0,
        0,
        0,
        0,
        0,
        0,
        0,
        0,
        0,
        0,
        0,
        0,
        0,
        0,
        0,
        0,
        0,
        0,
        0,
        0,
        0,
        0,
        0,
        0,
        0,
        0,
        0,
        0,
        0,
        0,
        0,
        0,
        0,
        0,
        0,
        0,
        0,
        0,
        0,
        0,
        0,
        0,
        0,
        0,
        0,
        0,
        0,
        0,
        0,
        0,
        0,
        0,
        0,
        0,
        0,
        0,
        0,
        0,
        0,
        0,
        0,
        0,
        0,
        0,
        0,
        0,
        0,
        0,
        0,
        0,
        0,
        0,
        0,
        0,
        0,
        0,
        0,
        0,
        0,
        0,
        0,
        0,
        0,
        0,
        0,
        0
      ]
    }
  ]
}
