{
  "results": [
    {
      "command": "out/20220731101132/contention 8 1",
      "mean": 0.0027713374099999992,
      "stddev": 0.00016943000146035078,
      "median": 0.0027342172000000002,
      "user": 0.0010097000000000003,
      "system": 0.0009780299999999993,
      "min": 0.0024854037,
      "max": 0.0035914837000000006,
      "times": [
        0.0026603017000000006,
        0.0027221257,
        0.0028548337000000004,
        0.0027485197,
        0.0026978187000000005,
        0.0027731587000000006,
        0.0028475527,
        0.0028171327,
        0.0028480477000000005,
        0.0029078357000000003,
        0.0028797777000000003,
        0.0026637317,
        0.0027041057000000003,
        0.0028290437,
        0.0027441387000000004,
        0.0027150547,
        0.0027190797000000004,
        0.0030505607,
        0.0027267727,
        0.0027833817,
        0.0028007507000000005,
        0.0028151347000000006,
        0.0026942437,
        0.0027257777000000006,
        0.0028111397,
        0.0026915607,
        0.0031809697,
        0.0028765997,
        0.0029023197000000007,
        0.0027316397000000004,
        0.0027367947,
        0.0027607667,
        0.0026873677000000006,
        0.0031934417000000002,
        0.0028415547,
        0.0030376027000000006,
        0.0028281377,
        0.0029310377000000003,
        0.0029222007,
        0.0027308357000000003,
        0.0026869167000000004,
        0.0030020077000000004,
        0.0028347087000000003,
        0.0030919217000000003,
        0.0029729217,
        0.0027901837,
        0.0026015327000000004,
        0.0026166477,
        0.0026909847,
        0.0026491257,
        0.0025137827000000002,
        0.0028488947000000005,
        0.0029756067000000007,
        0.0031596467000000006,
        0.0029285847,
        0.0028431867000000004,
        0.0027262357,
        0.0026685397000000004,
        0.0024977537000000004,
        0.0027512257000000006,
        0.0027287887000000005,
        0.0026274897000000005,
        0.0025517177000000005,
        0.0028264667,
        0.0026494287,
        0.0026080967,
        0.0027049917000000006,
        0.0027650327,
        0.0026899237000000006,
        0.0026660057,
        0.0028055367,
        0.0025611957,
        0.0026098647,
        0.0026971717,
        0.0026837517,
        0.0027737977,
        0.0030841217000000007,
        0.0027123317000000004,
        0.0035914837000000006,
        0.0028285037,
        0.0025947737,
        0.0027997557000000004,
        0.0027975427000000003,
        0.0025748437000000005,
        0.0025846607,
        0.0027279817000000002,
        0.0026888037000000003,
        0.0024854037,
        0.0025706457,
        0.0027434307,
        0.0030138527000000003,
        0.0027757217000000003,
        0.0027654677,
        0.0026547637000000003,
        0.0027032477,
        0.0025955997,
        0.0027016377,
        0.0026337357,
        0.0026122447,
        0.0025006687000000004
      ],
      "exit_codes": [
        0,
        0,
        0,
        0,
        0,
        0,
        0,
        0,
        0,
        0,
        0,
        0,
        0,
        0,
        0,
        0,
        0,
        0,
        0,
        0,
        0,
        0,
        0,
        0,
        0,
        0,
        0,
        0,
        0,
        0,
        0,
        0,
        0,
        0,
        0,
        0,
        0,
        0,
        0,
        0,
        0,
        0,
        0,
        0,
        0,
        0,
        0,
        0,
        0,
        0,
        0,
        0,
        0,
        0,
        0,
        0,
        0,
        0,
        0,
        0,
        0,
        0,
        0,
        0,
        0,
        0,
        0,
        0,
        0,
        0,
        0,
        0,
        0,
        0,
        0,
        0,
        0,
        0,
        0,
        0,
        0,
        0,
        0,
        0,
        0,
        0,
        0,
        0,
        0,
        0,
        0,
        0,
        0,
        0,
        0,
        0,
        0,
        0,
        0,
        0
      ]
    }
  ]
}
