{
  "results": [
    {
      "command": "out/20220731101132/contention 8 1000",
      "mean": 0.00424173281,
      "stddev": 0.0001889954897887834,
      "median": 0.00423015054,
      "user": 0.0028129999999999987,
      "system": 0.007057459999999999,
      "min": 0.0038048260399999993,
      "max": 0.0049193990399999995,
      "times": [
        0.00388571004,
        0.00442255104,
        0.004188207039999999,
        0.00433844804,
        0.004224454040000001,
        0.004346922039999999,
        0.004468765039999999,
        0.00403761404,
        0.00437167804,
        0.00425659204,
        0.00408992104,
        0.00422982704,
        0.0043594950399999995,
        0.004390423039999999,
        0.00434068804,
        0.004256765039999999,
        0.00434403104,
        0.004086356039999999,
        0.00415679104,
        0.0045275210399999995,
        0.004544867039999999,
        0.00453836304,
        0.004018939039999999,
        0.00435643304,
        0.004296383039999999,
        0.0038048260399999993,
        0.00413053404,
        0.0043972160400000005,
        0.004829486039999999,
        0.003965238039999999,
        0.004246690039999999,
        0.0038372440399999995,
        0.004190307039999999,
        0.00435009204,
        0.0043239390400000004,
        0.0049193990399999995,
        0.00424734004,
        0.00410251304,
        0.00437454204,
        0.004535692039999999,
        0.004165862039999999,
        0.003961095039999999,
        0.004073404039999999,
        0.00420426304,
        0.00420013204,
        0.0042579340399999995,
        0.004165533039999999,
        0.004280494039999999,
        0.00431459304,
        0.004348003039999999,
        0.00449184004,
        0.004195583039999999,
        0.00407030104,
        0.004151203039999999,
        0.0042304740399999995,
        0.004271437039999999,
        0.00410408604,
        0.004134760039999999,
        0.00436225204,
        0.004094526039999999,
        0.00414395704,
        0.00403686504,
        0.00416677404,
        0.00436502504,
        0.00412180704,
        0.00443155204,
        0.00425782404,
        0.00386940604,
        0.0045176470399999995,
        0.004286522039999999,
        0.00423945004,
        0.00422728004,
        0.00400593804,
        0.0042011520399999995,
        0.00437154604,
        0.00460363804,
        0.0042552890400000005,
        0.00406473704,
        0.00417041804,
        0.004209109039999999,
        0.004241150039999999,
        0.00422397004,
        0.00406301404,
        0.0040942980399999995,
        0.0041260590399999995,
        0.00413124604,
        0.00425755804,
        0.00446719104,
        0.004198780039999999,
        0.00419445104,
        0.00434320304,
        0.004100201039999999,
        0.00410461204,
        0.0046553240400000005,
        0.004261722039999999,
        0.0041417150400000005,
        0.0041817600399999995,
        0.00424552804,
        0.004294329039999999,
        0.0038906530399999994
      ],
      "exit_codes": [
        0,
        0,
        0,
        0,
        0,
        0,
        0,
        0,
        0,
        0,
        0,
        0,
        0,
        0,
        0,
        0,
        0,
        0,
        0,
        0,
        0,
        0,
        0,
        0,
        0,
        0,
        0,
        0,
        0,
        0,
        0,
        0,
        0,
        0,
        0,
        0,
        0,
        0,
        0,
        0,
        0,
        0,
        0,
        0,
        0,
        0,
        0,
        0,
        0,
        0,
        0,
        0,
        0,
        0,
        0,
        0,
        0,
        0,
        0,
        0,
        0,
        0,
        0,
        0,
        0,
        0,
        0,
        0,
        0,
        0,
        0,
        0,
        0,
        0,
        0,
        0,
        0,
        0,
        0,
        0,
        0,
        0,
        0,
        0,
        0,
        0,
        0,
        0,
        0,
        0,
        0,
        0,
        0,
        0,
        0,
        0,
        0,
        0,
        0,
        0
      ]
    }
  ]
}
