{
  "results": [
    {
      "command": "out/20220731101132/contention 8 1000000",
      "mean": 1.5369124616299996,
      "stddev": 0.02726649124295192,
      "median": 1.5403987214400001,
      "user": 1.8701124899999995,
      "system": 6.961073079999998,
      "min": 1.42840157094,
      "max": 1.59230938094,
      "times": [
        1.42840157094,
        1.53467387894,
        1.5452866059400001,
        1.55598030194,
        1.50392914494,
        1.5274680339400002,
        1.54570624194,
        1.51876849994,
        1.5117430839400001,
        1.5436808939400002,
        1.5398395069400002,
        1.53454784794,
        1.48397127194,
        1.5012774449400001,
        1.54095793594,
        1.5351846739400001,
        1.51631167994,
        1.50420898894,
        1.5340276969400002,
        1.53147247594,
        1.5011070579399999,
        1.51489316294,
        1.5660931229400001,
        1.54918942494,
        1.5307774029399999,
        1.49985325194,
        1.55837421094,
        1.56283386294,
        1.53743445594,
        1.52226417894,
        1.5520024189400001,
        1.5516956339399999,
        1.5233530419399999,
        1.50267641794,
        1.55005794494,
        1.54332381594,
        1.55127481494,
        1.55319705094,
        1.53534630494,
        1.56490772994,
        1.56014224994,
        1.5189727429400002,
        1.53624344794,
        1.57491040394,
        1.55146609894,
        1.52327955794,
        1.56413641194,
        1.5531400749400002,
        1.51610864194,
        1.55485755794,
        1.58294158194,
        1.52608524194,
        1.54204364594,
        1.55874568394,
        1.55350574194,
        1.5384718609399999,
        1.53114465394,
        1.55721279394,
        1.4356721779400001,
        1.46208567094,
        1.52794452394,
        1.54411992294,
        1.56885564594,
        1.50876138694,
        1.5437780789400002,
        1.5285711879400001,
        1.5289275639400002,
        1.5485226789400002,
        1.5769231299400002,
        1.53449303394,
        1.54251619394,
        1.50917480494,
        1.58253213194,
        1.54672960894,
        1.56207958094,
        1.55286097494,
        1.5424103819400001,
        1.51272488794,
        1.56660667194,
        1.53446612294,
        1.5245846979400002,
        1.53071595594,
        1.5610235139400002,
        1.55782927994,
        1.58032148594,
        1.51157333094,
        1.5299444039399999,
        1.5372954789400002,
        1.53496365994,
        1.5583782269400002,
        1.51126435494,
        1.56740606094,
        1.54151141294,
        1.56015722994,
        1.5297800829400001,
        1.49779644594,
        1.5565466489400002,
        1.54587040494,
        1.54971626394,
        1.59230938094
      ],
      "exit_codes": [
        0,
        0,
        0,
        0,
        0,
        0,
        0,
        0,
        0,
        0,
        0,
        0,
        0,
        0,
        0,
        0,
        0,
        0,
        0,
        0,
        0,
        0,
        0,
        0,
        0,
        0,
        0,
        0,
        0,
        0,
        0,
        0,
        0,
        0,
        0,
        0,
        0,
        0,
        0,
        0,
        0,
        0,
        0,
        0,
        0,
        0,
        0,
        0,
        0,
        0,
        0,
        0,
        0,
        0,
        0,
        0,
        0,
        0,
        0,
        0,
        0,
        0,
        0,
        0,
        0,
        0,
        0,
        0,
        0,
        0,
        0,
        0,
        0,
        0,
        0,
        0,
        0,
        0,
        0,
        0,
        0,
        0,
        0,
        0,
        0,
        0,
        0,
        0,
        0,
        0,
        0,
        0,
        0,
        0,
        0,
        0,
        0,
        0,
        0,
        0
      ]
    }
  ]
}
