{
  "results": [
    {
      "command": "out/20220731101132/contention 1 1000",
      "mean": 0.0032717861500000008,
      "stddev": 0.00020915800164591125,
      "median": 0.0032612543599999993,
      "user": 0.0014045899999999994,
      "system": 0.0007964099999999998,
      "min": 0.0027116503599999993,
      "max": 0.004465791359999999,
      "times": [
        0.0029667343599999994,
        0.003093979359999999,
        0.0033612993599999997,
        0.0033632313599999994,
        0.003054874359999999,
        0.0029861063599999995,
        0.0034555263599999994,
        0.0032336453599999993,
        0.0033545433599999996,
        0.0032809513599999997,
        0.0034266853599999995,
        0.0032249883599999997,
        0.003188158359999999,
        0.0031785853599999993,
        0.0033709923599999996,
        0.0031600113599999998,
        0.003272197359999999,
        0.0036077643599999993,
        0.003195331359999999,
        0.0031210253599999994,
        0.003269142359999999,
        0.003222567359999999,
        0.003392270359999999,
        0.0035967913599999992,
        0.0035346283599999996,
        0.0032654703599999993,
        0.003021198359999999,
        0.0029725773599999995,
        0.0031536283599999993,
        0.0034664073599999993,
        0.0033337933599999997,
        0.0031684603599999995,
        0.0032444883599999992,
        0.0033275453599999993,
        0.0036038453599999995,
        0.0032570383599999993,
        0.003062797359999999,
        0.0031590563599999994,
        0.0033375293599999995,
        0.003175644359999999,
        0.0032511933599999993,
        0.003351868359999999,
        0.0031789953599999994,
        0.0033147623599999996,
        0.0032131223599999995,
        0.002987626359999999,
        0.003170229359999999,
        0.003346354359999999,
        0.0032930803599999993,
        0.003243979359999999,
        0.0033322443599999997,
        0.0032743783599999995,
        0.003566301359999999,
        0.003077911359999999,
        0.003106055359999999,
        0.0030692883599999997,
        0.003085041359999999,
        0.0030798133599999997,
        0.003147296359999999,
        0.003231337359999999,
        0.0032849643599999995,
        0.0036146503599999995,
        0.0033028473599999992,
        0.003454380359999999,
        0.0034089753599999997,
        0.0032048073599999995,
        0.0030243003599999996,
        0.003073956359999999,
        0.003242989359999999,
        0.004465791359999999,
        0.0033584073599999997,
        0.003405204359999999,
        0.0032932063599999998,
        0.0032486293599999993,
        0.0033190013599999992,
        0.0032003973599999997,
        0.0033616513599999992,
        0.003358461359999999,
        0.0033829983599999998,
        0.0036963413599999996,
        0.003509682359999999,
        0.0034553613599999995,
        0.003216539359999999,
        0.0035895073599999995,
        0.003256567359999999,
        0.0028705423599999992,
        0.0027116503599999993,
        0.0030706223599999993,
        0.0032011423599999996,
        0.0030050173599999994,
        0.0032858783599999998,
        0.003277251359999999,
        0.003316785359999999,
        0.003332649359999999,
        0.0034603753599999998,
        0.0031903493599999993,
        0.0030983503599999996,
        0.0033337423599999996,
        0.0032216153599999996,
        0.0032906333599999993
      ],
      "exit_codes": [
        0,
        0,
        0,
        0,
        0,
        0,
        0,
        0,
        0,
        0,
        0,
        0,
        0,
        0,
        0,
        0,
        0,
        0,
        0,
        0,
        0,
        0,
        0,
        0,
        0,
        0,
        0,
        0,
        0,
        0,
        0,
        0,
        0,
        0,
        0,
        0,
        0,
        0,
        0,
        0,
        0,
        0,
        0,
        0,
        0,
        0,
        0,
        0,
        0,
        0,
        0,
        0,
        0,
        0,
        0,
        0,
        0,
        0,
        0,
        0,
        0,
        0,
        0,
        0,
        0,
        0,
        0,
        0,
        0,
        0,
        0,
        0,
        0,
        0,
        0,
        0,
        0,
        0,
        0,
        0,
        0,
        0,
        0,
        0,
        0,
        0,
        0,
        0,
        0,
        0,
        0,
        0,
        0,
        0,
        0,
        0,
        0,
        0,
        0,
        0
      ]
    }
  ]
}
