{
  "results": [
    {
      "command": "out/20220731101132/contention 128 10",
      "mean": 0.004865365030000001,
      "stddev": 0.00029487445382966524,
      "median": 0.0048513090200000015,
      "user": 0.0031508999999999994,
      "system": 0.00616845,
      "min": 0.00416725902,
      "max": 0.005409611020000002,
      "times": [
        0.0052611190200000015,
        0.005218098020000001,
        0.00516002002,
        0.005189026020000001,
        0.005135128020000001,
        0.0051155010200000005,
        0.0052232400200000004,
        0.005190542020000001,
        0.005178622020000001,
        0.005197763020000001,
        0.005131331020000001,
        0.004996325020000001,
        0.004932031020000001,
        0.005409611020000002,
        0.004850242020000001,
        0.00495088002,
        0.005047562020000001,
        0.005220443020000001,
        0.005135799020000001,
        0.005194797020000001,
        0.0047554350200000005,
        0.004689788020000001,
        0.005095723020000001,
        0.0050829690200000005,
        0.005046648020000001,
        0.00520709602,
        0.005124793020000001,
        0.00477179202,
        0.004747676020000001,
        0.0050870590200000005,
        0.005041861020000001,
        0.005094091020000001,
        0.00523150102,
        0.005357807020000001,
        0.004755779020000001,
        0.004620913020000001,
        0.005044064020000001,
        0.005125907020000001,
        0.005027340020000001,
        0.005126182020000001,
        0.005097138020000001,
        0.005237965020000001,
        0.005175792020000001,
        0.005077667020000001,
        0.00528592502,
        0.005173312020000001,
        0.00469072202,
        0.004409883020000001,
        0.005009103020000001,
        0.004799106020000001,
        0.00507834202,
        0.005129748020000001,
        0.00476701302,
        0.004576839020000001,
        0.005075986020000001,
        0.005104933020000001,
        0.0046948530200000005,
        0.0046702670200000004,
        0.004833494020000001,
        0.00440752902,
        0.00420860902,
        0.004616950020000001,
        0.004813151020000001,
        0.00465510202,
        0.004771875020000001,
        0.004690062020000001,
        0.004872037020000001,
        0.004427948020000001,
        0.004217259020000001,
        0.00461962502,
        0.004774856020000001,
        0.004742461020000001,
        0.00472227702,
        0.004803723020000001,
        0.004436288020000001,
        0.00417419502,
        0.00476532402,
        0.00462251702,
        0.0048555310200000005,
        0.004686234020000001,
        0.005148107020000001,
        0.00440237102,
        0.004422739020000001,
        0.00467535902,
        0.00480176502,
        0.00466644102,
        0.004852376020000001,
        0.004786206020000001,
        0.004428894020000001,
        0.00416725902,
        0.0047315460200000005,
        0.00459905802,
        0.0049445470200000004,
        0.004657604020000001,
        0.004836964020000001,
        0.004194871020000001,
        0.00437745202,
        0.004695093020000001,
        0.0049172600200000005,
        0.0046864440200000005
      ],
      "exit_codes": [
        0,
        0,
        0,
        0,
        0,
        0,
        0,
        0,
        0,
        0,
        0,
        0,
        0,
        0,
        0,
        0,
        0,
        0,
        0,
        0,
        0,
        0,
        0,
        0,
        0,
        0,
        0,
        0,
        0,
        0,
        0,
        0,
        0,
        0,
        0,
        0,
        0,
        0,
        0,
        0,
        0,
        0,
        0,
        0,
        0,
        0,
        0,
        0,
        0,
        0,
        0,
        0,
        0,
        0,
        0,
        0,
        0,
        0,
        0,
        0,
        0,
        0,
        0,
        0,
        0,
        0,
        0,
        0,
        0,
        0,
        0,
        0,
        0,
        0,
        0,
        0,
        0,
        0,
        0,
        0,
        0,
        0,
        0,
        0,
        0,
        0,
        0,
        0,
        0,
        0,
        0,
        0,
        0,
        0,
        0,
        0,
        0,
        0,
        0,
        0
      ]
    }
  ]
}
