{
  "results": [
    {
      "command": "out/20220731101132/contention 4 1000",
      "mean": 0.0029708563099999996,
      "stddev": 0.0001869116188523927,
      "median": 0.0029838144000000006,
      "user": 0.0015975099999999997,
      "system": 0.0009302900000000002,
      "min": 0.0025070254,
      "max": 0.0039947314,
      "times": [
        0.0039947314,
        0.0030379094000000007,
        0.0028541744000000007,
        0.0028063114000000003,
        0.0027708734000000007,
        0.0026876904,
        0.0027721174,
        0.0029221764,
        0.0029906114000000004,
        0.0031199734000000004,
        0.0028297194,
        0.0029082324,
        0.0031064404,
        0.0030701004000000007,
        0.0031160184000000005,
        0.0030394264,
        0.0028194264000000004,
        0.0027245214000000003,
        0.0029212174,
        0.0031117164,
        0.0030380564000000005,
        0.0030369804000000005,
        0.0029713784,
        0.0030123764000000003,
        0.0031103184000000005,
        0.0031426844000000003,
        0.0030824834,
        0.0030135314000000004,
        0.0029244244000000007,
        0.0027669724,
        0.0028009094000000004,
        0.0030346324000000004,
        0.0029966724000000003,
        0.0030355964000000004,
        0.0029809364000000006,
        0.0029887454000000007,
        0.0031427004000000006,
        0.0030421334000000004,
        0.0028788504,
        0.0027888994000000006,
        0.0029858864000000007,
        0.0029044394000000005,
        0.0026952364,
        0.0028738064,
        0.0030514724,
        0.0028660354,
        0.0029218754000000006,
        0.0030413944,
        0.0030727044000000005,
        0.0030341284000000002,
        0.0030796834000000003,
        0.0030085264000000007,
        0.0030037534,
        0.0029385204000000006,
        0.0031176974000000006,
        0.0030771854,
        0.0030142774000000007,
        0.0029062044000000005,
        0.0030376574000000006,
        0.0028756354000000002,
        0.0029636754000000004,
        0.0029509094000000004,
        0.0028655504000000003,
        0.0028597454,
        0.0031403874000000003,
        0.0030545004000000005,
        0.0029588714000000006,
        0.0027644144000000003,
        0.0027503124,
        0.0027711844,
        0.0027901524000000003,
        0.0029405944,
        0.0031667334000000003,
        0.0029629384000000006,
        0.0030444724,
        0.0027993524000000003,
        0.0028624264,
        0.0030791234,
        0.0030539444,
        0.0029160494,
        0.0030985924000000004,
        0.0029487674000000003,
        0.0030927744,
        0.0030815584000000004,
        0.0030643454,
        0.0030149564000000006,
        0.0027940154,
        0.0027718704000000006,
        0.0030708354000000006,
        0.0030007794,
        0.0029094894,
        0.0029817424000000005,
        0.0033626854000000004,
        0.0037073454000000005,
        0.0025070254,
        0.0027601744000000004,
        0.0027491494,
        0.0027780554000000003,
        0.0027503184000000004,
        0.0030470224000000005
      ],
      "exit_codes": [
        0,
        0,
        0,
        0,
        0,
        0,
        0,
        0,
        0,
        0,
        0,
        0,
        0,
        0,
        0,
        0,
        0,
        0,
        0,
        0,
        0,
        0,
        0,
        0,
        0,
        0,
        0,
        0,
        0,
        0,
        0,
        0,
        0,
        0,
        0,
        0,
        0,
        0,
        0,
        0,
        0,
        0,
        0,
        0,
        0,
        0,
        0,
        0,
        0,
        0,
        0,
        0,
        0,
        0,
        0,
        0,
        0,
        0,
        0,
        0,
        0,
        0,
        0,
        0,
        0,
        0,
        0,
        0,
        0,
        0,
        0,
        0,
        0,
        0,
        0,
        0,
        0,
        0,
        0,
        0,
        0,
        0,
        0,
        0,
        0,
        0,
        0,
        0,
        0,
        0,
        0,
        0,
        0,
        0,
        0,
        0,
        0,
        0,
        0,
        0
      ]
    }
  ]
}
