{
  "results": [
    {
      "command": "out/20220731101132/contention 16 1000000",
      "mean": 0.11223771591000001,
      "stddev": 0.002848487245669609,
      "median": 0.11154808802,
      "user": 0.7627882499999997,
      "system": 0.004549349999999999,
      "min": 0.10448269402,
      "max": 0.11977375902,
      "times": [
        0.10448269402,
        0.11239248802,
        0.11977375902,
        0.11895768202,
        0.11191043102,
        0.10996013402,
        0.10746299502000001,
        0.10957666702,
        0.10986745902,
        0.11018306002,
        0.10906978102,
        0.11255945602,
        0.11061028702,
        0.11151283702,
        0.10963344502,
        0.10979228002000001,
        0.11002389302,
        0.11037914002,
        0.10974255402,
        0.11029799702,
        0.11058105402,
        0.10933822602,
        0.10995728702,
        0.10926288302,
        0.11059850302,
        0.10991204102,
        0.11081172502,
        0.10945862402,
        0.10939048002,
        0.11006839002,
        0.11021362602,
        0.11063381902,
        0.10889695802,
        0.10933054502,
        0.10969981202,
        0.11175332702,
        0.10967314202,
        0.11009868102,
        0.11504231402,
        0.10972478502,
        0.11048442602,
        0.10967865002,
        0.11135203602,
        0.10925882402,
        0.11183508202,
        0.11059528202,
        0.10994993702,
        0.11132584502,
        0.11141093902,
        0.11379698102000001,
        0.11019773802,
        0.11036369102,
        0.11095564202,
        0.11134643602,
        0.11113422202,
        0.11182691002,
        0.11102917502,
        0.11167544302,
        0.11158333902,
        0.11143989502,
        0.11008695202,
        0.11078490802,
        0.11196794202,
        0.11281036602,
        0.11394867002,
        0.11437792202,
        0.11410115602,
        0.11289346602,
        0.11253051602,
        0.11242570202,
        0.11298465302,
        0.11534891502,
        0.11661777502,
        0.11597774102,
        0.11766174202,
        0.11613352002,
        0.11794614802,
        0.11807463802,
        0.11619836602,
        0.11593256702,
        0.11690668402,
        0.11581952602000001,
        0.11734536502,
        0.11799644102,
        0.11715994702,
        0.11742377202,
        0.11306329702,
        0.11383435402,
        0.11316447602,
        0.11273379002,
        0.11249275802,
        0.11629285002,
        0.11265318402,
        0.11217493902,
        0.11251913402,
        0.11337316602,
        0.11626390302,
        0.11451039902,
        0.11248788402,
        0.11287630102
      ],
      "exit_codes": [
        0,
        0,
        0,
        0,
        0,
        0,
        0,
        0,
        0,
        0,
        0,
        0,
        0,
        0,
        0,
        0,
        0,
        0,
        0,
        0,
        0,
        0,
        0,
        0,
        0,
        0,
        0,
        0,
        0,
        0,
        0,
        0,
        0,
        0,
        0,
        0,
        0,
        0,
        0,
        0,
        0,
        0,
        0,
        0,
        0,
        0,
        0,
        0,
        0,
        0,
        0,
        0,
        0,
        0,
        0,
        0,
        0,
        0,
        0,
        0,
        0,
        0,
        0,
        0,
        0,
        0,
        0,
        0,
        0,
        0,
        0,
        0,
        0,
        0,
        0,
        0,
        0,
        0,
        0,
        0,
        0,
        0,
        0,
        0,
        0,
        0,
        0,
        0,
        0,
        0,
        0,
        0,
        0,
        0,
        0,
        0,
        0,
        0,
        0,
        0
      ]
    }
  ]
}
