{
  "results": [
    {
      "command": "out/20220731101132/contention 64 1000000",
      "mean": 0.11351401071,
      "stddev": 0.002621618475673662,
      "median": 0.11321122858000002,
      "user": 0.76984379,
      "system": 0.00673166,
      "min": 0.10588388208,
      "max": 0.12154789208000001,
      "times": [
        0.10588388208,
        0.10984515208000001,
        0.10854316008,
        0.10967426208,
        0.10923307908,
        0.11241867808,
        0.11467563608,
        0.10977025808,
        0.10907683308,
        0.11216461408,
        0.11168275108,
        0.10975209508,
        0.11080423708,
        0.11021344508000001,
        0.11240845708000001,
        0.11126893808,
        0.10997418908,
        0.11041514008,
        0.11305653508,
        0.11066116608000001,
        0.11090492908,
        0.11035379008000001,
        0.11039388108,
        0.11198209108000001,
        0.11047756808,
        0.11224597508,
        0.11199352408,
        0.11189410708000001,
        0.11124338308000001,
        0.11113231108,
        0.11141680308,
        0.11434671608000001,
        0.11412267608000001,
        0.11563354108000001,
        0.11338866208000001,
        0.11316713608000001,
        0.11425160908000001,
        0.11542645508,
        0.11760496308000001,
        0.11521189508,
        0.11328000008000001,
        0.11548502808000001,
        0.11325532108000001,
        0.11568308608000001,
        0.11300910908,
        0.11553941808000001,
        0.11680469008000001,
        0.11718620308000001,
        0.11703661308,
        0.11746851508,
        0.11769947108,
        0.11781080808000001,
        0.12154789208000001,
        0.11798567508,
        0.11752043208,
        0.11951121708000001,
        0.11840927908000001,
        0.11964646208,
        0.11301483208,
        0.11438823008000001,
        0.11283394808000001,
        0.11451066508,
        0.11401705208000001,
        0.11328645008,
        0.11339503208000001,
        0.11269845408000001,
        0.11355536408000001,
        0.11269193408000001,
        0.11268320208,
        0.11305230308000001,
        0.11462077608000001,
        0.11279714608000001,
        0.11711560808,
        0.11327930008,
        0.11308217208,
        0.11263811708,
        0.11333269208,
        0.11289441508,
        0.11255695108000001,
        0.11381719308,
        0.11500671708,
        0.11424905208000001,
        0.11442197908000001,
        0.11576468708000001,
        0.11290836708,
        0.11465091108,
        0.11266915508000001,
        0.11307620308,
        0.11308918808000001,
        0.11306388608000001,
        0.11271345508000001,
        0.11370828608000001,
        0.11432056008000001,
        0.11430244308000001,
        0.11643647908,
        0.11440587208000001,
        0.11538514808000001,
        0.11275674008,
        0.11504051408,
        0.11357584408
      ],
      "exit_codes": [
        0,
        0,
        0,
        0,
        0,
        0,
        0,
        0,
        0,
        0,
        0,
        0,
        0,
        0,
        0,
        0,
        0,
        0,
        0,
        0,
        0,
        0,
        0,
        0,
        0,
        0,
        0,
        0,
        0,
        0,
        0,
        0,
        0,
        0,
        0,
        0,
        0,
        0,
        0,
        0,
        0,
        0,
        0,
        0,
        0,
        0,
        0,
        0,
        0,
        0,
        0,
        0,
        0,
        0,
        0,
        0,
        0,
        0,
        0,
        0,
        0,
        0,
        0,
        0,
        0,
        0,
        0,
        0,
        0,
        0,
        0,
        0,
        0,
        0,
        0,
        0,
        0,
        0,
        0,
        0,
        0,
        0,
        0,
        0,
        0,
        0,
        0,
        0,
        0,
        0,
        0,
        0,
        0,
        0,
        0,
        0,
        0,
        0,
        0,
        0
      ]
    }
  ]
}
