{
  "results": [
    {
      "command": "out/20220731101132/contention 64 10",
      "mean": 0.003906382000000001,
      "stddev": 0.00018649744744382167,
      "median": 0.003925831860000001,
      "user": 0.002650550000000001,
      "system": 0.00459873,
      "min": 0.003460853360000001,
      "max": 0.004569489360000001,
      "times": [
        0.0038541013600000007,
        0.004038289360000001,
        0.004066790360000001,
        0.004012368360000001,
        0.003978447360000001,
        0.0041020323600000005,
        0.003978658360000001,
        0.0040874323600000005,
        0.003886333360000001,
        0.0037515223600000005,
        0.0037455193600000004,
        0.004569489360000001,
        0.0038743023600000008,
        0.0035411723600000007,
        0.003819784360000001,
        0.004054969360000001,
        0.003964575360000001,
        0.003925583360000001,
        0.0040001813600000005,
        0.004048557360000001,
        0.004221010360000001,
        0.003752932360000001,
        0.00350460736,
        0.0037184003600000005,
        0.00413274236,
        0.0039113023600000005,
        0.003909187360000001,
        0.004050417360000001,
        0.004074034360000001,
        0.003971557360000001,
        0.0040190873600000005,
        0.0040846903600000005,
        0.003854844360000001,
        0.0036438143600000007,
        0.00378069336,
        0.003929827360000001,
        0.0040088063600000005,
        0.0041280143600000005,
        0.0040816483600000005,
        0.003893771360000001,
        0.003930057360000001,
        0.004048483360000001,
        0.00398393536,
        0.004088891360000001,
        0.00409388736,
        0.004017112360000001,
        0.004069700360000001,
        0.00402819536,
        0.0039260803600000005,
        0.00406891736,
        0.003917685360000001,
        0.004161417360000001,
        0.003793583360000001,
        0.0035686603600000007,
        0.0036681193600000004,
        0.004064899360000001,
        0.00398211936,
        0.003988520360000001,
        0.00380169536,
        0.004148150360000001,
        0.003673373360000001,
        0.0036992023600000007,
        0.003788537360000001,
        0.0041742993600000005,
        0.004354749360000001,
        0.003988891360000001,
        0.003936560360000001,
        0.00385278736,
        0.003538573360000001,
        0.003555971360000001,
        0.003567165360000001,
        0.0038001523600000005,
        0.0037659983600000007,
        0.003946915360000001,
        0.003908256360000001,
        0.0039045113600000006,
        0.003959585360000001,
        0.0038667313600000003,
        0.0037466003600000004,
        0.003723519360000001,
        0.0038475053600000005,
        0.00403040536,
        0.0036038773600000004,
        0.00367457936,
        0.0037120413600000004,
        0.0038889933600000006,
        0.0038736983600000004,
        0.0037640903600000006,
        0.004036114360000001,
        0.003889266360000001,
        0.003460853360000001,
        0.00367030636,
        0.003970600360000001,
        0.0039939953600000005,
        0.003878914360000001,
        0.0037097263600000003,
        0.0038602763600000005,
        0.0039423793600000005,
        0.00399050236,
        0.0037660823600000008
      ],
      "exit_codes": [
        0,
        0,
        0,
        0,
        0,
        0,
        0,
        0,
        0,
        0,
        0,
        0,
        0,
        0,
        0,
        0,
        0,
        0,
        0,
        0,
        0,
        0,
        0,
        0,
        0,
        0,
        0,
        0,
        0,
        0,
        0,
        0,
        0,
        0,
        0,
        0,
        0,
        0,
        0,
        0,
        0,
        0,
        0,
        0,
        0,
        0,
        0,
        0,
        0,
        0,
        0,
        0,
        0,
        0,
        0,
        0,
        0,
        0,
        0,
        0,
        0,
        0,
        0,
        0,
        0,
        0,
        0,
        0,
        0,
        0,
        0,
        0,
        0,
        0,
        0,
        0,
        0,
        0,
        0,
        0,
        0,
        0,
        0,
        0,
        0,
        0,
        0,
        0,
        0,
        0,
        0,
        0,
        0,
        0,
        0,
        0,
        0,
        0,
        0,
        0
      ]
    }
  ]
}
