{
  "results": [
    {
      "command": "out/20220731101132/contention 2 100000",
      "mean": 0.02404351856999999,
      "stddev": 0.00035149102721933334,
      "median": 0.0239645635,
      "user": 0.04140433000000002,
      "system": 0.0011550800000000002,
      "min": 0.02347959,
      "max": 0.026042751000000003,
      "times": [
        0.02347959,
        0.024197575000000002,
        0.026042751000000003,
        0.024044985,
        0.023984854,
        0.024133516,
        0.024013931000000002,
        0.023698809,
        0.023927042000000003,
        0.023679877000000002,
        0.023964712000000003,
        0.023828592000000003,
        0.023803009,
        0.023987014,
        0.023851125,
        0.023897893,
        0.024062458000000002,
        0.023964415000000003,
        0.024030185000000003,
        0.024060654,
        0.024287173000000002,
        0.02418048,
        0.023964350000000002,
        0.024060059,
        0.024701589000000003,
        0.023939268,
        0.023944277,
        0.023794117,
        0.023942244,
        0.023834045,
        0.023979498000000002,
        0.023982952000000002,
        0.024214431,
        0.023862756000000002,
        0.023694006,
        0.023724249000000003,
        0.024049862,
        0.023930466,
        0.024071310000000002,
        0.023811219,
        0.023988211000000002,
        0.023954744,
        0.023937491,
        0.024565328,
        0.024580919,
        0.025023623000000002,
        0.024341939,
        0.024119871,
        0.023876087,
        0.024068970000000002,
        0.023987770000000002,
        0.023859738000000002,
        0.023804093000000002,
        0.023879749000000002,
        0.023766806,
        0.023877525,
        0.024899931,
        0.025172378000000002,
        0.024505273,
        0.024103753000000002,
        0.024048708000000002,
        0.023807528,
        0.024416469,
        0.023852283000000002,
        0.023928874000000003,
        0.023892152,
        0.023856392,
        0.023852208,
        0.024063773,
        0.023922477,
        0.024225268,
        0.024049698,
        0.024205153,
        0.023896188000000002,
        0.024047448000000003,
        0.024223702,
        0.023848837,
        0.023925269000000002,
        0.023815596,
        0.024296156000000003,
        0.023815018,
        0.024114146000000003,
        0.023583034000000003,
        0.024274133,
        0.023821084000000003,
        0.024243177,
        0.02373669,
        0.024083669000000002,
        0.023677062000000002,
        0.024271406000000002,
        0.023683875,
        0.023788688000000002,
        0.024007314000000002,
        0.023796391,
        0.024086598,
        0.023786287,
        0.024037866,
        0.023711221,
        0.023952316,
        0.024772166
      ],
      "exit_codes": [
        0,
        0,
        0,
        0,
        0,
        0,
        0,
        0,
        0,
        0,
        0,
        0,
        0,
        0,
        0,
        0,
        0,
        0,
        0,
        0,
        0,
        0,
        0,
        0,
        0,
        0,
        0,
        0,
        0,
        0,
        0,
        0,
        0,
        0,
        0,
        0,
        0,
        0,
        0,
        0,
        0,
        0,
        0,
        0,
        0,
        0,
        0,
        0,
        0,
        0,
        0,
        0,
        0,
        0,
        0,
        0,
        0,
        0,
        0,
        0,
        0,
        0,
        0,
        0,
        0,
        0,
        0,
        0,
        0,
        0,
        0,
        0,
        0,
        0,
        0,
        0,
        0,
        0,
        0,
        0,
        0,
        0,
        0,
        0,
        0,
        0,
        0,
        0,
        0,
        0,
        0,
        0,
        0,
        0,
        0,
        0,
        0,
        0,
        0,
        0
      ]
    }
  ]
}
