{
  "results": [
    {
      "command": "out/20220731101132/contention 8 1",
      "mean": 0.0029671730900000014,
      "stddev": 0.00014899468688272177,
      "median": 0.0029493372400000006,
      "user": 0.00114892,
      "system": 0.0010332299999999996,
      "min": 0.0027112712400000002,
      "max": 0.0035097492400000003,
      "times": [
        0.003195418240000001,
        0.0032052682400000006,
        0.0035097492400000003,
        0.0031524482400000003,
        0.0033015162400000008,
        0.0030824962400000004,
        0.00291693124,
        0.0030079422400000003,
        0.0030952542400000003,
        0.00294572424,
        0.0032813802400000003,
        0.0029701482400000005,
        0.0029792002400000003,
        0.002980448240000001,
        0.002976386240000001,
        0.0029440052400000003,
        0.0031110042400000005,
        0.0029956192400000005,
        0.002896730240000001,
        0.0030044152400000006,
        0.0030398642400000005,
        0.00296640324,
        0.0029350352400000007,
        0.0029664112400000003,
        0.0030321112400000004,
        0.0034812262400000004,
        0.003132765240000001,
        0.00304985424,
        0.003103222240000001,
        0.002979021240000001,
        0.0029753472400000005,
        0.002898129240000001,
        0.0030045032400000003,
        0.0029198872400000003,
        0.003015676240000001,
        0.0031190362400000003,
        0.003066346240000001,
        0.002952950240000001,
        0.00292136224,
        0.0029202752400000007,
        0.00294286024,
        0.003008643240000001,
        0.0030043992400000004,
        0.0030850812400000007,
        0.0030713222400000004,
        0.0030677082400000005,
        0.0032138582400000008,
        0.0029416482400000006,
        0.0027112712400000002,
        0.0030569852400000007,
        0.003180355240000001,
        0.002881268240000001,
        0.0029125142400000005,
        0.0028612852400000006,
        0.0028069472400000005,
        0.002767991240000001,
        0.002858213240000001,
        0.002917704240000001,
        0.0028577542400000005,
        0.00295420424,
        0.0029699172400000006,
        0.003146989240000001,
        0.00286519324,
        0.0028904542400000005,
        0.002820861240000001,
        0.0028136272400000007,
        0.0028015952400000004,
        0.0028359842400000005,
        0.002732158240000001,
        0.0028808932400000006,
        0.0028646802400000004,
        0.00287182924,
        0.0029621242400000008,
        0.0028489792400000005,
        0.00277677724,
        0.0028399732400000008,
        0.0027568142400000006,
        0.0028186242400000004,
        0.002792155240000001,
        0.00296991324,
        0.0028601482400000006,
        0.0029168032400000007,
        0.0029288952400000007,
        0.00272256424,
        0.002850636240000001,
        0.002846449240000001,
        0.0029021892400000002,
        0.0028125132400000008,
        0.003232767240000001,
        0.0030508972400000002,
        0.002791565240000001,
        0.0028725042400000005,
        0.0029113752400000007,
        0.0030130672400000003,
        0.0028306102400000007,
        0.002764242240000001,
        0.0029597102400000007,
        0.0030639722400000007,
        0.0031826602400000003,
        0.0028106662400000006
      ],
      "exit_codes": [
        0,
        0,
        0,
        0,
        0,
        0,
        0,
        0,
        0,
        0,
        0,
        0,
        0,
        0,
        0,
        0,
        0,
        0,
        0,
        0,
        0,
        0,
        0,
        0,
        0,
        0,
        0,
        0,
        0,
        0,
        0,
        0,
        0,
        0,
        0,
        0,
        0,
        0,
        0,
        0,
        0,
        0,
        0,
        0,
        0,
        0,
        0,
        0,
        0,
        0,
        0,
        0,
        0,
        0,
        0,
        0,
        0,
        0,
        0,
        0,
        0,
        0,
        0,
        0,
        0,
        0,
        0,
        0,
        0,
        0,
        0,
        0,
        0,
        0,
        0,
        0,
        0,
        0,
        0,
        0,
        0,
        0,
        0,
        0,
        0,
        0,
        0,
        0,
        0,
        0,
        0,
        0,
        0,
        0,
        0,
        0,
        0,
        0,
        0,
        0
      ]
    }
  ]
}
