{
  "results": [
    {
      "command": "out/20220731101132/contention 32 10",
      "mean": 0.0031235404199999985,
      "stddev": 0.0001360966281146293,
      "median": 0.0031155153199999997,
      "user": 0.0014064999999999998,
      "system": 0.0018755200000000003,
      "min": 0.00285250432,
      "max": 0.0036373163199999994,
      "times": [
        0.00342082232,
        0.0032200573199999997,
        0.00356213832,
        0.0031787603199999997,
        0.0031012423199999993,
        0.00298919632,
        0.0031460163199999993,
        0.0032167043199999995,
        0.0031007313199999994,
        0.0031189403199999993,
        0.00331956632,
        0.0031332173199999994,
        0.0030676633199999996,
        0.0031657783199999998,
        0.0032509093199999993,
        0.00307558032,
        0.0030790333199999997,
        0.00316707832,
        0.0031170743199999996,
        0.0031825573199999995,
        0.0032852353199999997,
        0.00310035132,
        0.00311293232,
        0.00315923732,
        0.00321749632,
        0.0036373163199999994,
        0.0032096313199999997,
        0.0032919683199999997,
        0.00312743732,
        0.0031454293199999995,
        0.0031560103199999995,
        0.0032485823199999994,
        0.00305112432,
        0.0030939053199999997,
        0.0032455253199999996,
        0.0030522033199999994,
        0.0031550793199999995,
        0.0031519073199999994,
        0.0031372193199999997,
        0.0030224803199999997,
        0.0030816013199999994,
        0.0030947413199999994,
        0.0032417763199999996,
        0.00302920632,
        0.00331202732,
        0.0031248473199999996,
        0.0030698783199999994,
        0.0032015773199999993,
        0.0031766333199999995,
        0.00307088932,
        0.0030896263199999994,
        0.0032997503199999993,
        0.0031139563199999998,
        0.00324532332,
        0.0032079393199999995,
        0.0032555363199999994,
        0.0030996833199999994,
        0.0029983363199999995,
        0.00327276232,
        0.0031507963199999996,
        0.0031256173199999994,
        0.0031427583199999994,
        0.00328915132,
        0.0031616343199999996,
        0.0031813743199999994,
        0.0030242193199999995,
        0.00301577632,
        0.0030254653199999993,
        0.0032261183199999996,
        0.00305060532,
        0.00341148432,
        0.00322423932,
        0.0028928023199999995,
        0.0028746513199999994,
        0.0028898593199999994,
        0.0030891943199999996,
        0.0029277103199999996,
        0.00296133932,
        0.0030404803199999995,
        0.00326571432,
        0.00310541332,
        0.00310672032,
        0.0031126513199999997,
        0.00300935632,
        0.00285250432,
        0.00305199332,
        0.0028624043199999994,
        0.00288710932,
        0.0030144543199999993,
        0.0031068283199999994,
        0.0029289693199999996,
        0.00294656432,
        0.00308309832,
        0.0031246943199999995,
        0.00292067632,
        0.0030183973199999995,
        0.00294488832,
        0.00304729532,
        0.0031341593199999997,
        0.0029246403199999996
      ],
      "exit_codes": [
        0,
        0,
        0,
        0,
        0,
        0,
        0,
        0,
        0,
        0,
        0,
        0,
        0,
        0,
        0,
        0,
        0,
        0,
        0,
        0,
        0,
        0,
        0,
        0,
        0,
        0,
        0,
        0,
        0,
        0,
        0,
        0,
        0,
        0,
        0,
        0,
        0,
        0,
        0,
        0,
        0,
        0,
        0,
        0,
        0,
        0,
        0,
        0,
        0,
        0,
        0,
        0,
        0,
        0,
        0,
        0,
        0,
        0,
        0,
        0,
        0,
        0,
        0,
        0,
        0,
        0,
        0,
        0,
        0,
        0,
        0,
        0,
        0,
        0,
        0,
        0,
        0,
        0,
        0,
        0,
        0,
        0,
        0,
        0,
        0,
        0,
        0,
        0,
        0,
        0,
        0,
        0,
        0,
        0,
        0,
        0,
        0,
        0,
        0,
        0
      ]
    }
  ]
}
