{
  "results": [
    {
      "command": "out/20220731101132/contention 4 1000000",
      "mean": 0.12343374290999992,
      "stddev": 0.005543012231552724,
      "median": 0.12225974322000001,
      "user": 0.4402889600000001,
      "system": 0.0033551499999999986,
      "min": 0.11442505572000002,
      "max": 0.15827919472,
      "times": [
        0.11442505572000002,
        0.11561418772000001,
        0.12788305472,
        0.11760026072000002,
        0.11719054072000001,
        0.11754880672000001,
        0.11721058272000001,
        0.12225813972,
        0.11884050972000001,
        0.11825162672000002,
        0.11818446672,
        0.11782857272000001,
        0.12135794872000001,
        0.11878187472000001,
        0.12016326072000001,
        0.12190022572000002,
        0.11980770972000002,
        0.11787462872000001,
        0.11854040172000001,
        0.12931727272,
        0.11823759072000001,
        0.11963469272000002,
        0.11886124772000001,
        0.12118712372000001,
        0.11962950072000002,
        0.12245676972000001,
        0.11865048172,
        0.11906295072000002,
        0.11955222672000002,
        0.11974294872,
        0.11910187072000002,
        0.11920674972000002,
        0.12114701272000002,
        0.12001797972000001,
        0.12011502972000002,
        0.12064760972,
        0.11999870972000001,
        0.12114200172000002,
        0.12171708672,
        0.15827919472,
        0.12258046772000002,
        0.12101257072000002,
        0.12072509772000001,
        0.12226134672000001,
        0.12211471672000002,
        0.12228173472000001,
        0.12417967672,
        0.12926726472,
        0.13073904372,
        0.14274704072,
        0.12866098972,
        0.13016932272,
        0.13235707272,
        0.12986651272,
        0.12630334572,
        0.12515392572,
        0.12510173372,
        0.12599655671999999,
        0.12448707472000002,
        0.12589915372,
        0.12916091672,
        0.12569000872,
        0.12486395672000002,
        0.12199005072,
        0.12146228072000001,
        0.13404462472,
        0.12110808972,
        0.12257953872,
        0.12212892072,
        0.12078680472000002,
        0.12193345972000001,
        0.12222068372000001,
        0.12178378172000001,
        0.12136204372,
        0.12339633872000001,
        0.12216782772000001,
        0.12450242672000002,
        0.12087447872000001,
        0.12262191872000001,
        0.12641593372,
        0.12512123872,
        0.12748211972,
        0.12523210172,
        0.12471432372,
        0.12539336672,
        0.12594636872,
        0.12474239272000003,
        0.12679844272,
        0.12458826772000002,
        0.12455688872000002,
        0.12515982872,
        0.12512309272,
        0.12478063372000002,
        0.12566693972,
        0.12971397372,
        0.12563373172,
        0.12459806772000002,
        0.12551649672,
        0.12553686072,
        0.12510251472
      ],
      "exit_codes": [
        0,
        0,
        0,
        0,
        0,
        0,
        0,
        0,
        0,
        0,
        0,
        0,
        0,
        0,
        0,
        0,
        0,
        0,
        0,
        0,
        0,
        0,
        0,
        0,
        0,
        0,
        0,
        0,
        0,
        0,
        0,
        0,
        0,
        0,
        0,
        0,
        0,
        0,
        0,
        0,
        0,
        0,
        0,
        0,
        0,
        0,
        0,
        0,
        0,
        0,
        0,
        0,
        0,
        0,
        0,
        0,
        0,
        0,
        0,
        0,
        0,
        0,
        0,
        0,
        0,
        0,
        0,
        0,
        0,
        0,
        0,
        0,
        0,
        0,
        0,
        0,
        0,
        0,
        0,
        0,
        0,
        0,
        0,
        0,
        0,
        0,
        0,
        0,
        0,
        0,
        0,
        0,
        0,
        0,
        0,
        0,
        0,
        0,
        0,
        0
      ]
    }
  ]
}
