{
  "results": [
    {
      "command": "out/20220731101132/contention 2 10000",
      "mean": 0.004991682969999999,
      "stddev": 0.00016549670722697417,
      "median": 0.0049667228,
      "user": 0.00512184,
      "system": 0.0008672499999999995,
      "min": 0.0044694318,
      "max": 0.005406111799999999,
      "times": [
        0.0046998398,
        0.0048130418,
        0.0049574398,
        0.0050043938,
        0.0051083818,
        0.0050793068,
        0.0048090458,
        0.0049617588,
        0.0050661758,
        0.0054060968,
        0.0050015798,
        0.005406111799999999,
        0.0049619808,
        0.0049676098,
        0.0051825848,
        0.0047821958,
        0.0047395098,
        0.0049599238,
        0.0050741238,
        0.0053308938,
        0.0048775478,
        0.0049658358,
        0.0048152538,
        0.0047053128,
        0.0048990928,
        0.0049019388,
        0.0051390278,
        0.0047764358,
        0.0049321118,
        0.0048755558000000004,
        0.0049901388,
        0.0049587348,
        0.0051564688,
        0.0051613488,
        0.0049708038,
        0.0048813768,
        0.0051045218,
        0.0049551178,
        0.0048580918,
        0.0048237868,
        0.0049335228,
        0.0047940068,
        0.0049259228,
        0.0047028648,
        0.0051641238,
        0.0048959958,
        0.0050205538,
        0.0049228918,
        0.0051052748,
        0.0049566448,
        0.0052204308,
        0.0050135228,
        0.0052191568,
        0.0050706538,
        0.0049849468,
        0.0050006368,
        0.0049040618,
        0.0049189828,
        0.0048434598,
        0.0051256728,
        0.0050104728000000005,
        0.0051801118,
        0.0049033278,
        0.0050534968,
        0.0049637868,
        0.0051405498,
        0.0051229228,
        0.0052379058000000004,
        0.0047353398,
        0.0044694318,
        0.0047540868,
        0.0052925018,
        0.0049004478,
        0.0051790888,
        0.0047656718,
        0.0051852368000000005,
        0.0049315598,
        0.0051869718,
        0.0048466258,
        0.0050040258,
        0.0050046948,
        0.0050487768,
        0.0049127858,
        0.0051033058,
        0.0049897908,
        0.0048287608,
        0.0053796858,
        0.0052006138,
        0.0052188678,
        0.0050450418,
        0.0049041438,
        0.0051261408,
        0.0049385498,
        0.0051448448,
        0.0050273568000000005,
        0.0050006068,
        0.0049319918,
        0.0049312478,
        0.0048540168,
        0.0049296858
      ],
      "exit_codes": [
        0,
        0,
        0,
        0,
        0,
        0,
        0,
        0,
        0,
        0,
        0,
        0,
        0,
        0,
        0,
        0,
        0,
        0,
        0,
        0,
        0,
        0,
        0,
        0,
        0,
        0,
        0,
        0,
        0,
        0,
        0,
        0,
        0,
        0,
        0,
        0,
        0,
        0,
        0,
        0,
        0,
        0,
        0,
        0,
        0,
        0,
        0,
        0,
        0,
        0,
        0,
        0,
        0,
        0,
        0,
        0,
        0,
        0,
        0,
        0,
        0,
        0,
        0,
        0,
        0,
        0,
        0,
        0,
        0,
        0,
        0,
        0,
        0,
        0,
        0,
        0,
        0,
        0,
        0,
        0,
        0,
        0,
        0,
        0,
        0,
        0,
        0,
        0,
        0,
        0,
        0,
        0,
        0,
        0,
        0,
        0,
        0,
        0,
        0,
        0
      ]
    }
  ]
}
