{
  "results": [
    {
      "command": "out/20220731101132/contention 32 100000",
      "mean": 0.013422538400000008,
      "stddev": 0.0004671727950182697,
      "median": 0.013349317200000002,
      "user": 0.07199878999999998,
      "system": 0.002382780000000001,
      "min": 0.0123167587,
      "max": 0.014798058700000002,
      "times": [
        0.012806504700000002,
        0.0124815767,
        0.0123167587,
        0.013059035699999999,
        0.013112190700000002,
        0.012463235700000002,
        0.013493583700000002,
        0.0132151247,
        0.0128740117,
        0.013320512700000002,
        0.013360087700000002,
        0.0129792437,
        0.014633879700000001,
        0.0129869947,
        0.012666292700000002,
        0.0140376197,
        0.013287107700000002,
        0.013696085700000003,
        0.012738621700000001,
        0.013472181700000002,
        0.013854358700000003,
        0.013114274700000001,
        0.0135709117,
        0.0129970867,
        0.013142070700000001,
        0.014406599700000002,
        0.0132965817,
        0.0131863927,
        0.013798057700000001,
        0.014028376700000001,
        0.012876743700000002,
        0.013699974700000003,
        0.013111445700000002,
        0.0130850767,
        0.013187503700000002,
        0.0136003037,
        0.013366659700000002,
        0.013111161700000002,
        0.013448839700000003,
        0.013303309700000002,
        0.0137804277,
        0.013194222700000001,
        0.013802023700000002,
        0.013178830700000001,
        0.013817472700000003,
        0.013129703700000002,
        0.014540600700000003,
        0.014033180700000002,
        0.013667998700000003,
        0.013239435700000003,
        0.014390451700000001,
        0.012984184700000002,
        0.013749310700000003,
        0.013676161700000002,
        0.013169924700000002,
        0.012959939699999999,
        0.0137072817,
        0.013418791700000002,
        0.0131608457,
        0.013211088700000002,
        0.013265537700000003,
        0.0130505767,
        0.012986565700000001,
        0.0130552687,
        0.013876720700000001,
        0.0133607827,
        0.013442507700000002,
        0.013126066700000001,
        0.013606895700000003,
        0.013974773700000002,
        0.0130369797,
        0.0138344437,
        0.013764795700000002,
        0.013404373700000003,
        0.0134743017,
        0.014348585700000003,
        0.013560759700000001,
        0.014256058700000001,
        0.0143400547,
        0.013835910700000002,
        0.013029626700000001,
        0.014798058700000002,
        0.013756528700000003,
        0.013625599700000001,
        0.013780311700000002,
        0.013433871700000002,
        0.013112394700000002,
        0.013318173700000002,
        0.013230758700000001,
        0.013378155700000002,
        0.013345327700000003,
        0.013329845700000002,
        0.013003874700000001,
        0.0132270427,
        0.013538358700000003,
        0.013353306700000001,
        0.012899516700000002,
        0.013695920700000003,
        0.013470348700000002,
        0.0133265997
      ],
      "exit_codes": [
        0,
        0,
        0,
        0,
        0,
        0,
        0,
        0,
        0,
        0,
        0,
        0,
        0,
        0,
        0,
        0,
        0,
        0,
        0,
        0,
        0,
        0,
        0,
        0,
        0,
        0,
        0,
        0,
        0,
        0,
        0,
        0,
        0,
        0,
        0,
        0,
        0,
        0,
        0,
        0,
        0,
        0,
        0,
        0,
        0,
        0,
        0,
        0,
        0,
        0,
        0,
        0,
        0,
        0,
        0,
        0,
        0,
        0,
        0,
        0,
        0,
        0,
        0,
        0,
        0,
        0,
        0,
        0,
        0,
        0,
        0,
        0,
        0,
        0,
        0,
        0,
        0,
        0,
        0,
        0,
        0,
        0,
        0,
        0,
        0,
        0,
        0,
        0,
        0,
        0,
        0,
        0,
        0,
        0,
        0,
        0,
        0,
        0,
        0,
        0
      ]
    }
  ]
}
