{
  "results": [
    {
      "command": "out/20220731101132/contention 512 100000",
      "mean": 0.019059505300000005,
      "stddev": 0.0004662670817818473,
      "median": 0.019110495360000004,
      "user": 0.08266695,
      "system": 0.02311982,
      "min": 0.017515139860000004,
      "max": 0.020009889860000005,
      "times": [
        0.017515139860000004,
        0.017878111860000004,
        0.018409771860000004,
        0.018311863860000003,
        0.01868416486,
        0.018156212860000003,
        0.01829971886,
        0.018894145860000003,
        0.018438061860000004,
        0.01946271986,
        0.019139222860000003,
        0.01833765186,
        0.018529444860000004,
        0.018828450860000002,
        0.018753156860000002,
        0.018700888860000004,
        0.018751888860000003,
        0.018546886860000004,
        0.018780641860000002,
        0.018870885860000002,
        0.018226818860000004,
        0.018764980860000002,
        0.01920580486,
        0.019033413860000004,
        0.018930861860000002,
        0.018969012860000002,
        0.019219747860000004,
        0.019821476860000003,
        0.018790422860000003,
        0.018589318860000002,
        0.019100708860000003,
        0.018912331860000003,
        0.019026248860000004,
        0.018529387860000003,
        0.01933546586,
        0.019135297860000004,
        0.018671540860000002,
        0.019273674860000003,
        0.019602175860000005,
        0.019259341860000005,
        0.018156026860000004,
        0.019067322860000003,
        0.019201666860000004,
        0.019250215860000003,
        0.01995560186,
        0.018978064860000005,
        0.019238792860000003,
        0.018409883860000004,
        0.019160658860000002,
        0.01928188386,
        0.019064663860000004,
        0.019165220860000002,
        0.018477448860000002,
        0.019113795860000005,
        0.018904978860000005,
        0.018783344860000002,
        0.019013412860000002,
        0.018798482860000004,
        0.018934999860000003,
        0.018895634860000003,
        0.019234627860000002,
        0.019138502860000003,
        0.018912596860000002,
        0.01953923986,
        0.01873065386,
        0.01903390686,
        0.019041857860000004,
        0.019328684860000004,
        0.01860475086,
        0.018751325860000004,
        0.019713038860000004,
        0.019449506860000004,
        0.019604021860000004,
        0.019119406860000004,
        0.019688473860000003,
        0.019076747860000003,
        0.019194686860000004,
        0.01926671686,
        0.019145132860000004,
        0.019578427860000004,
        0.019383762860000004,
        0.019713631860000004,
        0.01924202486,
        0.019660379860000004,
        0.019242103860000002,
        0.019279370860000002,
        0.01966460986,
        0.01935760586,
        0.019608255860000003,
        0.019107194860000003,
        0.019584791860000002,
        0.019291551860000002,
        0.019792567860000002,
        0.019423580860000005,
        0.01928825086,
        0.020009889860000005,
        0.019549894860000003,
        0.019846016860000003,
        0.019358575860000005,
        0.019854992860000004
      ],
      "exit_codes": [
        0,
        0,
        0,
        0,
        0,
        0,
        0,
        0,
        0,
        0,
        0,
        0,
        0,
        0,
        0,
        0,
        0,
        0,
        0,
        0,
        0,
        0,
        0,
        0,
        0,
        0,
        0,
        0,
        0,
        0,
        0,
        0,
        0,
        0,
        0,
        0,
        0,
        0,
        0,
        0,
        0,
        0,
        0,
        0,
        0,
        0,
        0,
        0,
        0,
        0,
        0,
        0,
        0,
        0,
        0,
        0,
        0,
        0,
        0,
        0,
        0,
        0,
        0,
        0,
        0,
        0,
        0,
        0,
        0,
        0,
        0,
        0,
        0,
        0,
        0,
        0,
        0,
        0,
        0,
        0,
        0,
        0,
        0,
        0,
        0,
        0,
        0,
        0,
        0,
        0,
        0,
        0,
        0,
        0,
        0,
        0,
        0,
        0,
        0,
        0
      ]
    }
  ]
}
