{
  "results": [
    {
      "command": "out/20220731101132/contention 512 1000000",
      "mean": 0.12002539338000001,
      "stddev": 0.005415297074208811,
      "median": 0.11783079284,
      "user": 0.7930136899999997,
      "system": 0.023629939999999995,
      "min": 0.10992517684,
      "max": 0.14969937384,
      "times": [
        0.10992517684,
        0.11273818984,
        0.11321475184,
        0.11546083284,
        0.11411402484,
        0.11488251684,
        0.11496408584000001,
        0.11926179284,
        0.11721471884,
        0.11699771784,
        0.11672708384,
        0.12078763284,
        0.11790262684,
        0.11803270884,
        0.11669020184000001,
        0.11765888484,
        0.11803322384,
        0.11723690984,
        0.11868845984,
        0.11727707784000001,
        0.11819555684000001,
        0.12549318184000002,
        0.12550822984,
        0.11759646684,
        0.11834309984000001,
        0.11731516484,
        0.12102538084,
        0.12820776984,
        0.12194717584,
        0.14969937384,
        0.13349594484000002,
        0.12232424184,
        0.12792758184000003,
        0.13811684384,
        0.13271499784000002,
        0.12884483384,
        0.12705215284000002,
        0.12614338184,
        0.12773474784000002,
        0.12636457684000002,
        0.12599769684,
        0.12804275284000002,
        0.12260556884,
        0.12627829084000003,
        0.12247453684,
        0.12305091684000001,
        0.12173607984,
        0.12214217284000001,
        0.12167700484,
        0.12127155484,
        0.11778767484,
        0.11777029584,
        0.11744942684,
        0.11760018484,
        0.11732991384000001,
        0.11774734484,
        0.11785041484,
        0.11766527684,
        0.11758469984,
        0.11663619984,
        0.11725705084,
        0.11696900684,
        0.11727951484,
        0.11677957184,
        0.11856406284,
        0.11756493584,
        0.11738856484,
        0.11760775084,
        0.11782568984,
        0.11795384984,
        0.11704093384,
        0.11759204884,
        0.11761321384,
        0.11742732284,
        0.11780871084,
        0.11715375784,
        0.11827611184,
        0.11721854584000001,
        0.11718995084,
        0.11742104784,
        0.11810149984,
        0.11664955984,
        0.11707021784,
        0.11822953384,
        0.11651856484,
        0.11833496384,
        0.11727013184,
        0.11661537984,
        0.11669706584,
        0.11783589584,
        0.11739941684,
        0.11697772984,
        0.11971287284,
        0.12269524984,
        0.12165129384000001,
        0.12110319884,
        0.12219576184,
        0.12205270384,
        0.12083391684,
        0.12210540684
      ],
      "exit_codes": [
        0,
        0,
        0,
        0,
        0,
        0,
        0,
        0,
        0,
        0,
        0,
        0,
        0,
        0,
        0,
        0,
        0,
        0,
        0,
        0,
        0,
        0,
        0,
        0,
        0,
        0,
        0,
        0,
        0,
        0,
        0,
        0,
        0,
        0,
        0,
        0,
        0,
        0,
        0,
        0,
        0,
        0,
        0,
        0,
        0,
        0,
        0,
        0,
        0,
        0,
        0,
        0,
        0,
        0,
        0,
        0,
        0,
        0,
        0,
        0,
        0,
        0,
        0,
        0,
        0,
        0,
        0,
        0,
        0,
        0,
        0,
        0,
        0,
        0,
        0,
        0,
        0,
        0,
        0,
        0,
        0,
        0,
        0,
        0,
        0,
        0,
        0,
        0,
        0,
        0,
        0,
        0,
        0,
        0,
        0,
        0,
        0,
        0,
        0,
        0
      ]
    }
  ]
}
