{
  "results": [
    {
      "command": "out/20220731101132/contention 16 10",
      "mean": 0.0029382681700000014,
      "stddev": 0.0001735233256180523,
      "median": 0.0029378010400000006,
      "user": 0.0013262999999999988,
      "system": 0.0015715100000000008,
      "min": 0.002639763040000001,
      "max": 0.003573010040000001,
      "times": [
        0.003573010040000001,
        0.0032502790400000003,
        0.0028659490400000007,
        0.0028900740400000006,
        0.003070493040000001,
        0.002926735040000001,
        0.0028945780400000004,
        0.0032162620400000004,
        0.0031688400400000003,
        0.003090671040000001,
        0.003209561040000001,
        0.0030912190400000004,
        0.002949599040000001,
        0.002960625040000001,
        0.0031052090400000005,
        0.0029830180400000007,
        0.0029791860400000003,
        0.003026503040000001,
        0.0031783020400000003,
        0.003142796040000001,
        0.002939000040000001,
        0.003080248040000001,
        0.0031415260400000007,
        0.0029870140400000008,
        0.0030135670400000003,
        0.0028841930400000004,
        0.0030985390400000003,
        0.003094802040000001,
        0.003010069040000001,
        0.0030075950400000003,
        0.0032452590400000006,
        0.003048924040000001,
        0.0028788830400000008,
        0.0030479940400000003,
        0.0031088080400000005,
        0.0030038900400000007,
        0.003084735040000001,
        0.0031361100400000004,
        0.0030520390400000006,
        0.0030072320400000006,
        0.0029170400400000004,
        0.002953101040000001,
        0.003223691040000001,
        0.0030232200400000003,
        0.0028796350400000005,
        0.003097694040000001,
        0.003231863040000001,
        0.00321819204,
        0.0028487050400000003,
        0.0027511120400000003,
        0.0029366020400000002,
        0.0029688190400000004,
        0.002785922040000001,
        0.003040622040000001,
        0.00298211604,
        0.0028114450400000004,
        0.0030019790400000004,
        0.0030731280400000008,
        0.0029224170400000003,
        0.0029751320400000004,
        0.0027211320400000005,
        0.002812741040000001,
        0.0027958770400000007,
        0.0028291610400000004,
        0.0027593430400000003,
        0.0028727160400000003,
        0.0027751000400000002,
        0.0026646350400000005,
        0.0026770070400000006,
        0.0028141090400000007,
        0.0027212840400000003,
        0.0027055380400000007,
        0.0027890320400000006,
        0.0031017820400000003,
        0.0027364340400000005,
        0.0027040240400000005,
        0.0027664880400000004,
        0.002839939040000001,
        0.0026401560400000005,
        0.002639763040000001,
        0.0027998030400000003,
        0.0027293000400000007,
        0.002755855040000001,
        0.0029699890400000004,
        0.0028438910400000006,
        0.0027123080400000004,
        0.0026644780400000008,
        0.0026716530400000007,
        0.0029066940400000007,
        0.0027815110400000007,
        0.00276987804,
        0.0026701040400000007,
        0.003038941040000001,
        0.002895292040000001,
        0.002919842040000001,
        0.002773858040000001,
        0.0027995790400000002,
        0.002797480040000001,
        0.0030001550400000003,
        0.002874170040000001
      ],
      "exit_codes": [
        0,
        0,
        0,
        0,
        0,
        0,
        0,
        0,
        0,
        0,
        0,
        0,
        0,
        0,
        0,
        0,
        0,
        0,
        0,
        0,
        0,
        0,
        0,
        0,
        0,
        0,
        0,
        0,
        0,
        0,
        0,
        0,
        0,
        0,
        0,
        0,
        0,
        0,
        0,
        0,
        0,
        0,
        0,
        0,
        0,
        0,
        0,
        0,
        0,
        0,
        0,
        0,
        0,
        0,
        0,
        0,
        0,
        0,
        0,
        0,
        0,
        0,
        0,
        0,
        0,
        0,
        0,
        0,
        0,
        0,
        0,
        0,
        0,
        0,
        0,
        0,
        0,
        0,
        0,
        0,
        0,
        0,
        0,
        0,
        0,
        0,
        0,
        0,
        0,
        0,
        0,
        0,
        0,
        0,
        0,
        0,
        0,
        0,
        0,
        0
      ]
    }
  ]
}
