{
  "results": [
    {
      "command": "out/20220731101132/contention 2 100000",
      "mean": 0.024598660270000003,
      "stddev": 0.0005315471302724113,
      "median": 0.024462816020000003,
      "user": 0.04208345000000002,
      "system": 0.00133987,
      "min": 0.023963719020000003,
      "max": 0.02827905802,
      "times": [
        0.023963719020000003,
        0.024391048020000004,
        0.024373175020000002,
        0.024485518020000003,
        0.02453044102,
        0.024326587020000002,
        0.024566845020000002,
        0.024851206020000002,
        0.02457768902,
        0.02437187202,
        0.024246928020000003,
        0.02458977902,
        0.02425297502,
        0.02464460702,
        0.02488084902,
        0.024594059020000003,
        0.02432878402,
        0.024494660020000003,
        0.024472941020000003,
        0.02423821702,
        0.024342748020000003,
        0.024406996020000002,
        0.026880694020000002,
        0.024397326020000002,
        0.02481306302,
        0.02445437602,
        0.02515210902,
        0.02418115502,
        0.024551603020000003,
        0.024246183020000003,
        0.024354304020000002,
        0.024280795020000003,
        0.02446431602,
        0.02458090002,
        0.024461504020000004,
        0.02445092402,
        0.024878572020000003,
        0.024543497020000003,
        0.02445946602,
        0.02464589802,
        0.02426400302,
        0.02514731702,
        0.02437738102,
        0.02441409702,
        0.02454378402,
        0.024445343020000003,
        0.02483813002,
        0.02484915102,
        0.024329769020000003,
        0.024464128020000003,
        0.02452418002,
        0.024779325020000003,
        0.024528857020000003,
        0.024270638020000002,
        0.02442996102,
        0.02441884302,
        0.024456251020000003,
        0.024511273020000002,
        0.02443831402,
        0.024624044020000003,
        0.02452317802,
        0.024442640020000003,
        0.02428284202,
        0.024396447020000003,
        0.02430518602,
        0.02462082502,
        0.02420903002,
        0.024310573020000004,
        0.02442215102,
        0.02441931602,
        0.02561538102,
        0.02483935602,
        0.02827905802,
        0.02451768802,
        0.025090552020000004,
        0.02433258602,
        0.024807413020000002,
        0.024221022020000003,
        0.024735670020000003,
        0.02501088702,
        0.025034452020000004,
        0.026117508020000003,
        0.024886430020000003,
        0.024804213020000004,
        0.024518642020000002,
        0.02439032102,
        0.024600894020000003,
        0.02444686202,
        0.02497631402,
        0.024284427020000002,
        0.024396138020000003,
        0.02411616902,
        0.024503274020000004,
        0.024383383020000003,
        0.02430751302,
        0.024363674020000003,
        0.024553547020000004,
        0.024590388020000003,
        0.024371235020000003,
        0.024455723020000004
      ],
      "exit_codes": [
        0,
        0,
        0,
        0,
        0,
        0,
        0,
        0,
        0,
        0,
        0,
        0,
        0,
        0,
        0,
        0,
        0,
        0,
        0,
        0,
        0,
        0,
        0,
        0,
        0,
        0,
        0,
        0,
        0,
        0,
        0,
        0,
        0,
        0,
        0,
        0,
        0,
        0,
        0,
        0,
        0,
        0,
        0,
        0,
        0,
        0,
        0,
        0,
        0,
        0,
        0,
        0,
        0,
        0,
        0,
        0,
        0,
        0,
        0,
        0,
        0,
        0,
        0,
        0,
        0,
        0,
        0,
        0,
        0,
        0,
        0,
        0,
        0,
        0,
        0,
        0,
        0,
        0,
        0,
        0,
        0,
        0,
        0,
        0,
        0,
        0,
        0,
        0,
        0,
        0,
        0,
        0,
        0,
        0,
        0,
        0,
        0,
        0,
        0,
        0
      ]
    }
  ]
}
