{
  "results": [
    {
      "command": "out/20220731101132/contention 32 100000",
      "mean": 0.014237143000000008,
      "stddev": 0.0005979465880910865,
      "median": 0.014097204080000002,
      "user": 0.07448789,
      "system": 0.0037187599999999993,
      "min": 0.01300064108,
      "max": 0.016518990080000004,
      "times": [
        0.013480355080000003,
        0.013047751080000003,
        0.01300064108,
        0.014268914080000004,
        0.013240926080000003,
        0.013566218080000001,
        0.013990842080000003,
        0.01343441008,
        0.01317412008,
        0.013647247080000001,
        0.013410728080000003,
        0.014511943080000003,
        0.01569028008,
        0.01422325408,
        0.014093222080000002,
        0.013904613080000003,
        0.014920126080000002,
        0.013973687080000002,
        0.014077130080000003,
        0.013699998080000001,
        0.01376323708,
        0.01402145708,
        0.014102569080000002,
        0.014046965080000001,
        0.013966796080000003,
        0.014993240080000001,
        0.01403466008,
        0.015321097080000002,
        0.013725902080000001,
        0.014035165080000002,
        0.014016700080000003,
        0.013750319080000004,
        0.013728866080000002,
        0.014262864080000003,
        0.01410301308,
        0.01404387508,
        0.014225732080000001,
        0.014359687080000003,
        0.013867979080000002,
        0.01452101008,
        0.013863260080000002,
        0.014419928080000002,
        0.014193418080000002,
        0.014058531080000002,
        0.014072578080000002,
        0.013987635080000001,
        0.01391998208,
        0.013820777080000003,
        0.01402574808,
        0.014807694080000003,
        0.013841415080000002,
        0.014299283080000003,
        0.014572457080000004,
        0.013740428080000002,
        0.01537097708,
        0.014635638080000003,
        0.01408304808,
        0.016518990080000004,
        0.014101186080000001,
        0.014218592080000002,
        0.014729740080000001,
        0.014627037080000002,
        0.013893325080000001,
        0.01470485208,
        0.014420277080000002,
        0.013442371080000001,
        0.015260841080000004,
        0.01421777008,
        0.013682844080000003,
        0.01471495008,
        0.014519722080000002,
        0.014102870080000003,
        0.015272833080000003,
        0.014655659080000001,
        0.014647107080000003,
        0.015098597080000001,
        0.014625703080000003,
        0.013813544080000004,
        0.015701974080000004,
        0.014660862080000003,
        0.014424193080000001,
        0.014724147080000003,
        0.014310590080000001,
        0.014117820080000003,
        0.014484830080000004,
        0.013765184080000003,
        0.016041403080000002,
        0.01404680808,
        0.014606810080000001,
        0.014427762080000003,
        0.014542324080000002,
        0.014069513080000002,
        0.01382208608,
        0.01395541108,
        0.01375229508,
        0.014075086080000004,
        0.014156419080000003,
        0.013962964080000001,
        0.014091595080000002,
        0.014745071080000002
      ],
      "exit_codes": [
        0,
        0,
        0,
        0,
        0,
        0,
        0,
        0,
        0,
        0,
        0,
        0,
        0,
        0,
        0,
        0,
        0,
        0,
        0,
        0,
        0,
        0,
        0,
        0,
        0,
        0,
        0,
        0,
        0,
        0,
        0,
        0,
        0,
        0,
        0,
        0,
        0,
        0,
        0,
        0,
        0,
        0,
        0,
        0,
        0,
        0,
        0,
        0,
        0,
        0,
        0,
        0,
        0,
        0,
        0,
        0,
        0,
        0,
        0,
        0,
        0,
        0,
        0,
        0,
        0,
        0,
        0,
        0,
        0,
        0,
        0,
        0,
        0,
        0,
        0,
        0,
        0,
        0,
        0,
        0,
        0,
        0,
        0,
        0,
        0,
        0,
        0,
        0,
        0,
        0,
        0,
        0,
        0,
        0,
        0,
        0,
        0,
        0,
        0,
        0
      ]
    }
  ]
}
