{
  "results": [
    {
      "command": "out/20220731101132/contention 2048 10000",
      "mean": 0.062211998909999996,
      "stddev": 0.0015631229555552071,
      "median": 0.062314065860000004,
      "user": 0.020736530000000006,
      "system": 0.11062421999999997,
      "min": 0.05952902536,
      "max": 0.06580271136000002,
      "times": [
        0.06183898136000001,
        0.06057789336,
        0.05995242136,
        0.06112999436,
        0.06266584836,
        0.06287485636000001,
        0.06376082236,
        0.06085367036000001,
        0.06267793336,
        0.060994733360000004,
        0.06136055036000001,
        0.06146410136,
        0.06142735236,
        0.061043007360000005,
        0.06097535736,
        0.05999684336,
        0.06026153036,
        0.06395259936,
        0.06327379836,
        0.06454386536000001,
        0.06282184836000002,
        0.06548353136000001,
        0.06316649535999999,
        0.06561709936000001,
        0.06372489936,
        0.06308817436,
        0.06312412136000001,
        0.06322876436,
        0.06279919236,
        0.06213248136,
        0.06422283136000001,
        0.06330705436,
        0.06390654536000001,
        0.06272056336000001,
        0.06458694136000001,
        0.06259100436000001,
        0.06580271136000002,
        0.06260088136,
        0.06405447036,
        0.06299579036,
        0.06328502836,
        0.06266263336,
        0.062242042360000006,
        0.06443638236000002,
        0.06338605336,
        0.06423465436,
        0.06275769836,
        0.06575057536000001,
        0.06250254836,
        0.06401034336,
        0.06058119136,
        0.06282987036000001,
        0.06223360336000001,
        0.06202454936000001,
        0.06036155336000001,
        0.06094861036000001,
        0.06064942436,
        0.06098625736,
        0.06379489136,
        0.06109865436,
        0.06372219736000001,
        0.05952902536,
        0.06295909836,
        0.06001485736000001,
        0.062407199360000006,
        0.06004139236,
        0.06238608936,
        0.060218130360000004,
        0.06090309636,
        0.06035680136000001,
        0.06033365336000001,
        0.06343344936,
        0.06022586436,
        0.06562480636000001,
        0.06033407736000001,
        0.06380232336,
        0.06071479636000001,
        0.06385212736000001,
        0.059913140360000006,
        0.06198167036,
        0.059752838360000005,
        0.06170701836,
        0.05988470236000001,
        0.062006731360000004,
        0.06122904836,
        0.059822339360000004,
        0.06250962836000001,
        0.060991596360000004,
        0.06254618336000001,
        0.06081591336000001,
        0.06374640636000001,
        0.06182287636000001,
        0.06301866036,
        0.060175969360000005,
        0.06266498636000001,
        0.06060028036,
        0.06171640736000001,
        0.06126808036,
        0.06164613536,
        0.06214216636000001
      ],
      "exit_codes": [
        0,
        0,
        0,
        0,
        0,
        0,
        0,
        0,
        0,
        0,
        0,
        0,
        0,
        0,
        0,
        0,
        0,
        0,
        0,
        0,
        0,
        0,
        0,
        0,
        0,
        0,
        0,
        0,
        0,
        0,
        0,
        0,
        0,
        0,
        0,
        0,
        0,
        0,
        0,
        0,
        0,
        0,
        0,
        0,
        0,
        0,
        0,
        0,
        0,
        0,
        0,
        0,
        0,
        0,
        0,
        0,
        0,
        0,
        0,
        0,
        0,
        0,
        0,
        0,
        0,
        0,
        0,
        0,
        0,
        0,
        0,
        0,
        0,
        0,
        0,
        0,
        0,
        0,
        0,
        0,
        0,
        0,
        0,
        0,
        0,
        0,
        0,
        0,
        0,
        0,
        0,
        0,
        0,
        0,
        0,
        0,
        0,
        0,
        0,
        0
      ]
    }
  ]
}
