{
  "results": [
    {
      "command": "out/20220731101132/contention 2 1000",
      "mean": 0.0029798570999999973,
      "stddev": 0.000173029880221569,
      "median": 0.002951744479999999,
      "user": 0.0014174600000000002,
      "system": 0.0008238199999999995,
      "min": 0.0026752864799999988,
      "max": 0.004023257479999999,
      "times": [
        0.0028857534799999985,
        0.0028080234799999987,
        0.0030194244799999987,
        0.0031800284799999986,
        0.003066440479999999,
        0.002920405479999999,
        0.002785071479999999,
        0.003028963479999999,
        0.002902562479999999,
        0.0028661864799999987,
        0.002947402479999999,
        0.0028416994799999986,
        0.003115217479999999,
        0.003099132479999999,
        0.0033960204799999985,
        0.0031668634799999987,
        0.0028419024799999993,
        0.0029572244799999986,
        0.0030993494799999993,
        0.002911045479999999,
        0.002891943479999999,
        0.0032981784799999986,
        0.0029249114799999986,
        0.002944363479999999,
        0.002932502479999999,
        0.0029239194799999986,
        0.0028421374799999987,
        0.002873281479999999,
        0.002748256479999999,
        0.0027646484799999987,
        0.002928041479999999,
        0.0031096184799999987,
        0.0030506104799999986,
        0.0028711844799999987,
        0.0028529414799999993,
        0.0026752864799999988,
        0.0028639024799999987,
        0.002922061479999999,
        0.004023257479999999,
        0.0030310834799999993,
        0.0034171344799999986,
        0.003166291479999999,
        0.003043189479999999,
        0.0030349824799999993,
        0.003058527479999999,
        0.0029238734799999985,
        0.002866370479999999,
        0.002866823479999999,
        0.002795276479999999,
        0.0032071734799999987,
        0.0031121494799999988,
        0.0031187184799999993,
        0.002996266479999999,
        0.0030278814799999986,
        0.002881782479999999,
        0.0028723844799999993,
        0.0028604024799999987,
        0.0028480204799999987,
        0.0031214304799999986,
        0.0029737214799999993,
        0.003102004479999999,
        0.0027763634799999985,
        0.0030301344799999992,
        0.0030826894799999985,
        0.0030286644799999993,
        0.003138397479999999,
        0.002973150479999999,
        0.003043370479999999,
        0.002989717479999999,
        0.003006733479999999,
        0.0028701874799999987,
        0.002916865479999999,
        0.0029073274799999993,
        0.0030030694799999987,
        0.0028193824799999986,
        0.0029155134799999987,
        0.002946515479999999,
        0.003144508479999999,
        0.0030715764799999993,
        0.0029745174799999993,
        0.0027277004799999985,
        0.0027456934799999985,
        0.0029115684799999987,
        0.0030195514799999986,
        0.0030373814799999985,
        0.003011893479999999,
        0.003151173479999999,
        0.0030260274799999987,
        0.002891704479999999,
        0.0032401064799999994,
        0.002814614479999999,
        0.002852722479999999,
        0.0029628434799999987,
        0.002996322479999999,
        0.0028022444799999987,
        0.0029165124799999985,
        0.002965790479999999,
        0.002789749479999999,
        0.002922084479999999,
        0.002956086479999999
      ],
      "exit_codes": [
        0,
        0,
        0,
        0,
        0,
        0,
        0,
        0,
        0,
        0,
        0,
        0,
        0,
        0,
        0,
        0,
        0,
        0,
        0,
        0,
        0,
        0,
        0,
        0,
        0,
        0,
        0,
        0,
        0,
        0,
        0,
        0,
        0,
        0,
        0,
        0,
        0,
        0,
        0,
        0,
        0,
        0,
        0,
        0,
        0,
        0,
        0,
        0,
        0,
        0,
        0,
        0,
        0,
        0,
        0,
        0,
        0,
        0,
        0,
        0,
        0,
        0,
        0,
        0,
        0,
        0,
        0,
        0,
        0,
        0,
        0,
        0,
        0,
        0,
        0,
        0,
        0,
        0,
        0,
        0,
        0,
        0,
        0,
        0,
        0,
        0,
        0,
        0,
        0,
        0,
        0,
        0,
        0,
        0,
        0,
        0,
        0,
        0,
        0,
        0
      ]
    }
  ]
}
