{
  "results": [
    {
      "command": "out/20220731101132/contention 4 10",
      "mean": 0.0028024715400000004,
      "stddev": 0.00014137157520917573,
      "median": 0.0028077868000000003,
      "user": 0.00110617,
      "system": 0.0009336800000000002,
      "min": 0.0022651448,
      "max": 0.0032496518,
      "times": [
        0.0025951558,
        0.0027109048,
        0.0028092627999999997,
        0.0027858638000000002,
        0.0028386628000000003,
        0.0027735947999999997,
        0.0028549298,
        0.0028419228,
        0.0028318948000000004,
        0.0027188738,
        0.0028486898000000004,
        0.0027696758,
        0.0028293908,
        0.0027847188,
        0.0030646038,
        0.0027814708,
        0.0025563428000000003,
        0.0027330878,
        0.0029905278000000005,
        0.0027062918000000003,
        0.0025910527999999998,
        0.0027056007999999997,
        0.0029616318,
        0.0027626907999999998,
        0.0028870708,
        0.0028138858,
        0.0027838038000000003,
        0.0027388878000000005,
        0.0026857668,
        0.0027934738,
        0.0027521698000000003,
        0.0027672168,
        0.0029910308000000003,
        0.0029645048000000005,
        0.0030090278,
        0.0028011238,
        0.0028076468000000003,
        0.0029096537999999997,
        0.0027694458000000004,
        0.0027219538,
        0.0027323988000000003,
        0.0028470328,
        0.0028949468000000005,
        0.0024325398,
        0.0024754708000000003,
        0.0026204967999999998,
        0.0032496518,
        0.0028749217999999997,
        0.0023041128000000004,
        0.0022651448,
        0.0027808458000000004,
        0.0028149188000000003,
        0.0028951648000000003,
        0.0028092008000000003,
        0.0027596948,
        0.0028343988,
        0.0027701218000000002,
        0.0028079268000000004,
        0.0027841568,
        0.0028027478000000002,
        0.0028456138,
        0.0028515838000000003,
        0.0029580818000000003,
        0.0028443248000000003,
        0.0027663127999999998,
        0.0027480328,
        0.0027833858,
        0.0031910458,
        0.0029363448000000003,
        0.0027992568,
        0.0029810967999999998,
        0.0029561958,
        0.0028354967999999997,
        0.0030013038,
        0.0027893578,
        0.0028381048,
        0.0027866837999999997,
        0.0028372417999999997,
        0.0028368668000000002,
        0.0028251808,
        0.0029536488000000004,
        0.0026789618000000004,
        0.0027730477999999997,
        0.0029049238,
        0.0028207448,
        0.0028211618,
        0.0028636658000000003,
        0.0029549517999999998,
        0.0027663177999999997,
        0.0027365058,
        0.0026584078000000005,
        0.0026982078,
        0.0028579698,
        0.0028454848000000004,
        0.0028220808,
        0.0028326528000000004,
        0.0027261558,
        0.0027000728000000002,
        0.0027574407999999997,
        0.0028638398
      ],
      "exit_codes": [
        0,
        0,
        0,
        0,
        0,
        0,
        0,
        0,
        0,
        0,
        0,
        0,
        0,
        0,
        0,
        0,
        0,
        0,
        0,
        0,
        0,
        0,
        0,
        0,
        0,
        0,
        0,
        0,
        0,
        0,
        0,
        0,
        0,
        0,
        0,
        0,
        0,
        0,
        0,
        0,
        0,
        0,
        0,
        0,
        0,
        0,
        0,
        0,
        0,
        0,
        0,
        0,
        0,
        0,
        0,
        0,
        0,
        0,
        0,
        0,
        0,
        0,
        0,
        0,
        0,
        0,
        0,
        0,
        0,
        0,
        0,
        0,
        0,
        0,
        0,
        0,
        0,
        0,
        0,
        0,
        0,
        0,
        0,
        0,
        0,
        0,
        0,
        0,
        0,
        0,
        0,
        0,
        0,
        0,
        0,
        0,
        0,
        0,
        0,
        0
      ]
    }
  ]
}
