{
  "results": [
    {
      "command": "out/20220731101132/contention 4 100",
      "mean": 0.00308874005,
      "stddev": 0.0001638885484054698,
      "median": 0.0030729688,
      "user": 0.0017511100000000002,
      "system": 0.0012421299999999997,
      "min": 0.0025577528,
      "max": 0.0038709627999999998,
      "times": [
        0.0028973808,
        0.0029030458,
        0.0031461737999999998,
        0.0031722957999999997,
        0.0032071677999999998,
        0.0032938498,
        0.0030956648,
        0.0030961068,
        0.0038709627999999998,
        0.0030269838,
        0.0026907647999999994,
        0.0025577528,
        0.0029549058,
        0.0029360048,
        0.0029371948,
        0.0029945677999999995,
        0.0031831798,
        0.0033331068,
        0.0031562887999999996,
        0.0028843928,
        0.0029824457999999996,
        0.0029598278000000002,
        0.0029462887999999994,
        0.0031179347999999996,
        0.0030563998,
        0.0032357658,
        0.0032713848,
        0.0029774757999999997,
        0.0030045358000000003,
        0.0029759638,
        0.0032755538,
        0.0030122837999999996,
        0.0029638278,
        0.0030254018,
        0.0031838368,
        0.0030974558,
        0.0031097688,
        0.0031080438,
        0.0032303868000000003,
        0.0030727977999999998,
        0.0030544348000000002,
        0.0030262668,
        0.0029733097999999998,
        0.0029796568,
        0.0031476717999999997,
        0.0033842758000000002,
        0.0033858967999999996,
        0.0031735308,
        0.0029418937999999995,
        0.0030498947999999994,
        0.0030527828,
        0.0030731398,
        0.0031643968,
        0.0032249187999999996,
        0.0032027317999999997,
        0.0031609027999999996,
        0.0029759667999999994,
        0.0032235338,
        0.0032531068,
        0.0030054378,
        0.0033494288,
        0.0029385348,
        0.0030890158,
        0.0029762608,
        0.0029573967999999996,
        0.0029332648,
        0.0031608858,
        0.0031632197999999995,
        0.0030630368,
        0.0028795018,
        0.0028961767999999997,
        0.0031171587999999995,
        0.0030589258,
        0.0032292627999999995,
        0.0032292688,
        0.0028962827999999994,
        0.0030839668,
        0.0030288798000000002,
        0.0030843668,
        0.0030305688000000002,
        0.0031850498,
        0.0035087388000000002,
        0.0029293958,
        0.0030075097999999996,
        0.0029685818,
        0.0030019718000000003,
        0.0031223828,
        0.0032262997999999996,
        0.0030591678,
        0.0032896647999999997,
        0.0031777997999999997,
        0.0031655757999999997,
        0.0029917558,
        0.0031249518000000002,
        0.0031755298,
        0.0031096177999999997,
        0.0030481147999999996,
        0.0029317008,
        0.0030613888000000002,
        0.0032244818
      ],
      "exit_codes": [
        0,
        0,
        0,
        0,
        0,
        0,
        0,
        0,
        0,
        0,
        0,
        0,
        0,
        0,
        0,
        0,
        0,
        0,
        0,
        0,
        0,
        0,
        0,
        0,
        0,
        0,
        0,
        0,
        0,
        0,
        0,
        0,
        0,
        0,
        0,
        0,
        0,
        0,
        0,
        0,
        0,
        0,
        0,
        0,
        0,
        0,
        0,
        0,
        0,
        0,
        0,
        0,
        0,
        0,
        0,
        0,
        0,
        0,
        0,
        0,
        0,
        0,
        0,
        0,
        0,
        0,
        0,
        0,
        0,
        0,
        0,
        0,
        0,
        0,
        0,
        0,
        0,
        0,
        0,
        0,
        0,
        0,
        0,
        0,
        0,
        0,
        0,
        0,
        0,
        0,
        0,
        0,
        0,
        0,
        0,
        0,
        0,
        0,
        0,
        0
      ]
    }
  ]
}
