{
  "results": [
    {
      "command": "out/20220731101132/contention 16 10",
      "mean": 0.0031311287300000014,
      "stddev": 0.00020526917443852653,
      "median": 0.00315319488,
      "user": 0.0023436299999999993,
      "system": 0.0026753399999999996,
      "min": 0.0026319288800000003,
      "max": 0.00356086388,
      "times": [
        0.0031196318800000003,
        0.0033912978800000005,
        0.0033194908800000004,
        0.00350329888,
        0.0031463668800000002,
        0.0029883398800000004,
        0.0030732758800000003,
        0.00356086388,
        0.00278104088,
        0.0028979378800000006,
        0.00322106788,
        0.0034948648800000003,
        0.00318353788,
        0.00324542488,
        0.0032130498800000008,
        0.00318346688,
        0.00335907488,
        0.0035272578800000006,
        0.0032778968800000006,
        0.00301238288,
        0.0027917698800000003,
        0.0031164868800000007,
        0.0032478448800000006,
        0.0033183928800000007,
        0.00316244188,
        0.00329725188,
        0.0032095108800000004,
        0.0032815878800000007,
        0.003307272880000001,
        0.00316500588,
        0.0032155208800000003,
        0.0032208548800000004,
        0.0031944018800000003,
        0.00327956688,
        0.0033198038800000005,
        0.0033854928800000003,
        0.0031985078800000006,
        0.003246311880000001,
        0.0032061208800000006,
        0.0032515228800000006,
        0.0032421008800000003,
        0.0032657938800000003,
        0.0031567168800000003,
        0.00349399988,
        0.0030493698800000005,
        0.0027940488800000003,
        0.0027379208800000004,
        0.00311572188,
        0.0030487008800000005,
        0.0030647868800000007,
        0.0031197698800000005,
        0.0030241498800000002,
        0.0031626058800000006,
        0.0031371848800000003,
        0.0026979298800000008,
        0.00272022488,
        0.00300309688,
        0.0030679878800000003,
        0.00302395388,
        0.0030587658800000006,
        0.0030915748800000005,
        0.0032067328800000003,
        0.0029466158800000005,
        0.0026340858800000004,
        0.0026724248800000005,
        0.00291255888,
        0.0030823998800000004,
        0.0029872288800000006,
        0.0029699648800000002,
        0.00299299888,
        0.00314967288,
        0.00328910988,
        0.00288365688,
        0.0026905938800000006,
        0.0026319288800000003,
        0.0030735458800000004,
        0.00315933588,
        0.0029624218800000006,
        0.0030338438800000004,
        0.00313281488,
        0.0033339478800000003,
        0.0030696138800000005,
        0.0031358368800000003,
        0.0030507198800000003,
        0.00330657388,
        0.0031857928800000006,
        0.0031122338800000007,
        0.0031787438800000003,
        0.00341128588,
        0.0031793498800000005,
        0.00285878388,
        0.0028422438800000003,
        0.0031419818800000002,
        0.0035029338800000006,
        0.0032894778800000007,
        0.00351757788,
        0.0030655108800000004,
        0.0031640268800000003,
        0.0031124998800000003,
        0.00325015588
      ],
      "exit_codes": [
        0,
        0,
        0,
        0,
        0,
        0,
        0,
        0,
        0,
        0,
        0,
        0,
        0,
        0,
        0,
        0,
        0,
        0,
        0,
        0,
        0,
        0,
        0,
        0,
        0,
        0,
        0,
        0,
        0,
        0,
        0,
        0,
        0,
        0,
        0,
        0,
        0,
        0,
        0,
        0,
        0,
        0,
        0,
        0,
        0,
        0,
        0,
        0,
        0,
        0,
        0,
        0,
        0,
        0,
        0,
        0,
        0,
        0,
        0,
        0,
        0,
        0,
        0,
        0,
        0,
        0,
        0,
        0,
        0,
        0,
        0,
        0,
        0,
        0,
        0,
        0,
        0,
        0,
        0,
        0,
        0,
        0,
        0,
        0,
        0,
        0,
        0,
        0,
        0,
        0,
        0,
        0,
        0,
        0,
        0,
        0,
        0,
        0,
        0,
        0
      ]
    }
  ]
}
