{
  "results": [
    {
      "command": "out/20220731101132/contention 128 10000",
      "mean": 0.0054021321,
      "stddev": 0.00012640158629407687,
      "median": 0.00540087934,
      "user": 0.0090866,
      "system": 0.005195199999999999,
      "min": 0.005081857340000001,
      "max": 0.00579703334,
      "times": [
        0.00522706434,
        0.00519403134,
        0.00542290334,
        0.00579703334,
        0.005378871340000001,
        0.005342613340000002,
        0.00536217634,
        0.00538298534,
        0.005189591340000001,
        0.005404261340000001,
        0.00549735034,
        0.005081857340000001,
        0.005189481340000001,
        0.005400115340000001,
        0.00530645834,
        0.005479367340000001,
        0.005492022340000001,
        0.0055754023400000005,
        0.005385034340000001,
        0.0054408873400000005,
        0.005317831340000001,
        0.005262175340000001,
        0.005790144340000001,
        0.00545802334,
        0.00529590534,
        0.0053261073400000004,
        0.005390639340000001,
        0.005333435340000001,
        0.0052755523400000014,
        0.00534443834,
        0.00544254934,
        0.0052952493400000005,
        0.00549371834,
        0.00541521834,
        0.005400214340000001,
        0.00551423834,
        0.005251085340000001,
        0.005429526340000001,
        0.005370608340000001,
        0.00542939934,
        0.00560465634,
        0.00534877934,
        0.00534826134,
        0.005332651340000001,
        0.005397261340000001,
        0.0053021373400000005,
        0.00554769534,
        0.00548269134,
        0.00554143834,
        0.005321649340000002,
        0.005418337340000001,
        0.00526046334,
        0.005284870340000001,
        0.0054325723400000005,
        0.005372378340000001,
        0.0053913493400000005,
        0.0053719093400000015,
        0.00530214134,
        0.005675093340000001,
        0.005618770340000001,
        0.00559647034,
        0.00546559334,
        0.00540617134,
        0.00540154434,
        0.005203784340000002,
        0.005346754340000001,
        0.0055059383400000005,
        0.00566322434,
        0.00569089534,
        0.005383673340000001,
        0.005343339340000001,
        0.00516061634,
        0.00525755634,
        0.00519384034,
        0.00541216534,
        0.00542022434,
        0.00536489834,
        0.00542172434,
        0.00530374334,
        0.005459029340000001,
        0.005446673340000001,
        0.005465967340000001,
        0.00541863634,
        0.00551266234,
        0.00551596834,
        0.00543127534,
        0.0054583613400000005,
        0.00544132734,
        0.005478761340000001,
        0.00545953934,
        0.005451732340000001,
        0.005229412340000001,
        0.005362385340000001,
        0.005375393340000001,
        0.0054446973400000005,
        0.005481733340000001,
        0.005297944340000001,
        0.00525476534,
        0.0055182183400000005,
        0.005425894340000001
      ],
      "exit_codes": [
        0,
        0,
        0,
        0,
        0,
        0,
        0,
        0,
        0,
        0,
        0,
        0,
        0,
        0,
        0,
        0,
        0,
        0,
        0,
        0,
        0,
        0,
        0,
        0,
        0,
        0,
        0,
        0,
        0,
        0,
        0,
        0,
        0,
        0,
        0,
        0,
        0,
        0,
        0,
        0,
        0,
        0,
        0,
        0,
        0,
        0,
        0,
        0,
        0,
        0,
        0,
        0,
        0,
        0,
        0,
        0,
        0,
        0,
        0,
        0,
        0,
        0,
        0,
        0,
        0,
        0,
        0,
        0,
        0,
        0,
        0,
        0,
        0,
        0,
        0,
        0,
        0,
        0,
        0,
        0,
        0,
        0,
        0,
        0,
        0,
        0,
        0,
        0,
        0,
        0,
        0,
        0,
        0,
        0,
        0,
        0,
        0,
        0,
        0,
        0
      ]
    }
  ]
}
