{
  "results": [
    {
      "command": "out/20220731101132/contention 8 1000000",
      "mean": 0.10983612950000005,
      "stddev": 0.001735549822139642,
      "median": 0.10986668928,
      "user": 0.7474192399999998,
      "system": 0.004080750000000001,
      "min": 0.10460727828000001,
      "max": 0.11573859728000001,
      "times": [
        0.10460727828000001,
        0.10778550628,
        0.10711698928,
        0.10672134928,
        0.10922634828,
        0.10792655028,
        0.10820283028,
        0.10935353428,
        0.10772342028,
        0.10789662128000001,
        0.10998444928000001,
        0.11257065328,
        0.11110433128,
        0.11012737128,
        0.11046022328,
        0.10738909728,
        0.10657906128,
        0.10791815728,
        0.10757134428,
        0.10836515428,
        0.10898377728,
        0.10693820128,
        0.10835012028,
        0.10841036528,
        0.11230746828,
        0.10713940928,
        0.10892068328,
        0.10844091828,
        0.10901923728,
        0.11074407628,
        0.10793916228,
        0.10974668928,
        0.11234733028,
        0.10857263828,
        0.11195129028,
        0.10961072828,
        0.10935138928,
        0.11501719728,
        0.11246728528,
        0.10819702528,
        0.11002395728,
        0.10990699128,
        0.10932474328,
        0.10773897528,
        0.10983301928,
        0.11015720428,
        0.11083206528,
        0.10914798028,
        0.10973864428,
        0.10869861928,
        0.11238880628,
        0.11212338228,
        0.11119139228,
        0.11031622028,
        0.10954692528,
        0.10873234528,
        0.10982636728,
        0.10842461228,
        0.10986573228,
        0.10990125728,
        0.11030308628,
        0.10983239828000001,
        0.10949543328,
        0.11217914428,
        0.11064802028,
        0.11065600528,
        0.10965730628,
        0.10891523128,
        0.11054211128000001,
        0.10887782128,
        0.10927747628000001,
        0.11006250028,
        0.11110244228,
        0.11050818028,
        0.11029348928,
        0.11005270528,
        0.11054120428,
        0.11020532228,
        0.10992429828,
        0.11091250628,
        0.11115990628,
        0.11042828328,
        0.10899411928,
        0.10919640128000001,
        0.11325377228,
        0.11000676928,
        0.10927613028,
        0.10986764628,
        0.10994950028,
        0.11037583228,
        0.11144812528,
        0.11094875628,
        0.11094093328,
        0.10984087028,
        0.11036529028,
        0.11098405528000001,
        0.11145647528,
        0.11104085428,
        0.11354944528000001,
        0.11573859728000001
      ],
      "exit_codes": [
        0,
        0,
        0,
        0,
        0,
        0,
        0,
        0,
        0,
        0,
        0,
        0,
        0,
        0,
        0,
        0,
        0,
        0,
        0,
        0,
        0,
        0,
        0,
        0,
        0,
        0,
        0,
        0,
        0,
        0,
        0,
        0,
        0,
        0,
        0,
        0,
        0,
        0,
        0,
        0,
        0,
        0,
        0,
        0,
        0,
        0,
        0,
        0,
        0,
        0,
        0,
        0,
        0,
        0,
        0,
        0,
        0,
        0,
        0,
        0,
        0,
        0,
        0,
        0,
        0,
        0,
        0,
        0,
        0,
        0,
        0,
        0,
        0,
        0,
        0,
        0,
        0,
        0,
        0,
        0,
        0,
        0,
        0,
        0,
        0,
        0,
        0,
        0,
        0,
        0,
        0,
        0,
        0,
        0,
        0,
        0,
        0,
        0,
        0,
        0
      ]
    }
  ]
}
