{
  "results": [
    {
      "command": "out/20220731101132/contention 32 10",
      "mean": 0.0034461838199999987,
      "stddev": 0.0001717765236448141,
      "median": 0.0034542800800000007,
      "user": 0.0024359599999999996,
      "system": 0.003937530000000001,
      "min": 0.0030145315800000003,
      "max": 0.0040329295800000005,
      "times": [
        0.003643141580000001,
        0.003583505580000001,
        0.0034879325800000003,
        0.0034828995800000005,
        0.0034422185800000006,
        0.0034210525800000002,
        0.0034957145800000007,
        0.003523749580000001,
        0.0036914795800000004,
        0.0035564205800000005,
        0.003052961580000001,
        0.0030145315800000003,
        0.0035447205800000006,
        0.003542778580000001,
        0.0034129575800000006,
        0.0034179575800000004,
        0.0035142645800000007,
        0.0040329295800000005,
        0.0034086155800000005,
        0.003206303580000001,
        0.003336962580000001,
        0.0035345275800000003,
        0.003508409580000001,
        0.0034377285800000004,
        0.0036527995800000003,
        0.0032244145800000004,
        0.00308470758,
        0.003192522580000001,
        0.0035316075800000003,
        0.0034452655800000006,
        0.0034746785800000004,
        0.0034796435800000004,
        0.0035403065800000003,
        0.003712559580000001,
        0.0036223925800000006,
        0.0034162355800000004,
        0.003550955580000001,
        0.0034267175800000004,
        0.003503302580000001,
        0.0035140295800000004,
        0.003449603580000001,
        0.0035164515800000006,
        0.0035494645800000007,
        0.0031774335800000006,
        0.003155636580000001,
        0.0032253845800000007,
        0.003604283580000001,
        0.0034304215800000006,
        0.0034757145800000007,
        0.003595439580000001,
        0.003526011580000001,
        0.0034570015800000006,
        0.0031808435800000003,
        0.0031051005800000007,
        0.0033191055800000004,
        0.0035104925800000008,
        0.0034515585800000007,
        0.0034486235800000008,
        0.0035816545800000004,
        0.0036253495800000002,
        0.0035108445800000002,
        0.0034348825800000005,
        0.0034154495800000004,
        0.0034156835800000004,
        0.0034411065800000005,
        0.0034149355800000003,
        0.0036230325800000003,
        0.003560956580000001,
        0.0036554075800000006,
        0.0035683285800000002,
        0.003551690580000001,
        0.003647564580000001,
        0.0036738605800000004,
        0.003466087580000001,
        0.0035372165800000004,
        0.0036891115800000004,
        0.0036217025800000004,
        0.0032696085800000005,
        0.0031217095800000006,
        0.0030328045800000003,
        0.0036855915800000005,
        0.0037848435800000007,
        0.0033560585800000006,
        0.0034966085800000003,
        0.0034285105800000003,
        0.0032978475800000007,
        0.0033069375800000005,
        0.0033585255800000005,
        0.0033970605800000006,
        0.0032350035800000005,
        0.0033686815800000004,
        0.0032924545800000005,
        0.003380383580000001,
        0.0034081935800000006,
        0.0035032355800000007,
        0.0033287835800000004,
        0.0033204645800000007,
        0.0034026175800000004,
        0.0032501435800000008,
        0.0033129725800000003
      ],
      "exit_codes": [
        0,
        0,
        0,
        0,
        0,
        0,
        0,
        0,
        0,
        0,
        0,
        0,
        0,
        0,
        0,
        0,
        0,
        0,
        0,
        0,
        0,
        0,
        0,
        0,
        0,
        0,
        0,
        0,
        0,
        0,
        0,
        0,
        0,
        0,
        0,
        0,
        0,
        0,
        0,
        0,
        0,
        0,
        0,
        0,
        0,
        0,
        0,
        0,
        0,
        0,
        0,
        0,
        0,
        0,
        0,
        0,
        0,
        0,
        0,
        0,
        0,
        0,
        0,
        0,
        0,
        0,
        0,
        0,
        0,
        0,
        0,
        0,
        0,
        0,
        0,
        0,
        0,
        0,
        0,
        0,
        0,
        0,
        0,
        0,
        0,
        0,
        0,
        0,
        0,
        0,
        0,
        0,
        0,
        0,
        0,
        0,
        0,
        0,
        0,
        0
      ]
    }
  ]
}
