{
  "results": [
    {
      "command": "out/20220731101132/contention 2 10000",
      "mean": 0.005319001300000002,
      "stddev": 0.00019522702336704606,
      "median": 0.00527249528,
      "user": 0.00554328,
      "system": 0.0009936,
      "min": 0.00490852478,
      "max": 0.00607153778,
      "times": [
        0.00490963078,
        0.00505867578,
        0.00521851678,
        0.00529340378,
        0.00532017678,
        0.0054981907799999995,
        0.005555029780000001,
        0.00505166578,
        0.00521663278,
        0.00522102378,
        0.00551895978,
        0.00511549578,
        0.00511871478,
        0.00524701378,
        0.00525271978,
        0.00568883478,
        0.00527098978,
        0.00490852478,
        0.00527400078,
        0.00526412978,
        0.00547112278,
        0.00516668678,
        0.0055943137799999995,
        0.00528880978,
        0.00549572778,
        0.00543820178,
        0.00515554978,
        0.00522793478,
        0.00534063378,
        0.00545050778,
        0.00532388778,
        0.00534633678,
        0.00540207278,
        0.00527610378,
        0.00529448978,
        0.00557566178,
        0.00557160178,
        0.00607153778,
        0.0052961627800000004,
        0.00521457578,
        0.00576994278,
        0.005534447780000001,
        0.00517922078,
        0.00555270078,
        0.00509989278,
        0.00510890078,
        0.00523526578,
        0.00527471678,
        0.00553336578,
        0.00527413678,
        0.00601656478,
        0.00519834978,
        0.00530588978,
        0.00523335378,
        0.00525465178,
        0.00525873778,
        0.00540133578,
        0.005385306780000001,
        0.00517108978,
        0.0052386077800000005,
        0.00520381778,
        0.00534767778,
        0.00526970578,
        0.00526369678,
        0.00530177078,
        0.00521161078,
        0.00512981978,
        0.00540989078,
        0.0054377057800000005,
        0.0051736787800000005,
        0.00521508578,
        0.00518375078,
        0.005357107779999999,
        0.00525907978,
        0.0053196397800000005,
        0.00549056978,
        0.00532977478,
        0.0052578827800000005,
        0.00514035878,
        0.00524163978,
        0.0052887307800000005,
        0.00524096878,
        0.00511625378,
        0.00514829578,
        0.0052558807800000005,
        0.00526515478,
        0.00578934678,
        0.0053499127799999996,
        0.00537308478,
        0.00520825778,
        0.00513599178,
        0.00524600778,
        0.00516647678,
        0.00552490178,
        0.00541346978,
        0.00537120178,
        0.00534673078,
        0.00521127378,
        0.00508826378,
        0.00578493178
      ],
      "exit_codes": [
        0,
        0,
        0,
        0,
        0,
        0,
        0,
        0,
        0,
        0,
        0,
        0,
        0,
        0,
        0,
        0,
        0,
        0,
        0,
        0,
        0,
        0,
        0,
        0,
        0,
        0,
        0,
        0,
        0,
        0,
        0,
        0,
        0,
        0,
        0,
        0,
        0,
        0,
        0,
        0,
        0,
        0,
        0,
        0,
        0,
        0,
        0,
        0,
        0,
        0,
        0,
        0,
        0,
        0,
        0,
        0,
        0,
        0,
        0,
        0,
        0,
        0,
        0,
        0,
        0,
        0,
        0,
        0,
        0,
        0,
        0,
        0,
        0,
        0,
        0,
        0,
        0,
        0,
        0,
        0,
        0,
        0,
        0,
        0,
        0,
        0,
        0,
        0,
        0,
        0,
        0,
        0,
        0,
        0,
        0,
        0,
        0,
        0,
        0,
        0
      ]
    }
  ]
}
