{
  "results": [
    {
      "command": "out/20220731101132/contention 256 10",
      "mean": 0.00689416538,
      "stddev": 0.0001589987054217878,
      "median": 0.006878320320000001,
      "user": 0.0028796599999999987,
      "system": 0.00713688,
      "min": 0.006459037820000001,
      "max": 0.007519004820000001,
      "times": [
        0.0071948798200000014,
        0.007191735820000001,
        0.007028432820000001,
        0.006668883820000001,
        0.00700222782,
        0.00692503882,
        0.006843367820000001,
        0.00696256682,
        0.00681604582,
        0.006733782820000001,
        0.00689257882,
        0.006831273820000001,
        0.007101611820000001,
        0.00685288882,
        0.006789971820000001,
        0.00690963782,
        0.00684733182,
        0.0069966538200000004,
        0.00699410682,
        0.006750171820000001,
        0.00695875682,
        0.006885813820000001,
        0.006832749820000001,
        0.006928434820000001,
        0.0068325578200000014,
        0.00672203182,
        0.006869945820000001,
        0.00694392982,
        0.007179218820000001,
        0.006972768820000001,
        0.00677166582,
        0.006756980820000001,
        0.0067032388200000004,
        0.007062625820000001,
        0.0067713298200000015,
        0.0069223958200000015,
        0.006797317820000001,
        0.00671404882,
        0.00695165782,
        0.00677546882,
        0.00683253682,
        0.00682675382,
        0.006983934820000001,
        0.006669624820000001,
        0.0068009108200000005,
        0.006837204820000001,
        0.00699999982,
        0.00685387682,
        0.006883147820000001,
        0.007118469820000001,
        0.00728361282,
        0.006459037820000001,
        0.0065122648200000004,
        0.007519004820000001,
        0.006908669820000001,
        0.0069359808200000015,
        0.00687349282,
        0.006838049820000001,
        0.006640331820000001,
        0.006887395820000001,
        0.00685970082,
        0.00704228982,
        0.006816574820000001,
        0.006871570820000001,
        0.006805362820000001,
        0.0070222168200000015,
        0.00706288582,
        0.0070472148200000015,
        0.00705186382,
        0.00701270482,
        0.0070467718200000005,
        0.006974429820000001,
        0.00694346182,
        0.006948567820000001,
        0.0066934618200000014,
        0.006799485820000001,
        0.00696047682,
        0.00683346682,
        0.00691817382,
        0.00684004482,
        0.00667298482,
        0.0070395838200000005,
        0.00694797982,
        0.00681288182,
        0.00688924982,
        0.00673824682,
        0.007115090820000001,
        0.006883206820000001,
        0.0068547248200000015,
        0.00677348082,
        0.006670590820000001,
        0.0069756598200000006,
        0.006857951820000001,
        0.0069994848200000005,
        0.0068490678200000005,
        0.00676571982,
        0.006736926820000001,
        0.00695261682,
        0.00727298382,
        0.0067069498200000004
      ],
      "exit_codes": [
        0,
        0,
        0,
        0,
        0,
        0,
        0,
        0,
        0,
        0,
        0,
        0,
        0,
        0,
        0,
        0,
        0,
        0,
        0,
        0,
        0,
        0,
        0,
        0,
        0,
        0,
        0,
        0,
        0,
        0,
        0,
        0,
        0,
        0,
        0,
        0,
        0,
        0,
        0,
        0,
        0,
        0,
        0,
        0,
        0,
        0,
        0,
        0,
        0,
        0,
        0,
        0,
        0,
        0,
        0,
        0,
        0,
        0,
        0,
        0,
        0,
        0,
        0,
        0,
        0,
        0,
        0,
        0,
        0,
        0,
        0,
        0,
        0,
        0,
        0,
        0,
        0,
        0,
        0,
        0,
        0,
        0,
        0,
        0,
        0,
        0,
        0,
        0,
        0,
        0,
        0,
        0,
        0,
        0,
        0,
        0,
        0,
        0,
        0,
        0
      ]
    }
  ]
}
