{
  "results": [
    {
      "command": "out/20220731101132/contention 512 10",
      "mean": 0.011758934229999993,
      "stddev": 0.0003065896778423183,
      "median": 0.011790692140000001,
      "user": 0.00558863,
      "system": 0.016367470000000002,
      "min": 0.011000313640000002,
      "max": 0.012544375640000001,
      "times": [
        0.012209435640000002,
        0.01215089364,
        0.01189251564,
        0.01217727864,
        0.011810890640000002,
        0.01167903864,
        0.011369005640000002,
        0.011943142640000001,
        0.012152842640000001,
        0.011881255640000001,
        0.011793646640000002,
        0.01182783464,
        0.011779001640000002,
        0.011528520640000001,
        0.011832944640000002,
        0.011932863640000003,
        0.011880304640000002,
        0.011779978640000001,
        0.01178773764,
        0.01193596564,
        0.012117919640000002,
        0.01195793564,
        0.011944728640000003,
        0.01177694764,
        0.011796140640000001,
        0.011965024640000002,
        0.011672404640000002,
        0.01180995764,
        0.012174969640000002,
        0.012026826640000002,
        0.012087904640000001,
        0.01186457364,
        0.012014986640000003,
        0.011762745640000002,
        0.01194236664,
        0.01218944064,
        0.011952868640000003,
        0.012080631640000002,
        0.011675088640000001,
        0.012544375640000001,
        0.01205970164,
        0.011386183640000002,
        0.011609799640000001,
        0.012227601640000002,
        0.011661213640000001,
        0.011932391640000001,
        0.012218836640000001,
        0.011973773640000001,
        0.012178632640000003,
        0.011615448640000001,
        0.012201334640000002,
        0.01189658864,
        0.01207927764,
        0.012038755640000003,
        0.01187863564,
        0.012021323640000001,
        0.012046422640000002,
        0.01195595864,
        0.011735865640000002,
        0.011706851640000002,
        0.011877892640000002,
        0.011374649640000001,
        0.011456410640000001,
        0.01131932264,
        0.01138153264,
        0.01139749864,
        0.011640007640000002,
        0.01158768764,
        0.01121987064,
        0.011277755640000001,
        0.01203748164,
        0.01143474564,
        0.011000313640000002,
        0.011578599640000003,
        0.011709245640000001,
        0.011384126640000002,
        0.01136333564,
        0.01149038564,
        0.011515046640000002,
        0.01150990764,
        0.011436674640000002,
        0.011348876640000002,
        0.011639698640000001,
        0.011146374640000001,
        0.01146676664,
        0.011618010640000002,
        0.011414001640000001,
        0.011443554640000003,
        0.011853175640000001,
        0.01136982064,
        0.011535901640000002,
        0.01155578464,
        0.012113761640000002,
        0.011254808640000002,
        0.01135203764,
        0.01141224464,
        0.01135988164,
        0.012369279640000001,
        0.01170657164,
        0.011812846640000003
      ],
      "exit_codes": [
        0,
        0,
        0,
        0,
        0,
        0,
        0,
        0,
        0,
        0,
        0,
        0,
        0,
        0,
        0,
        0,
        0,
        0,
        0,
        0,
        0,
        0,
        0,
        0,
        0,
        0,
        0,
        0,
        0,
        0,
        0,
        0,
        0,
        0,
        0,
        0,
        0,
        0,
        0,
        0,
        0,
        0,
        0,
        0,
        0,
        0,
        0,
        0,
        0,
        0,
        0,
        0,
        0,
        0,
        0,
        0,
        0,
        0,
        0,
        0,
        0,
        0,
        0,
        0,
        0,
        0,
        0,
        0,
        0,
        0,
        0,
        0,
        0,
        0,
        0,
        0,
        0,
        0,
        0,
        0,
        0,
        0,
        0,
        0,
        0,
        0,
        0,
        0,
        0,
        0,
        0,
        0,
        0,
        0,
        0,
        0,
        0,
        0,
        0,
        0
      ]
    }
  ]
}
