{
  "results": [
    {
      "command": "out/20220731101132/contention 2 10",
      "mean": 0.0030393789699999997,
      "stddev": 0.0002720259573276561,
      "median": 0.0030505997199999995,
      "user": 0.00127498,
      "system": 0.0009755500000000005,
      "min": 0.00250944622,
      "max": 0.003963629219999999,
      "times": [
        0.0029020782199999993,
        0.0029930512199999996,
        0.0032032462199999994,
        0.0031117292199999993,
        0.00306430922,
        0.0030041662199999995,
        0.0031177582199999995,
        0.003118835219999999,
        0.0032035232199999993,
        0.003119293219999999,
        0.00316539722,
        0.00306901722,
        0.0030046622199999995,
        0.003088402219999999,
        0.0032610592199999997,
        0.002971648219999999,
        0.002978409219999999,
        0.0029437902199999995,
        0.0029420172199999995,
        0.0031373222199999992,
        0.0034909742199999995,
        0.0029212132199999993,
        0.002543726219999999,
        0.00250944622,
        0.0028246962199999994,
        0.0028987052199999992,
        0.0025741702199999993,
        0.0026218552199999997,
        0.002601029219999999,
        0.0031405032199999998,
        0.0027249852199999996,
        0.002539369219999999,
        0.0025697912199999996,
        0.0028600602199999998,
        0.0031357632199999993,
        0.0031240512199999996,
        0.003449185219999999,
        0.0032093302199999994,
        0.00396084222,
        0.002689954219999999,
        0.0027784522199999994,
        0.002707003219999999,
        0.00306682222,
        0.00313842022,
        0.0028423012199999998,
        0.0031381452199999997,
        0.00299488322,
        0.0027284802199999997,
        0.0027768342199999993,
        0.0028979812199999995,
        0.002981016219999999,
        0.0031272302199999995,
        0.0030140982199999993,
        0.0030131802199999994,
        0.0028385072199999992,
        0.002955764219999999,
        0.00316178522,
        0.003197466219999999,
        0.00290262922,
        0.003067611219999999,
        0.00311349122,
        0.00310241122,
        0.00291168422,
        0.0029916012199999995,
        0.0032122532199999995,
        0.0031728232199999995,
        0.00384365722,
        0.003027909219999999,
        0.003070462219999999,
        0.0029714762199999994,
        0.003111960219999999,
        0.0028784182199999993,
        0.0034906532199999994,
        0.003279035219999999,
        0.002568149219999999,
        0.0025851002199999995,
        0.0028754472199999993,
        0.0031215702199999993,
        0.00314853322,
        0.0030305932199999994,
        0.0028639582199999993,
        0.00299316122,
        0.0030513232199999994,
        0.003963629219999999,
        0.0032676362199999995,
        0.00309545222,
        0.0031827982199999993,
        0.0030805662199999994,
        0.0031133552199999995,
        0.0030498762199999995,
        0.0030152912199999994,
        0.002787478219999999,
        0.0031527192199999996,
        0.00325697722,
        0.003075636219999999,
        0.0034079802199999992,
        0.002889413219999999,
        0.0029021772199999993,
        0.003702697219999999,
        0.0034605632199999994
      ],
      "exit_codes": [
        0,
        0,
        0,
        0,
        0,
        0,
        0,
        0,
        0,
        0,
        0,
        0,
        0,
        0,
        0,
        0,
        0,
        0,
        0,
        0,
        0,
        0,
        0,
        0,
        0,
        0,
        0,
        0,
        0,
        0,
        0,
        0,
        0,
        0,
        0,
        0,
        0,
        0,
        0,
        0,
        0,
        0,
        0,
        0,
        0,
        0,
        0,
        0,
        0,
        0,
        0,
        0,
        0,
        0,
        0,
        0,
        0,
        0,
        0,
        0,
        0,
        0,
        0,
        0,
        0,
        0,
        0,
        0,
        0,
        0,
        0,
        0,
        0,
        0,
        0,
        0,
        0,
        0,
        0,
        0,
        0,
        0,
        0,
        0,
        0,
        0,
        0,
        0,
        0,
        0,
        0,
        0,
        0,
        0,
        0,
        0,
        0,
        0,
        0,
        0
      ]
    }
  ]
}
