{
  "results": [
    {
      "command": "out/20220731101132/contention 4 100",
      "mean": 0.0028027096900000007,
      "stddev": 0.00013987009436264509,
      "median": 0.00281064226,
      "user": 0.0011634999999999996,
      "system": 0.0009242599999999998,
      "min": 0.0025605402600000003,
      "max": 0.00321145126,
      "times": [
        0.0025687332600000004,
        0.0026604782600000002,
        0.00318192026,
        0.0029278552600000003,
        0.00299030026,
        0.00311568226,
        0.00260477626,
        0.00272191126,
        0.0027613482599999997,
        0.00270311526,
        0.0027962402600000004,
        0.0028582412600000003,
        0.00283629726,
        0.0028414562600000003,
        0.0025630612600000004,
        0.00273982326,
        0.0027785982600000004,
        0.0026853802600000005,
        0.0027515352599999997,
        0.0028062892600000003,
        0.00281458326,
        0.0027442712599999998,
        0.00271749126,
        0.00257934426,
        0.00285612126,
        0.00263239226,
        0.00265022926,
        0.0027084882600000005,
        0.00306399526,
        0.0028896212600000005,
        0.0031334952600000003,
        0.00285775426,
        0.00272273326,
        0.0025952442600000003,
        0.0028478052600000004,
        0.00259395126,
        0.00286749926,
        0.0026502662600000003,
        0.00280089426,
        0.00284547726,
        0.00282107126,
        0.0027646082600000003,
        0.0026518352600000002,
        0.0027387742600000005,
        0.00275400626,
        0.00257605726,
        0.0026308182600000003,
        0.00280533226,
        0.00282929926,
        0.00285984326,
        0.00286179126,
        0.0028183212599999998,
        0.00272784826,
        0.00273085726,
        0.00280029026,
        0.0028162632599999997,
        0.0027681442600000004,
        0.00321145126,
        0.0027539112599999998,
        0.00307675526,
        0.00288315226,
        0.00284884726,
        0.0029082852600000003,
        0.0028868742600000005,
        0.0028970972599999998,
        0.00298251526,
        0.0028334212600000003,
        0.00284274726,
        0.0029373452600000003,
        0.00300979726,
        0.00291285526,
        0.0028379802599999998,
        0.00283352526,
        0.0026121892600000003,
        0.0027224222599999998,
        0.00262114726,
        0.0028067012600000002,
        0.0028502502599999997,
        0.0030003112599999997,
        0.0029197542600000004,
        0.00298202726,
        0.0027343732600000003,
        0.0026110452600000005,
        0.0025605402600000003,
        0.00264334926,
        0.0028568482599999998,
        0.00273889426,
        0.00278915026,
        0.00283064026,
        0.00272536526,
        0.00289896726,
        0.0028921952600000004,
        0.00300446626,
        0.0028481032599999997,
        0.00262216426,
        0.00267352126,
        0.0029388362600000005,
        0.0028711572600000003,
        0.00262083926,
        0.0028192852599999998
      ],
      "exit_codes": [
        0,
        0,
        0,
        0,
        0,
        0,
        0,
        0,
        0,
        0,
        0,
        0,
        0,
        0,
        0,
        0,
        0,
        0,
        0,
        0,
        0,
        0,
        0,
        0,
        0,
        0,
        0,
        0,
        0,
        0,
        0,
        0,
        0,
        0,
        0,
        0,
        0,
        0,
        0,
        0,
        0,
        0,
        0,
        0,
        0,
        0,
        0,
        0,
        0,
        0,
        0,
        0,
        0,
        0,
        0,
        0,
        0,
        0,
        0,
        0,
        0,
        0,
        0,
        0,
        0,
        0,
        0,
        0,
        0,
        0,
        0,
        0,
        0,
        0,
        0,
        0,
        0,
        0,
        0,
        0,
        0,
        0,
        0,
        0,
        0,
        0,
        0,
        0,
        0,
        0,
        0,
        0,
        0,
        0,
        0,
        0,
        0,
        0,
        0,
        0
      ]
    }
  ]
}
