{
  "results": [
    {
      "command": "out/20220731101132/contention 32 100",
      "mean": 0.0035124747200000004,
      "stddev": 0.00021601216700305558,
      "median": 0.0035577764600000002,
      "user": 0.0027595700000000007,
      "system": 0.0037342599999999997,
      "min": 0.0029392059600000004,
      "max": 0.00397822196,
      "times": [
        0.00329364996,
        0.00342934496,
        0.0036319119600000008,
        0.0035524389600000007,
        0.00308244996,
        0.0033504019600000003,
        0.0036415659600000003,
        0.0037811959600000003,
        0.0033358279600000005,
        0.0034788079600000005,
        0.0034856039600000004,
        0.0037794829600000007,
        0.0035221749600000004,
        0.0030713069600000003,
        0.0031107979600000003,
        0.00367102996,
        0.00360701096,
        0.0036714329600000006,
        0.0037861849600000007,
        0.0037457439600000002,
        0.0035847049600000003,
        0.0035362289600000007,
        0.0034261749600000006,
        0.0034091119600000003,
        0.0031600159600000005,
        0.0032091619600000004,
        0.0036217769600000002,
        0.0034099979600000006,
        0.0033393659600000005,
        0.0036451759600000006,
        0.0037926449600000005,
        0.0031338959600000003,
        0.0031541529600000004,
        0.0035997349600000003,
        0.0035910389600000005,
        0.0035903519600000004,
        0.0037579819600000006,
        0.0034239009600000006,
        0.00312567196,
        0.0032928469600000004,
        0.0036425489600000007,
        0.0035663849600000006,
        0.00372926596,
        0.0036831229600000005,
        0.0035225789600000002,
        0.00366978296,
        0.0037152779600000004,
        0.0038375489600000006,
        0.0036196539600000005,
        0.0036341849600000004,
        0.00356966996,
        0.0034233279600000004,
        0.0037286469600000005,
        0.0038826329600000005,
        0.0037658329600000003,
        0.0035606279600000003,
        0.00365281296,
        0.00344652696,
        0.00346394996,
        0.0037024339600000007,
        0.0036532889600000003,
        0.0037822349600000007,
        0.00397822196,
        0.0032328929600000003,
        0.0031241699600000005,
        0.0033487319600000007,
        0.00355492496,
        0.00355288196,
        0.0035278799600000003,
        0.0036632119600000005,
        0.0037457119600000006,
        0.00358337396,
        0.00358912296,
        0.0037354299600000002,
        0.0034853649600000004,
        0.0033223119600000006,
        0.0035253219600000006,
        0.00366009996,
        0.00363960196,
        0.0034454339600000004,
        0.0030255639600000003,
        0.0030947609600000003,
        0.0035961339600000006,
        0.00359439296,
        0.00365923796,
        0.0036352969600000006,
        0.0037652899600000007,
        0.00321090096,
        0.0029392059600000004,
        0.00336103096,
        0.0036302729600000004,
        0.0034092219600000005,
        0.0033771909600000005,
        0.0034717729600000006,
        0.0038232899600000006,
        0.00352888096,
        0.0033277349600000007,
        0.0032724889600000005,
        0.00332318496,
        0.0034022899600000002
      ],
      "exit_codes": [
        0,
        0,
        0,
        0,
        0,
        0,
        0,
        0,
        0,
        0,
        0,
        0,
        0,
        0,
        0,
        0,
        0,
        0,
        0,
        0,
        0,
        0,
        0,
        0,
        0,
        0,
        0,
        0,
        0,
        0,
        0,
        0,
        0,
        0,
        0,
        0,
        0,
        0,
        0,
        0,
        0,
        0,
        0,
        0,
        0,
        0,
        0,
        0,
        0,
        0,
        0,
        0,
        0,
        0,
        0,
        0,
        0,
        0,
        0,
        0,
        0,
        0,
        0,
        0,
        0,
        0,
        0,
        0,
        0,
        0,
        0,
        0,
        0,
        0,
        0,
        0,
        0,
        0,
        0,
        0,
        0,
        0,
        0,
        0,
        0,
        0,
        0,
        0,
        0,
        0,
        0,
        0,
        0,
        0,
        0,
        0,
        0,
        0,
        0,
        0
      ]
    }
  ]
}
