{
  "results": [
    {
      "command": "out/20220731101132/contention 256 1000",
      "mean": 0.00724335022,
      "stddev": 0.00026918235057254254,
      "median": 0.007234139440000002,
      "user": 0.00509588,
      "system": 0.009648950000000003,
      "min": 0.006675333940000002,
      "max": 0.008367872940000002,
      "times": [
        0.007146580940000001,
        0.007249382940000002,
        0.006735282940000002,
        0.006786326940000002,
        0.0072786429400000015,
        0.007116876940000001,
        0.007188658940000002,
        0.007294320940000001,
        0.007061949940000001,
        0.007240131940000002,
        0.007177457940000001,
        0.007863798940000001,
        0.006860734940000002,
        0.006990752940000001,
        0.007236538940000002,
        0.007370976940000001,
        0.007138095940000002,
        0.007071869940000001,
        0.006675333940000002,
        0.007193592940000002,
        0.006928986940000001,
        0.007204843940000002,
        0.007748598940000002,
        0.0072250249400000015,
        0.006724254940000002,
        0.007181714940000002,
        0.0072817969400000016,
        0.0073524079400000015,
        0.006704726940000001,
        0.007023053940000001,
        0.007611925940000002,
        0.007164511940000002,
        0.007169639940000002,
        0.007185234940000002,
        0.007146488940000001,
        0.007262527940000001,
        0.007177201940000001,
        0.007442371940000001,
        0.007360411940000002,
        0.007357137940000001,
        0.007362598940000001,
        0.007441027940000001,
        0.007535348940000002,
        0.006936650940000002,
        0.006866963940000002,
        0.007261655940000002,
        0.007238260940000001,
        0.007311901940000002,
        0.007336804940000002,
        0.007283866940000001,
        0.007131096940000001,
        0.007937618940000002,
        0.007869372940000001,
        0.007411128940000001,
        0.007549013940000002,
        0.007048448940000002,
        0.007268558940000001,
        0.007198506940000002,
        0.0073133009400000015,
        0.007125468940000001,
        0.007054909940000001,
        0.007218094940000001,
        0.007035468940000001,
        0.007387483940000002,
        0.007193492940000002,
        0.006930428940000002,
        0.006848010940000001,
        0.007396376940000001,
        0.007494092940000002,
        0.006947139940000001,
        0.006767644940000001,
        0.007212348940000002,
        0.007050674940000001,
        0.0073509809400000015,
        0.007340630940000002,
        0.007159144940000002,
        0.007190445940000002,
        0.0071508249400000015,
        0.007749014940000002,
        0.007398898940000002,
        0.007059187940000001,
        0.007390846940000001,
        0.007329692940000002,
        0.007428851940000002,
        0.007254897940000001,
        0.007179743940000002,
        0.007236628940000002,
        0.008367872940000002,
        0.007561721940000002,
        0.006886198940000001,
        0.007468084940000001,
        0.007221241940000001,
        0.007215525940000002,
        0.007249642940000002,
        0.007539917940000002,
        0.007239763940000001,
        0.007322968940000002,
        0.007231739940000002,
        0.0073140029400000015,
        0.007602606940000001
      ],
      "exit_codes": [
        0,
        0,
        0,
        0,
        0,
        0,
        0,
        0,
        0,
        0,
        0,
        0,
        0,
        0,
        0,
        0,
        0,
        0,
        0,
        0,
        0,
        0,
        0,
        0,
        0,
        0,
        0,
        0,
        0,
        0,
        0,
        0,
        0,
        0,
        0,
        0,
        0,
        0,
        0,
        0,
        0,
        0,
        0,
        0,
        0,
        0,
        0,
        0,
        0,
        0,
        0,
        0,
        0,
        0,
        0,
        0,
        0,
        0,
        0,
        0,
        0,
        0,
        0,
        0,
        0,
        0,
        0,
        0,
        0,
        0,
        0,
        0,
        0,
        0,
        0,
        0,
        0,
        0,
        0,
        0,
        0,
        0,
        0,
        0,
        0,
        0,
        0,
        0,
        0,
        0,
        0,
        0,
        0,
        0,
        0,
        0,
        0,
        0,
        0,
        0
      ]
    }
  ]
}
