{
  "results": [
    {
      "command": "out/20220731101132/contention 2 100",
      "mean": 0.003029758219999999,
      "stddev": 0.00019081186104923014,
      "median": 0.00299853122,
      "user": 0.0013589099999999998,
      "system": 0.0009293000000000005,
      "min": 0.00257960022,
      "max": 0.0038895422199999997,
      "times": [
        0.00292352522,
        0.0030056472199999997,
        0.00297447422,
        0.0029646292200000003,
        0.0031580102199999997,
        0.00299192822,
        0.0029793342199999997,
        0.00302366422,
        0.0030941342199999997,
        0.0031104382199999996,
        0.00305226622,
        0.0030585752200000004,
        0.00290293422,
        0.00374230322,
        0.00305674322,
        0.00268523322,
        0.00257960022,
        0.0028414542199999998,
        0.0031177532200000004,
        0.00302355422,
        0.0028936212200000003,
        0.0029796922200000004,
        0.0028135692199999997,
        0.0029339292200000005,
        0.00298064722,
        0.0028967222200000004,
        0.0030996412199999998,
        0.00290247722,
        0.0028266192200000003,
        0.0030627212200000004,
        0.0030737502199999996,
        0.0030873632199999996,
        0.00305501522,
        0.0028875242200000002,
        0.0029148122199999997,
        0.00312766922,
        0.0031070392200000002,
        0.00302545922,
        0.00325015022,
        0.00323198522,
        0.0029875312200000003,
        0.0029390692200000003,
        0.0032514312200000004,
        0.00298823522,
        0.0028386612199999997,
        0.0028721182200000003,
        0.00287636722,
        0.00290630522,
        0.0031394522200000005,
        0.00310243922,
        0.00309837522,
        0.00294410222,
        0.0029971532200000002,
        0.0029440122199999997,
        0.0029356002200000004,
        0.0029479112199999997,
        0.0028555622200000003,
        0.00292271022,
        0.00306196922,
        0.0032287832200000002,
        0.0031539602200000003,
        0.00308847522,
        0.0030994422200000004,
        0.00298486422,
        0.00286850822,
        0.00299990922,
        0.0031749652199999996,
        0.0030646282200000002,
        0.0033657832200000002,
        0.00288093022,
        0.0028875252199999997,
        0.0028248212200000004,
        0.00313955822,
        0.00301518822,
        0.0030545592199999996,
        0.00285477822,
        0.00324560522,
        0.0031458792200000003,
        0.00292580322,
        0.00289878422,
        0.00280383322,
        0.0028956672199999998,
        0.0036354122199999997,
        0.0029065732200000004,
        0.00288915922,
        0.00296955722,
        0.00339947222,
        0.0030113242199999997,
        0.0028437682200000004,
        0.00325610722,
        0.00300684322,
        0.00287630622,
        0.0028275892199999997,
        0.00329359722,
        0.0038895422199999997,
        0.0029682742200000003,
        0.00301553522,
        0.00313611122,
        0.0032822312200000005,
        0.00312054922
      ],
      "exit_codes": [
        0,
        0,
        0,
        0,
        0,
        0,
        0,
        0,
        0,
        0,
        0,
        0,
        0,
        0,
        0,
        0,
        0,
        0,
        0,
        0,
        0,
        0,
        0,
        0,
        0,
        0,
        0,
        0,
        0,
        0,
        0,
        0,
        0,
        0,
        0,
        0,
        0,
        0,
        0,
        0,
        0,
        0,
        0,
        0,
        0,
        0,
        0,
        0,
        0,
        0,
        0,
        0,
        0,
        0,
        0,
        0,
        0,
        0,
        0,
        0,
        0,
        0,
        0,
        0,
        0,
        0,
        0,
        0,
        0,
        0,
        0,
        0,
        0,
        0,
        0,
        0,
        0,
        0,
        0,
        0,
        0,
        0,
        0,
        0,
        0,
        0,
        0,
        0,
        0,
        0,
        0,
        0,
        0,
        0,
        0,
        0,
        0,
        0,
        0,
        0
      ]
    }
  ]
}
