{
  "results": [
    {
      "command": "out/20220731101132/contention 4 1",
      "mean": 0.0030293615,
      "stddev": 0.00020533213394044534,
      "median": 0.0030060762200000003,
      "user": 0.0011269199999999994,
      "system": 0.0009317700000000004,
      "min": 0.0025661057200000005,
      "max": 0.0037597167200000003,
      "times": [
        0.0027983507200000004,
        0.00286991672,
        0.0029432507200000003,
        0.0032601327200000004,
        0.0031020847200000003,
        0.0029428547200000005,
        0.0029670637200000004,
        0.00307475572,
        0.00303624672,
        0.0030571537200000005,
        0.0036633037200000003,
        0.00272207372,
        0.00304475272,
        0.0025661057200000005,
        0.0028723017200000004,
        0.0030513597199999997,
        0.00299790072,
        0.0031303237200000006,
        0.0030269517200000005,
        0.00292571172,
        0.0027204927200000003,
        0.00282782372,
        0.00300864172,
        0.00300479372,
        0.0029284757200000004,
        0.00320934472,
        0.0029799337200000003,
        0.00304981972,
        0.0030194857200000003,
        0.0029761717200000003,
        0.00316503072,
        0.00313845572,
        0.0034248327199999998,
        0.0034065897200000004,
        0.0029573097200000006,
        0.0027862747199999998,
        0.00283830872,
        0.00344639772,
        0.00308697272,
        0.00308379072,
        0.0030695077200000006,
        0.0032134997200000005,
        0.00298474972,
        0.0029034067200000005,
        0.0030391807200000004,
        0.0036211887200000006,
        0.0037597167200000003,
        0.00289147372,
        0.00345541172,
        0.0030035147200000003,
        0.0026199627199999997,
        0.00282576072,
        0.0030445857200000004,
        0.00301915872,
        0.00288001272,
        0.0029672517200000003,
        0.00352479672,
        0.00316705872,
        0.0031784547200000004,
        0.0028139397200000003,
        0.00299951272,
        0.0030073587200000005,
        0.0029484277200000006,
        0.0027563717200000002,
        0.0029069447200000004,
        0.0030804367200000004,
        0.0029716877200000004,
        0.0031023977200000004,
        0.0029233257199999998,
        0.00311485972,
        0.00304186272,
        0.00294793972,
        0.0028457117200000005,
        0.0028944027200000005,
        0.0028881637199999997,
        0.00309395672,
        0.0032509077200000005,
        0.0032757677200000003,
        0.00329510772,
        0.00306781972,
        0.0029742387200000003,
        0.00276372972,
        0.00287479072,
        0.0030782107200000002,
        0.0028885697200000003,
        0.00301343872,
        0.00295455872,
        0.00305217472,
        0.00321822372,
        0.00307538172,
        0.0028635567200000003,
        0.00290932172,
        0.0031422727200000004,
        0.00295614072,
        0.00315162372,
        0.00304384972,
        0.0028474457200000003,
        0.00281997972,
        0.0028190607200000006,
        0.00298244372
      ],
      "exit_codes": [
        0,
        0,
        0,
        0,
        0,
        0,
        0,
        0,
        0,
        0,
        0,
        0,
        0,
        0,
        0,
        0,
        0,
        0,
        0,
        0,
        0,
        0,
        0,
        0,
        0,
        0,
        0,
        0,
        0,
        0,
        0,
        0,
        0,
        0,
        0,
        0,
        0,
        0,
        0,
        0,
        0,
        0,
        0,
        0,
        0,
        0,
        0,
        0,
        0,
        0,
        0,
        0,
        0,
        0,
        0,
        0,
        0,
        0,
        0,
        0,
        0,
        0,
        0,
        0,
        0,
        0,
        0,
        0,
        0,
        0,
        0,
        0,
        0,
        0,
        0,
        0,
        0,
        0,
        0,
        0,
        0,
        0,
        0,
        0,
        0,
        0,
        0,
        0,
        0,
        0,
        0,
        0,
        0,
        0,
        0,
        0,
        0,
        0,
        0,
        0
      ]
    }
  ]
}
