{
  "results": [
    {
      "command": "out/20220731101132/contention 16 10000",
      "mean": 0.00436412461,
      "stddev": 0.00021565384238392653,
      "median": 0.00435363902,
      "user": 0.009534759999999998,
      "system": 0.002608270000000001,
      "min": 0.00385698702,
      "max": 0.00523332202,
      "times": [
        0.00418885402,
        0.00434065602,
        0.00466615002,
        0.00431045802,
        0.00438801502,
        0.00423037502,
        0.00430372202,
        0.00433225902,
        0.00476467902,
        0.00465644502,
        0.00412046402,
        0.00440801202,
        0.00428556902,
        0.00414051802,
        0.00453467902,
        0.00426885802,
        0.00523332202,
        0.00385698702,
        0.0038973750199999997,
        0.00409315202,
        0.00436039302,
        0.00434660402,
        0.00446259102,
        0.00457371102,
        0.00439679102,
        0.00425911402,
        0.00453016702,
        0.00479557102,
        0.00430773602,
        0.00414967102,
        0.00470911002,
        0.00447996002,
        0.00388881702,
        0.0038766140200000004,
        0.00410189102,
        0.00449331102,
        0.00415866202,
        0.00427062402,
        0.00452639902,
        0.00425805902,
        0.00428754902,
        0.00447491902,
        0.00438087302,
        0.00432242702,
        0.00427492102,
        0.00442129702,
        0.00426876502,
        0.00422676902,
        0.00444431102,
        0.00437826502,
        0.00414733002,
        0.00436625802,
        0.00425354102,
        0.00428493502,
        0.00447271802,
        0.00432545602,
        0.00443903102,
        0.00455699402,
        0.00481643902,
        0.00438559902,
        0.00478367802,
        0.00401815002,
        0.00391498802,
        0.00414514502,
        0.00428949102,
        0.00418832502,
        0.00424789002,
        0.00447969302,
        0.00443533902,
        0.00455516202,
        0.00448428802,
        0.00447071402,
        0.00435548102,
        0.00449170702,
        0.00449943302,
        0.00449976602,
        0.00420138602,
        0.00438242102,
        0.0043344130199999996,
        0.00441303402,
        0.00430470502,
        0.00434981602,
        0.00449549102,
        0.0042089860199999996,
        0.00440203702,
        0.0041870480199999996,
        0.00427338402,
        0.00421049602,
        0.00430111402,
        0.00482228402,
        0.00440849102,
        0.00435179702,
        0.00436358002,
        0.00440911702,
        0.00426933502,
        0.00458124802,
        0.00439005502,
        0.00436031802,
        0.00470179402,
        0.00433611702
      ],
      "exit_codes": [
        0,
        0,
        0,
        0,
        0,
        0,
        0,
        0,
        0,
        0,
        0,
        0,
        0,
        0,
        0,
        0,
        0,
        0,
        0,
        0,
        0,
        0,
        0,
        0,
        0,
        0,
        0,
        0,
        0,
        0,
        0,
        0,
        0,
        0,
        0,
        0,
        0,
        0,
        0,
        0,
        0,
        0,
        0,
        0,
        0,
        0,
        0,
        0,
        0,
        0,
        0,
        0,
        0,
        0,
        0,
        0,
        0,
        0,
        0,
        0,
        0,
        0,
        0,
        0,
        0,
        0,
        0,
        0,
        0,
        0,
        0,
        0,
        0,
        0,
        0,
        0,
        0,
        0,
        0,
        0,
        0,
        0,
        0,
        0,
        0,
        0,
        0,
        0,
        0,
        0,
        0,
        0,
        0,
        0,
        0,
        0,
        0,
        0,
        0,
        0
      ]
    }
  ]
}
