{
  "results": [
    {
      "command": "out/20220731101132/contention 4 100000",
      "mean": 0.017187152070000003,
      "stddev": 0.0007965013278919148,
      "median": 0.01733079612,
      "user": 0.04811361,
      "system": 0.0012519399999999993,
      "min": 0.01402083312,
      "max": 0.01854423912,
      "times": [
        0.017970488120000003,
        0.01757264612,
        0.017191472120000002,
        0.01763168012,
        0.01758969212,
        0.017353121120000002,
        0.01781407112,
        0.01666330712,
        0.01740753812,
        0.018084527120000003,
        0.01806884312,
        0.01750576412,
        0.01819711412,
        0.01807006712,
        0.01797133412,
        0.01737549012,
        0.016975740120000003,
        0.017593003120000002,
        0.01815815912,
        0.01794496512,
        0.01660650412,
        0.01644180512,
        0.01608447312,
        0.01749391712,
        0.01808164312,
        0.01667469412,
        0.01705303612,
        0.018219231120000002,
        0.01787296412,
        0.01854423912,
        0.01623505812,
        0.017414421120000002,
        0.01632719712,
        0.01789376912,
        0.01569757512,
        0.016846048120000002,
        0.01798724212,
        0.01711244212,
        0.016110291120000002,
        0.01701561012,
        0.018275581120000002,
        0.01807130712,
        0.01639194412,
        0.01625678812,
        0.017076042120000003,
        0.01700627612,
        0.01740650112,
        0.01600753512,
        0.01655988112,
        0.01734244812,
        0.017415785120000003,
        0.01658652612,
        0.01731036112,
        0.017017610120000002,
        0.01823168612,
        0.01790992312,
        0.01677378412,
        0.01703306112,
        0.01735790912,
        0.01731914412,
        0.01684136612,
        0.01665900612,
        0.01662286412,
        0.01794347412,
        0.017272138120000002,
        0.016910056120000003,
        0.01649249712,
        0.01755108312,
        0.01750520812,
        0.01741785912,
        0.01654437512,
        0.01758121412,
        0.01758250712,
        0.01807299812,
        0.01818653812,
        0.01754097312,
        0.01679197912,
        0.01760400312,
        0.01728824312,
        0.018152328120000002,
        0.017177175120000002,
        0.01751147812,
        0.01710906812,
        0.01677611012,
        0.01629623612,
        0.01402083312,
        0.01707709912,
        0.01632003212,
        0.018033853120000002,
        0.016002441120000002,
        0.017859588120000002,
        0.01402694912,
        0.01659241212,
        0.01653839412,
        0.01617269712,
        0.01717131712,
        0.01803660912,
        0.01741244712,
        0.01614317012,
        0.01767530612
      ],
      "exit_codes": [
        0,
        0,
        0,
        0,
        0,
        0,
        0,
        0,
        0,
        0,
        0,
        0,
        0,
        0,
        0,
        0,
        0,
        0,
        0,
        0,
        0,
        0,
        0,
        0,
        0,
        0,
        0,
        0,
        0,
        0,
        0,
        0,
        0,
        0,
        0,
        0,
        0,
        0,
        0,
        0,
        0,
        0,
        0,
        0,
        0,
        0,
        0,
        0,
        0,
        0,
        0,
        0,
        0,
        0,
        0,
        0,
        0,
        0,
        0,
        0,
        0,
        0,
        0,
        0,
        0,
        0,
        0,
        0,
        0,
        0,
        0,
        0,
        0,
        0,
        0,
        0,
        0,
        0,
        0,
        0,
        0,
        0,
        0,
        0,
        0,
        0,
        0,
        0,
        0,
        0,
        0,
        0,
        0,
        0,
        0,
        0,
        0,
        0,
        0,
        0
      ]
    }
  ]
}
