{
  "results": [
    {
      "command": "out/20220731101132/contention 1024 1000",
      "mean": 0.025599751349999998,
      "stddev": 0.00043671680123948803,
      "median": 0.025513726940000002,
      "user": 0.010732839999999997,
      "system": 0.04169865,
      "min": 0.024496777940000002,
      "max": 0.02692394894,
      "times": [
        0.024496777940000002,
        0.02487130194,
        0.02550668994,
        0.02544296294,
        0.02525655594,
        0.02505642294,
        0.02546704294,
        0.025352129940000002,
        0.02537965194,
        0.02514478794,
        0.02584488394,
        0.025957904940000002,
        0.02503090494,
        0.02620976794,
        0.02531456994,
        0.02641340794,
        0.02567766394,
        0.02567488394,
        0.025119986940000002,
        0.02560964694,
        0.02562064294,
        0.02522722694,
        0.02529541394,
        0.02531533394,
        0.025849182940000003,
        0.025394716940000003,
        0.02536244994,
        0.02490549594,
        0.026121925940000002,
        0.025342552940000002,
        0.02692394894,
        0.02635129794,
        0.025252835940000003,
        0.025782577940000002,
        0.02551511994,
        0.026077030940000002,
        0.025427383940000003,
        0.02609040794,
        0.026231672940000002,
        0.02550280594,
        0.025659450940000002,
        0.02510334594,
        0.025766137940000003,
        0.025174003940000002,
        0.02643117894,
        0.02584097394,
        0.02583728394,
        0.02573681794,
        0.02544157894,
        0.025502790940000002,
        0.025770455940000003,
        0.02538704894,
        0.02593224694,
        0.02516339894,
        0.025648730940000003,
        0.02546017294,
        0.02574266494,
        0.02545700494,
        0.02492407994,
        0.02597828294,
        0.02538577594,
        0.026020495940000003,
        0.02490643394,
        0.02647684494,
        0.02480628894,
        0.02597466194,
        0.02577655594,
        0.02587083494,
        0.02595947094,
        0.025857659940000003,
        0.025661235940000002,
        0.02547762194,
        0.02631800494,
        0.025490240940000002,
        0.026137835940000003,
        0.025288942940000003,
        0.02554149094,
        0.025502551940000003,
        0.02522650094,
        0.02536223194,
        0.02528434194,
        0.02640472894,
        0.025174351940000003,
        0.02590573594,
        0.02576595594,
        0.02596964594,
        0.02542710394,
        0.02552081594,
        0.02492962194,
        0.025390510940000003,
        0.025937911940000002,
        0.025398725940000002,
        0.025167607940000003,
        0.02561595694,
        0.025804916940000002,
        0.025646926940000002,
        0.025512333940000003,
        0.025155518940000003,
        0.025747518940000002,
        0.026797599940000003
      ],
      "exit_codes": [
        0,
        0,
        0,
        0,
        0,
        0,
        0,
        0,
        0,
        0,
        0,
        0,
        0,
        0,
        0,
        0,
        0,
        0,
        0,
        0,
        0,
        0,
        0,
        0,
        0,
        0,
        0,
        0,
        0,
        0,
        0,
        0,
        0,
        0,
        0,
        0,
        0,
        0,
        0,
        0,
        0,
        0,
        0,
        0,
        0,
        0,
        0,
        0,
        0,
        0,
        0,
        0,
        0,
        0,
        0,
        0,
        0,
        0,
        0,
        0,
        0,
        0,
        0,
        0,
        0,
        0,
        0,
        0,
        0,
        0,
        0,
        0,
        0,
        0,
        0,
        0,
        0,
        0,
        0,
        0,
        0,
        0,
        0,
        0,
        0,
        0,
        0,
        0,
        0,
        0,
        0,
        0,
        0,
        0,
        0,
        0,
        0,
        0,
        0,
        0
      ]
    }
  ]
}
