{
  "results": [
    {
      "command": "out/20220731101132/contention 1 1",
      "mean": 0.00301987222,
      "stddev": 0.00025770849561101267,
      "median": 0.00298319408,
      "user": 0.00110484,
      "system": 0.00084402,
      "min": 0.00268111458,
      "max": 0.00446975858,
      "times": [
        0.0029193865800000002,
        0.00331078558,
        0.0029586155800000002,
        0.00278557058,
        0.0028475475799999996,
        0.00289336258,
        0.0027373715799999996,
        0.0029427445799999996,
        0.00300431758,
        0.00304633658,
        0.0032300035800000002,
        0.00298379558,
        0.00313685558,
        0.00383978358,
        0.0040707645800000004,
        0.0030328065799999997,
        0.00312580458,
        0.00317802258,
        0.00302527558,
        0.0031750795799999998,
        0.00286865258,
        0.00280441758,
        0.00282971058,
        0.0030286545800000003,
        0.00291513558,
        0.00302872558,
        0.00275689958,
        0.00283360258,
        0.0028881655799999997,
        0.0027630455800000003,
        0.0028009545800000003,
        0.00284568958,
        0.0030280215800000004,
        0.0030105885799999997,
        0.00268111458,
        0.0029144675800000003,
        0.0030919125800000003,
        0.00323185158,
        0.00307289358,
        0.00293881358,
        0.0030967605800000003,
        0.00273904358,
        0.00284827658,
        0.00283363758,
        0.0031621145799999996,
        0.0029736505800000003,
        0.0032241645799999997,
        0.00318340558,
        0.0031082655799999997,
        0.0030404925800000004,
        0.0032392755799999996,
        0.00305513958,
        0.0028760835799999996,
        0.0028356515799999996,
        0.00299700658,
        0.0028779635799999997,
        0.00317341958,
        0.00283481358,
        0.00446975858,
        0.00371161958,
        0.00298554558,
        0.00301864558,
        0.00292848458,
        0.0027375595800000004,
        0.0029242655799999995,
        0.00294748458,
        0.0028920315799999996,
        0.0030815355799999997,
        0.0029928165799999996,
        0.0029543685799999996,
        0.00271436858,
        0.0028697855799999995,
        0.0029247765800000003,
        0.0030241855800000003,
        0.00314049558,
        0.0029518985800000004,
        0.0030538355800000003,
        0.00286371558,
        0.00282477858,
        0.00298259258,
        0.0030069715799999996,
        0.00313833658,
        0.0030101865799999996,
        0.00336362258,
        0.0030094915800000003,
        0.0032777465799999996,
        0.00305110858,
        0.00273630158,
        0.00297687258,
        0.00302703158,
        0.0029649675799999996,
        0.00296289358,
        0.0029596265799999998,
        0.0029863835800000003,
        0.00303367258,
        0.0032918675800000003,
        0.0027663225799999997,
        0.00282419158,
        0.00296034158,
        0.0029680225799999997
      ],
      "exit_codes": [
        0,
        0,
        0,
        0,
        0,
        0,
        0,
        0,
        0,
        0,
        0,
        0,
        0,
        0,
        0,
        0,
        0,
        0,
        0,
        0,
        0,
        0,
        0,
        0,
        0,
        0,
        0,
        0,
        0,
        0,
        0,
        0,
        0,
        0,
        0,
        0,
        0,
        0,
        0,
        0,
        0,
        0,
        0,
        0,
        0,
        0,
        0,
        0,
        0,
        0,
        0,
        0,
        0,
        0,
        0,
        0,
        0,
        0,
        0,
        0,
        0,
        0,
        0,
        0,
        0,
        0,
        0,
        0,
        0,
        0,
        0,
        0,
        0,
        0,
        0,
        0,
        0,
        0,
        0,
        0,
        0,
        0,
        0,
        0,
        0,
        0,
        0,
        0,
        0,
        0,
        0,
        0,
        0,
        0,
        0,
        0,
        0,
        0,
        0,
        0
      ]
    }
  ]
}
