{
  "results": [
    {
      "command": "out/20220731101132/contention 2 1000000",
      "mean": 0.20863123662999997,
      "stddev": 0.0022806486649447023,
      "median": 0.2083419701,
      "user": 0.39811707999999996,
      "system": 0.0031096799999999996,
      "min": 0.20725393560000002,
      "max": 0.23018385660000001,
      "times": [
        0.20725393560000002,
        0.20970458460000002,
        0.2075091376,
        0.2086946926,
        0.2085792106,
        0.20862775760000002,
        0.2084790426,
        0.2114363686,
        0.20926581660000002,
        0.20925030860000002,
        0.2083614276,
        0.2093393426,
        0.20807128760000002,
        0.20803400060000002,
        0.2082277126,
        0.23018385660000001,
        0.2090910226,
        0.20859173360000002,
        0.2081066376,
        0.2086333146,
        0.20850188260000002,
        0.2103461896,
        0.2080990556,
        0.2085702516,
        0.2102287116,
        0.20853042360000001,
        0.2077675086,
        0.2088384966,
        0.2084420086,
        0.2075829496,
        0.20883294160000002,
        0.2075409366,
        0.20837238060000002,
        0.20774445860000001,
        0.2080856576,
        0.2084090656,
        0.2084992846,
        0.20808688960000002,
        0.2080237826,
        0.20808097560000002,
        0.2082984356,
        0.21016235860000002,
        0.2080386176,
        0.2079633076,
        0.2082108806,
        0.20783535560000002,
        0.20854100560000002,
        0.2076778386,
        0.20782422760000002,
        0.20792079260000002,
        0.20746338260000002,
        0.20843930260000001,
        0.20855693660000002,
        0.20820591160000002,
        0.2078650876,
        0.2077888846,
        0.20845606760000002,
        0.2081927456,
        0.2081894366,
        0.2083593786,
        0.20823922960000002,
        0.20761816760000001,
        0.2075120856,
        0.20890433860000002,
        0.2078830606,
        0.20806880660000002,
        0.2088298536,
        0.2085755886,
        0.2085453686,
        0.20816993860000002,
        0.20833341260000002,
        0.20811425460000002,
        0.2092639336,
        0.20776395460000002,
        0.2082862916,
        0.2083057606,
        0.2079678646,
        0.2088125506,
        0.2075939976,
        0.20864979060000002,
        0.20799403260000002,
        0.2083505276,
        0.2080818416,
        0.20997705760000002,
        0.20849952260000001,
        0.2088320296,
        0.2083176226,
        0.20863229360000002,
        0.2090741476,
        0.2086447156,
        0.2078870016,
        0.2093636386,
        0.20774355360000002,
        0.2085741526,
        0.2086006866,
        0.2076791366,
        0.2090896436,
        0.2078828536,
        0.2089654096,
        0.2074805506
      ],
      "exit_codes": [
        0,
        0,
        0,
        0,
        0,
        0,
        0,
        0,
        0,
        0,
        0,
        0,
        0,
        0,
        0,
        0,
        0,
        0,
        0,
        0,
        0,
        0,
        0,
        0,
        0,
        0,
        0,
        0,
        0,
        0,
        0,
        0,
        0,
        0,
        0,
        0,
        0,
        0,
        0,
        0,
        0,
        0,
        0,
        0,
        0,
        0,
        0,
        0,
        0,
        0,
        0,
        0,
        0,
        0,
        0,
        0,
        0,
        0,
        0,
        0,
        0,
        0,
        0,
        0,
        0,
        0,
        0,
        0,
        0,
        0,
        0,
        0,
        0,
        0,
        0,
        0,
        0,
        0,
        0,
        0,
        0,
        0,
        0,
        0,
        0,
        0,
        0,
        0,
        0,
        0,
        0,
        0,
        0,
        0,
        0,
        0,
        0,
        0,
        0,
        0
      ]
    }
  ]
}
