{
  "results": [
    {
      "command": "out/20220731101132/contention 4 10000",
      "mean": 0.00434156458,
      "stddev": 0.00017427004280341077,
      "median": 0.0043410064600000004,
      "user": 0.00575803,
      "system": 0.0009388599999999996,
      "min": 0.00391309196,
      "max": 0.00494398496,
      "times": [
        0.003919786959999999,
        0.004126218960000001,
        0.00458841496,
        0.004383314960000001,
        0.0044999429599999995,
        0.0042380219599999994,
        0.004401658960000001,
        0.00420020196,
        0.004336633960000001,
        0.00425319696,
        0.00440551696,
        0.004276615960000001,
        0.004404713960000001,
        0.004215185959999999,
        0.0042607539600000004,
        0.004267442959999999,
        0.004458637959999999,
        0.00426492396,
        0.004753407960000001,
        0.004318295959999999,
        0.00415564096,
        0.004397287959999999,
        0.00419592796,
        0.00406908596,
        0.004252829959999999,
        0.00442314196,
        0.00467945296,
        0.00458874196,
        0.0044620929600000005,
        0.004299886960000001,
        0.004045301960000001,
        0.00440645296,
        0.00391309196,
        0.00439456196,
        0.00494398496,
        0.00428029196,
        0.00407538296,
        0.004398520960000001,
        0.00429484196,
        0.00435294596,
        0.00443316996,
        0.00436644496,
        0.00420299696,
        0.004296517959999999,
        0.0043080659599999994,
        0.00431450396,
        0.0043576269599999995,
        0.00443297596,
        0.00464198396,
        0.00448840096,
        0.004327557960000001,
        0.0042602989600000005,
        0.00414166396,
        0.00431011796,
        0.0042926649599999995,
        0.00441909496,
        0.00474712396,
        0.00440893696,
        0.00419645596,
        0.00434537896,
        0.00436890996,
        0.004146137960000001,
        0.00436195596,
        0.00402805296,
        0.0044637689599999995,
        0.0044779849600000005,
        0.004238097959999999,
        0.00452805696,
        0.00450204396,
        0.0045092809600000006,
        0.00446385096,
        0.004444129959999999,
        0.004374171960000001,
        0.00436016396,
        0.00425828896,
        0.0046632639600000005,
        0.0043044339599999995,
        0.00437886996,
        0.004231470960000001,
        0.004416581960000001,
        0.004429246960000001,
        0.00442990496,
        0.004169039960000001,
        0.00407562396,
        0.004297450960000001,
        0.0044692729599999995,
        0.00426524096,
        0.00431160496,
        0.00396426196,
        0.00424836596,
        0.00448822496,
        0.00441469796,
        0.00455725496,
        0.00433021296,
        0.004401331959999999,
        0.00430082696,
        0.003967476960000001,
        0.004263768960000001,
        0.00429267396,
        0.004466119960000001
      ],
      "exit_codes": [
        0,
        0,
        0,
        0,
        0,
        0,
        0,
        0,
        0,
        0,
        0,
        0,
        0,
        0,
        0,
        0,
        0,
        0,
        0,
        0,
        0,
        0,
        0,
        0,
        0,
        0,
        0,
        0,
        0,
        0,
        0,
        0,
        0,
        0,
        0,
        0,
        0,
        0,
        0,
        0,
        0,
        0,
        0,
        0,
        0,
        0,
        0,
        0,
        0,
        0,
        0,
        0,
        0,
        0,
        0,
        0,
        0,
        0,
        0,
        0,
        0,
        0,
        0,
        0,
        0,
        0,
        0,
        0,
        0,
        0,
        0,
        0,
        0,
        0,
        0,
        0,
        0,
        0,
        0,
        0,
        0,
        0,
        0,
        0,
        0,
        0,
        0,
        0,
        0,
        0,
        0,
        0,
        0,
        0,
        0,
        0,
        0,
        0,
        0,
        0
      ]
    }
  ]
}
