{
  "results": [
    {
      "command": "out/20220731101132/contention 1024 100",
      "mean": 0.02432318414000001,
      "stddev": 0.0007437779738993665,
      "median": 0.0244412866,
      "user": 0.009285340000000001,
      "system": 0.03914569,
      "min": 0.0227314506,
      "max": 0.025630549600000004,
      "times": [
        0.0243015286,
        0.022732001600000003,
        0.024804180600000003,
        0.0245981626,
        0.0246558316,
        0.0246144486,
        0.023627061600000002,
        0.025414583600000002,
        0.024121011600000002,
        0.024777498600000003,
        0.024135196600000002,
        0.025251325600000003,
        0.0232318026,
        0.024780056600000003,
        0.0241712556,
        0.0248623356,
        0.024844117600000003,
        0.023735943600000003,
        0.024161790600000004,
        0.023389477600000003,
        0.0235236856,
        0.023019230600000003,
        0.0248605276,
        0.024023379600000002,
        0.0249414706,
        0.024076366600000003,
        0.024997203600000004,
        0.022964790600000003,
        0.0256213736,
        0.0234958366,
        0.024959404600000002,
        0.0236896886,
        0.0248278416,
        0.024299408600000003,
        0.024076690600000002,
        0.024739283600000002,
        0.024010460600000002,
        0.0252432886,
        0.024329602600000003,
        0.024819590600000004,
        0.023844705600000002,
        0.025492142600000003,
        0.023390756600000003,
        0.0238984726,
        0.0250839266,
        0.024654833600000002,
        0.0248721746,
        0.0250845716,
        0.0242625916,
        0.0238018626,
        0.0252815516,
        0.0236461126,
        0.0244814006,
        0.023654809600000003,
        0.025184882600000003,
        0.023343739600000003,
        0.0252876466,
        0.0231541596,
        0.024899012600000003,
        0.025255907600000002,
        0.023326004600000002,
        0.024199311600000002,
        0.0233679346,
        0.025486811600000003,
        0.023425592600000003,
        0.023342858600000002,
        0.0227930946,
        0.025581392600000002,
        0.024649942600000002,
        0.0249832286,
        0.023941531600000003,
        0.0248728136,
        0.0234724216,
        0.0246074636,
        0.024255832600000003,
        0.0227314506,
        0.024447618600000002,
        0.024669173600000004,
        0.0247555796,
        0.0242117986,
        0.024794176600000002,
        0.025351259600000002,
        0.024812459600000003,
        0.0244723386,
        0.0246663496,
        0.0249970976,
        0.023765390600000002,
        0.0240587436,
        0.023400903600000002,
        0.024434954600000003,
        0.024495740600000003,
        0.023481830600000003,
        0.0239748546,
        0.025264910600000003,
        0.023125450600000003,
        0.025630549600000004,
        0.0231480506,
        0.0248995756,
        0.024310100600000002,
        0.0248078236
      ],
      "exit_codes": [
        0,
        0,
        0,
        0,
        0,
        0,
        0,
        0,
        0,
        0,
        0,
        0,
        0,
        0,
        0,
        0,
        0,
        0,
        0,
        0,
        0,
        0,
        0,
        0,
        0,
        0,
        0,
        0,
        0,
        0,
        0,
        0,
        0,
        0,
        0,
        0,
        0,
        0,
        0,
        0,
        0,
        0,
        0,
        0,
        0,
        0,
        0,
        0,
        0,
        0,
        0,
        0,
        0,
        0,
        0,
        0,
        0,
        0,
        0,
        0,
        0,
        0,
        0,
        0,
        0,
        0,
        0,
        0,
        0,
        0,
        0,
        0,
        0,
        0,
        0,
        0,
        0,
        0,
        0,
        0,
        0,
        0,
        0,
        0,
        0,
        0,
        0,
        0,
        0,
        0,
        0,
        0,
        0,
        0,
        0,
        0,
        0,
        0,
        0,
        0
      ]
    }
  ]
}
