{
  "results": [
    {
      "command": "out/20220731101132/contention 16 1000000",
      "mean": 0.11175884711000003,
      "stddev": 0.0028238762918539797,
      "median": 0.11090860964000002,
      "user": 0.7577763500000004,
      "system": 0.005913810000000003,
      "min": 0.10450569214000001,
      "max": 0.12239076314000001,
      "times": [
        0.10450569214000001,
        0.10802323114000001,
        0.10892837014000001,
        0.10879862914,
        0.10858753314000001,
        0.11130736514000002,
        0.10853519014000002,
        0.11130724514000001,
        0.10928089914000001,
        0.10922476814000001,
        0.11523530414000001,
        0.11935112414000001,
        0.10936364114000001,
        0.10954061014000001,
        0.11007454014000001,
        0.11019938714000001,
        0.11013597014000001,
        0.11019663114000001,
        0.11242342514,
        0.10966532914000002,
        0.11051285214,
        0.10895157214000001,
        0.10952077314000001,
        0.11114042914000001,
        0.10920921714000001,
        0.10958558014000001,
        0.11014806614000001,
        0.10954312614000002,
        0.11102784214000001,
        0.11004800314000002,
        0.10871038514,
        0.10981896914000001,
        0.11004990314000002,
        0.10920311414000002,
        0.11424374214,
        0.11058999214000001,
        0.11023322814000001,
        0.10994094714000001,
        0.11098685014000001,
        0.11042196714000001,
        0.11094787914000001,
        0.10951467714000002,
        0.11059844014,
        0.11092349614000001,
        0.10981767514000002,
        0.11090412814000002,
        0.11010543714000001,
        0.11007411214000001,
        0.11153109814,
        0.10974485814000001,
        0.10973081314000001,
        0.11040021614000001,
        0.11002065014000001,
        0.10928181714000001,
        0.11042959814000002,
        0.11033644714000002,
        0.11051505814000001,
        0.11097465114,
        0.11074270414000001,
        0.10978761214,
        0.11180465414000001,
        0.11074316214,
        0.10998566614000001,
        0.11329474314000001,
        0.11198381214000001,
        0.11064084714000001,
        0.11103267114000001,
        0.11127130914000001,
        0.11091309114000002,
        0.11292622514000002,
        0.11276930414000001,
        0.11417774714000001,
        0.11295010914,
        0.11366725214000001,
        0.11269731514,
        0.11278651414000002,
        0.11449698714,
        0.11321484414,
        0.11472955814000001,
        0.11299260114000001,
        0.11809542614000001,
        0.11347564414000001,
        0.11522058814000001,
        0.11274451414000002,
        0.11395959714000001,
        0.11408446314000001,
        0.11318632314000002,
        0.11275265114000001,
        0.11454123614000002,
        0.11587339314000002,
        0.11416887514000001,
        0.11324494314000001,
        0.11403812414000002,
        0.11787808514,
        0.11758649114000001,
        0.11708875314000002,
        0.11659495914000001,
        0.11672730714000001,
        0.11820134514000001,
        0.12239076314000001
      ],
      "exit_codes": [
        0,
        0,
        0,
        0,
        0,
        0,
        0,
        0,
        0,
        0,
        0,
        0,
        0,
        0,
        0,
        0,
        0,
        0,
        0,
        0,
        0,
        0,
        0,
        0,
        0,
        0,
        0,
        0,
        0,
        0,
        0,
        0,
        0,
        0,
        0,
        0,
        0,
        0,
        0,
        0,
        0,
        0,
        0,
        0,
        0,
        0,
        0,
        0,
        0,
        0,
        0,
        0,
        0,
        0,
        0,
        0,
        0,
        0,
        0,
        0,
        0,
        0,
        0,
        0,
        0,
        0,
        0,
        0,
        0,
        0,
        0,
        0,
        0,
        0,
        0,
        0,
        0,
        0,
        0,
        0,
        0,
        0,
        0,
        0,
        0,
        0,
        0,
        0,
        0,
        0,
        0,
        0,
        0,
        0,
        0,
        0,
        0,
        0,
        0,
        0
      ]
    }
  ]
}
