{
  "results": [
    {
      "command": "out/20220731101132/contention 256 100",
      "mean": 0.00678305716,
      "stddev": 0.00022017638484638776,
      "median": 0.0067435435,
      "user": 0.0029644899999999984,
      "system": 0.007105210000000001,
      "min": 0.0063821615000000005,
      "max": 0.0077182615,
      "times": [
        0.0063965555,
        0.006566731500000001,
        0.0065754575,
        0.0067085945,
        0.0071155625,
        0.006854958500000001,
        0.006583456500000001,
        0.0067202945,
        0.0066885325,
        0.006768524500000001,
        0.007102230500000001,
        0.0067573675,
        0.0068816104999999995,
        0.0065707795,
        0.006648662500000001,
        0.0067653005,
        0.0068548385,
        0.0066870435,
        0.0069708445,
        0.0066504055,
        0.0068541965,
        0.0068103734999999995,
        0.006646935500000001,
        0.0067222524999999995,
        0.0067451765,
        0.0066544445,
        0.0068414875,
        0.006782238500000001,
        0.0067353715,
        0.006670217500000001,
        0.006728518500000001,
        0.0069332445,
        0.0065950695,
        0.0067508255,
        0.0067429315,
        0.0066424485,
        0.0066851875,
        0.006953138500000001,
        0.0066882885,
        0.0067441555,
        0.006758828500000001,
        0.0066764835,
        0.006938818500000001,
        0.007239671500000001,
        0.0064842075,
        0.006645393500000001,
        0.0074169015,
        0.0068279645,
        0.0068899805,
        0.0070644435,
        0.0069058525,
        0.0066581135,
        0.006777041500000001,
        0.0067135605,
        0.006870534500000001,
        0.0068333405,
        0.0066124875,
        0.0066901715,
        0.0067674415000000005,
        0.007145137500000001,
        0.0065443385,
        0.0067442235,
        0.0066291035000000005,
        0.006548894500000001,
        0.006787521500000001,
        0.007169881500000001,
        0.0065428945,
        0.0074674765,
        0.006606971500000001,
        0.0067487035,
        0.006880467500000001,
        0.0067904535,
        0.0066130315,
        0.006613883500000001,
        0.0066491925,
        0.006982233500000001,
        0.007000590500000001,
        0.0075177475,
        0.0067826564999999995,
        0.0066247085,
        0.0069397915000000004,
        0.0067111935000000005,
        0.0065905405,
        0.006819410500000001,
        0.0077182615,
        0.0068930645000000006,
        0.0063821615000000005,
        0.0066804455,
        0.0066811335,
        0.0066087195000000005,
        0.0066380585,
        0.0068215715,
        0.0068200785,
        0.0066188555,
        0.006651919500000001,
        0.006710147500000001,
        0.0069414405,
        0.0067880865,
        0.0067391855,
        0.006596049500000001
      ],
      "exit_codes": [
        0,
        0,
        0,
        0,
        0,
        0,
        0,
        0,
        0,
        0,
        0,
        0,
        0,
        0,
        0,
        0,
        0,
        0,
        0,
        0,
        0,
        0,
        0,
        0,
        0,
        0,
        0,
        0,
        0,
        0,
        0,
        0,
        0,
        0,
        0,
        0,
        0,
        0,
        0,
        0,
        0,
        0,
        0,
        0,
        0,
        0,
        0,
        0,
        0,
        0,
        0,
        0,
        0,
        0,
        0,
        0,
        0,
        0,
        0,
        0,
        0,
        0,
        0,
        0,
        0,
        0,
        0,
        0,
        0,
        0,
        0,
        0,
        0,
        0,
        0,
        0,
        0,
        0,
        0,
        0,
        0,
        0,
        0,
        0,
        0,
        0,
        0,
        0,
        0,
        0,
        0,
        0,
        0,
        0,
        0,
        0,
        0,
        0,
        0,
        0
      ]
    }
  ]
}
