{
  "results": [
    {
      "command": "out/20220731101132/contention 4096 1000000",
      "mean": 0.25102376336999993,
      "stddev": 0.008226116870780396,
      "median": 0.25134085518000004,
      "user": 0.6335925800000001,
      "system": 0.3860073200000001,
      "min": 0.23233994018,
      "max": 0.27324893518000004,
      "times": [
        0.23233994018,
        0.23538917618000002,
        0.23557032418,
        0.23776327418,
        0.23736144018000002,
        0.23763324518,
        0.23863817618000002,
        0.24044243718000002,
        0.23779726918000002,
        0.23915699118,
        0.24268798218,
        0.24223930418,
        0.23944243818000002,
        0.23878099218,
        0.23912213518,
        0.23929456118,
        0.23981980518,
        0.24179296118000002,
        0.24068781118000002,
        0.23986414918,
        0.24128684118000002,
        0.24731628118,
        0.24651155318,
        0.24839363418,
        0.25134692518,
        0.25582923118,
        0.25581007718000004,
        0.25532098118,
        0.25394520118,
        0.25466236718,
        0.25905565218000004,
        0.24972769218000002,
        0.24906635318000003,
        0.24842802918,
        0.24772497718000003,
        0.24632554318000002,
        0.24822744818000003,
        0.24873982218000001,
        0.25020910418000003,
        0.24928768618000002,
        0.24577018818000002,
        0.24732974118,
        0.24727499218000001,
        0.25061457318,
        0.25054825018,
        0.25575982918,
        0.25822331618,
        0.25553994318,
        0.25645481918,
        0.25554716918000003,
        0.25611278118,
        0.25304598518,
        0.25477805718,
        0.25723820318,
        0.25624514118,
        0.25404079218000003,
        0.24730798218000002,
        0.24927934118,
        0.25055025518,
        0.25055116618,
        0.24848952018000003,
        0.25452504318,
        0.25493774818000003,
        0.25820936918000004,
        0.25588259518,
        0.25368160318,
        0.25508090618,
        0.25787841918000004,
        0.26181045518,
        0.25374602218000003,
        0.25264907418,
        0.25297542818,
        0.27324893518000004,
        0.27075556418,
        0.27103736018,
        0.26733979518,
        0.26275196418,
        0.25635371218,
        0.25304325018,
        0.26577849318,
        0.25777586118,
        0.25728118818,
        0.25459823618,
        0.25478197718,
        0.25133478518,
        0.25529852518,
        0.25411117318000004,
        0.25720502218,
        0.25848154018,
        0.25833728718,
        0.24990309918000003,
        0.24795232118,
        0.24642828018000001,
        0.24945144718,
        0.25480994018,
        0.24996894718,
        0.24990163718000002,
        0.25280519218,
        0.26022847918,
        0.26629379818000004
      ],
      "exit_codes": [
        0,
        0,
        0,
        0,
        0,
        0,
        0,
        0,
        0,
        0,
        0,
        0,
        0,
        0,
        0,
        0,
        0,
        0,
        0,
        0,
        0,
        0,
        0,
        0,
        0,
        0,
        0,
        0,
        0,
        0,
        0,
        0,
        0,
        0,
        0,
        0,
        0,
        0,
        0,
        0,
        0,
        0,
        0,
        0,
        0,
        0,
        0,
        0,
        0,
        0,
        0,
        0,
        0,
        0,
        0,
        0,
        0,
        0,
        0,
        0,
        0,
        0,
        0,
        0,
        0,
        0,
        0,
        0,
        0,
        0,
        0,
        0,
        0,
        0,
        0,
        0,
        0,
        0,
        0,
        0,
        0,
        0,
        0,
        0,
        0,
        0,
        0,
        0,
        0,
        0,
        0,
        0,
        0,
        0,
        0,
        0,
        0,
        0,
        0,
        0
      ]
    }
  ]
}
