{
  "results": [
    {
      "command": "out/20220731101132/contention 1 1000000",
      "mean": 0.39552184480999975,
      "stddev": 0.0024576136210226786,
      "median": 0.39501100229999997,
      "user": 0.39054096,
      "system": 0.00305726,
      "min": 0.3920341553,
      "max": 0.4064931743,
      "times": [
        0.3932731413,
        0.39290721230000003,
        0.3945715923,
        0.3939791763,
        0.3949483303,
        0.3937070643,
        0.3982523973,
        0.3971791623,
        0.3963087323,
        0.3954186533,
        0.3952199743,
        0.3968750163,
        0.3957990623,
        0.3930596443,
        0.3937722323,
        0.3980478373,
        0.39369739730000003,
        0.39451974430000003,
        0.3951593223,
        0.3960916513,
        0.3930598803,
        0.3957189193,
        0.3938966223,
        0.3953334873,
        0.3947049743,
        0.3992304583,
        0.3920341553,
        0.3937393973,
        0.3946805083,
        0.3949620153,
        0.3950410403,
        0.3937670803,
        0.3948049823,
        0.3922634363,
        0.3949595053,
        0.3935386253,
        0.3967223813,
        0.3962051873,
        0.3938823953,
        0.3954986203,
        0.39506910230000003,
        0.3930260343,
        0.3946888363,
        0.3934733443,
        0.4035754393,
        0.3964758503,
        0.4007087433,
        0.4056936873,
        0.3968941493,
        0.3959875883,
        0.3955898133,
        0.3967911473,
        0.3949809643,
        0.3986837573,
        0.3952954603,
        0.3988672243,
        0.3954984893,
        0.3955066553,
        0.3946243703,
        0.3950760813,
        0.3971589573,
        0.3957802533,
        0.3964843133,
        0.3934310423,
        0.3982247153,
        0.39402412130000003,
        0.3942595563,
        0.40032908030000003,
        0.3952452403,
        0.3925111483,
        0.3945771923,
        0.3939144803,
        0.3980377023,
        0.3934185153,
        0.4002542263,
        0.3947526003,
        0.3929889663,
        0.3942516363,
        0.3957774013,
        0.3946278423,
        0.3945217323,
        0.3934869283,
        0.3946487943,
        0.3966720563,
        0.3938231693,
        0.3960793223,
        0.3941295443,
        0.3941255653,
        0.3943594593,
        0.4064931743,
        0.39656298830000003,
        0.3945236303,
        0.3959109913,
        0.3939253313,
        0.3935341703,
        0.3956644343,
        0.3964419653,
        0.3954182823,
        0.3930189503,
        0.3954572463
      ],
      "exit_codes": [
        0,
        0,
        0,
        0,
        0,
        0,
        0,
        0,
        0,
        0,
        0,
        0,
        0,
        0,
        0,
        0,
        0,
        0,
        0,
        0,
        0,
        0,
        0,
        0,
        0,
        0,
        0,
        0,
        0,
        0,
        0,
        0,
        0,
        0,
        0,
        0,
        0,
        0,
        0,
        0,
        0,
        0,
        0,
        0,
        0,
        0,
        0,
        0,
        0,
        0,
        0,
        0,
        0,
        0,
        0,
        0,
        0,
        0,
        0,
        0,
        0,
        0,
        0,
        0,
        0,
        0,
        0,
        0,
        0,
        0,
        0,
        0,
        0,
        0,
        0,
        0,
        0,
        0,
        0,
        0,
        0,
        0,
        0,
        0,
        0,
        0,
        0,
        0,
        0,
        0,
        0,
        0,
        0,
        0,
        0,
        0,
        0,
        0,
        0,
        0
      ]
    }
  ]
}
