{
  "results": [
    {
      "command": "out/20220731101132/contention 256 1",
      "mean": 0.00733708856,
      "stddev": 0.00025019253212009565,
      "median": 0.00733635602,
      "user": 0.002826729999999999,
      "system": 0.007280469999999999,
      "min": 0.006879623520000001,
      "max": 0.007877789520000001,
      "times": [
        0.00734964152,
        0.007792984520000001,
        0.0075482115200000005,
        0.007804769520000001,
        0.007554143520000001,
        0.007518813520000001,
        0.00783917452,
        0.00774796252,
        0.007535367520000001,
        0.00776491652,
        0.00770018552,
        0.00784135352,
        0.00750467852,
        0.00782402752,
        0.00742597452,
        0.007591869520000001,
        0.0073569955199999995,
        0.00750436552,
        0.00737989652,
        0.007505445520000001,
        0.0073753495199999995,
        0.007538264520000001,
        0.00730000452,
        0.007135928520000001,
        0.00732815352,
        0.007259357520000001,
        0.007649929520000001,
        0.00754409252,
        0.007445941520000001,
        0.007104813520000001,
        0.00728126152,
        0.00749721752,
        0.00735693252,
        0.007387191520000001,
        0.0075425495200000005,
        0.0074318395200000005,
        0.007568565520000001,
        0.007341819520000001,
        0.0074960665200000005,
        0.00714206352,
        0.00759666352,
        0.00749828152,
        0.007153343520000001,
        0.00726719852,
        0.00723548852,
        0.00737165652,
        0.007299327520000001,
        0.00736842152,
        0.00749784652,
        0.007131255520000001,
        0.007187460520000001,
        0.00728524352,
        0.00692624752,
        0.007071401520000001,
        0.006962541520000001,
        0.007365172520000001,
        0.00759116852,
        0.00717482752,
        0.0070110005199999995,
        0.00715188452,
        0.007348100520000001,
        0.007547373520000001,
        0.006917643520000001,
        0.007215540520000001,
        0.00750707252,
        0.007338721520000001,
        0.007087979520000001,
        0.00695309352,
        0.00705147752,
        0.007307145520000001,
        0.00724910652,
        0.00728359852,
        0.007146617520000001,
        0.00693806452,
        0.00710850052,
        0.007079578520000001,
        0.00727137852,
        0.00699095252,
        0.006879623520000001,
        0.00714880952,
        0.00733399052,
        0.007076767520000001,
        0.007168741520000001,
        0.0070264675199999994,
        0.00710064052,
        0.007691057520000001,
        0.007141251520000001,
        0.0071939265199999994,
        0.0069248965199999995,
        0.00703289052,
        0.0071302675200000006,
        0.007228970520000001,
        0.00704440452,
        0.00741301252,
        0.007877789520000001,
        0.00784148952,
        0.007504371520000001,
        0.00754227952,
        0.0070337245199999995,
        0.0070669865200000005
      ],
      "exit_codes": [
        0,
        0,
        0,
        0,
        0,
        0,
        0,
        0,
        0,
        0,
        0,
        0,
        0,
        0,
        0,
        0,
        0,
        0,
        0,
        0,
        0,
        0,
        0,
        0,
        0,
        0,
        0,
        0,
        0,
        0,
        0,
        0,
        0,
        0,
        0,
        0,
        0,
        0,
        0,
        0,
        0,
        0,
        0,
        0,
        0,
        0,
        0,
        0,
        0,
        0,
        0,
        0,
        0,
        0,
        0,
        0,
        0,
        0,
        0,
        0,
        0,
        0,
        0,
        0,
        0,
        0,
        0,
        0,
        0,
        0,
        0,
        0,
        0,
        0,
        0,
        0,
        0,
        0,
        0,
        0,
        0,
        0,
        0,
        0,
        0,
        0,
        0,
        0,
        0,
        0,
        0,
        0,
        0,
        0,
        0,
        0,
        0,
        0,
        0,
        0
      ]
    }
  ]
}
