{
  "results": [
    {
      "command": "out/20220731101132/contention 16 1",
      "mean": 0.00301510969,
      "stddev": 0.0002061090175607376,
      "median": 0.002993791,
      "user": 0.0011245199999999995,
      "system": 0.0012196800000000003,
      "min": 0.002620133,
      "max": 0.0037454890000000003,
      "times": [
        0.0030318129999999995,
        0.003171038,
        0.0032945479999999996,
        0.0031671929999999996,
        0.0032297510000000003,
        0.0031478,
        0.003250653,
        0.0031927939999999997,
        0.003063456,
        0.003026926,
        0.0032869600000000002,
        0.0035473429999999997,
        0.003116585,
        0.0030498849999999996,
        0.003139716,
        0.0032623770000000003,
        0.0030074150000000003,
        0.0030294879999999995,
        0.003146299,
        0.003008088,
        0.002965944,
        0.0032565240000000002,
        0.0033366029999999996,
        0.002956309,
        0.002891355,
        0.0030567420000000003,
        0.003049176,
        0.003014262,
        0.0029462539999999997,
        0.0037454890000000003,
        0.0032895470000000003,
        0.00363943,
        0.003194781,
        0.003024916,
        0.0030229079999999995,
        0.002956773,
        0.002978413,
        0.003231994,
        0.0033328719999999997,
        0.002971746,
        0.0029465109999999997,
        0.0031287199999999998,
        0.0030712400000000003,
        0.002835207,
        0.0031064789999999997,
        0.003240581,
        0.0033224630000000003,
        0.0030751699999999995,
        0.0029597089999999996,
        0.0031646440000000003,
        0.0029891839999999998,
        0.002939807,
        0.002870694,
        0.003158538,
        0.0033503659999999996,
        0.003180418,
        0.0028475139999999998,
        0.002923378,
        0.0028092689999999997,
        0.002677698,
        0.002708345,
        0.0029716639999999997,
        0.002797707,
        0.0029304680000000003,
        0.0031835739999999998,
        0.002998398,
        0.002921748,
        0.002837707,
        0.002896467,
        0.0028740219999999995,
        0.002787531,
        0.0027541019999999996,
        0.0029168499999999995,
        0.003082235,
        0.0029407719999999995,
        0.0028918549999999996,
        0.0027777539999999995,
        0.0029463199999999997,
        0.002743677,
        0.0027472649999999996,
        0.002764903,
        0.003144753,
        0.003004682,
        0.002784241,
        0.002877419,
        0.002945238,
        0.0027335980000000003,
        0.0030510039999999995,
        0.0027716499999999996,
        0.0029520779999999995,
        0.0030008789999999997,
        0.002730489,
        0.002712081,
        0.002866543,
        0.002727467,
        0.002620133,
        0.0027658179999999997,
        0.002956645,
        0.0027777929999999998,
        0.0029853379999999997
      ],
      "exit_codes": [
        0,
        0,
        0,
        0,
        0,
        0,
        0,
        0,
        0,
        0,
        0,
        0,
        0,
        0,
        0,
        0,
        0,
        0,
        0,
        0,
        0,
        0,
        0,
        0,
        0,
        0,
        0,
        0,
        0,
        0,
        0,
        0,
        0,
        0,
        0,
        0,
        0,
        0,
        0,
        0,
        0,
        0,
        0,
        0,
        0,
        0,
        0,
        0,
        0,
        0,
        0,
        0,
        0,
        0,
        0,
        0,
        0,
        0,
        0,
        0,
        0,
        0,
        0,
        0,
        0,
        0,
        0,
        0,
        0,
        0,
        0,
        0,
        0,
        0,
        0,
        0,
        0,
        0,
        0,
        0,
        0,
        0,
        0,
        0,
        0,
        0,
        0,
        0,
        0,
        0,
        0,
        0,
        0,
        0,
        0,
        0,
        0,
        0,
        0,
        0
      ]
    }
  ]
}
