{
  "results": [
    {
      "command": "out/20220731101132/contention 128 100000",
      "mean": 0.014316401249999998,
      "stddev": 0.0003191572986247405,
      "median": 0.014290121800000001,
      "user": 0.07481748000000003,
      "system": 0.005418000000000001,
      "min": 0.013302971800000004,
      "max": 0.015385880800000001,
      "times": [
        0.013330715800000004,
        0.013302971800000004,
        0.014350162800000003,
        0.014099038800000002,
        0.014330699800000003,
        0.013947134800000004,
        0.014494765800000003,
        0.014436810800000002,
        0.013807346800000002,
        0.014248658800000001,
        0.014291448800000002,
        0.014698617800000001,
        0.014385689800000004,
        0.014936093800000001,
        0.014261099800000003,
        0.0144967748,
        0.014282768800000002,
        0.014271754800000001,
        0.014046597800000001,
        0.013976667800000002,
        0.014225230800000002,
        0.014591659800000004,
        0.014090701800000001,
        0.014189201800000002,
        0.013963225800000003,
        0.014240458800000001,
        0.014288699800000002,
        0.014398406800000003,
        0.014480634800000003,
        0.013967431800000003,
        0.014313285800000002,
        0.014272747800000003,
        0.014746049800000001,
        0.014463853800000002,
        0.014012886800000002,
        0.014179654800000004,
        0.014135058800000003,
        0.014631898800000001,
        0.013912735800000003,
        0.014258179800000003,
        0.014293786800000003,
        0.014281279800000001,
        0.014291449800000001,
        0.014068240800000003,
        0.014467938800000003,
        0.014288672800000003,
        0.014505149800000002,
        0.014366230800000001,
        0.014334159800000003,
        0.014105121800000002,
        0.013858599800000003,
        0.014482116800000003,
        0.014286295800000001,
        0.014241323800000004,
        0.0147286158,
        0.013998747800000003,
        0.014778392800000002,
        0.014249128800000004,
        0.014128902800000002,
        0.0142887948,
        0.014974585800000002,
        0.015098052800000001,
        0.014904172800000004,
        0.014299188800000001,
        0.014313005800000004,
        0.013872482800000002,
        0.014776893800000003,
        0.014072363800000001,
        0.014495153800000004,
        0.015385880800000001,
        0.014472107800000002,
        0.0138871778,
        0.014417679800000003,
        0.014037878800000004,
        0.014708939800000001,
        0.014163004800000004,
        0.014153870800000003,
        0.013890903800000003,
        0.014349628800000003,
        0.014277768800000003,
        0.014266688800000003,
        0.013869912800000002,
        0.014367887800000003,
        0.014304855800000002,
        0.014355927800000001,
        0.014837763800000004,
        0.014232785800000002,
        0.014611613800000003,
        0.014506540800000002,
        0.014183310800000001,
        0.014742127800000001,
        0.014401996800000004,
        0.014315548800000001,
        0.014507397800000002,
        0.014778289800000004,
        0.014126151800000004,
        0.014395675800000004,
        0.014246592800000003,
        0.014278285800000002,
        0.014359253800000003
      ],
      "exit_codes": [
        0,
        0,
        0,
        0,
        0,
        0,
        0,
        0,
        0,
        0,
        0,
        0,
        0,
        0,
        0,
        0,
        0,
        0,
        0,
        0,
        0,
        0,
        0,
        0,
        0,
        0,
        0,
        0,
        0,
        0,
        0,
        0,
        0,
        0,
        0,
        0,
        0,
        0,
        0,
        0,
        0,
        0,
        0,
        0,
        0,
        0,
        0,
        0,
        0,
        0,
        0,
        0,
        0,
        0,
        0,
        0,
        0,
        0,
        0,
        0,
        0,
        0,
        0,
        0,
        0,
        0,
        0,
        0,
        0,
        0,
        0,
        0,
        0,
        0,
        0,
        0,
        0,
        0,
        0,
        0,
        0,
        0,
        0,
        0,
        0,
        0,
        0,
        0,
        0,
        0,
        0,
        0,
        0,
        0,
        0,
        0,
        0,
        0,
        0,
        0
      ]
    }
  ]
}
