{
  "results": [
    {
      "command": "out/20220731101132/contention 1024 1000",
      "mean": 0.025076554640000005,
      "stddev": 0.0004941612109010865,
      "median": 0.02504999976,
      "user": 0.009375269999999998,
      "system": 0.03921022999999998,
      "min": 0.024047559260000004,
      "max": 0.02828342626,
      "times": [
        0.024047559260000004,
        0.024649438260000003,
        0.025216354260000004,
        0.02500598726,
        0.024530187260000003,
        0.02588333426,
        0.02547604926,
        0.025507842260000003,
        0.02463104226,
        0.025244356260000003,
        0.025100816260000006,
        0.02469114226,
        0.02455397626,
        0.025228349260000005,
        0.024482675260000003,
        0.02506627426,
        0.025493827260000004,
        0.02524751526,
        0.02478836326,
        0.024873887260000005,
        0.02427903226,
        0.02445912526,
        0.025031138260000002,
        0.02472259826,
        0.02552684426,
        0.025021707260000005,
        0.02466149126,
        0.024826616260000003,
        0.02503372526,
        0.02518322126,
        0.024592079260000003,
        0.025078423260000003,
        0.024449310260000003,
        0.024764813260000004,
        0.024877067260000003,
        0.024838597260000005,
        0.025336440260000002,
        0.025470927260000005,
        0.02499843426,
        0.025680461260000002,
        0.025149449260000005,
        0.025345794260000006,
        0.02515794626,
        0.024962112260000002,
        0.02494004826,
        0.02533335726,
        0.02518000226,
        0.025211671260000006,
        0.024502434260000004,
        0.024863805260000003,
        0.024976218260000002,
        0.024960396260000003,
        0.025010541260000005,
        0.025603129260000003,
        0.024864750260000006,
        0.024946696260000005,
        0.02491844126,
        0.02486025126,
        0.025105523260000005,
        0.02507067826,
        0.025358174260000005,
        0.025569064260000003,
        0.02508474226,
        0.025243930260000005,
        0.02484903426,
        0.02477538126,
        0.02531272826,
        0.024710207260000006,
        0.025877056260000003,
        0.02514295626,
        0.02442765726,
        0.02511071126,
        0.024842003260000002,
        0.025304377260000004,
        0.024953262260000005,
        0.02535126426,
        0.02428667926,
        0.02515369226,
        0.02564120526,
        0.025527021260000005,
        0.02485405726,
        0.024968843260000005,
        0.025498585260000005,
        0.024522858260000002,
        0.025408049260000003,
        0.02423549026,
        0.024903038260000003,
        0.024786761260000005,
        0.025389948260000003,
        0.02520916126,
        0.02540506026,
        0.02828342626,
        0.02543646326,
        0.025220866260000002,
        0.02559575026,
        0.02534751626,
        0.025614481260000002,
        0.025415678260000005,
        0.02461483726,
        0.024909167260000004
      ],
      "exit_codes": [
        0,
        0,
        0,
        0,
        0,
        0,
        0,
        0,
        0,
        0,
        0,
        0,
        0,
        0,
        0,
        0,
        0,
        0,
        0,
        0,
        0,
        0,
        0,
        0,
        0,
        0,
        0,
        0,
        0,
        0,
        0,
        0,
        0,
        0,
        0,
        0,
        0,
        0,
        0,
        0,
        0,
        0,
        0,
        0,
        0,
        0,
        0,
        0,
        0,
        0,
        0,
        0,
        0,
        0,
        0,
        0,
        0,
        0,
        0,
        0,
        0,
        0,
        0,
        0,
        0,
        0,
        0,
        0,
        0,
        0,
        0,
        0,
        0,
        0,
        0,
        0,
        0,
        0,
        0,
        0,
        0,
        0,
        0,
        0,
        0,
        0,
        0,
        0,
        0,
        0,
        0,
        0,
        0,
        0,
        0,
        0,
        0,
        0,
        0,
        0
      ]
    }
  ]
}
