{
  "results": [
    {
      "command": "out/20220731101132/contention 8 1000",
      "mean": 0.003309932209999999,
      "stddev": 0.00020244959804809753,
      "median": 0.0033326776,
      "user": 0.0031304999999999996,
      "system": 0.002265219999999999,
      "min": 0.0028413645999999996,
      "max": 0.0042896866,
      "times": [
        0.0031149145999999996,
        0.0032244156,
        0.0033610466,
        0.0035182886000000003,
        0.0033780166,
        0.0028413645999999996,
        0.0028791366,
        0.0032827256,
        0.0033292485999999997,
        0.0033291866000000002,
        0.0042896866,
        0.0030380795999999997,
        0.0030188536,
        0.0030581416,
        0.0034169925999999995,
        0.0033604725999999995,
        0.0034075676,
        0.0032764215999999996,
        0.0033290006,
        0.0034495236,
        0.0033819006,
        0.0035683036,
        0.0034018446,
        0.0031949955999999997,
        0.0032005486,
        0.0032130645999999996,
        0.0034626386000000003,
        0.0035920836,
        0.0031891466,
        0.0029911715999999997,
        0.0028946256000000003,
        0.0032706116000000003,
        0.0031109786,
        0.0033989515999999997,
        0.0036158315999999997,
        0.0032184836,
        0.0034088075999999996,
        0.0033886605999999997,
        0.0033132476,
        0.0034802075999999997,
        0.0031733245999999997,
        0.0032038106000000003,
        0.0035750715999999997,
        0.0033588646000000002,
        0.0035148066000000003,
        0.0033733735999999996,
        0.0030369466,
        0.0029847686000000003,
        0.0031664506,
        0.0033855486,
        0.0033772386,
        0.0032925976,
        0.0031504206,
        0.0033077045999999996,
        0.0035141316,
        0.0034118805999999997,
        0.0034032776000000003,
        0.0033224736,
        0.0032911745999999998,
        0.0033718725999999995,
        0.0031901036000000003,
        0.0032795106,
        0.0033750696000000003,
        0.0032183386,
        0.0033382295999999996,
        0.0033152615999999997,
        0.0034565996,
        0.0034419955999999995,
        0.0033845336,
        0.0033296436,
        0.0033541606,
        0.0034960865999999996,
        0.0033679806000000002,
        0.0035082076,
        0.0035260916,
        0.0032132766,
        0.0031504286,
        0.0032468616,
        0.0034368876000000002,
        0.0035761955999999997,
        0.0033012945999999995,
        0.0031513596,
        0.0034828026,
        0.0031900576000000003,
        0.0034676245999999997,
        0.0034522895999999996,
        0.0033357115999999997,
        0.0034086466,
        0.0035405846,
        0.0029881276,
        0.0030434665999999997,
        0.0034553356,
        0.0033756926000000002,
        0.0032447415999999995,
        0.0031787946,
        0.0033548845999999996,
        0.0035262416,
        0.0030939555999999996,
        0.0028510776000000002,
        0.0029301426
      ],
      "exit_codes": [
        0,
        0,
        0,
        0,
        0,
        0,
        0,
        0,
        0,
        0,
        0,
        0,
        0,
        0,
        0,
        0,
        0,
        0,
        0,
        0,
        0,
        0,
        0,
        0,
        0,
        0,
        0,
        0,
        0,
        0,
        0,
        0,
        0,
        0,
        0,
        0,
        0,
        0,
        0,
        0,
        0,
        0,
        0,
        0,
        0,
        0,
        0,
        0,
        0,
        0,
        0,
        0,
        0,
        0,
        0,
        0,
        0,
        0,
        0,
        0,
        0,
        0,
        0,
        0,
        0,
        0,
        0,
        0,
        0,
        0,
        0,
        0,
        0,
        0,
        0,
        0,
        0,
        0,
        0,
        0,
        0,
        0,
        0,
        0,
        0,
        0,
        0,
        0,
        0,
        0,
        0,
        0,
        0,
        0,
        0,
        0,
        0,
        0,
        0,
        0
      ]
    }
  ]
}
