{
  "results": [
    {
      "command": "out/20220731101132/contention 32 10000",
      "mean": 0.0044879193399999994,
      "stddev": 0.00016911408464027227,
      "median": 0.0044851588400000005,
      "user": 0.009726419999999998,
      "system": 0.0030849799999999993,
      "min": 0.00398690034,
      "max": 0.00486627434,
      "times": [
        0.00447921634,
        0.00429732034,
        0.0045171373400000004,
        0.00457827534,
        0.00446892334,
        0.00474792434,
        0.00446417234,
        0.00430386034,
        0.00437003534,
        0.00466775934,
        0.00462609934,
        0.00443482634,
        0.00458572434,
        0.00485605234,
        0.00476147434,
        0.00436232934,
        0.00444254234,
        0.00443446034,
        0.0047451173400000005,
        0.00453583934,
        0.00451816634,
        0.00422364034,
        0.00398690034,
        0.00426349234,
        0.00451070434,
        0.00458917134,
        0.00444027834,
        0.00483006734,
        0.00431489134,
        0.00403516434,
        0.00446934334,
        0.00440267234,
        0.0046266113400000005,
        0.00459362134,
        0.00460143234,
        0.00460371534,
        0.00450035934,
        0.00446274434,
        0.00455249434,
        0.00484259534,
        0.0047379243400000005,
        0.00422754134,
        0.00442782534,
        0.0040943733400000005,
        0.00449081234,
        0.00439569434,
        0.00458841934,
        0.00455360534,
        0.00457823134,
        0.00466343734,
        0.00432881034,
        0.0043931653400000005,
        0.00447263034,
        0.00448320134,
        0.00454069234,
        0.00461649434,
        0.00471077934,
        0.00467086734,
        0.00446029134,
        0.00434303334,
        0.00426877534,
        0.0045294633400000004,
        0.0045652103400000005,
        0.00452308134,
        0.00457008534,
        0.00439179534,
        0.0044260533400000005,
        0.00433394634,
        0.00451331034,
        0.00440869934,
        0.00477388334,
        0.004487116340000001,
        0.00456195334,
        0.00443911234,
        0.00419010134,
        0.00462706634,
        0.00445346134,
        0.00459277134,
        0.00464461934,
        0.00457261634,
        0.00441396734,
        0.00431996934,
        0.00426545034,
        0.00442563234,
        0.00486627434,
        0.00447507634,
        0.00436775834,
        0.004404540340000001,
        0.00456685734,
        0.00441335934,
        0.00464452934,
        0.004589552340000001,
        0.00461584634,
        0.00431221634,
        0.00420282834,
        0.00428320234,
        0.00435181234,
        0.0044175453400000005,
        0.00452023334,
        0.00463717534
      ],
      "exit_codes": [
        0,
        0,
        0,
        0,
        0,
        0,
        0,
        0,
        0,
        0,
        0,
        0,
        0,
        0,
        0,
        0,
        0,
        0,
        0,
        0,
        0,
        0,
        0,
        0,
        0,
        0,
        0,
        0,
        0,
        0,
        0,
        0,
        0,
        0,
        0,
        0,
        0,
        0,
        0,
        0,
        0,
        0,
        0,
        0,
        0,
        0,
        0,
        0,
        0,
        0,
        0,
        0,
        0,
        0,
        0,
        0,
        0,
        0,
        0,
        0,
        0,
        0,
        0,
        0,
        0,
        0,
        0,
        0,
        0,
        0,
        0,
        0,
        0,
        0,
        0,
        0,
        0,
        0,
        0,
        0,
        0,
        0,
        0,
        0,
        0,
        0,
        0,
        0,
        0,
        0,
        0,
        0,
        0,
        0,
        0,
        0,
        0,
        0,
        0,
        0
      ]
    }
  ]
}
