{
  "results": [
    {
      "command": "out/20220731101132/contention 2 100",
      "mean": 0.0027441232499999984,
      "stddev": 0.00018854366676196788,
      "median": 0.0027309239000000004,
      "user": 0.0010264299999999996,
      "system": 0.0008288500000000003,
      "min": 0.0022747769000000004,
      "max": 0.0036409289,
      "times": [
        0.0024708179000000005,
        0.0025911949,
        0.0031084219000000004,
        0.0026790639,
        0.0027803739000000004,
        0.0027806419000000007,
        0.0026581009000000004,
        0.0027977159000000004,
        0.0026543099,
        0.0027589779000000004,
        0.0027452109,
        0.0029270939000000007,
        0.0028709849000000003,
        0.0036409289,
        0.0028089619,
        0.0022747769000000004,
        0.0024264519,
        0.0025934239000000004,
        0.0028281879000000005,
        0.0026483109000000004,
        0.0026526399000000003,
        0.0025862459000000003,
        0.0028375959000000004,
        0.0028391579000000004,
        0.0025112569,
        0.0026773489000000007,
        0.0027108089000000006,
        0.0027270539000000004,
        0.0026771579000000006,
        0.0026918299,
        0.0026450379000000006,
        0.0025850579000000003,
        0.0028072899000000004,
        0.0031045619,
        0.0027499769000000006,
        0.0026228429000000005,
        0.0026038189000000002,
        0.0027257709,
        0.0025692159,
        0.0026388089000000006,
        0.0027135859000000004,
        0.0025500829000000007,
        0.0028337019000000004,
        0.0027355209000000003,
        0.0024793889,
        0.0024282299,
        0.0023872779000000005,
        0.0027127719000000004,
        0.0027648269,
        0.0029603059,
        0.0028918559,
        0.0024637709,
        0.0026928369,
        0.0025816259,
        0.0025722089000000006,
        0.0027128309000000006,
        0.0028239869,
        0.0028496789,
        0.0025406499,
        0.0027477329000000004,
        0.0028536909,
        0.0027673299,
        0.0029344649000000006,
        0.0027785399000000003,
        0.0024952549,
        0.0026236709,
        0.0030719839000000007,
        0.0028022999000000006,
        0.0028301389000000006,
        0.0030716269000000004,
        0.0027013919000000003,
        0.0030102919000000003,
        0.0027809559,
        0.0026386159000000007,
        0.0026946419000000005,
        0.0026880679,
        0.0028285459000000003,
        0.0027445969000000005,
        0.0028400609000000005,
        0.0027370439,
        0.0028643119,
        0.0029529949,
        0.0027931489,
        0.0031290289,
        0.0027310239000000003,
        0.0025929719000000006,
        0.0026295769,
        0.0027838809,
        0.0026467899000000004,
        0.0027308239000000006,
        0.0031217979000000002,
        0.0030240859000000004,
        0.0028073129000000005,
        0.0028724469,
        0.0025516329,
        0.0026195219,
        0.0028423739,
        0.0027138939000000005,
        0.0026974899000000003,
        0.0029637029000000007
      ],
      "exit_codes": [
        0,
        0,
        0,
        0,
        0,
        0,
        0,
        0,
        0,
        0,
        0,
        0,
        0,
        0,
        0,
        0,
        0,
        0,
        0,
        0,
        0,
        0,
        0,
        0,
        0,
        0,
        0,
        0,
        0,
        0,
        0,
        0,
        0,
        0,
        0,
        0,
        0,
        0,
        0,
        0,
        0,
        0,
        0,
        0,
        0,
        0,
        0,
        0,
        0,
        0,
        0,
        0,
        0,
        0,
        0,
        0,
        0,
        0,
        0,
        0,
        0,
        0,
        0,
        0,
        0,
        0,
        0,
        0,
        0,
        0,
        0,
        0,
        0,
        0,
        0,
        0,
        0,
        0,
        0,
        0,
        0,
        0,
        0,
        0,
        0,
        0,
        0,
        0,
        0,
        0,
        0,
        0,
        0,
        0,
        0,
        0,
        0,
        0,
        0,
        0
      ]
    }
  ]
}
