{
  "results": [
    {
      "command": "out/20220731101132/contention 2 1000",
      "mean": 0.0032615805300000023,
      "stddev": 0.00019772738258478877,
      "median": 0.003223037900000002,
      "user": 0.0017648899999999999,
      "system": 0.0009597700000000005,
      "min": 0.0028807069000000014,
      "max": 0.004518045900000002,
      "times": [
        0.0030568699000000014,
        0.0030743109000000014,
        0.003212278900000002,
        0.003150043900000002,
        0.0036024899000000016,
        0.003284716900000001,
        0.003276754900000002,
        0.003297273900000002,
        0.0031560319000000013,
        0.0030566489000000015,
        0.0032165609000000014,
        0.003284728900000002,
        0.003277894900000002,
        0.003143371900000002,
        0.0031769329000000015,
        0.0033203979000000013,
        0.0031930569000000017,
        0.0031245519000000018,
        0.0032185829000000014,
        0.0032861399000000016,
        0.0030210039000000016,
        0.0032774539000000017,
        0.0032260589000000016,
        0.0031992319000000015,
        0.0031876769000000016,
        0.0032270629000000013,
        0.003217948900000001,
        0.003226135900000002,
        0.0032697219000000018,
        0.0030727389000000014,
        0.0030976909000000013,
        0.0030823669000000016,
        0.0031395169000000014,
        0.003565924900000002,
        0.004518045900000002,
        0.003357438900000002,
        0.0032041739000000014,
        0.0033659449000000012,
        0.0033151309000000015,
        0.0033716019000000013,
        0.003279064900000002,
        0.0032100629000000017,
        0.0031034909000000016,
        0.003767146900000002,
        0.003307401900000002,
        0.003422102900000002,
        0.003071824900000002,
        0.0032238059000000018,
        0.0031163349000000013,
        0.0033909989000000013,
        0.003529859900000002,
        0.0032723769000000016,
        0.003465111900000002,
        0.003262902900000002,
        0.0031836609000000017,
        0.0031376429000000016,
        0.003330258900000001,
        0.0033540899000000014,
        0.0036104439000000017,
        0.0033994179000000012,
        0.0034488899000000013,
        0.003594580900000002,
        0.0032982069000000017,
        0.0032462189000000015,
        0.0031560909000000015,
        0.0031327999000000015,
        0.003149623900000002,
        0.0034649459000000017,
        0.003239626900000002,
        0.003181985900000001,
        0.0030927119000000018,
        0.003129445900000002,
        0.003162860900000002,
        0.003118859900000002,
        0.0031578709000000013,
        0.003302492900000002,
        0.0032592029000000013,
        0.003187728900000002,
        0.0032414389000000013,
        0.0031903709000000017,
        0.003057669900000002,
        0.0031669949000000014,
        0.003104023900000001,
        0.0031356569000000017,
        0.003222269900000002,
        0.0032123569000000016,
        0.003345033900000002,
        0.0032668089000000016,
        0.0031201739000000016,
        0.0030825339000000013,
        0.003074067900000002,
        0.003598581900000002,
        0.0035099169000000013,
        0.0034912279000000016,
        0.003178859900000001,
        0.0028807069000000014,
        0.0030522079000000015,
        0.0033741789000000014,
        0.0033412099000000015,
        0.003397107900000002
      ],
      "exit_codes": [
        0,
        0,
        0,
        0,
        0,
        0,
        0,
        0,
        0,
        0,
        0,
        0,
        0,
        0,
        0,
        0,
        0,
        0,
        0,
        0,
        0,
        0,
        0,
        0,
        0,
        0,
        0,
        0,
        0,
        0,
        0,
        0,
        0,
        0,
        0,
        0,
        0,
        0,
        0,
        0,
        0,
        0,
        0,
        0,
        0,
        0,
        0,
        0,
        0,
        0,
        0,
        0,
        0,
        0,
        0,
        0,
        0,
        0,
        0,
        0,
        0,
        0,
        0,
        0,
        0,
        0,
        0,
        0,
        0,
        0,
        0,
        0,
        0,
        0,
        0,
        0,
        0,
        0,
        0,
        0,
        0,
        0,
        0,
        0,
        0,
        0,
        0,
        0,
        0,
        0,
        0,
        0,
        0,
        0,
        0,
        0,
        0,
        0,
        0,
        0
      ]
    }
  ]
}
