{
  "results": [
    {
      "command": "out/20220731101132/contention 512 1000",
      "mean": 0.012350050180000006,
      "stddev": 0.00022728546255405268,
      "median": 0.0123217828,
      "user": 0.006824159999999999,
      "system": 0.017560520000000003,
      "min": 0.012009526300000002,
      "max": 0.0131252843,
      "times": [
        0.012233784300000002,
        0.0123815203,
        0.0120996003,
        0.012186287300000001,
        0.0123373053,
        0.012226079300000001,
        0.012120468300000001,
        0.012482526300000001,
        0.0122263613,
        0.0123366223,
        0.012602055300000001,
        0.012357404300000001,
        0.0123235253,
        0.012054656300000001,
        0.012238962300000001,
        0.012074493300000001,
        0.012102090300000002,
        0.0124785033,
        0.012174066300000001,
        0.0123298273,
        0.012362320300000002,
        0.012063266300000002,
        0.012396409300000001,
        0.0131252843,
        0.012127039300000001,
        0.012538091300000002,
        0.012853525300000002,
        0.0128414513,
        0.012415340300000001,
        0.012176762300000001,
        0.0120826143,
        0.012320040300000001,
        0.0123336373,
        0.0121980803,
        0.012853776300000001,
        0.012655857300000002,
        0.012445074300000001,
        0.013042971300000001,
        0.012177526300000002,
        0.012259735300000001,
        0.012169103300000001,
        0.0121529453,
        0.012439247300000001,
        0.012250875300000002,
        0.012446938300000002,
        0.0124477813,
        0.0122363003,
        0.012563603300000002,
        0.012187645300000001,
        0.012445475300000002,
        0.0123423143,
        0.012490195300000001,
        0.012227894300000002,
        0.012079897300000001,
        0.012614619300000001,
        0.012375483300000002,
        0.0120619973,
        0.012400040300000002,
        0.012242733300000001,
        0.012258320300000002,
        0.012503876300000001,
        0.0126378983,
        0.0125409213,
        0.0122496023,
        0.0125101133,
        0.012228985300000002,
        0.012044517300000002,
        0.012217691300000002,
        0.0122719903,
        0.012009526300000002,
        0.012190992300000002,
        0.0126431023,
        0.012193550300000001,
        0.012337873300000001,
        0.012630692300000001,
        0.0121568543,
        0.012117841300000001,
        0.012206851300000002,
        0.013085195300000001,
        0.0120798073,
        0.012082869300000002,
        0.012378746300000002,
        0.012146596300000001,
        0.012364117300000001,
        0.012248463300000002,
        0.012296387300000001,
        0.0123126993,
        0.0126283333,
        0.0123150323,
        0.0123789923,
        0.0122508253,
        0.012627755300000001,
        0.0123726983,
        0.012378797300000001,
        0.012530076300000002,
        0.012347728300000001,
        0.012217559300000002,
        0.012201555300000002,
        0.012610722300000002,
        0.012388829300000001
      ],
      "exit_codes": [
        0,
        0,
        0,
        0,
        0,
        0,
        0,
        0,
        0,
        0,
        0,
        0,
        0,
        0,
        0,
        0,
        0,
        0,
        0,
        0,
        0,
        0,
        0,
        0,
        0,
        0,
        0,
        0,
        0,
        0,
        0,
        0,
        0,
        0,
        0,
        0,
        0,
        0,
        0,
        0,
        0,
        0,
        0,
        0,
        0,
        0,
        0,
        0,
        0,
        0,
        0,
        0,
        0,
        0,
        0,
        0,
        0,
        0,
        0,
        0,
        0,
        0,
        0,
        0,
        0,
        0,
        0,
        0,
        0,
        0,
        0,
        0,
        0,
        0,
        0,
        0,
        0,
        0,
        0,
        0,
        0,
        0,
        0,
        0,
        0,
        0,
        0,
        0,
        0,
        0,
        0,
        0,
        0,
        0,
        0,
        0,
        0,
        0,
        0,
        0
      ]
    }
  ]
}
