{
  "results": [
    {
      "command": "out/20220731101132/contention 4096 10",
      "mean": 0.19135283580000015,
      "stddev": 0.003872854429378882,
      "median": 0.19124962904000004,
      "user": 0.02717962,
      "system": 0.31457506,
      "min": 0.18389859504000003,
      "max": 0.20614425604000003,
      "times": [
        0.18523280504,
        0.18455000204000002,
        0.18922644104000003,
        0.19220506904,
        0.19465029904000003,
        0.19438796404000003,
        0.19808364204,
        0.19278024004000002,
        0.19143065004,
        0.19267381004,
        0.19231916004000002,
        0.19034009304000002,
        0.19069488004000001,
        0.18871973904000003,
        0.18744269204000003,
        0.18485496304000001,
        0.18541420004,
        0.19134465504,
        0.19289393004000002,
        0.19888291904000002,
        0.19520190304,
        0.19143946604,
        0.19401597904,
        0.19287940704,
        0.19177650904000001,
        0.19316571804000002,
        0.18784249304,
        0.19222601804000003,
        0.18727151904000003,
        0.18598161404000002,
        0.18558732804000003,
        0.19030928904000002,
        0.19456100104000001,
        0.19772587604000003,
        0.19498763204000003,
        0.19334932304000002,
        0.19178331504,
        0.19298851004,
        0.18959573404000002,
        0.18857787504,
        0.18811943604,
        0.19073899704000002,
        0.18726965404,
        0.18422685204000003,
        0.18823342504,
        0.19185273704000003,
        0.19411496104,
        0.19932998304000002,
        0.19758746404000002,
        0.19350156904000002,
        0.19440659904000002,
        0.19167929004,
        0.19328819104000003,
        0.19125445404000002,
        0.19008895804,
        0.19044725704,
        0.19074536804000003,
        0.18585912804000002,
        0.18389859504000003,
        0.18810615704000003,
        0.19253834004,
        0.19280561904000001,
        0.19365413804,
        0.19440395304000002,
        0.19321329004,
        0.19271907604000002,
        0.19105852904,
        0.18874298004,
        0.18809345104000003,
        0.19101936604000003,
        0.19095351504000002,
        0.18915360704,
        0.18979623804,
        0.18842498704000002,
        0.19219131704,
        0.19347399904,
        0.19076313004,
        0.19518621804000003,
        0.19342393204000002,
        0.19362511604000002,
        0.19279395504000002,
        0.18901060104,
        0.19027170004000002,
        0.18989531504,
        0.19422923804000003,
        0.18858020104,
        0.19258191404000002,
        0.19963758504,
        0.20315274004000003,
        0.20614425604000003,
        0.19065033904,
        0.19124480404000002,
        0.19057020104000003,
        0.18975372704000001,
        0.18894320904,
        0.18721339104,
        0.18412781904000003,
        0.18972397804000002,
        0.18640096204,
        0.19097310304
      ],
      "exit_codes": [
        0,
        0,
        0,
        0,
        0,
        0,
        0,
        0,
        0,
        0,
        0,
        0,
        0,
        0,
        0,
        0,
        0,
        0,
        0,
        0,
        0,
        0,
        0,
        0,
        0,
        0,
        0,
        0,
        0,
        0,
        0,
        0,
        0,
        0,
        0,
        0,
        0,
        0,
        0,
        0,
        0,
        0,
        0,
        0,
        0,
        0,
        0,
        0,
        0,
        0,
        0,
        0,
        0,
        0,
        0,
        0,
        0,
        0,
        0,
        0,
        0,
        0,
        0,
        0,
        0,
        0,
        0,
        0,
        0,
        0,
        0,
        0,
        0,
        0,
        0,
        0,
        0,
        0,
        0,
        0,
        0,
        0,
        0,
        0,
        0,
        0,
        0,
        0,
        0,
        0,
        0,
        0,
        0,
        0,
        0,
        0,
        0,
        0,
        0,
        0
      ]
    }
  ]
}
