{
  "results": [
    {
      "command": "out/20220731101132/contention 512 10",
      "mean": 0.01167220518,
      "stddev": 0.0002247003242567696,
      "median": 0.011610454620000002,
      "user": 0.004576739999999999,
      "system": 0.014460709999999998,
      "min": 0.011300496620000001,
      "max": 0.012365921620000001,
      "times": [
        0.011727664620000001,
        0.011542675620000001,
        0.011968182620000002,
        0.011836431620000002,
        0.011609333620000002,
        0.011490597620000001,
        0.011538282620000001,
        0.011804766620000002,
        0.011402712620000002,
        0.011595930620000002,
        0.011849347620000002,
        0.01152911162,
        0.011532405620000002,
        0.011651518620000002,
        0.011796857620000002,
        0.011578848620000002,
        0.012098949620000002,
        0.011509558620000002,
        0.011734703620000002,
        0.011396306620000001,
        0.011541713620000001,
        0.011638034620000001,
        0.011513756620000001,
        0.011690868620000001,
        0.01151123262,
        0.011571283620000001,
        0.011547852620000002,
        0.011548273620000002,
        0.011871726620000002,
        0.011597109620000002,
        0.011481991620000001,
        0.011371289620000002,
        0.012250864620000001,
        0.011690365620000002,
        0.011631013620000002,
        0.011723656620000002,
        0.011753392620000002,
        0.011531726620000002,
        0.012169977620000001,
        0.011663184620000001,
        0.011331215620000001,
        0.011716387620000001,
        0.01152458662,
        0.011452526620000002,
        0.011557687620000002,
        0.011608714620000002,
        0.01168940262,
        0.011814123620000002,
        0.011564818620000002,
        0.012234753620000002,
        0.011769783620000002,
        0.011615151620000002,
        0.012059592620000002,
        0.011872881620000001,
        0.011781629620000001,
        0.011386323620000001,
        0.011593423620000001,
        0.011496520620000002,
        0.011483427620000002,
        0.011459270620000002,
        0.011645577620000002,
        0.011450058620000002,
        0.011703737620000002,
        0.011611575620000002,
        0.011959500620000002,
        0.011300496620000001,
        0.01158898862,
        0.011775939620000002,
        0.012283658620000002,
        0.011713852620000001,
        0.012012745620000001,
        0.011401047620000002,
        0.011575081620000002,
        0.012151748620000001,
        0.011827913620000002,
        0.011842119620000001,
        0.011536687620000001,
        0.011673200620000001,
        0.011593481620000002,
        0.011566236620000002,
        0.011759466620000002,
        0.01183323462,
        0.011413032620000001,
        0.011387137620000001,
        0.011516396620000001,
        0.012365921620000001,
        0.01177940562,
        0.011583336620000002,
        0.012190720620000001,
        0.011666474620000002,
        0.01156855162,
        0.011435634620000001,
        0.011764107620000002,
        0.011394806620000001,
        0.011713097620000001,
        0.01185366462,
        0.011475972620000002,
        0.011483792620000002,
        0.011516834620000001,
        0.011799554620000001
      ],
      "exit_codes": [
        0,
        0,
        0,
        0,
        0,
        0,
        0,
        0,
        0,
        0,
        0,
        0,
        0,
        0,
        0,
        0,
        0,
        0,
        0,
        0,
        0,
        0,
        0,
        0,
        0,
        0,
        0,
        0,
        0,
        0,
        0,
        0,
        0,
        0,
        0,
        0,
        0,
        0,
        0,
        0,
        0,
        0,
        0,
        0,
        0,
        0,
        0,
        0,
        0,
        0,
        0,
        0,
        0,
        0,
        0,
        0,
        0,
        0,
        0,
        0,
        0,
        0,
        0,
        0,
        0,
        0,
        0,
        0,
        0,
        0,
        0,
        0,
        0,
        0,
        0,
        0,
        0,
        0,
        0,
        0,
        0,
        0,
        0,
        0,
        0,
        0,
        0,
        0,
        0,
        0,
        0,
        0,
        0,
        0,
        0,
        0,
        0,
        0,
        0,
        0
      ]
    }
  ]
}
