{
  "results": [
    {
      "command": "out/20220731101132/contention 512 100",
      "mean": 0.011650042639999999,
      "stddev": 0.0002900921473389546,
      "median": 0.01162423718,
      "user": 0.005709090000000001,
      "system": 0.016275720000000004,
      "min": 0.011049619180000001,
      "max": 0.012947150180000002,
      "times": [
        0.011876602180000001,
        0.01138050518,
        0.011161897180000002,
        0.011433564180000001,
        0.011456773180000001,
        0.01136298518,
        0.01156792718,
        0.01176394218,
        0.01165704318,
        0.01125143918,
        0.01162771118,
        0.01208673218,
        0.01211151818,
        0.01155913418,
        0.011049619180000001,
        0.011501717179999999,
        0.011364729180000002,
        0.01164573218,
        0.011994501180000002,
        0.01141890618,
        0.01170988618,
        0.011646086180000001,
        0.01170193018,
        0.01116797118,
        0.01174710718,
        0.011576629179999999,
        0.01170604918,
        0.011707206180000002,
        0.011878572180000001,
        0.01146507518,
        0.011251911180000001,
        0.01134526118,
        0.012031486180000002,
        0.01203951818,
        0.01124126618,
        0.011230236180000002,
        0.01202565518,
        0.01182754918,
        0.011534730180000001,
        0.01181037818,
        0.011130028180000001,
        0.011110193180000002,
        0.01159523618,
        0.01175493918,
        0.011530392180000001,
        0.011254653180000001,
        0.01171077518,
        0.01198378718,
        0.011529040180000002,
        0.01142251418,
        0.01207141418,
        0.011589497180000002,
        0.01150594018,
        0.01126924118,
        0.01146135718,
        0.011775080180000001,
        0.01150799118,
        0.011852273180000001,
        0.011483762179999999,
        0.011525514180000002,
        0.01161682918,
        0.01158348118,
        0.01156370818,
        0.01151981618,
        0.011719012180000002,
        0.01153013018,
        0.01137868718,
        0.012275270180000002,
        0.01169334918,
        0.011709066180000002,
        0.011401542180000002,
        0.01156147218,
        0.011799084179999999,
        0.01149090018,
        0.01171468618,
        0.01194402218,
        0.011709249179999999,
        0.011569669180000002,
        0.01163355818,
        0.011545321180000002,
        0.01152369718,
        0.01169376418,
        0.01189091518,
        0.011688014180000001,
        0.011720799180000002,
        0.01142457018,
        0.01206066918,
        0.01162076318,
        0.01161031518,
        0.012099892180000002,
        0.01164248118,
        0.01150561618,
        0.012947150180000002,
        0.012132289180000002,
        0.01189827118,
        0.011730692180000002,
        0.012084186180000001,
        0.011972349180000001,
        0.011838589180000001,
        0.01197927118
      ],
      "exit_codes": [
        0,
        0,
        0,
        0,
        0,
        0,
        0,
        0,
        0,
        0,
        0,
        0,
        0,
        0,
        0,
        0,
        0,
        0,
        0,
        0,
        0,
        0,
        0,
        0,
        0,
        0,
        0,
        0,
        0,
        0,
        0,
        0,
        0,
        0,
        0,
        0,
        0,
        0,
        0,
        0,
        0,
        0,
        0,
        0,
        0,
        0,
        0,
        0,
        0,
        0,
        0,
        0,
        0,
        0,
        0,
        0,
        0,
        0,
        0,
        0,
        0,
        0,
        0,
        0,
        0,
        0,
        0,
        0,
        0,
        0,
        0,
        0,
        0,
        0,
        0,
        0,
        0,
        0,
        0,
        0,
        0,
        0,
        0,
        0,
        0,
        0,
        0,
        0,
        0,
        0,
        0,
        0,
        0,
        0,
        0,
        0,
        0,
        0,
        0,
        0
      ]
    }
  ]
}
