{
  "results": [
    {
      "command": "out/20220731101132/contention 2048 1000",
      "mean": 0.05990151045000003,
      "stddev": 0.0015481654587960606,
      "median": 0.05961937510000001,
      "user": 0.015582030000000004,
      "system": 0.10805330000000002,
      "min": 0.05749311210000001,
      "max": 0.0661909071,
      "times": [
        0.06181940210000001,
        0.059995149100000006,
        0.061897245100000005,
        0.0607777341,
        0.0629600411,
        0.062218828100000005,
        0.061242320100000004,
        0.0600247241,
        0.06055811810000001,
        0.0591833251,
        0.061501811100000005,
        0.061021692100000004,
        0.06158891010000001,
        0.0625754411,
        0.0603702801,
        0.0614426011,
        0.0608902871,
        0.0661909071,
        0.06094463710000001,
        0.06289514809999999,
        0.0610706881,
        0.0584994501,
        0.058119319100000004,
        0.0576353631,
        0.06198799110000001,
        0.0584588331,
        0.06095951110000001,
        0.05856797910000001,
        0.06194896910000001,
        0.05757811510000001,
        0.059251964100000006,
        0.0588586841,
        0.059351744100000006,
        0.059253153100000004,
        0.0594271441,
        0.05749311210000001,
        0.058942745100000006,
        0.0601680831,
        0.05896860610000001,
        0.0612091541,
        0.05800149810000001,
        0.061754946100000006,
        0.05844540610000001,
        0.059809045100000006,
        0.05959270010000001,
        0.060019945100000006,
        0.05964605010000001,
        0.0586515821,
        0.058815231100000004,
        0.05885862010000001,
        0.06026783110000001,
        0.059253652100000005,
        0.0628182331,
        0.058028036100000006,
        0.06181721410000001,
        0.05841852410000001,
        0.06034268610000001,
        0.059414854100000004,
        0.06011559810000001,
        0.059705153100000005,
        0.06015092410000001,
        0.0586858691,
        0.0582190511,
        0.0601388931,
        0.0590818961,
        0.0617489721,
        0.058998627100000006,
        0.0614420451,
        0.0586758121,
        0.06016927910000001,
        0.058525797100000006,
        0.05784866610000001,
        0.059378113100000005,
        0.059130574100000007,
        0.05917990310000001,
        0.057983891100000004,
        0.06087103010000001,
        0.0586950041,
        0.0617169911,
        0.058780231100000004,
        0.0620473271,
        0.0590205311,
        0.061333599100000004,
        0.0587791251,
        0.060759084100000006,
        0.058896526100000006,
        0.058391581100000006,
        0.05817950510000001,
        0.05828003610000001,
        0.058815732100000004,
        0.059051876100000004,
        0.05992867610000001,
        0.06005756310000001,
        0.06009257710000001,
        0.05753142210000001,
        0.0624875281,
        0.05795311410000001,
        0.0597115911,
        0.05889765610000001,
        0.058888407100000005
      ],
      "exit_codes": [
        0,
        0,
        0,
        0,
        0,
        0,
        0,
        0,
        0,
        0,
        0,
        0,
        0,
        0,
        0,
        0,
        0,
        0,
        0,
        0,
        0,
        0,
        0,
        0,
        0,
        0,
        0,
        0,
        0,
        0,
        0,
        0,
        0,
        0,
        0,
        0,
        0,
        0,
        0,
        0,
        0,
        0,
        0,
        0,
        0,
        0,
        0,
        0,
        0,
        0,
        0,
        0,
        0,
        0,
        0,
        0,
        0,
        0,
        0,
        0,
        0,
        0,
        0,
        0,
        0,
        0,
        0,
        0,
        0,
        0,
        0,
        0,
        0,
        0,
        0,
        0,
        0,
        0,
        0,
        0,
        0,
        0,
        0,
        0,
        0,
        0,
        0,
        0,
        0,
        0,
        0,
        0,
        0,
        0,
        0,
        0,
        0,
        0,
        0,
        0
      ]
    }
  ]
}
