{
  "results": [
    {
      "command": "out/20220731101132/contention 1 1000",
      "mean": 0.0035493952199999994,
      "stddev": 0.0001854801831665022,
      "median": 0.00352052488,
      "user": 0.0015905399999999997,
      "system": 0.0008528599999999998,
      "min": 0.00308327888,
      "max": 0.00444890288,
      "times": [
        0.0033660728799999994,
        0.0034691498799999995,
        0.0038600458799999994,
        0.0035479538799999995,
        0.00355121888,
        0.00344507488,
        0.00355875788,
        0.00348231488,
        0.00401780588,
        0.00346008088,
        0.0033611818799999995,
        0.0033061928799999994,
        0.00336791388,
        0.0034369688799999994,
        0.0034852658799999995,
        0.0033736198799999995,
        0.00380493888,
        0.00374879588,
        0.0036530658799999996,
        0.00359907288,
        0.0038408478799999996,
        0.00361567988,
        0.0037055028799999994,
        0.0034600418799999996,
        0.003937974879999999,
        0.00348957888,
        0.00342471388,
        0.00444890288,
        0.00414512488,
        0.00340744988,
        0.0036464268799999994,
        0.00351185288,
        0.0035617938799999997,
        0.00362534788,
        0.00364129088,
        0.00354748488,
        0.0034166898799999996,
        0.00340821288,
        0.00371627888,
        0.0035894618799999995,
        0.0036641248799999995,
        0.00375726588,
        0.00352951488,
        0.00345068488,
        0.0034584598799999996,
        0.00362197488,
        0.00373679588,
        0.00356736788,
        0.00358544188,
        0.0036157748799999995,
        0.00364472688,
        0.0036025258799999996,
        0.0034576478799999994,
        0.0034235138799999995,
        0.00353668988,
        0.00348369088,
        0.00354948688,
        0.0035053578799999997,
        0.00360885988,
        0.0034708778799999998,
        0.00337864488,
        0.0033827968799999995,
        0.00348964788,
        0.0034744838799999995,
        0.0033945988799999995,
        0.0034822388799999994,
        0.0037035678799999996,
        0.0035426868799999997,
        0.0034767658799999997,
        0.00362243588,
        0.00360658888,
        0.00365252988,
        0.00352450188,
        0.0035803438799999997,
        0.0037431178799999998,
        0.00351654788,
        0.0035634488799999994,
        0.0034005538799999997,
        0.00326922988,
        0.0033822888799999997,
        0.0033582318799999997,
        0.00347548788,
        0.0036419528799999995,
        0.0037643688799999997,
        0.0034292528799999998,
        0.00339897788,
        0.00347190388,
        0.00347001888,
        0.00362141588,
        0.00367165088,
        0.00369490088,
        0.00366731088,
        0.00308327888,
        0.00315635188,
        0.00340229488,
        0.00346877288,
        0.0034743008799999996,
        0.0034412398799999995,
        0.00334984388,
        0.00340401088
      ],
      "exit_codes": [
        0,
        0,
        0,
        0,
        0,
        0,
        0,
        0,
        0,
        0,
        0,
        0,
        0,
        0,
        0,
        0,
        0,
        0,
        0,
        0,
        0,
        0,
        0,
        0,
        0,
        0,
        0,
        0,
        0,
        0,
        0,
        0,
        0,
        0,
        0,
        0,
        0,
        0,
        0,
        0,
        0,
        0,
        0,
        0,
        0,
        0,
        0,
        0,
        0,
        0,
        0,
        0,
        0,
        0,
        0,
        0,
        0,
        0,
        0,
        0,
        0,
        0,
        0,
        0,
        0,
        0,
        0,
        0,
        0,
        0,
        0,
        0,
        0,
        0,
        0,
        0,
        0,
        0,
        0,
        0,
        0,
        0,
        0,
        0,
        0,
        0,
        0,
        0,
        0,
        0,
        0,
        0,
        0,
        0,
        0,
        0,
        0,
        0,
        0,
        0
      ]
    }
  ]
}
