{
  "results": [
    {
      "command": "out/20220731101132/contention 16 100",
      "mean": 0.00327507675,
      "stddev": 0.00022513456765870185,
      "median": 0.0033147436600000006,
      "user": 0.002674390000000001,
      "system": 0.0026897399999999986,
      "min": 0.0027176591600000005,
      "max": 0.0039691981599999995,
      "times": [
        0.00322334416,
        0.0031895891600000003,
        0.00335961416,
        0.0034433361600000006,
        0.00343157616,
        0.00344480416,
        0.0034910911600000006,
        0.0034214541600000007,
        0.00348615016,
        0.0031227271600000003,
        0.0028298971600000003,
        0.0028255691600000007,
        0.0034041251600000007,
        0.0033387151600000006,
        0.0030695011600000003,
        0.00328695516,
        0.00325434216,
        0.0039691981599999995,
        0.0030459681600000003,
        0.00282015216,
        0.0031354041600000003,
        0.0031983041600000006,
        0.0033028121600000003,
        0.00345833416,
        0.0031070471600000006,
        0.0031698951600000005,
        0.00356923216,
        0.0033762021600000007,
        0.00297364216,
        0.0028640881600000005,
        0.0031266631600000007,
        0.0033866421600000003,
        0.0031231651600000005,
        0.00302804016,
        0.00338761316,
        0.00368712216,
        0.00305616216,
        0.00272429616,
        0.00285640316,
        0.00336452516,
        0.0034128841600000004,
        0.00335477816,
        0.00322045116,
        0.00339552816,
        0.0033813441600000003,
        0.0033268291600000006,
        0.00318662516,
        0.00341481116,
        0.00333437216,
        0.0033634231600000006,
        0.00332047616,
        0.0038019091600000007,
        0.0033281561600000003,
        0.0030096881600000006,
        0.00305179016,
        0.00368499116,
        0.00309408916,
        0.0027176591600000005,
        0.0032596891600000003,
        0.00325585316,
        0.00335084616,
        0.00348067916,
        0.0035025521600000006,
        0.00317573416,
        0.0033324121600000005,
        0.0033133411600000007,
        0.00334296616,
        0.0030976201600000004,
        0.0030591311600000003,
        0.0032490341600000003,
        0.00340119016,
        0.00334213916,
        0.0032367111600000004,
        0.0032432451600000003,
        0.0034424991600000006,
        0.0033683471600000005,
        0.00364099516,
        0.0035261641600000007,
        0.0032157881600000005,
        0.00296482616,
        0.0030454581600000007,
        0.0030767711600000005,
        0.0033976561600000004,
        0.0031787751600000007,
        0.0031517801600000005,
        0.0032879761600000004,
        0.0034954301600000006,
        0.0035335251600000007,
        0.00330490216,
        0.00310397316,
        0.0033161461600000005,
        0.0032221591600000003,
        0.00337442516,
        0.0033518651600000005,
        0.00336270716,
        0.0034681931600000003,
        0.0033727521600000004,
        0.0032400151600000004,
        0.00375967416,
        0.0029082151600000002
      ],
      "exit_codes": [
        0,
        0,
        0,
        0,
        0,
        0,
        0,
        0,
        0,
        0,
        0,
        0,
        0,
        0,
        0,
        0,
        0,
        0,
        0,
        0,
        0,
        0,
        0,
        0,
        0,
        0,
        0,
        0,
        0,
        0,
        0,
        0,
        0,
        0,
        0,
        0,
        0,
        0,
        0,
        0,
        0,
        0,
        0,
        0,
        0,
        0,
        0,
        0,
        0,
        0,
        0,
        0,
        0,
        0,
        0,
        0,
        0,
        0,
        0,
        0,
        0,
        0,
        0,
        0,
        0,
        0,
        0,
        0,
        0,
        0,
        0,
        0,
        0,
        0,
        0,
        0,
        0,
        0,
        0,
        0,
        0,
        0,
        0,
        0,
        0,
        0,
        0,
        0,
        0,
        0,
        0,
        0,
        0,
        0,
        0,
        0,
        0,
        0,
        0,
        0
      ]
    }
  ]
}
