{
  "results": [
    {
      "command": "out/20220731101132/contention 1 100",
      "mean": 0.0030889475800000006,
      "stddev": 0.00018799200779518548,
      "median": 0.0030802196399999995,
      "user": 0.0011821599999999994,
      "system": 0.0008505300000000005,
      "min": 0.0025071416399999997,
      "max": 0.00391106664,
      "times": [
        0.0028569766399999994,
        0.0030172526399999994,
        0.0032484936399999995,
        0.0030090976399999993,
        0.00284437464,
        0.0029906446399999994,
        0.002977768639999999,
        0.00326728664,
        0.003116363639999999,
        0.00330046164,
        0.003148999639999999,
        0.0032364576399999995,
        0.0030290276399999997,
        0.0031855976399999997,
        0.0030643676399999997,
        0.0031754756399999993,
        0.0031668036399999998,
        0.0032051896399999994,
        0.0028756316399999996,
        0.0028965106399999993,
        0.0029825946399999995,
        0.0029733336399999995,
        0.0029214906399999993,
        0.0030684256399999992,
        0.00316293564,
        0.00340141764,
        0.0030661606399999997,
        0.0031602176399999995,
        0.00307306464,
        0.0030335646399999995,
        0.00305586764,
        0.0030442526399999995,
        0.0031283236399999993,
        0.0032079576399999996,
        0.0032327646399999996,
        0.0027596156399999996,
        0.00292890164,
        0.0027996806399999993,
        0.0032291146399999996,
        0.0032977296399999997,
        0.00352100464,
        0.0032408406399999997,
        0.0030775076399999998,
        0.0028271506399999992,
        0.0029000616399999994,
        0.0033799616399999995,
        0.0028840496399999993,
        0.0025071416399999997,
        0.002666894639999999,
        0.003150604639999999,
        0.00323799264,
        0.003125535639999999,
        0.0030337306399999997,
        0.0028310526399999993,
        0.0030138826399999995,
        0.0028265636399999994,
        0.0030048176399999995,
        0.0029709376399999995,
        0.0029400876399999997,
        0.0030453406399999993,
        0.00311383764,
        0.00322305664,
        0.00320454764,
        0.0034388386399999992,
        0.0029915326399999995,
        0.00301180564,
        0.0030594726399999993,
        0.0035452796399999997,
        0.0032490886399999994,
        0.00332302064,
        0.0031117276399999995,
        0.00290145664,
        0.0031756156399999993,
        0.003017498639999999,
        0.0030844046399999994,
        0.00313714364,
        0.0031346806399999995,
        0.0031995916399999995,
        0.0031250526399999993,
        0.0032725756399999994,
        0.0029911376399999992,
        0.0029914086399999997,
        0.0029505976399999997,
        0.003161498639999999,
        0.0031333456399999997,
        0.0031471866399999993,
        0.0030624116399999997,
        0.0031375116399999996,
        0.00391106664,
        0.0030829316399999993,
        0.00304443164,
        0.00316041964,
        0.00313980964,
        0.0032071666399999996,
        0.00321779164,
        0.002970702639999999,
        0.0028793726399999994,
        0.0030707236399999996,
        0.0028579836399999993,
        0.00313167764
      ],
      "exit_codes": [
        0,
        0,
        0,
        0,
        0,
        0,
        0,
        0,
        0,
        0,
        0,
        0,
        0,
        0,
        0,
        0,
        0,
        0,
        0,
        0,
        0,
        0,
        0,
        0,
        0,
        0,
        0,
        0,
        0,
        0,
        0,
        0,
        0,
        0,
        0,
        0,
        0,
        0,
        0,
        0,
        0,
        0,
        0,
        0,
        0,
        0,
        0,
        0,
        0,
        0,
        0,
        0,
        0,
        0,
        0,
        0,
        0,
        0,
        0,
        0,
        0,
        0,
        0,
        0,
        0,
        0,
        0,
        0,
        0,
        0,
        0,
        0,
        0,
        0,
        0,
        0,
        0,
        0,
        0,
        0,
        0,
        0,
        0,
        0,
        0,
        0,
        0,
        0,
        0,
        0,
        0,
        0,
        0,
        0,
        0,
        0,
        0,
        0,
        0,
        0
      ]
    }
  ]
}
