{
  "results": [
    {
      "command": "out/20220731101132/contention 64 1",
      "mean": 0.0038301435899999996,
      "stddev": 0.00017533866490933883,
      "median": 0.0038244929400000002,
      "user": 0.0014914200000000005,
      "system": 0.0023160200000000007,
      "min": 0.0035049764400000003,
      "max": 0.00438080544,
      "times": [
        0.0038258624400000006,
        0.00391169744,
        0.003913884439999999,
        0.004030309440000001,
        0.00398787944,
        0.004073437440000001,
        0.00438080544,
        0.004198312440000001,
        0.004074300439999999,
        0.00388210144,
        0.004152637440000001,
        0.004063247440000001,
        0.003952118440000001,
        0.00403055544,
        0.0037986434400000004,
        0.003911208439999999,
        0.0039210604400000005,
        0.003921329439999999,
        0.00396696344,
        0.004055762440000001,
        0.00399925544,
        0.003945435440000001,
        0.0038373734400000002,
        0.00388571544,
        0.0040527774400000004,
        0.00413451244,
        0.0039305454400000005,
        0.004150531440000001,
        0.00432612544,
        0.00387909244,
        0.0037723634400000003,
        0.0036728374400000004,
        0.0039336864400000005,
        0.00387691944,
        0.00370477544,
        0.0038123044400000003,
        0.0037880094400000006,
        0.00372169744,
        0.0038306564400000004,
        0.00382832344,
        0.00376659144,
        0.0038466064400000002,
        0.0037491484400000003,
        0.00380751444,
        0.00376461244,
        0.0037137274400000004,
        0.00377896544,
        0.0038910624400000002,
        0.00391138544,
        0.0038581774400000004,
        0.00382312344,
        0.00372379044,
        0.00380389744,
        0.00388731044,
        0.0039456154399999995,
        0.0039748684399999994,
        0.00371466944,
        0.00370568644,
        0.0038366154400000002,
        0.0037600324400000004,
        0.0037036954400000003,
        0.00360361844,
        0.00374758544,
        0.00396216844,
        0.0038758144400000004,
        0.00389021444,
        0.00375199944,
        0.00376016644,
        0.00380657344,
        0.00362217444,
        0.0038476824400000002,
        0.0038382564400000004,
        0.00400407344,
        0.0040280284399999994,
        0.00380218044,
        0.00357844244,
        0.0035907324400000005,
        0.0036178994400000004,
        0.00380148144,
        0.00364160144,
        0.00359008544,
        0.00371981544,
        0.0036144174400000004,
        0.0035049764400000003,
        0.0036675414400000003,
        0.0037822244400000002,
        0.0038090614400000003,
        0.00363376744,
        0.0035189434400000005,
        0.0036436764399999997,
        0.0035074674399999998,
        0.0035763714400000005,
        0.00359992044,
        0.0036106074400000005,
        0.00359609044,
        0.003965143440000001,
        0.00393872244,
        0.00365176544,
        0.00370259544,
        0.0035083214400000004
      ],
      "exit_codes": [
        0,
        0,
        0,
        0,
        0,
        0,
        0,
        0,
        0,
        0,
        0,
        0,
        0,
        0,
        0,
        0,
        0,
        0,
        0,
        0,
        0,
        0,
        0,
        0,
        0,
        0,
        0,
        0,
        0,
        0,
        0,
        0,
        0,
        0,
        0,
        0,
        0,
        0,
        0,
        0,
        0,
        0,
        0,
        0,
        0,
        0,
        0,
        0,
        0,
        0,
        0,
        0,
        0,
        0,
        0,
        0,
        0,
        0,
        0,
        0,
        0,
        0,
        0,
        0,
        0,
        0,
        0,
        0,
        0,
        0,
        0,
        0,
        0,
        0,
        0,
        0,
        0,
        0,
        0,
        0,
        0,
        0,
        0,
        0,
        0,
        0,
        0,
        0,
        0,
        0,
        0,
        0,
        0,
        0,
        0,
        0,
        0,
        0,
        0,
        0
      ]
    }
  ]
}
