{
  "results": [
    {
      "command": "out/20220731101132/contention 2048 1000000",
      "mean": 0.14388047088000006,
      "stddev": 0.0037472234541723547,
      "median": 0.14368637492,
      "user": 0.8069548699999998,
      "system": 0.1333115499999999,
      "min": 0.13347459792,
      "max": 0.16328553192,
      "times": [
        0.13347459792,
        0.13786956192,
        0.13755694792,
        0.13794027792,
        0.13732747992,
        0.13687187292,
        0.14160403191999998,
        0.14022767792,
        0.14147482292,
        0.13852718192,
        0.14039635292,
        0.14083371092,
        0.13930843392,
        0.14054829291999998,
        0.14069571792,
        0.14170203592,
        0.13940520992,
        0.13961082692,
        0.14036733692,
        0.14261935592,
        0.14309112092,
        0.14406670091999998,
        0.14234728391999998,
        0.14358735992,
        0.14511372892,
        0.14714331992,
        0.16328553192,
        0.15050047192,
        0.14856457892,
        0.14886760592,
        0.14700616492,
        0.14866455892,
        0.14802544992,
        0.14897559792,
        0.15531584792,
        0.14786201292,
        0.14824769592,
        0.14777922792,
        0.14800682392,
        0.14784701992,
        0.15045952892,
        0.14992900492,
        0.14451892192,
        0.14247029992,
        0.14297286892,
        0.14239485992,
        0.14288593591999998,
        0.14373676492,
        0.14451913392,
        0.14410301692,
        0.14572429992,
        0.14261395992,
        0.14398750292,
        0.14248562492,
        0.14442508592,
        0.14445102592,
        0.14447910692,
        0.14258367492,
        0.14268600492,
        0.14265223692,
        0.14262415992,
        0.14453759291999999,
        0.14306255992,
        0.14277071991999998,
        0.14477845392,
        0.14428233792,
        0.14224798192,
        0.14466027492,
        0.14368837192,
        0.14291549592,
        0.14432406092,
        0.14308237792,
        0.14454176191999998,
        0.14388241292,
        0.14408730192,
        0.14368437792,
        0.14281246592,
        0.14332503692,
        0.14478469391999998,
        0.14306161092,
        0.14540617492,
        0.14336898992,
        0.14442211491999998,
        0.14308878892,
        0.14315191291999999,
        0.14478279691999998,
        0.14254487692,
        0.14305620992,
        0.14446094192,
        0.14475165492,
        0.14369915292,
        0.14436374492,
        0.14403444492,
        0.14416154492,
        0.14330043392,
        0.14551787291999999,
        0.14468443792,
        0.14211791192,
        0.14513260292,
        0.14210773792
      ],
      "exit_codes": [
        0,
        0,
        0,
        0,
        0,
        0,
        0,
        0,
        0,
        0,
        0,
        0,
        0,
        0,
        0,
        0,
        0,
        0,
        0,
        0,
        0,
        0,
        0,
        0,
        0,
        0,
        0,
        0,
        0,
        0,
        0,
        0,
        0,
        0,
        0,
        0,
        0,
        0,
        0,
        0,
        0,
        0,
        0,
        0,
        0,
        0,
        0,
        0,
        0,
        0,
        0,
        0,
        0,
        0,
        0,
        0,
        0,
        0,
        0,
        0,
        0,
        0,
        0,
        0,
        0,
        0,
        0,
        0,
        0,
        0,
        0,
        0,
        0,
        0,
        0,
        0,
        0,
        0,
        0,
        0,
        0,
        0,
        0,
        0,
        0,
        0,
        0,
        0,
        0,
        0,
        0,
        0,
        0,
        0,
        0,
        0,
        0,
        0,
        0,
        0
      ]
    }
  ]
}
