{
  "results": [
    {
      "command": "out/20220731101132/contention 256 1000000",
      "mean": 0.11633862868000003,
      "stddev": 0.0024704767714231746,
      "median": 0.11590566702000002,
      "user": 0.7823739700000002,
      "system": 0.013540070000000005,
      "min": 0.10871747252000001,
      "max": 0.12020109752000001,
      "times": [
        0.10871747252000001,
        0.11079069452000001,
        0.11188013752,
        0.11135365152000001,
        0.11122634552,
        0.11154049152,
        0.11238699652000002,
        0.11285019352000002,
        0.11224489052000002,
        0.11236757552000001,
        0.11323634852000002,
        0.11272405252,
        0.11486822052000001,
        0.11548738852000001,
        0.11695814352000002,
        0.11603338052,
        0.11546953452000001,
        0.11576673152000001,
        0.11533752052000001,
        0.11609977852000002,
        0.11582265452000001,
        0.11527652152000001,
        0.11547458752000002,
        0.11658314652000001,
        0.11589140052,
        0.11614206552000002,
        0.12007961152000002,
        0.12015728052,
        0.11936108052000001,
        0.11940964752000001,
        0.11890998752000001,
        0.11976379652000001,
        0.11972008152000001,
        0.12010927052000002,
        0.11866803452000001,
        0.11972214352000002,
        0.11869197452000001,
        0.12020109752000001,
        0.11992635852000001,
        0.12002252452,
        0.11627771352,
        0.11496397852000001,
        0.11584210852000001,
        0.11602467652000001,
        0.11567843652000001,
        0.11581322652,
        0.11792191652000002,
        0.11619031052,
        0.11612861852000002,
        0.11591993352000002,
        0.11587281052000001,
        0.11594335052000002,
        0.11577660752000002,
        0.11470482252000001,
        0.11482440652000002,
        0.11597190452000002,
        0.11592130652000002,
        0.11579802152000002,
        0.11570289552000002,
        0.11527922752000001,
        0.11682904652000001,
        0.11548001352000001,
        0.11550039152000001,
        0.11582267152000002,
        0.11578818052,
        0.11580284452000002,
        0.11520306252000001,
        0.11526023252,
        0.11455499652000001,
        0.11592109252000002,
        0.11628788752000001,
        0.11527503652000001,
        0.11498551952000001,
        0.11537116052000002,
        0.11588135552,
        0.11581738752000001,
        0.11558430452000001,
        0.11652730852000001,
        0.11475575452000002,
        0.11617614452000001,
        0.11957710752000002,
        0.11957976652000002,
        0.12018189152000001,
        0.11989290352000001,
        0.11900155452000001,
        0.11993813752000002,
        0.11975686652000002,
        0.11953041052000002,
        0.11931528152000001,
        0.11990378252000002,
        0.11960905552000001,
        0.11964985652000001,
        0.11930683452000002,
        0.11708227452000002,
        0.11584944052000001,
        0.11610925152000001,
        0.11572681552000001,
        0.11473193152000001,
        0.11645184552000001,
        0.11601438252000001
      ],
      "exit_codes": [
        0,
        0,
        0,
        0,
        0,
        0,
        0,
        0,
        0,
        0,
        0,
        0,
        0,
        0,
        0,
        0,
        0,
        0,
        0,
        0,
        0,
        0,
        0,
        0,
        0,
        0,
        0,
        0,
        0,
        0,
        0,
        0,
        0,
        0,
        0,
        0,
        0,
        0,
        0,
        0,
        0,
        0,
        0,
        0,
        0,
        0,
        0,
        0,
        0,
        0,
        0,
        0,
        0,
        0,
        0,
        0,
        0,
        0,
        0,
        0,
        0,
        0,
        0,
        0,
        0,
        0,
        0,
        0,
        0,
        0,
        0,
        0,
        0,
        0,
        0,
        0,
        0,
        0,
        0,
        0,
        0,
        0,
        0,
        0,
        0,
        0,
        0,
        0,
        0,
        0,
        0,
        0,
        0,
        0,
        0,
        0,
        0,
        0,
        0,
        0
      ]
    }
  ]
}
