{
  "results": [
    {
      "command": "out/20220731101132/contention 8 100",
      "mean": 0.002888676669999999,
      "stddev": 0.00016213209982584095,
      "median": 0.00288510494,
      "user": 0.0013304300000000003,
      "system": 0.0012657500000000004,
      "min": 0.00243201994,
      "max": 0.00345277594,
      "times": [
        0.00265408894,
        0.00288452594,
        0.0027440629399999995,
        0.0027750529399999994,
        0.0029530889399999997,
        0.00298366094,
        0.0029816169399999996,
        0.0028740079399999998,
        0.00316182794,
        0.0029152609399999995,
        0.0031111179399999993,
        0.00277996394,
        0.00268616094,
        0.00295486794,
        0.00279639494,
        0.00265236994,
        0.0027578009399999996,
        0.00320354694,
        0.00312928594,
        0.0032720769399999998,
        0.00305132694,
        0.0030097099399999994,
        0.00277233094,
        0.0027455939399999994,
        0.00264420694,
        0.0028614009399999993,
        0.0030534669399999996,
        0.0030474439399999997,
        0.0029094839399999993,
        0.00288604994,
        0.00284550594,
        0.00293681594,
        0.00299599194,
        0.00289493894,
        0.0028316089399999995,
        0.00297038794,
        0.00296459394,
        0.00276811294,
        0.00278943794,
        0.00279729094,
        0.00278207494,
        0.00243201994,
        0.0025766289399999994,
        0.00280037094,
        0.00292555594,
        0.00345277594,
        0.0031291219399999996,
        0.0030073929399999995,
        0.00247828994,
        0.0026569749399999996,
        0.00269838694,
        0.00275206594,
        0.0031249579399999995,
        0.0029224749399999997,
        0.0030689979399999997,
        0.00308261994,
        0.0030008539399999997,
        0.00284467094,
        0.0026948459399999997,
        0.0028285879399999997,
        0.00295560494,
        0.0027347459399999995,
        0.0026208029399999995,
        0.00285636394,
        0.00298899394,
        0.00293950694,
        0.00287377694,
        0.0029066609399999994,
        0.0028950799399999993,
        0.0028755769399999996,
        0.0029185499399999996,
        0.0029881719399999997,
        0.0027868499399999994,
        0.00288256994,
        0.0030427049399999995,
        0.00290504194,
        0.0028972629399999996,
        0.0028799089399999997,
        0.0030101449399999995,
        0.00326362594,
        0.00288568394,
        0.0028805779399999998,
        0.00282717494,
        0.00307206094,
        0.00273906894,
        0.0028989319399999997,
        0.00293482994,
        0.0029429879399999995,
        0.0027975739399999995,
        0.00303690394,
        0.0029429089399999994,
        0.0028631999399999996,
        0.0028251869399999996,
        0.00266462494,
        0.0028398929399999994,
        0.00288227494,
        0.0028928009399999993,
        0.0027617379399999995,
        0.0028384129399999995,
        0.0028127379399999993
      ],
      "exit_codes": [
        0,
        0,
        0,
        0,
        0,
        0,
        0,
        0,
        0,
        0,
        0,
        0,
        0,
        0,
        0,
        0,
        0,
        0,
        0,
        0,
        0,
        0,
        0,
        0,
        0,
        0,
        0,
        0,
        0,
        0,
        0,
        0,
        0,
        0,
        0,
        0,
        0,
        0,
        0,
        0,
        0,
        0,
        0,
        0,
        0,
        0,
        0,
        0,
        0,
        0,
        0,
        0,
        0,
        0,
        0,
        0,
        0,
        0,
        0,
        0,
        0,
        0,
        0,
        0,
        0,
        0,
        0,
        0,
        0,
        0,
        0,
        0,
        0,
        0,
        0,
        0,
        0,
        0,
        0,
        0,
        0,
        0,
        0,
        0,
        0,
        0,
        0,
        0,
        0,
        0,
        0,
        0,
        0,
        0,
        0,
        0,
        0,
        0,
        0,
        0
      ]
    }
  ]
}
