{
  "results": [
    {
      "command": "out/20220731101132/contention 8 10000",
      "mean": 0.0042303022900000015,
      "stddev": 0.0003040264151236815,
      "median": 0.004205263340000001,
      "user": 0.009008259999999997,
      "system": 0.00231691,
      "min": 0.003626728340000001,
      "max": 0.0050695943400000006,
      "times": [
        0.004070514340000001,
        0.00399901534,
        0.00433926934,
        0.0042148353400000005,
        0.004177512340000002,
        0.0040832153400000015,
        0.004007546340000001,
        0.004336050340000001,
        0.004224029340000001,
        0.004251439340000001,
        0.004241988340000001,
        0.004335176340000002,
        0.00401107134,
        0.0037256733400000005,
        0.004583289340000001,
        0.004160841340000001,
        0.004327041340000001,
        0.004254531340000001,
        0.004237700340000001,
        0.0041246723400000015,
        0.004056504340000001,
        0.004211748340000002,
        0.004415137340000002,
        0.003981883340000001,
        0.0038324763400000013,
        0.004092902340000001,
        0.004112894340000001,
        0.00417205734,
        0.00415927634,
        0.00498950234,
        0.004522499340000001,
        0.004521284340000001,
        0.00406643234,
        0.0048948353400000005,
        0.004091066340000001,
        0.004264471340000001,
        0.00438106234,
        0.0045829623400000016,
        0.004078662340000001,
        0.004106826340000001,
        0.0050695943400000006,
        0.004154877340000002,
        0.00446596634,
        0.004839524340000002,
        0.0048620773400000015,
        0.004177046340000001,
        0.00392805534,
        0.00446259834,
        0.004285474340000001,
        0.0044530303400000006,
        0.004592886340000001,
        0.004079014340000001,
        0.003626728340000001,
        0.003916855340000001,
        0.004590306340000001,
        0.0045712693400000014,
        0.004376900340000002,
        0.00439744534,
        0.0044124733400000005,
        0.003706275340000001,
        0.0039288073400000015,
        0.004165537340000001,
        0.004255506340000001,
        0.003974434340000001,
        0.0037753923400000006,
        0.004248757340000001,
        0.0042480233400000005,
        0.003840454340000001,
        0.004690749340000001,
        0.004808123340000001,
        0.0039202403400000006,
        0.00415501534,
        0.004917727340000001,
        0.00450194634,
        0.0038400513400000005,
        0.00458124434,
        0.004159262340000001,
        0.003829042340000001,
        0.003630577340000001,
        0.0038342553400000008,
        0.004142111340000001,
        0.004312698340000001,
        0.004299587340000001,
        0.003802411340000001,
        0.004198778340000001,
        0.004348584340000001,
        0.0038322553400000005,
        0.004050523340000001,
        0.0042671563400000015,
        0.004505092340000001,
        0.004099016340000001,
        0.0044467303400000015,
        0.00450013034,
        0.004190235340000001,
        0.00395219934,
        0.004262042340000001,
        0.003854314340000001,
        0.003846943340000001,
        0.004560419340000002,
        0.004045555340000001
      ],
      "exit_codes": [
        0,
        0,
        0,
        0,
        0,
        0,
        0,
        0,
        0,
        0,
        0,
        0,
        0,
        0,
        0,
        0,
        0,
        0,
        0,
        0,
        0,
        0,
        0,
        0,
        0,
        0,
        0,
        0,
        0,
        0,
        0,
        0,
        0,
        0,
        0,
        0,
        0,
        0,
        0,
        0,
        0,
        0,
        0,
        0,
        0,
        0,
        0,
        0,
        0,
        0,
        0,
        0,
        0,
        0,
        0,
        0,
        0,
        0,
        0,
        0,
        0,
        0,
        0,
        0,
        0,
        0,
        0,
        0,
        0,
        0,
        0,
        0,
        0,
        0,
        0,
        0,
        0,
        0,
        0,
        0,
        0,
        0,
        0,
        0,
        0,
        0,
        0,
        0,
        0,
        0,
        0,
        0,
        0,
        0,
        0,
        0,
        0,
        0,
        0,
        0
      ]
    }
  ]
}
