{
  "results": [
    {
      "command": "out/20220731101132/contention 32 1000000",
      "mean": 0.11251149996000004,
      "stddev": 0.002626978425004221,
      "median": 0.11255393550000001,
      "user": 0.7673491500000001,
      "system": 0.005316880000000003,
      "min": 0.105703131,
      "max": 0.11836473,
      "times": [
        0.105703131,
        0.109616989,
        0.10879142700000001,
        0.113953967,
        0.11025378100000001,
        0.109527282,
        0.11009192400000001,
        0.110530864,
        0.110838989,
        0.109878085,
        0.10947914,
        0.11351401400000001,
        0.111435359,
        0.11268790100000001,
        0.11034189400000001,
        0.10889402100000001,
        0.11065564,
        0.111063822,
        0.10958931000000001,
        0.109957711,
        0.111297108,
        0.1104936,
        0.11085953200000001,
        0.109672818,
        0.1102969,
        0.109433451,
        0.11054148500000001,
        0.110304065,
        0.110771675,
        0.109221054,
        0.11025922,
        0.110878479,
        0.110640535,
        0.11006128300000001,
        0.111708053,
        0.110026123,
        0.10977104800000001,
        0.10935990000000001,
        0.110819729,
        0.110548413,
        0.11043530700000001,
        0.111105986,
        0.110250464,
        0.110020174,
        0.111970658,
        0.110146019,
        0.111141423,
        0.11153489,
        0.111706683,
        0.111556577,
        0.114847156,
        0.11336831600000001,
        0.113539553,
        0.112649228,
        0.11203583,
        0.11265953000000001,
        0.11305330100000001,
        0.113085193,
        0.112814076,
        0.11262825,
        0.113187088,
        0.114411657,
        0.112830073,
        0.112692573,
        0.11328518800000001,
        0.11647130900000001,
        0.117831401,
        0.11738878,
        0.11719191500000001,
        0.116598396,
        0.11802231,
        0.11671324400000001,
        0.116366962,
        0.11704059800000001,
        0.11776494300000001,
        0.11792263900000001,
        0.116651975,
        0.11663612500000001,
        0.11679399800000001,
        0.11636954000000001,
        0.11836473,
        0.113179526,
        0.113508575,
        0.112430946,
        0.112612899,
        0.112494972,
        0.113783586,
        0.114328789,
        0.11297212100000001,
        0.112814886,
        0.11591992500000001,
        0.116138979,
        0.112748923,
        0.113001161,
        0.113210561,
        0.11366437900000001,
        0.112958267,
        0.112787017,
        0.114557054,
        0.11318365000000001
      ],
      "exit_codes": [
        0,
        0,
        0,
        0,
        0,
        0,
        0,
        0,
        0,
        0,
        0,
        0,
        0,
        0,
        0,
        0,
        0,
        0,
        0,
        0,
        0,
        0,
        0,
        0,
        0,
        0,
        0,
        0,
        0,
        0,
        0,
        0,
        0,
        0,
        0,
        0,
        0,
        0,
        0,
        0,
        0,
        0,
        0,
        0,
        0,
        0,
        0,
        0,
        0,
        0,
        0,
        0,
        0,
        0,
        0,
        0,
        0,
        0,
        0,
        0,
        0,
        0,
        0,
        0,
        0,
        0,
        0,
        0,
        0,
        0,
        0,
        0,
        0,
        0,
        0,
        0,
        0,
        0,
        0,
        0,
        0,
        0,
        0,
        0,
        0,
        0,
        0,
        0,
        0,
        0,
        0,
        0,
        0,
        0,
        0,
        0,
        0,
        0,
        0,
        0
      ]
    }
  ]
}
