{
  "results": [
    {
      "command": "out/20220731101132/contention 256 100",
      "mean": 0.006920921940000002,
      "stddev": 0.00021487681028525168,
      "median": 0.0069636638,
      "user": 0.00406021,
      "system": 0.009072460000000003,
      "min": 0.0063894578,
      "max": 0.0075302318,
      "times": [
        0.0068309158,
        0.0069558217999999995,
        0.006966744800000001,
        0.006603117800000001,
        0.0067312178,
        0.007035403799999999,
        0.0071068278,
        0.006606116800000001,
        0.007326686800000001,
        0.0069145448,
        0.006683328800000001,
        0.006787110800000001,
        0.006979834800000001,
        0.006951850800000001,
        0.0075302318,
        0.0069605828,
        0.006470526799999999,
        0.0070235378,
        0.0071237648,
        0.007172291799999999,
        0.0068610058,
        0.006770958800000001,
        0.0065819628000000005,
        0.0070798648,
        0.0068413017999999996,
        0.0069381758,
        0.0066292048,
        0.0070106278000000005,
        0.0070455468,
        0.007002271799999999,
        0.0070763388,
        0.0071419298,
        0.006797736800000001,
        0.006725457800000001,
        0.007014930799999999,
        0.0070826898,
        0.0070671568,
        0.007011678800000001,
        0.006460504800000001,
        0.0065884208,
        0.0069716168,
        0.0072378228,
        0.006476597800000001,
        0.0067096688000000005,
        0.0069275477999999995,
        0.0069474928,
        0.0069395077999999995,
        0.0067150778,
        0.006595358799999999,
        0.007073107800000001,
        0.0069106798,
        0.0072555808,
        0.0073101108,
        0.0068663748,
        0.0066086598,
        0.0070486687999999995,
        0.0070063148,
        0.0071351868,
        0.0064942478,
        0.007016601799999999,
        0.0069008027999999996,
        0.007165054800000001,
        0.0066698268000000005,
        0.0066982268,
        0.0069781498,
        0.0068880208,
        0.006876579800000001,
        0.0071358398,
        0.0069142378,
        0.0063894578,
        0.0066844608,
        0.007020948799999999,
        0.007130818800000001,
        0.0070621268000000004,
        0.006918287800000001,
        0.006986162800000001,
        0.0069839488000000005,
        0.0069977398,
        0.006981011800000001,
        0.006847729800000001,
        0.006554313799999999,
        0.0069917108,
        0.0068231218,
        0.0072807537999999995,
        0.0070235998000000004,
        0.0070393008,
        0.0069058717999999995,
        0.0069805197999999995,
        0.006893325800000001,
        0.0070732078,
        0.007077378800000001,
        0.0071892078,
        0.0068490548000000005,
        0.007115865800000001,
        0.0070844328,
        0.0067048588,
        0.0065827618,
        0.0068128258,
        0.006970975799999999,
        0.0071752228000000005
      ],
      "exit_codes": [
        0,
        0,
        0,
        0,
        0,
        0,
        0,
        0,
        0,
        0,
        0,
        0,
        0,
        0,
        0,
        0,
        0,
        0,
        0,
        0,
        0,
        0,
        0,
        0,
        0,
        0,
        0,
        0,
        0,
        0,
        0,
        0,
        0,
        0,
        0,
        0,
        0,
        0,
        0,
        0,
        0,
        0,
        0,
        0,
        0,
        0,
        0,
        0,
        0,
        0,
        0,
        0,
        0,
        0,
        0,
        0,
        0,
        0,
        0,
        0,
        0,
        0,
        0,
        0,
        0,
        0,
        0,
        0,
        0,
        0,
        0,
        0,
        0,
        0,
        0,
        0,
        0,
        0,
        0,
        0,
        0,
        0,
        0,
        0,
        0,
        0,
        0,
        0,
        0,
        0,
        0,
        0,
        0,
        0,
        0,
        0,
        0,
        0,
        0,
        0
      ]
    }
  ]
}
