{
  "results": [
    {
      "command": "out/20220731101132/contention 8 1",
      "mean": 0.0027532881500000007,
      "stddev": 0.00017032530438291675,
      "median": 0.0027061515600000003,
      "user": 0.00101299,
      "system": 0.0009854999999999996,
      "min": 0.0024468605600000003,
      "max": 0.0033043085600000005,
      "times": [
        0.0029102225600000004,
        0.0029198525600000005,
        0.0030000575600000003,
        0.0029100235600000002,
        0.0027438295600000005,
        0.0033043085600000005,
        0.0030168635599999998,
        0.00291630856,
        0.00291896656,
        0.0028365215599999998,
        0.0030023975600000003,
        0.0028265395600000002,
        0.0027753005600000004,
        0.00278055656,
        0.00311166456,
        0.0029227725600000005,
        0.0028921815600000005,
        0.0027848795600000005,
        0.0029103525600000005,
        0.0029549125600000004,
        0.0029271035600000003,
        0.0027984925600000004,
        0.00308143756,
        0.00304620956,
        0.0028900575600000005,
        0.0027894625600000003,
        0.00282155556,
        0.00280037056,
        0.00289055956,
        0.0030654825600000004,
        0.00265634756,
        0.00268089056,
        0.0029541875600000004,
        0.00291359956,
        0.00284895756,
        0.0026373115599999998,
        0.0027688555599999997,
        0.00267267056,
        0.0026082185599999998,
        0.0026614415600000004,
        0.00283351356,
        0.0027686975600000004,
        0.0027565845600000002,
        0.00308087556,
        0.0026688175600000003,
        0.0027731515600000005,
        0.00263500756,
        0.00286038556,
        0.00245176656,
        0.00282514256,
        0.00305555456,
        0.0026675845599999997,
        0.0027619015599999997,
        0.0028869105600000003,
        0.00270030856,
        0.00267571456,
        0.0026000175600000004,
        0.00297838756,
        0.00272003856,
        0.0025083175600000003,
        0.00269889156,
        0.0026465945600000003,
        0.00261321256,
        0.0026391835599999997,
        0.0026415815600000004,
        0.0024999135600000002,
        0.0024468605600000003,
        0.0026811745600000005,
        0.0025652595600000002,
        0.0026380515599999997,
        0.00263681356,
        0.0027119945600000005,
        0.0026939425600000003,
        0.00249135856,
        0.00256744356,
        0.0026275265599999998,
        0.00248339556,
        0.0026217245599999997,
        0.00250852556,
        0.0028615295599999997,
        0.00269465156,
        0.00268510256,
        0.00256110756,
        0.00261395456,
        0.0025698185599999997,
        0.00259806756,
        0.00253578456,
        0.0028231625600000005,
        0.0029175355600000005,
        0.0025597865600000005,
        0.0026435175600000005,
        0.00260901856,
        0.00252979156,
        0.00259302956,
        0.00263455256,
        0.0026610975600000002,
        0.00260613856,
        0.0026823285600000002,
        0.0026766875600000004,
        0.0026983005599999998
      ],
      "exit_codes": [
        0,
        0,
        0,
        0,
        0,
        0,
        0,
        0,
        0,
        0,
        0,
        0,
        0,
        0,
        0,
        0,
        0,
        0,
        0,
        0,
        0,
        0,
        0,
        0,
        0,
        0,
        0,
        0,
        0,
        0,
        0,
        0,
        0,
        0,
        0,
        0,
        0,
        0,
        0,
        0,
        0,
        0,
        0,
        0,
        0,
        0,
        0,
        0,
        0,
        0,
        0,
        0,
        0,
        0,
        0,
        0,
        0,
        0,
        0,
        0,
        0,
        0,
        0,
        0,
        0,
        0,
        0,
        0,
        0,
        0,
        0,
        0,
        0,
        0,
        0,
        0,
        0,
        0,
        0,
        0,
        0,
        0,
        0,
        0,
        0,
        0,
        0,
        0,
        0,
        0,
        0,
        0,
        0,
        0,
        0,
        0,
        0,
        0,
        0,
        0
      ]
    }
  ]
}
