{
  "results": [
    {
      "command": "out/20220731101132/contention 8 10",
      "mean": 0.00318222424,
      "stddev": 0.00018723668496118095,
      "median": 0.0031900718400000006,
      "user": 0.002312640000000001,
      "system": 0.0022051800000000006,
      "min": 0.0026891228400000005,
      "max": 0.0035631928400000007,
      "times": [
        0.0032095788400000004,
        0.0030663468400000003,
        0.003237757840000001,
        0.0032016478400000003,
        0.00300333284,
        0.0030603388400000002,
        0.0031635698400000007,
        0.0032847668400000007,
        0.0031959308400000006,
        0.0032473908400000003,
        0.0029320608400000003,
        0.0027102538400000003,
        0.0026891228400000005,
        0.0034774348400000007,
        0.003369113840000001,
        0.0030582388400000006,
        0.0035105388400000007,
        0.0034543128400000003,
        0.0035631928400000007,
        0.0033214768400000004,
        0.0033048468400000003,
        0.0033196298400000003,
        0.0032748288400000006,
        0.0032137408400000006,
        0.002979089840000001,
        0.0030903018400000003,
        0.0032028028400000004,
        0.0030462668400000007,
        0.0031291558400000008,
        0.0033931318400000007,
        0.0033622548400000004,
        0.0034375838400000002,
        0.0029993538400000007,
        0.0028094238400000002,
        0.0029846288400000006,
        0.0034504108400000002,
        0.0030361708400000005,
        0.0028612358400000003,
        0.002978489840000001,
        0.0030417898400000006,
        0.002990398840000001,
        0.0030931238400000007,
        0.0030875118400000004,
        0.0032434928400000007,
        0.003021383840000001,
        0.003559919840000001,
        0.003366511840000001,
        0.0033593828400000003,
        0.0030572288400000005,
        0.0028267768400000006,
        0.0028774308400000004,
        0.0033556798400000004,
        0.0031533128400000002,
        0.0035091978400000005,
        0.0033696358400000003,
        0.0030343548400000005,
        0.0031910718400000003,
        0.0031285828400000005,
        0.00328006984,
        0.0031310808400000006,
        0.0032935918400000003,
        0.003318237840000001,
        0.0032265288400000003,
        0.003154883840000001,
        0.003365534840000001,
        0.0032210508400000006,
        0.00351000084,
        0.0031482948400000004,
        0.003445330840000001,
        0.0031836078400000007,
        0.0029851198400000006,
        0.0031275278400000007,
        0.0033492698400000003,
        0.003189071840000001,
        0.0030578748400000005,
        0.0030816498400000007,
        0.0030450128400000007,
        0.003333300840000001,
        0.0033499068400000007,
        0.0032587488400000007,
        0.003353760840000001,
        0.0032531858400000006,
        0.0031565698400000007,
        0.0032877668400000002,
        0.0032063328400000002,
        0.00319535984,
        0.003033020840000001,
        0.0030677848400000006,
        0.00341796284,
        0.003447942840000001,
        0.0030747288400000006,
        0.0028544658400000006,
        0.002831732840000001,
        0.0031225958400000007,
        0.003085681840000001,
        0.003195659840000001,
        0.003316833840000001,
        0.0031461438400000007,
        0.0031661338400000008,
        0.0030565198400000007
      ],
      "exit_codes": [
        0,
        0,
        0,
        0,
        0,
        0,
        0,
        0,
        0,
        0,
        0,
        0,
        0,
        0,
        0,
        0,
        0,
        0,
        0,
        0,
        0,
        0,
        0,
        0,
        0,
        0,
        0,
        0,
        0,
        0,
        0,
        0,
        0,
        0,
        0,
        0,
        0,
        0,
        0,
        0,
        0,
        0,
        0,
        0,
        0,
        0,
        0,
        0,
        0,
        0,
        0,
        0,
        0,
        0,
        0,
        0,
        0,
        0,
        0,
        0,
        0,
        0,
        0,
        0,
        0,
        0,
        0,
        0,
        0,
        0,
        0,
        0,
        0,
        0,
        0,
        0,
        0,
        0,
        0,
        0,
        0,
        0,
        0,
        0,
        0,
        0,
        0,
        0,
        0,
        0,
        0,
        0,
        0,
        0,
        0,
        0,
        0,
        0,
        0,
        0
      ]
    }
  ]
}
