{
  "results": [
    {
      "command": "out/20220731101132/contention 1 100000",
      "mean": 0.04361457455000001,
      "stddev": 0.0008266606309370548,
      "median": 0.043335512320000005,
      "user": 0.04110515999999999,
      "system": 0.0011305299999999998,
      "min": 0.042806101320000005,
      "max": 0.047668680320000004,
      "times": [
        0.043234850320000004,
        0.04364677732,
        0.043350012320000006,
        0.043084046320000007,
        0.04328097032000001,
        0.043199492320000005,
        0.04348315632000001,
        0.04332750432,
        0.04348357432,
        0.04356899032000001,
        0.04427309932,
        0.04341252032,
        0.043618667320000006,
        0.043314181320000006,
        0.043478401320000006,
        0.04319235132,
        0.043067162320000005,
        0.04358621632,
        0.04314958632,
        0.04329659032,
        0.04349908332000001,
        0.04346311632,
        0.04336508732,
        0.04354851832000001,
        0.04398145132,
        0.04293928032,
        0.04384696232,
        0.04575083732,
        0.043532583320000005,
        0.04464886232,
        0.042806101320000005,
        0.04298448332,
        0.045527538320000005,
        0.043250007320000006,
        0.04296420932,
        0.04346794132,
        0.04341591932,
        0.043284260320000004,
        0.043164280320000005,
        0.043833930320000006,
        0.044713286320000004,
        0.043090642320000004,
        0.04321191932000001,
        0.04479134632,
        0.04300694932,
        0.04333957832,
        0.043204947320000006,
        0.043135978320000004,
        0.04312817832,
        0.044325586320000006,
        0.043827183320000004,
        0.04309005732000001,
        0.043484875320000005,
        0.04326126232000001,
        0.04613171732,
        0.043096401320000005,
        0.042961292320000004,
        0.04500548732,
        0.045080992320000006,
        0.043071077320000005,
        0.043019374320000005,
        0.045633410320000005,
        0.04350847832,
        0.04339454132000001,
        0.043374944320000004,
        0.043077090320000004,
        0.044973817320000005,
        0.043148459320000006,
        0.04338086732,
        0.043023041320000004,
        0.04327276732,
        0.043321963320000004,
        0.04320081532,
        0.04351545032,
        0.043789345320000006,
        0.04367198432,
        0.04309086932,
        0.043194072320000006,
        0.043409994320000006,
        0.04341926932,
        0.045492996320000006,
        0.04348276932,
        0.046000476320000004,
        0.04320241432000001,
        0.04300290532000001,
        0.043115426320000004,
        0.043476806320000005,
        0.04314142832,
        0.043136834320000005,
        0.04325508032000001,
        0.042998886320000006,
        0.04316275532,
        0.043484017320000005,
        0.043287815320000006,
        0.04307070032,
        0.04333144632,
        0.043189077320000005,
        0.047668680320000004,
        0.04328940932000001,
        0.04396561232000001
      ],
      "exit_codes": [
        0,
        0,
        0,
        0,
        0,
        0,
        0,
        0,
        0,
        0,
        0,
        0,
        0,
        0,
        0,
        0,
        0,
        0,
        0,
        0,
        0,
        0,
        0,
        0,
        0,
        0,
        0,
        0,
        0,
        0,
        0,
        0,
        0,
        0,
        0,
        0,
        0,
        0,
        0,
        0,
        0,
        0,
        0,
        0,
        0,
        0,
        0,
        0,
        0,
        0,
        0,
        0,
        0,
        0,
        0,
        0,
        0,
        0,
        0,
        0,
        0,
        0,
        0,
        0,
        0,
        0,
        0,
        0,
        0,
        0,
        0,
        0,
        0,
        0,
        0,
        0,
        0,
        0,
        0,
        0,
        0,
        0,
        0,
        0,
        0,
        0,
        0,
        0,
        0,
        0,
        0,
        0,
        0,
        0,
        0,
        0,
        0,
        0,
        0,
        0
      ]
    }
  ]
}
