{
  "results": [
    {
      "command": "out/20220731101132/contention 2048 100",
      "mean": 0.05873817144,
      "stddev": 0.0018665664564447698,
      "median": 0.05857036298,
      "user": 0.014272580000000002,
      "system": 0.10535431999999996,
      "min": 0.05513866348,
      "max": 0.06940132248,
      "times": [
        0.061347606480000004,
        0.059718437480000004,
        0.05844990848000001,
        0.06281932248,
        0.06367462548,
        0.06940132248,
        0.05766886948,
        0.06159811848,
        0.061522305480000004,
        0.060564117480000006,
        0.05723890148000001,
        0.06106940748000001,
        0.057332276480000006,
        0.059829884480000005,
        0.057192723480000006,
        0.057870590480000005,
        0.059184372480000004,
        0.057052390480000006,
        0.058955329480000006,
        0.059475437480000004,
        0.05981093448000001,
        0.05792827448000001,
        0.05917414748,
        0.05843411448000001,
        0.06057478348,
        0.05513866348,
        0.05929026448000001,
        0.05872793548000001,
        0.05751986748000001,
        0.05893923148000001,
        0.05754146148000001,
        0.060017660480000005,
        0.058447131480000004,
        0.05741695948,
        0.057682717480000006,
        0.05840939148,
        0.05888310748,
        0.05887696748000001,
        0.05654303948,
        0.056552762480000004,
        0.057689428480000006,
        0.05909408448,
        0.05983882848,
        0.05834071248000001,
        0.060992852480000005,
        0.057232957480000006,
        0.05951256348,
        0.058357447480000005,
        0.05925269048,
        0.058841602480000005,
        0.05934009148,
        0.05836018248,
        0.057150038480000005,
        0.05677146248000001,
        0.05864727848,
        0.058207928480000004,
        0.057280271480000006,
        0.059495540480000005,
        0.056566038480000004,
        0.05914526348,
        0.05809090648,
        0.059230325480000005,
        0.05956715848000001,
        0.05888058048000001,
        0.06018836448,
        0.05794712548000001,
        0.055991130480000005,
        0.057717339480000004,
        0.05815350048,
        0.058783939480000005,
        0.05962920848000001,
        0.05712141248,
        0.05871187848000001,
        0.05812411348,
        0.05821281148,
        0.05720350148,
        0.05980391948,
        0.057697590480000005,
        0.05862136048,
        0.05801928348,
        0.057472465480000005,
        0.05588158748,
        0.06054973448,
        0.057778997480000004,
        0.05709954148,
        0.058281303480000005,
        0.056708401480000004,
        0.05794525148,
        0.055895974480000006,
        0.05889049448000001,
        0.05911336348000001,
        0.05923219348000001,
        0.058114541480000004,
        0.058866068480000006,
        0.05557181448,
        0.05891155948000001,
        0.05851936548,
        0.060005851480000004,
        0.06244094748,
        0.060849609480000004
      ],
      "exit_codes": [
        0,
        0,
        0,
        0,
        0,
        0,
        0,
        0,
        0,
        0,
        0,
        0,
        0,
        0,
        0,
        0,
        0,
        0,
        0,
        0,
        0,
        0,
        0,
        0,
        0,
        0,
        0,
        0,
        0,
        0,
        0,
        0,
        0,
        0,
        0,
        0,
        0,
        0,
        0,
        0,
        0,
        0,
        0,
        0,
        0,
        0,
        0,
        0,
        0,
        0,
        0,
        0,
        0,
        0,
        0,
        0,
        0,
        0,
        0,
        0,
        0,
        0,
        0,
        0,
        0,
        0,
        0,
        0,
        0,
        0,
        0,
        0,
        0,
        0,
        0,
        0,
        0,
        0,
        0,
        0,
        0,
        0,
        0,
        0,
        0,
        0,
        0,
        0,
        0,
        0,
        0,
        0,
        0,
        0,
        0,
        0,
        0,
        0,
        0,
        0
      ]
    }
  ]
}
