{
  "results": [
    {
      "command": "out/20220731101132/contention 128 1",
      "mean": 0.005063814009999998,
      "stddev": 0.00025017495137987184,
      "median": 0.0050220331,
      "user": 0.002146139999999998,
      "system": 0.004111500000000001,
      "min": 0.004666136099999999,
      "max": 0.005569464100000001,
      "times": [
        0.0050753571,
        0.0052311501,
        0.0053251901,
        0.005405888100000001,
        0.005476907100000001,
        0.0054106971,
        0.0052390991,
        0.0053718221,
        0.005489230100000001,
        0.005453583100000001,
        0.0053552891000000005,
        0.0052596741,
        0.0052386411,
        0.005380346100000001,
        0.005366860100000001,
        0.0055176661000000005,
        0.0054749281,
        0.0052338531,
        0.0051753531,
        0.005420227100000001,
        0.005569464100000001,
        0.0054953261,
        0.005446896100000001,
        0.005084357100000001,
        0.0050610351,
        0.0051328481,
        0.0054208091,
        0.0051514751000000004,
        0.0055232361,
        0.0052900181,
        0.0055160251,
        0.0050614891,
        0.0050159961,
        0.005091340100000001,
        0.0052282331,
        0.0050150041,
        0.0049626021,
        0.0050280701,
        0.0052106401,
        0.005187286100000001,
        0.0054202281000000005,
        0.005012770099999999,
        0.0052687071000000005,
        0.0049276331,
        0.0050708961,
        0.0050128411,
        0.0053284621,
        0.0049258910999999996,
        0.004945304100000001,
        0.0051284760999999995,
        0.0050358100999999995,
        0.005156685100000001,
        0.0047208161000000005,
        0.0048033591,
        0.004977088100000001,
        0.0047430341,
        0.0048077981,
        0.004713838099999999,
        0.004858587100000001,
        0.0048945251,
        0.0049774391,
        0.0047629900999999995,
        0.0048971281,
        0.0047499851,
        0.0049358431,
        0.0048292751000000005,
        0.0049356251,
        0.004860765099999999,
        0.0048141811,
        0.004817321099999999,
        0.0051067701,
        0.004666136099999999,
        0.004825666100000001,
        0.0049446131,
        0.004876644099999999,
        0.004750121099999999,
        0.004918229099999999,
        0.0047495091,
        0.0048630671,
        0.005299713100000001,
        0.005047682099999999,
        0.0047108701,
        0.0048723681,
        0.0047952371,
        0.0049201101,
        0.0047687661,
        0.0051914870999999994,
        0.0047126701,
        0.004839484099999999,
        0.0047830311,
        0.004911200100000001,
        0.0047960391,
        0.005297201100000001,
        0.0047744221,
        0.0049503711,
        0.0048105301,
        0.0048764551,
        0.005083678100000001,
        0.0047300081,
        0.0047821051
      ],
      "exit_codes": [
        0,
        0,
        0,
        0,
        0,
        0,
        0,
        0,
        0,
        0,
        0,
        0,
        0,
        0,
        0,
        0,
        0,
        0,
        0,
        0,
        0,
        0,
        0,
        0,
        0,
        0,
        0,
        0,
        0,
        0,
        0,
        0,
        0,
        0,
        0,
        0,
        0,
        0,
        0,
        0,
        0,
        0,
        0,
        0,
        0,
        0,
        0,
        0,
        0,
        0,
        0,
        0,
        0,
        0,
        0,
        0,
        0,
        0,
        0,
        0,
        0,
        0,
        0,
        0,
        0,
        0,
        0,
        0,
        0,
        0,
        0,
        0,
        0,
        0,
        0,
        0,
        0,
        0,
        0,
        0,
        0,
        0,
        0,
        0,
        0,
        0,
        0,
        0,
        0,
        0,
        0,
        0,
        0,
        0,
        0,
        0,
        0,
        0,
        0,
        0
      ]
    }
  ]
}
