{
  "results": [
    {
      "command": "out/20220731101132/contention 128 100000",
      "mean": 0.01525220001,
      "stddev": 0.0006368169527218125,
      "median": 0.01521207124,
      "user": 0.07838914999999999,
      "system": 0.0067242099999999996,
      "min": 0.01432561724,
      "max": 0.01726140724,
      "times": [
        0.014395106240000002,
        0.01435851424,
        0.014665547240000002,
        0.014435566240000001,
        0.01444971324,
        0.01465541824,
        0.01444039224,
        0.01445170924,
        0.01475084424,
        0.01432561724,
        0.01453401224,
        0.014682453239999999,
        0.014695143240000002,
        0.01501857524,
        0.014667849240000001,
        0.01466626324,
        0.015434024240000002,
        0.014767070240000001,
        0.014536442240000001,
        0.015155543240000001,
        0.01457957724,
        0.015827868239999997,
        0.01531936924,
        0.014433549240000001,
        0.014334427240000001,
        0.01463124124,
        0.01467307824,
        0.01447457024,
        0.01455777224,
        0.014352539240000002,
        0.014424168240000002,
        0.014630146240000001,
        0.01479253324,
        0.015175882239999999,
        0.01456584824,
        0.01468304524,
        0.01535011324,
        0.01552987524,
        0.014968971240000002,
        0.01512088924,
        0.01503256824,
        0.01492857424,
        0.01512394124,
        0.01477272224,
        0.015447543240000002,
        0.015100406240000001,
        0.01506112324,
        0.01487138124,
        0.015512450240000001,
        0.01500029624,
        0.01493666424,
        0.01521255424,
        0.01532939424,
        0.01521304924,
        0.014998988240000002,
        0.01488388524,
        0.015058458240000001,
        0.01501204324,
        0.014923340240000001,
        0.01525153824,
        0.016645128239999998,
        0.01633394124,
        0.01677193124,
        0.01625030424,
        0.016460687239999997,
        0.01636285124,
        0.01626856024,
        0.01649781924,
        0.016418158239999998,
        0.015982016239999997,
        0.01726140724,
        0.015211588239999999,
        0.01585209024,
        0.015358645240000001,
        0.015446633240000002,
        0.01601057824,
        0.015710783239999998,
        0.015388286240000002,
        0.015695723239999997,
        0.015353865240000002,
        0.015415113240000002,
        0.01581242924,
        0.015543568240000001,
        0.015719998239999998,
        0.01545811224,
        0.01563488124,
        0.01609889124,
        0.01552026524,
        0.01548998924,
        0.01552868624,
        0.015492004240000001,
        0.01541661224,
        0.01625461424,
        0.01563654924,
        0.01566408224,
        0.015614763240000001,
        0.015374583240000001,
        0.01572359224,
        0.015453404240000001,
        0.015904672239999997
      ],
      "exit_codes": [
        0,
        0,
        0,
        0,
        0,
        0,
        0,
        0,
        0,
        0,
        0,
        0,
        0,
        0,
        0,
        0,
        0,
        0,
        0,
        0,
        0,
        0,
        0,
        0,
        0,
        0,
        0,
        0,
        0,
        0,
        0,
        0,
        0,
        0,
        0,
        0,
        0,
        0,
        0,
        0,
        0,
        0,
        0,
        0,
        0,
        0,
        0,
        0,
        0,
        0,
        0,
        0,
        0,
        0,
        0,
        0,
        0,
        0,
        0,
        0,
        0,
        0,
        0,
        0,
        0,
        0,
        0,
        0,
        0,
        0,
        0,
        0,
        0,
        0,
        0,
        0,
        0,
        0,
        0,
        0,
        0,
        0,
        0,
        0,
        0,
        0,
        0,
        0,
        0,
        0,
        0,
        0,
        0,
        0,
        0,
        0,
        0,
        0,
        0,
        0
      ]
    }
  ]
}
