{
  "results": [
    {
      "command": "out/20220731101132/contention 2048 10",
      "mean": 0.06125832575999997,
      "stddev": 0.003595788649212315,
      "median": 0.060772498720000005,
      "user": 0.01567418,
      "system": 0.11084445999999998,
      "min": 0.05564627222,
      "max": 0.06928110622000001,
      "times": [
        0.05786898522,
        0.05811794722000001,
        0.05595719322000001,
        0.05764524622,
        0.05739825522,
        0.05849739222,
        0.05692361822,
        0.06175163722,
        0.05564627222,
        0.060731011220000006,
        0.05842211722,
        0.05914816322000001,
        0.05826178322,
        0.059494454220000006,
        0.060553106220000014,
        0.05637982622,
        0.058629684220000006,
        0.05680901022,
        0.05967460822000001,
        0.057149349220000006,
        0.06114367422000001,
        0.05728486822000001,
        0.060899725220000006,
        0.05878458022000001,
        0.061779424220000004,
        0.061599371220000004,
        0.06097671122000001,
        0.06426398722000001,
        0.05713864422000001,
        0.062240746220000004,
        0.05885706822,
        0.061498741220000014,
        0.05642683522,
        0.06070201622,
        0.05850705022000001,
        0.06255798122,
        0.05959594922,
        0.06341130822,
        0.06134376122,
        0.05992114722,
        0.060357960220000006,
        0.05823366522000001,
        0.06146810622000001,
        0.05721910122,
        0.06224491622,
        0.06052191922000001,
        0.06268943222000001,
        0.05816496522,
        0.06326849222000001,
        0.05811058622000001,
        0.061819313220000005,
        0.05859420322,
        0.05746485222,
        0.061555981220000014,
        0.05645636022,
        0.05928816622000001,
        0.05710680822,
        0.05860085122,
        0.05648381822000001,
        0.05944337922000001,
        0.057321310220000005,
        0.06037982922,
        0.055810283220000007,
        0.06109567122000001,
        0.060026675220000006,
        0.058193596220000005,
        0.059592906220000005,
        0.060513335220000006,
        0.05998943022,
        0.06835378022000001,
        0.06572348022,
        0.06502251622,
        0.06576834822000001,
        0.06903157822000001,
        0.06651247222000001,
        0.06320735822000001,
        0.06767025822,
        0.06609974822,
        0.06655785022,
        0.06698510522000001,
        0.06454707122,
        0.06890419622,
        0.06629213022000001,
        0.06896242322000001,
        0.06815236622000001,
        0.06928110622000001,
        0.06796192822000001,
        0.06344869322,
        0.06231546922,
        0.06346007322000001,
        0.06546289422000001,
        0.06402262422,
        0.06403880622000001,
        0.06100746122,
        0.06534586122000001,
        0.06087602922,
        0.06622357022000001,
        0.06228977522000001,
        0.06548445022,
        0.060813986220000005
      ],
      "exit_codes": [
        0,
        0,
        0,
        0,
        0,
        0,
        0,
        0,
        0,
        0,
        0,
        0,
        0,
        0,
        0,
        0,
        0,
        0,
        0,
        0,
        0,
        0,
        0,
        0,
        0,
        0,
        0,
        0,
        0,
        0,
        0,
        0,
        0,
        0,
        0,
        0,
        0,
        0,
        0,
        0,
        0,
        0,
        0,
        0,
        0,
        0,
        0,
        0,
        0,
        0,
        0,
        0,
        0,
        0,
        0,
        0,
        0,
        0,
        0,
        0,
        0,
        0,
        0,
        0,
        0,
        0,
        0,
        0,
        0,
        0,
        0,
        0,
        0,
        0,
        0,
        0,
        0,
        0,
        0,
        0,
        0,
        0,
        0,
        0,
        0,
        0,
        0,
        0,
        0,
        0,
        0,
        0,
        0,
        0,
        0,
        0,
        0,
        0,
        0,
        0
      ]
    }
  ]
}
