{
  "results": [
    {
      "command": "out/20220731101132/contention 1024 10000",
      "mean": 0.027470821999999995,
      "stddev": 0.0006389906344287753,
      "median": 0.02739656272,
      "user": 0.016137839999999997,
      "system": 0.04541516000000002,
      "min": 0.02625655522,
      "max": 0.029671370220000003,
      "times": [
        0.02686529822,
        0.02625655522,
        0.02696453222,
        0.02716571522,
        0.02750182522,
        0.026437266220000002,
        0.027770543220000003,
        0.026962452220000002,
        0.02741328622,
        0.029671370220000003,
        0.026718568220000002,
        0.02806316322,
        0.02689513222,
        0.027627292220000002,
        0.027096403220000002,
        0.02682761922,
        0.02723169222,
        0.02689022622,
        0.02704621422,
        0.027524643220000002,
        0.02740342922,
        0.02750572722,
        0.02701031122,
        0.02686934622,
        0.02701120122,
        0.02695740022,
        0.02697343722,
        0.026780996220000002,
        0.02751880422,
        0.02703257522,
        0.02731718322,
        0.02714167922,
        0.02711731022,
        0.02755041222,
        0.02727052222,
        0.02700494922,
        0.027053803220000002,
        0.02701158822,
        0.02754872722,
        0.026895410220000002,
        0.026658224220000002,
        0.02740158422,
        0.026954760220000002,
        0.027207397220000002,
        0.02680260222,
        0.02812407422,
        0.029026292220000003,
        0.02873065522,
        0.02825646822,
        0.02773741622,
        0.02791626322,
        0.02791069922,
        0.02778406822,
        0.02747203622,
        0.02820774622,
        0.02755833122,
        0.028608831220000002,
        0.02727567622,
        0.02751470022,
        0.02788799522,
        0.02761218822,
        0.02900126522,
        0.02701552322,
        0.027961815220000002,
        0.02853094122,
        0.027624972220000002,
        0.02844869722,
        0.02791663122,
        0.028049679220000002,
        0.028468242220000002,
        0.027666149220000002,
        0.027658370220000002,
        0.028208328220000002,
        0.02745443322,
        0.02775141722,
        0.02710410422,
        0.028044622220000003,
        0.027432146220000002,
        0.02783552822,
        0.027727383220000002,
        0.028851366220000004,
        0.029002786220000003,
        0.02834199322,
        0.02678129822,
        0.02703566922,
        0.02701590722,
        0.02693051422,
        0.02676239922,
        0.026665461220000002,
        0.027031030220000002,
        0.02701703722,
        0.02768967522,
        0.02717595322,
        0.026580854220000002,
        0.027921785220000002,
        0.02739154122,
        0.02726950522,
        0.027064237220000002,
        0.02699303222,
        0.02710728322
      ],
      "exit_codes": [
        0,
        0,
        0,
        0,
        0,
        0,
        0,
        0,
        0,
        0,
        0,
        0,
        0,
        0,
        0,
        0,
        0,
        0,
        0,
        0,
        0,
        0,
        0,
        0,
        0,
        0,
        0,
        0,
        0,
        0,
        0,
        0,
        0,
        0,
        0,
        0,
        0,
        0,
        0,
        0,
        0,
        0,
        0,
        0,
        0,
        0,
        0,
        0,
        0,
        0,
        0,
        0,
        0,
        0,
        0,
        0,
        0,
        0,
        0,
        0,
        0,
        0,
        0,
        0,
        0,
        0,
        0,
        0,
        0,
        0,
        0,
        0,
        0,
        0,
        0,
        0,
        0,
        0,
        0,
        0,
        0,
        0,
        0,
        0,
        0,
        0,
        0,
        0,
        0,
        0,
        0,
        0,
        0,
        0,
        0,
        0,
        0,
        0,
        0,
        0
      ]
    }
  ]
}
