{
  "results": [
    {
      "command": "out/20220731101132/contention 16 1000",
      "mean": 0.003056429500000001,
      "stddev": 0.00021025709372344688,
      "median": 0.0030286661,
      "user": 0.00209729,
      "system": 0.0015535200000000005,
      "min": 0.0027165810999999996,
      "max": 0.0042319701,
      "times": [
        0.0029803061,
        0.0028551211,
        0.0028983991,
        0.0028972511000000005,
        0.0031637471,
        0.0030379791,
        0.0029713140999999997,
        0.0029809981,
        0.0031609891,
        0.0029976040999999997,
        0.0029916121,
        0.0027736940999999998,
        0.0028627921,
        0.0029827161000000003,
        0.0030954651,
        0.0030259251,
        0.0030543480999999997,
        0.0034066681000000003,
        0.0030484741000000003,
        0.0028330001,
        0.0030124940999999997,
        0.0029953041000000003,
        0.0029888131000000004,
        0.0029572211,
        0.0032935141000000005,
        0.0030936801,
        0.0031630221,
        0.0032662241000000003,
        0.0030434831,
        0.0031400170999999998,
        0.0032081330999999998,
        0.0030702371000000004,
        0.0032262091000000003,
        0.0031563521,
        0.0029684851000000003,
        0.0032310311,
        0.0031561351000000005,
        0.0032026881,
        0.0032647261000000004,
        0.0029219021,
        0.0028134001000000002,
        0.0029012251,
        0.0029950641,
        0.0030230351,
        0.0031400201,
        0.0032812601,
        0.0029385961000000004,
        0.0028634530999999998,
        0.0028378700999999997,
        0.0029350751,
        0.0028634131,
        0.0028975540999999997,
        0.0030499801000000003,
        0.0030344880999999997,
        0.0033410891,
        0.0028267791000000002,
        0.0031468080999999997,
        0.0030850000999999997,
        0.0029554821,
        0.0027614971000000004,
        0.0027655261000000004,
        0.0029735450999999998,
        0.0034678331000000005,
        0.0032817530999999997,
        0.0031002291,
        0.0031329000999999997,
        0.0030208631,
        0.0030186501,
        0.0031267821000000003,
        0.0038505091,
        0.0029570401,
        0.0032904581,
        0.0031730201,
        0.0030755971,
        0.0031606181,
        0.0030129911,
        0.0030549811000000005,
        0.0029596891,
        0.0030186561000000002,
        0.0028872601000000005,
        0.0031635411000000002,
        0.0030314071000000003,
        0.0027341101,
        0.0029912591,
        0.0030427881,
        0.0032776661,
        0.0030612401000000003,
        0.0027800361,
        0.0030422861000000004,
        0.0033165191,
        0.0029539761,
        0.0028349811,
        0.0029710290999999996,
        0.0030384771,
        0.0030925531,
        0.0031439421,
        0.0042319701,
        0.0027982611000000003,
        0.0030222581000000004,
        0.0027165810999999996
      ],
      "exit_codes": [
        0,
        0,
        0,
        0,
        0,
        0,
        0,
        0,
        0,
        0,
        0,
        0,
        0,
        0,
        0,
        0,
        0,
        0,
        0,
        0,
        0,
        0,
        0,
        0,
        0,
        0,
        0,
        0,
        0,
        0,
        0,
        0,
        0,
        0,
        0,
        0,
        0,
        0,
        0,
        0,
        0,
        0,
        0,
        0,
        0,
        0,
        0,
        0,
        0,
        0,
        0,
        0,
        0,
        0,
        0,
        0,
        0,
        0,
        0,
        0,
        0,
        0,
        0,
        0,
        0,
        0,
        0,
        0,
        0,
        0,
        0,
        0,
        0,
        0,
        0,
        0,
        0,
        0,
        0,
        0,
        0,
        0,
        0,
        0,
        0,
        0,
        0,
        0,
        0,
        0,
        0,
        0,
        0,
        0,
        0,
        0,
        0,
        0,
        0,
        0
      ]
    }
  ]
}
