{
  "results": [
    {
      "command": "out/20220731101132/contention 256 100000",
      "mean": 0.015506478769999997,
      "stddev": 0.00039158467570243015,
      "median": 0.01550761722,
      "user": 0.07767783000000003,
      "system": 0.01004693,
      "min": 0.01422853772,
      "max": 0.01717663472,
      "times": [
        0.01422853772,
        0.01450684972,
        0.014620223719999999,
        0.01586960472,
        0.01493897872,
        0.015204390719999999,
        0.01618480672,
        0.01581969072,
        0.01536026372,
        0.01490201872,
        0.015075488719999999,
        0.015504066720000001,
        0.015325253720000001,
        0.01526926772,
        0.01573482472,
        0.015372692720000001,
        0.01495672172,
        0.015467072719999999,
        0.015448545720000002,
        0.015372387720000002,
        0.015064289719999999,
        0.01596349172,
        0.01527519872,
        0.01567612372,
        0.014978793720000001,
        0.01586094072,
        0.01515860372,
        0.015016305720000001,
        0.015623416720000002,
        0.01574706372,
        0.01540328672,
        0.01571689072,
        0.01511838372,
        0.01582045372,
        0.01566577772,
        0.01469793972,
        0.01639536272,
        0.01507195872,
        0.01510745972,
        0.01584762672,
        0.015495016720000001,
        0.01554194372,
        0.01541004172,
        0.01551545972,
        0.015274624720000001,
        0.01597948172,
        0.015286100720000001,
        0.01580691172,
        0.015569492720000001,
        0.01586917372,
        0.01575424572,
        0.015397805720000001,
        0.01519171872,
        0.01590762072,
        0.015557640720000002,
        0.01552011872,
        0.01579314372,
        0.015467481719999999,
        0.015340782720000001,
        0.01553111972,
        0.015417776720000002,
        0.015384799720000002,
        0.01594561172,
        0.01596971472,
        0.01563667072,
        0.01579933672,
        0.015280837719999999,
        0.01565096272,
        0.015567850720000002,
        0.01577016472,
        0.015362011719999999,
        0.01561608972,
        0.01542949372,
        0.015560032719999999,
        0.01537783072,
        0.01578355172,
        0.01554578072,
        0.01538602272,
        0.01604607072,
        0.01544538572,
        0.01556905872,
        0.01567853972,
        0.01551673872,
        0.015502765719999999,
        0.01551116772,
        0.01566239772,
        0.01565572972,
        0.01557795072,
        0.015396004719999998,
        0.015421441720000002,
        0.01628344172,
        0.01579364172,
        0.015277319720000002,
        0.01546745372,
        0.01592998772,
        0.01717663472,
        0.01540085372,
        0.01561374372,
        0.015269566719999999,
        0.015386460720000002
      ],
      "exit_codes": [
        0,
        0,
        0,
        0,
        0,
        0,
        0,
        0,
        0,
        0,
        0,
        0,
        0,
        0,
        0,
        0,
        0,
        0,
        0,
        0,
        0,
        0,
        0,
        0,
        0,
        0,
        0,
        0,
        0,
        0,
        0,
        0,
        0,
        0,
        0,
        0,
        0,
        0,
        0,
        0,
        0,
        0,
        0,
        0,
        0,
        0,
        0,
        0,
        0,
        0,
        0,
        0,
        0,
        0,
        0,
        0,
        0,
        0,
        0,
        0,
        0,
        0,
        0,
        0,
        0,
        0,
        0,
        0,
        0,
        0,
        0,
        0,
        0,
        0,
        0,
        0,
        0,
        0,
        0,
        0,
        0,
        0,
        0,
        0,
        0,
        0,
        0,
        0,
        0,
        0,
        0,
        0,
        0,
        0,
        0,
        0,
        0,
        0,
        0,
        0
      ]
    }
  ]
}
