{
  "results": [
    {
      "command": "out/20220731101132/contention 1024 1",
      "mean": 0.025288223019999986,
      "stddev": 0.001415378488641205,
      "median": 0.02509413654,
      "user": 0.008128559999999996,
      "system": 0.03906174,
      "min": 0.02231495604,
      "max": 0.028333603040000002,
      "times": [
        0.02745050204,
        0.02771851104,
        0.02782414004,
        0.02723867504,
        0.02722280304,
        0.028333603040000002,
        0.02725294804,
        0.02767443504,
        0.02709293304,
        0.02790397204,
        0.02792314304,
        0.02784026304,
        0.02756165604,
        0.027586845040000002,
        0.02698761604,
        0.026454270040000002,
        0.02642896704,
        0.026475112040000002,
        0.02659308804,
        0.02671888704,
        0.027322350040000002,
        0.02509200804,
        0.02627190204,
        0.02670823504,
        0.026318275040000002,
        0.02634845904,
        0.026099696040000002,
        0.02735041904,
        0.02660714704,
        0.02369246204,
        0.02553949004,
        0.02612991504,
        0.026379846040000002,
        0.02628126804,
        0.02530741404,
        0.02479724704,
        0.02612784504,
        0.02552559204,
        0.02441398904,
        0.02494171904,
        0.02510940904,
        0.02481891704,
        0.02471398404,
        0.025488128040000002,
        0.02554393904,
        0.02657666104,
        0.02506037604,
        0.02475085104,
        0.02559087804,
        0.02513173704,
        0.02491771304,
        0.02350476004,
        0.02509626504,
        0.02527004604,
        0.02495724504,
        0.02510812804,
        0.02408813604,
        0.02545249204,
        0.02375006004,
        0.02583803904,
        0.02427739704,
        0.02521603204,
        0.02580092504,
        0.02425859104,
        0.02539209304,
        0.02443247404,
        0.02519476904,
        0.02358543804,
        0.02472197404,
        0.02343870204,
        0.024836775040000002,
        0.02401791804,
        0.02455750404,
        0.024245944040000002,
        0.02468001904,
        0.02495635204,
        0.02375609904,
        0.02369958104,
        0.02334752104,
        0.02342291704,
        0.02405389004,
        0.02438826204,
        0.02260045804,
        0.02487052704,
        0.02404791104,
        0.02385268404,
        0.02386838804,
        0.02231495604,
        0.02347664804,
        0.02390104204,
        0.02449282604,
        0.02348639104,
        0.02392016104,
        0.02346129304,
        0.02384186504,
        0.02319292804,
        0.02389688204,
        0.02477823904,
        0.02471792304,
        0.02351458804
      ],
      "exit_codes": [
        0,
        0,
        0,
        0,
        0,
        0,
        0,
        0,
        0,
        0,
        0,
        0,
        0,
        0,
        0,
        0,
        0,
        0,
        0,
        0,
        0,
        0,
        0,
        0,
        0,
        0,
        0,
        0,
        0,
        0,
        0,
        0,
        0,
        0,
        0,
        0,
        0,
        0,
        0,
        0,
        0,
        0,
        0,
        0,
        0,
        0,
        0,
        0,
        0,
        0,
        0,
        0,
        0,
        0,
        0,
        0,
        0,
        0,
        0,
        0,
        0,
        0,
        0,
        0,
        0,
        0,
        0,
        0,
        0,
        0,
        0,
        0,
        0,
        0,
        0,
        0,
        0,
        0,
        0,
        0,
        0,
        0,
        0,
        0,
        0,
        0,
        0,
        0,
        0,
        0,
        0,
        0,
        0,
        0,
        0,
        0,
        0,
        0,
        0,
        0
      ]
    }
  ]
}
