{
  "results": [
    {
      "command": "out/20220731101132/contention 8 100000",
      "mean": 0.014028025529999995,
      "stddev": 0.0007009127582374876,
      "median": 0.013859664620000002,
      "user": 0.07306586,
      "system": 0.002848700000000001,
      "min": 0.013055180120000003,
      "max": 0.01728858512,
      "times": [
        0.01513477512,
        0.01364976812,
        0.014406369120000002,
        0.01368854912,
        0.013055180120000003,
        0.013964479120000001,
        0.013981794120000002,
        0.01323267912,
        0.014337410120000001,
        0.014258502119999999,
        0.013299343120000001,
        0.01440507312,
        0.01421866712,
        0.01322129712,
        0.01497070412,
        0.01388761912,
        0.013658017120000001,
        0.01388907712,
        0.01496730312,
        0.01362306512,
        0.014439590120000002,
        0.01391204012,
        0.01329888312,
        0.01447636712,
        0.01376822012,
        0.013386759120000001,
        0.01373341112,
        0.013798860119999999,
        0.015113941120000002,
        0.01342982812,
        0.013716541120000002,
        0.01334632412,
        0.01553406412,
        0.01600514212,
        0.013936214120000002,
        0.01694129112,
        0.013581965120000001,
        0.01363286512,
        0.014258689120000001,
        0.01393736312,
        0.01413742212,
        0.01460698912,
        0.013853129120000002,
        0.01362869512,
        0.01360393512,
        0.013721287120000002,
        0.013657211119999998,
        0.013837461120000002,
        0.01407996512,
        0.013682463120000002,
        0.013057726120000002,
        0.013792216119999999,
        0.013637449119999999,
        0.013277406120000002,
        0.01353073012,
        0.013910783119999999,
        0.01344697512,
        0.01376383212,
        0.01368959312,
        0.013866200120000002,
        0.01356011012,
        0.01344565012,
        0.01330233012,
        0.01425987212,
        0.01374784712,
        0.013833176119999999,
        0.014415009119999999,
        0.01354906912,
        0.013608172120000001,
        0.01434097912,
        0.014298237120000001,
        0.014649594120000001,
        0.01462520112,
        0.014194000120000001,
        0.01351765412,
        0.01399088712,
        0.014339756120000002,
        0.01368935312,
        0.01502509212,
        0.01460634912,
        0.01373802012,
        0.01422219312,
        0.013592456119999999,
        0.01365645812,
        0.014553996119999999,
        0.014099015119999999,
        0.013120903120000003,
        0.01413100012,
        0.01381982012,
        0.01728858512,
        0.014580092119999999,
        0.015224228119999999,
        0.01362610412,
        0.014166323120000001,
        0.01390225312,
        0.013347155119999999,
        0.01423582012,
        0.01396584712,
        0.013565280119999999,
        0.014089162120000002
      ],
      "exit_codes": [
        0,
        0,
        0,
        0,
        0,
        0,
        0,
        0,
        0,
        0,
        0,
        0,
        0,
        0,
        0,
        0,
        0,
        0,
        0,
        0,
        0,
        0,
        0,
        0,
        0,
        0,
        0,
        0,
        0,
        0,
        0,
        0,
        0,
        0,
        0,
        0,
        0,
        0,
        0,
        0,
        0,
        0,
        0,
        0,
        0,
        0,
        0,
        0,
        0,
        0,
        0,
        0,
        0,
        0,
        0,
        0,
        0,
        0,
        0,
        0,
        0,
        0,
        0,
        0,
        0,
        0,
        0,
        0,
        0,
        0,
        0,
        0,
        0,
        0,
        0,
        0,
        0,
        0,
        0,
        0,
        0,
        0,
        0,
        0,
        0,
        0,
        0,
        0,
        0,
        0,
        0,
        0,
        0,
        0,
        0,
        0,
        0,
        0,
        0,
        0
      ]
    }
  ]
}
