{
  "results": [
    {
      "command": "out/20220731101132/contention 512 1000",
      "mean": 0.011759987650000003,
      "stddev": 0.00028145460542692815,
      "median": 0.011707577600000001,
      "user": 0.005429099999999999,
      "system": 0.015151309999999998,
      "min": 0.011245213100000002,
      "max": 0.013293336100000002,
      "times": [
        0.0113856591,
        0.0116567851,
        0.012031748100000001,
        0.011715306100000001,
        0.011662067100000001,
        0.0118440191,
        0.011470753100000002,
        0.0114820931,
        0.0114398841,
        0.011749160100000001,
        0.011906056100000001,
        0.0116270681,
        0.011823943100000001,
        0.011451335100000001,
        0.011739217100000001,
        0.011245213100000002,
        0.011694589100000001,
        0.0115260611,
        0.011572473100000001,
        0.011748342100000001,
        0.011632531100000001,
        0.0115976471,
        0.0116471291,
        0.011929359100000002,
        0.011882303100000002,
        0.0115029681,
        0.011753625100000002,
        0.011735027100000002,
        0.011751298100000002,
        0.011459822100000001,
        0.012012570100000002,
        0.011762027100000001,
        0.012020972100000001,
        0.011868960100000001,
        0.0116438601,
        0.0116096571,
        0.0114166821,
        0.011689085100000001,
        0.0119514631,
        0.011639744100000002,
        0.011774020100000001,
        0.011458583100000001,
        0.011543071100000002,
        0.0116897331,
        0.011801508100000002,
        0.0115435111,
        0.011488739100000001,
        0.0120738991,
        0.0117949791,
        0.012108423100000001,
        0.0116814371,
        0.0116405011,
        0.0114091381,
        0.011550672100000001,
        0.0115489791,
        0.011477918100000001,
        0.0118134571,
        0.011585958100000002,
        0.0120061851,
        0.0122979491,
        0.011537410100000001,
        0.0117022331,
        0.0116803131,
        0.011649230100000001,
        0.011565169100000001,
        0.012105906100000001,
        0.011606376100000001,
        0.011385918100000001,
        0.0121654181,
        0.0116325911,
        0.011776425100000001,
        0.0113184001,
        0.012228193100000001,
        0.0119958231,
        0.011620227100000002,
        0.0116686241,
        0.011647477100000001,
        0.0117129221,
        0.0115846591,
        0.011915742100000001,
        0.011432809100000002,
        0.0116536351,
        0.0115527361,
        0.013293336100000002,
        0.0118992611,
        0.0118088561,
        0.0119724271,
        0.0119375081,
        0.012155469100000002,
        0.0119489181,
        0.0120711111,
        0.0117798741,
        0.011960636100000002,
        0.0124245081,
        0.0118541101,
        0.0118800481,
        0.0122677731,
        0.012190776100000002,
        0.011885460100000002,
        0.0119632881
      ],
      "exit_codes": [
        0,
        0,
        0,
        0,
        0,
        0,
        0,
        0,
        0,
        0,
        0,
        0,
        0,
        0,
        0,
        0,
        0,
        0,
        0,
        0,
        0,
        0,
        0,
        0,
        0,
        0,
        0,
        0,
        0,
        0,
        0,
        0,
        0,
        0,
        0,
        0,
        0,
        0,
        0,
        0,
        0,
        0,
        0,
        0,
        0,
        0,
        0,
        0,
        0,
        0,
        0,
        0,
        0,
        0,
        0,
        0,
        0,
        0,
        0,
        0,
        0,
        0,
        0,
        0,
        0,
        0,
        0,
        0,
        0,
        0,
        0,
        0,
        0,
        0,
        0,
        0,
        0,
        0,
        0,
        0,
        0,
        0,
        0,
        0,
        0,
        0,
        0,
        0,
        0,
        0,
        0,
        0,
        0,
        0,
        0,
        0,
        0,
        0,
        0,
        0
      ]
    }
  ]
}
