{
  "results": [
    {
      "command": "out/20220731101132/contention 2048 1000",
      "mean": 0.06131866528999999,
      "stddev": 0.002494708326015799,
      "median": 0.06107932458,
      "user": 0.017052959999999995,
      "system": 0.11199152000000001,
      "min": 0.05727870958,
      "max": 0.06999954758,
      "times": [
        0.06669900758,
        0.06181294658,
        0.06301087558,
        0.05980983058,
        0.06103627558000001,
        0.06260964958,
        0.060369031579999996,
        0.06402960858,
        0.060049849579999995,
        0.06643346258,
        0.06015681158,
        0.06689004458,
        0.05948414358,
        0.06636906058,
        0.06259457658,
        0.061989247580000004,
        0.061044549579999996,
        0.061208499580000006,
        0.06388961058,
        0.060136436579999994,
        0.06211502558,
        0.05884550358,
        0.06397779558,
        0.05933096558,
        0.06405839958,
        0.05799369758,
        0.06259661958,
        0.05832945558,
        0.061244220579999994,
        0.05797241758,
        0.059522543580000004,
        0.060105961580000006,
        0.060478371579999995,
        0.06044128658,
        0.059046996580000004,
        0.06412104458,
        0.05889205158,
        0.06309088458,
        0.05819680358,
        0.06261564058,
        0.05803114058,
        0.05990188958,
        0.05727870958,
        0.06116415758,
        0.05931124658,
        0.05871056358,
        0.06272789758,
        0.05904257958,
        0.06487946958,
        0.05928950758,
        0.06408537158,
        0.05794023658,
        0.06332639158,
        0.05766574258,
        0.06111409958,
        0.05863284358,
        0.06232358558000001,
        0.05808508358,
        0.05975066758,
        0.060514940579999996,
        0.05933127858,
        0.06291671958,
        0.05937797758,
        0.06389934458,
        0.058845785580000004,
        0.062180022579999994,
        0.05759217958,
        0.061633590579999994,
        0.058292130580000004,
        0.06177152358,
        0.06303304558,
        0.06028135258,
        0.060686537580000005,
        0.05926742058,
        0.06378307058,
        0.05990901658,
        0.06427225158,
        0.05841913758,
        0.061870332580000006,
        0.05826338758,
        0.06387612258,
        0.05740489058,
        0.062011447580000004,
        0.06487220858000001,
        0.06999954758,
        0.06082519058000001,
        0.06182012058,
        0.06547341958,
        0.06188826058000001,
        0.06320437858,
        0.06359114258,
        0.06283064958,
        0.06011759958,
        0.06390370058,
        0.05976746158,
        0.06350026458000001,
        0.05926079458,
        0.06261169258,
        0.060619751580000006,
        0.06228645058
      ],
      "exit_codes": [
        0,
        0,
        0,
        0,
        0,
        0,
        0,
        0,
        0,
        0,
        0,
        0,
        0,
        0,
        0,
        0,
        0,
        0,
        0,
        0,
        0,
        0,
        0,
        0,
        0,
        0,
        0,
        0,
        0,
        0,
        0,
        0,
        0,
        0,
        0,
        0,
        0,
        0,
        0,
        0,
        0,
        0,
        0,
        0,
        0,
        0,
        0,
        0,
        0,
        0,
        0,
        0,
        0,
        0,
        0,
        0,
        0,
        0,
        0,
        0,
        0,
        0,
        0,
        0,
        0,
        0,
        0,
        0,
        0,
        0,
        0,
        0,
        0,
        0,
        0,
        0,
        0,
        0,
        0,
        0,
        0,
        0,
        0,
        0,
        0,
        0,
        0,
        0,
        0,
        0,
        0,
        0,
        0,
        0,
        0,
        0,
        0,
        0,
        0,
        0
      ]
    }
  ]
}
