{
  "results": [
    {
      "command": "out/20220731101132/contention 64 1000000",
      "mean": 0.11360091032000001,
      "stddev": 0.0028094851197550496,
      "median": 0.11346838782000002,
      "user": 0.7698661699999999,
      "system": 0.007915519999999999,
      "min": 0.10568145482,
      "max": 0.12112002982000002,
      "times": [
        0.10568145482,
        0.10786931782,
        0.10928784782,
        0.10931016282000001,
        0.11046699582000001,
        0.11368230382000001,
        0.11084003282,
        0.11111849882000001,
        0.11209449282000002,
        0.11090487782000001,
        0.11062305182000001,
        0.11052887782000001,
        0.11041522682,
        0.11091727582000001,
        0.11269618882000002,
        0.11141879682000001,
        0.11118337982000001,
        0.11461737582,
        0.10979991682000001,
        0.11015432582000001,
        0.11020982582000001,
        0.10967848982000002,
        0.11092826282000001,
        0.10990983082000001,
        0.11053632882000002,
        0.11160906682,
        0.11194534582000001,
        0.11020872982,
        0.11127401582000002,
        0.11093461882000001,
        0.11073978982,
        0.11068612682000001,
        0.11059199782000001,
        0.11230897382,
        0.11475375382000001,
        0.11360124382000002,
        0.11373607382,
        0.11567633782000002,
        0.12112002982000002,
        0.11483065082,
        0.11348595882000001,
        0.11588557482000002,
        0.11333712182000001,
        0.11438906882000001,
        0.11410963782000001,
        0.11292604982000001,
        0.11328609682000002,
        0.11341057682000001,
        0.11572211782000001,
        0.11293908482000001,
        0.11304273182,
        0.11899120382000002,
        0.11855488282000001,
        0.11980038282000001,
        0.11777556982000001,
        0.11786338082000002,
        0.11735465582000001,
        0.11948747682000001,
        0.11915634282000001,
        0.11871041482000001,
        0.11736121382,
        0.11767037382000001,
        0.11763328182,
        0.11748936482000001,
        0.11721876282000002,
        0.11449303782,
        0.11343891982000001,
        0.11316774782000001,
        0.11494106382000001,
        0.11531829282000002,
        0.11361621882000002,
        0.11347645982000001,
        0.11385721582000001,
        0.11470703082000001,
        0.11315881182000001,
        0.11301153282000001,
        0.11376444282,
        0.11398249082,
        0.11400344782,
        0.11341368882000001,
        0.11529171682000001,
        0.11562421682000001,
        0.11605407582,
        0.11422175682,
        0.11447407982,
        0.11377277182000001,
        0.11333444582,
        0.11266447282000001,
        0.11366238082,
        0.11308726982000002,
        0.11346031582,
        0.11354883282000001,
        0.11326822482000001,
        0.11395321482000001,
        0.11342046482000001,
        0.11692574782000001,
        0.11467554982000001,
        0.11573591082000001,
        0.11330921082,
        0.11476474782000001
      ],
      "exit_codes": [
        0,
        0,
        0,
        0,
        0,
        0,
        0,
        0,
        0,
        0,
        0,
        0,
        0,
        0,
        0,
        0,
        0,
        0,
        0,
        0,
        0,
        0,
        0,
        0,
        0,
        0,
        0,
        0,
        0,
        0,
        0,
        0,
        0,
        0,
        0,
        0,
        0,
        0,
        0,
        0,
        0,
        0,
        0,
        0,
        0,
        0,
        0,
        0,
        0,
        0,
        0,
        0,
        0,
        0,
        0,
        0,
        0,
        0,
        0,
        0,
        0,
        0,
        0,
        0,
        0,
        0,
        0,
        0,
        0,
        0,
        0,
        0,
        0,
        0,
        0,
        0,
        0,
        0,
        0,
        0,
        0,
        0,
        0,
        0,
        0,
        0,
        0,
        0,
        0,
        0,
        0,
        0,
        0,
        0,
        0,
        0,
        0,
        0,
        0,
        0
      ]
    }
  ]
}
