{
  "results": [
    {
      "command": "out/20220731101132/contention 256 1",
      "mean": 0.007193371240000003,
      "stddev": 0.00030065200336744564,
      "median": 0.007141115340000001,
      "user": 0.00294467,
      "system": 0.007265449999999996,
      "min": 0.006681263340000002,
      "max": 0.008110929340000001,
      "times": [
        0.007424993340000002,
        0.007786299340000002,
        0.007822797340000002,
        0.007646330340000002,
        0.007811076340000002,
        0.007688195340000002,
        0.007777454340000002,
        0.008110929340000001,
        0.0074392853400000025,
        0.007974035340000001,
        0.008061446340000002,
        0.0074038383400000015,
        0.007474520340000002,
        0.007214951340000001,
        0.007202073340000002,
        0.007682545340000001,
        0.007552136340000001,
        0.007362450340000002,
        0.007617723340000002,
        0.0071226933400000015,
        0.007337636340000002,
        0.007242312340000001,
        0.007159558340000002,
        0.007225130340000002,
        0.0072472683400000015,
        0.0072604183400000015,
        0.007138372340000001,
        0.007079464340000001,
        0.007080228340000001,
        0.007682267340000002,
        0.007179679340000002,
        0.0072338693400000025,
        0.007058702340000002,
        0.007090013340000001,
        0.007235122340000002,
        0.007202218340000002,
        0.0072575953400000025,
        0.007173046340000001,
        0.007143858340000002,
        0.007168703340000002,
        0.007671420340000002,
        0.007338183340000002,
        0.007075716340000001,
        0.0069856373400000015,
        0.007006807340000002,
        0.007196379340000001,
        0.007169503340000001,
        0.007225895340000002,
        0.0070769863400000025,
        0.007123097340000002,
        0.0074747603400000025,
        0.007430076340000001,
        0.006681263340000002,
        0.007131663340000002,
        0.0070315963400000014,
        0.007284492340000002,
        0.007036351340000002,
        0.007017969340000001,
        0.007129925340000001,
        0.007209309340000001,
        0.007082254340000002,
        0.007473792340000002,
        0.0068724833400000025,
        0.006762453340000002,
        0.006961088340000001,
        0.007290462340000001,
        0.006926762340000002,
        0.006841037340000002,
        0.006793228340000002,
        0.006812233340000001,
        0.0069716483400000025,
        0.007071234340000001,
        0.006834026340000002,
        0.006954350340000002,
        0.006778037340000001,
        0.007059215340000001,
        0.007033310340000001,
        0.006941983340000001,
        0.007166906340000001,
        0.007359056340000001,
        0.007253136340000002,
        0.007101009340000002,
        0.007013419340000002,
        0.006895353340000002,
        0.006861301340000002,
        0.0073579883400000014,
        0.006924594340000001,
        0.006824663340000002,
        0.006832154340000002,
        0.006938422340000002,
        0.006838139340000002,
        0.006991379340000001,
        0.007122735340000002,
        0.006906581340000002,
        0.006936955340000002,
        0.006815106340000002,
        0.006977023340000001,
        0.007010344340000002,
        0.007184569340000002,
        0.006898410340000001
      ],
      "exit_codes": [
        0,
        0,
        0,
        0,
        0,
        0,
        0,
        0,
        0,
        0,
        0,
        0,
        0,
        0,
        0,
        0,
        0,
        0,
        0,
        0,
        0,
        0,
        0,
        0,
        0,
        0,
        0,
        0,
        0,
        0,
        0,
        0,
        0,
        0,
        0,
        0,
        0,
        0,
        0,
        0,
        0,
        0,
        0,
        0,
        0,
        0,
        0,
        0,
        0,
        0,
        0,
        0,
        0,
        0,
        0,
        0,
        0,
        0,
        0,
        0,
        0,
        0,
        0,
        0,
        0,
        0,
        0,
        0,
        0,
        0,
        0,
        0,
        0,
        0,
        0,
        0,
        0,
        0,
        0,
        0,
        0,
        0,
        0,
        0,
        0,
        0,
        0,
        0,
        0,
        0,
        0,
        0,
        0,
        0,
        0,
        0,
        0,
        0,
        0,
        0
      ]
    }
  ]
}
