{
  "results": [
    {
      "command": "out/20220731101132/contention 4 1000",
      "mean": 0.0032297541800000024,
      "stddev": 0.00017511846107480988,
      "median": 0.0032332120000000005,
      "user": 0.0021708699999999992,
      "system": 0.0012563,
      "min": 0.0027678985,
      "max": 0.0038801365000000008,
      "times": [
        0.0031658605,
        0.0031798155000000005,
        0.0031012995000000007,
        0.0030571575,
        0.0031647975,
        0.0030943335,
        0.0031939935000000006,
        0.0031930735,
        0.0032436085,
        0.0032489295,
        0.0034273695,
        0.0033158905000000008,
        0.0033385735000000007,
        0.0032187385000000002,
        0.0030885215,
        0.0032140825000000007,
        0.0032376115000000002,
        0.0032638695000000006,
        0.0034873725000000005,
        0.0035164795,
        0.0028159645000000004,
        0.0027678985,
        0.0030125845,
        0.0033361485000000003,
        0.0030663865000000005,
        0.0033809615000000006,
        0.0035710885000000006,
        0.0032790565000000004,
        0.0031735795000000008,
        0.0031019645,
        0.0031372845000000003,
        0.0033226065000000003,
        0.0033199955000000007,
        0.0032993085000000005,
        0.0034204075,
        0.0028288925,
        0.0029895585000000004,
        0.0028301515,
        0.0031372925000000005,
        0.0032856475000000007,
        0.0033749125000000005,
        0.0033031585000000002,
        0.0031665365,
        0.0032556165,
        0.0032404285000000007,
        0.0033426715,
        0.0033017115000000003,
        0.0033245695,
        0.003535662500000001,
        0.0031072405000000004,
        0.0031342025000000006,
        0.0031914325000000007,
        0.0032584505,
        0.0033189375000000007,
        0.0034102695000000002,
        0.0034811555000000003,
        0.0033212595000000006,
        0.0032965165,
        0.0032338865000000007,
        0.0031623895000000004,
        0.0032268125000000005,
        0.0034279295000000003,
        0.0034804925000000006,
        0.0031962275,
        0.0031244765,
        0.0031190215,
        0.0031043665000000005,
        0.0032400545000000006,
        0.0032164965000000007,
        0.0033683305000000007,
        0.0033941005000000003,
        0.0038801365000000008,
        0.0030862865000000003,
        0.0032111175,
        0.0031437945000000007,
        0.0030878235000000006,
        0.0033385075000000007,
        0.0031903295,
        0.0032389345000000003,
        0.0030411905000000006,
        0.0032501775000000005,
        0.0032325375000000003,
        0.0031059555000000003,
        0.0030704945000000006,
        0.0033418045,
        0.0033062995,
        0.0034073995,
        0.0033104275,
        0.0036488725000000007,
        0.0031093045,
        0.0028742375000000006,
        0.0029273355000000003,
        0.0034036885,
        0.0031043135000000006,
        0.0031372185000000004,
        0.0030263035000000008,
        0.0031814575,
        0.0031601525,
        0.0033660345,
        0.0033058105
      ],
      "exit_codes": [
        0,
        0,
        0,
        0,
        0,
        0,
        0,
        0,
        0,
        0,
        0,
        0,
        0,
        0,
        0,
        0,
        0,
        0,
        0,
        0,
        0,
        0,
        0,
        0,
        0,
        0,
        0,
        0,
        0,
        0,
        0,
        0,
        0,
        0,
        0,
        0,
        0,
        0,
        0,
        0,
        0,
        0,
        0,
        0,
        0,
        0,
        0,
        0,
        0,
        0,
        0,
        0,
        0,
        0,
        0,
        0,
        0,
        0,
        0,
        0,
        0,
        0,
        0,
        0,
        0,
        0,
        0,
        0,
        0,
        0,
        0,
        0,
        0,
        0,
        0,
        0,
        0,
        0,
        0,
        0,
        0,
        0,
        0,
        0,
        0,
        0,
        0,
        0,
        0,
        0,
        0,
        0,
        0,
        0,
        0,
        0,
        0,
        0,
        0,
        0
      ]
    }
  ]
}
