{
  "results": [
    {
      "command": "out/20220731101132/contention 64 100000",
      "mean": 0.014081132190000005,
      "stddev": 0.0003333937444383673,
      "median": 0.01406657166,
      "user": 0.07409117,
      "system": 0.004566039999999999,
      "min": 0.012850397160000002,
      "max": 0.014846004159999999,
      "times": [
        0.012850397160000002,
        0.01389678016,
        0.01327584116,
        0.013698929160000001,
        0.013734996160000002,
        0.01388187016,
        0.014017421160000001,
        0.013566321160000002,
        0.013729323160000001,
        0.013934804160000001,
        0.013310027160000001,
        0.01400625116,
        0.014294414160000001,
        0.013839940160000001,
        0.01390082816,
        0.01358594216,
        0.01393094916,
        0.01388241016,
        0.014245437159999999,
        0.014362174160000001,
        0.01415715016,
        0.014068181160000002,
        0.014656613160000002,
        0.014156018160000002,
        0.01437957816,
        0.013949832160000002,
        0.014182397160000002,
        0.01399169616,
        0.013597241159999999,
        0.013925523160000002,
        0.01440102616,
        0.013771772160000001,
        0.013988914160000001,
        0.013829240159999999,
        0.014412506160000001,
        0.01426846716,
        0.01394881516,
        0.01396344616,
        0.01407511316,
        0.01433596916,
        0.014060654160000002,
        0.01452339816,
        0.014207253159999999,
        0.01432253616,
        0.01415075516,
        0.01406496216,
        0.013971748160000002,
        0.014245366160000002,
        0.013970745159999999,
        0.014175873160000001,
        0.014846004159999999,
        0.01365553316,
        0.01479544616,
        0.01411707416,
        0.014165927160000001,
        0.014262364159999999,
        0.01440111816,
        0.013983924160000001,
        0.01459070216,
        0.014180169159999999,
        0.014394564160000001,
        0.01380782816,
        0.01434201916,
        0.01375482016,
        0.013931989160000002,
        0.01397119116,
        0.014118139160000001,
        0.013897589160000001,
        0.014736902159999999,
        0.01371753416,
        0.01363520416,
        0.014708942160000002,
        0.014743435160000002,
        0.014414252160000002,
        0.01419180216,
        0.01396320816,
        0.01360326316,
        0.01433406416,
        0.01395329516,
        0.014272629160000001,
        0.013832180159999999,
        0.014192521159999999,
        0.014510638160000002,
        0.014010150160000002,
        0.01394504416,
        0.01419994916,
        0.013945080160000001,
        0.01434206016,
        0.014297156160000001,
        0.01454686216,
        0.01398882316,
        0.01430168116,
        0.01420159516,
        0.014073585159999999,
        0.01381646516,
        0.01414686116,
        0.013917120160000001,
        0.014563461159999999,
        0.014289529160000002,
        0.013803672159999999
      ],
      "exit_codes": [
        0,
        0,
        0,
        0,
        0,
        0,
        0,
        0,
        0,
        0,
        0,
        0,
        0,
        0,
        0,
        0,
        0,
        0,
        0,
        0,
        0,
        0,
        0,
        0,
        0,
        0,
        0,
        0,
        0,
        0,
        0,
        0,
        0,
        0,
        0,
        0,
        0,
        0,
        0,
        0,
        0,
        0,
        0,
        0,
        0,
        0,
        0,
        0,
        0,
        0,
        0,
        0,
        0,
        0,
        0,
        0,
        0,
        0,
        0,
        0,
        0,
        0,
        0,
        0,
        0,
        0,
        0,
        0,
        0,
        0,
        0,
        0,
        0,
        0,
        0,
        0,
        0,
        0,
        0,
        0,
        0,
        0,
        0,
        0,
        0,
        0,
        0,
        0,
        0,
        0,
        0,
        0,
        0,
        0,
        0,
        0,
        0,
        0,
        0,
        0
      ]
    }
  ]
}
