{
  "results": [
    {
      "command": "out/20220731101132/contention 32 100",
      "mean": 0.003239348089999999,
      "stddev": 0.00018194194331577396,
      "median": 0.00320896802,
      "user": 0.00151599,
      "system": 0.0019897299999999995,
      "min": 0.0028533095199999997,
      "max": 0.0041013525200000005,
      "times": [
        0.0031814965200000003,
        0.0032603765200000002,
        0.00319472252,
        0.00305968352,
        0.00321060952,
        0.00315962852,
        0.0030524635199999997,
        0.0030523995199999996,
        0.00309751052,
        0.00304867752,
        0.0033270275200000003,
        0.00317893152,
        0.00316331752,
        0.00301894852,
        0.00297931752,
        0.0031379845199999996,
        0.0031352095199999996,
        0.0031714875200000003,
        0.0034070575200000003,
        0.0041013525200000005,
        0.0031171815199999998,
        0.0031446865200000004,
        0.00307978152,
        0.0030520075200000003,
        0.0030831605200000002,
        0.0031491965199999996,
        0.0033843135200000004,
        0.00369365952,
        0.00328541152,
        0.00311678752,
        0.00351565252,
        0.0030886735199999998,
        0.0028533095199999997,
        0.00292495152,
        0.00328732252,
        0.00335809852,
        0.0035814535199999997,
        0.0033993915200000004,
        0.0030635025199999997,
        0.0031057935199999996,
        0.00307006352,
        0.0030100115199999996,
        0.0031793215200000002,
        0.00329277752,
        0.0032991375200000003,
        0.00343124052,
        0.00335102952,
        0.0033587185199999998,
        0.00326606352,
        0.0032073265199999996,
        0.0030937675200000004,
        0.0033131015200000002,
        0.00333527552,
        0.0032866975200000004,
        0.0033063815200000003,
        0.0030624845200000004,
        0.0032640395200000004,
        0.0030689395200000002,
        0.0034845005200000003,
        0.00335068352,
        0.00329823352,
        0.00323837452,
        0.00303457052,
        0.00344123652,
        0.00328397452,
        0.00354504652,
        0.00335555252,
        0.00314230252,
        0.0031118095199999998,
        0.0033216005199999997,
        0.00326616952,
        0.00315572152,
        0.00328252952,
        0.00320707852,
        0.0034284285200000004,
        0.00324701652,
        0.00329449952,
        0.0032432535200000003,
        0.0035266605199999997,
        0.00320144252,
        0.0036131665199999998,
        0.0033674935199999997,
        0.0031727705199999998,
        0.0032570125199999998,
        0.0031331345199999997,
        0.0030352515199999998,
        0.0034753495199999996,
        0.0032320755199999997,
        0.0030606935200000003,
        0.00346699552,
        0.00335934252,
        0.0034935235199999998,
        0.00308121152,
        0.0032068865199999996,
        0.00318442552,
        0.0030053165199999997,
        0.0031990625199999996,
        0.0033582045199999997,
        0.00329008952,
        0.0030632025199999998
      ],
      "exit_codes": [
        0,
        0,
        0,
        0,
        0,
        0,
        0,
        0,
        0,
        0,
        0,
        0,
        0,
        0,
        0,
        0,
        0,
        0,
        0,
        0,
        0,
        0,
        0,
        0,
        0,
        0,
        0,
        0,
        0,
        0,
        0,
        0,
        0,
        0,
        0,
        0,
        0,
        0,
        0,
        0,
        0,
        0,
        0,
        0,
        0,
        0,
        0,
        0,
        0,
        0,
        0,
        0,
        0,
        0,
        0,
        0,
        0,
        0,
        0,
        0,
        0,
        0,
        0,
        0,
        0,
        0,
        0,
        0,
        0,
        0,
        0,
        0,
        0,
        0,
        0,
        0,
        0,
        0,
        0,
        0,
        0,
        0,
        0,
        0,
        0,
        0,
        0,
        0,
        0,
        0,
        0,
        0,
        0,
        0,
        0,
        0,
        0,
        0,
        0,
        0
      ]
    }
  ]
}
