{
  "results": [
    {
      "command": "out/20220731101132/contention 4 1",
      "mean": 0.0027846427599999995,
      "stddev": 0.00014603941464938066,
      "median": 0.00279247652,
      "user": 0.0009835400000000004,
      "system": 0.0008627299999999999,
      "min": 0.00252134352,
      "max": 0.0033896755200000005,
      "times": [
        0.00271669752,
        0.0026546315200000007,
        0.00288663052,
        0.00284140952,
        0.00271997052,
        0.0027147315200000003,
        0.00294441752,
        0.0029024735200000006,
        0.00257084252,
        0.0029163025200000005,
        0.0026513425200000006,
        0.0027479655200000003,
        0.00279063752,
        0.0028135515200000006,
        0.0028405655200000003,
        0.0030828225200000003,
        0.0029454765200000003,
        0.00290493452,
        0.00279327252,
        0.0027426395200000004,
        0.00288921252,
        0.00281957852,
        0.0029956655200000003,
        0.0029435725200000007,
        0.0026727765200000005,
        0.00282543852,
        0.00279168052,
        0.0025757255200000006,
        0.0026936175200000002,
        0.0028602405200000005,
        0.0025921945200000004,
        0.0025422515200000002,
        0.0025667205200000003,
        0.0027833015200000007,
        0.00288528252,
        0.00291900752,
        0.00266769852,
        0.0028713015200000002,
        0.0026784795200000006,
        0.0025977805200000006,
        0.0028868985200000002,
        0.00285231352,
        0.00257427952,
        0.00252134352,
        0.0029519775200000003,
        0.00288807052,
        0.0030116065200000005,
        0.00279498752,
        0.00286820052,
        0.00276733852,
        0.00283938752,
        0.0027097015200000006,
        0.0027803145200000004,
        0.00295306052,
        0.0029324995200000004,
        0.0026967165200000006,
        0.0028072005200000007,
        0.00277661052,
        0.0025705875200000006,
        0.0026542365200000004,
        0.0028199655200000003,
        0.0027814745200000004,
        0.00290889952,
        0.0033896755200000005,
        0.00290991652,
        0.0028151765200000005,
        0.00303311052,
        0.00283787152,
        0.00273662352,
        0.0026526565200000003,
        0.0025553405200000002,
        0.0025588925200000006,
        0.00277059952,
        0.0027609075200000005,
        0.0028015665200000006,
        0.0025815785200000007,
        0.00259289252,
        0.00252362452,
        0.00263504652,
        0.00280809152,
        0.00273017052,
        0.00288436952,
        0.0030267475200000003,
        0.0028647015200000004,
        0.0029291875200000003,
        0.0028796225200000006,
        0.00266567652,
        0.0027137125200000006,
        0.00277622852,
        0.0028108935200000006,
        0.0027147195200000005,
        0.0030261985200000004,
        0.0028097745200000006,
        0.0025736265200000004,
        0.0025702795200000005,
        0.00280954352,
        0.00286090252,
        0.0027331225200000007,
        0.0027426545200000003,
        0.00267806052
      ],
      "exit_codes": [
        0,
        0,
        0,
        0,
        0,
        0,
        0,
        0,
        0,
        0,
        0,
        0,
        0,
        0,
        0,
        0,
        0,
        0,
        0,
        0,
        0,
        0,
        0,
        0,
        0,
        0,
        0,
        0,
        0,
        0,
        0,
        0,
        0,
        0,
        0,
        0,
        0,
        0,
        0,
        0,
        0,
        0,
        0,
        0,
        0,
        0,
        0,
        0,
        0,
        0,
        0,
        0,
        0,
        0,
        0,
        0,
        0,
        0,
        0,
        0,
        0,
        0,
        0,
        0,
        0,
        0,
        0,
        0,
        0,
        0,
        0,
        0,
        0,
        0,
        0,
        0,
        0,
        0,
        0,
        0,
        0,
        0,
        0,
        0,
        0,
        0,
        0,
        0,
        0,
        0,
        0,
        0,
        0,
        0,
        0,
        0,
        0,
        0,
        0,
        0
      ]
    }
  ]
}
