{
  "results": [
    {
      "command": "out/20220731101132/contention 8 100",
      "mean": 0.0031817963200000006,
      "stddev": 0.00019538177359433687,
      "median": 0.003181656120000001,
      "user": 0.0025356899999999997,
      "system": 0.00222702,
      "min": 0.0026904401200000005,
      "max": 0.003902623120000001,
      "times": [
        0.003084950120000001,
        0.003220558120000001,
        0.0032140431200000006,
        0.003328511120000001,
        0.0033785841200000013,
        0.003318489120000001,
        0.0031383951200000012,
        0.003189235120000001,
        0.0032638551200000012,
        0.0030985511200000006,
        0.003305060120000001,
        0.003272062120000001,
        0.0031906141200000013,
        0.0030539761200000007,
        0.0031497421200000013,
        0.003111817120000001,
        0.003124858120000001,
        0.0031833711200000008,
        0.003089386120000001,
        0.0032890421200000007,
        0.0031965031200000007,
        0.0033185521200000006,
        0.003481693120000001,
        0.0032688411200000006,
        0.0032083431200000006,
        0.003164277120000001,
        0.0031046331200000007,
        0.003770670120000001,
        0.0031564681200000008,
        0.002888954120000001,
        0.003289221120000001,
        0.003321170120000001,
        0.002999827120000001,
        0.002917887120000001,
        0.0029012591200000006,
        0.0033704331200000008,
        0.0031271181200000007,
        0.0031406701200000007,
        0.003204623120000001,
        0.0031665981200000013,
        0.0029669301200000013,
        0.003144652120000001,
        0.0033286961200000007,
        0.003902623120000001,
        0.003311266120000001,
        0.003038199120000001,
        0.0031379101200000007,
        0.003230058120000001,
        0.003109403120000001,
        0.002839452120000001,
        0.0028211661200000008,
        0.003211007120000001,
        0.0034563611200000006,
        0.003458941120000001,
        0.003314893120000001,
        0.0030531591200000006,
        0.0031822061200000007,
        0.0032130761200000013,
        0.003222473120000001,
        0.003195215120000001,
        0.0031006901200000005,
        0.003151433120000001,
        0.003311620120000001,
        0.0033480641200000012,
        0.0032952021200000005,
        0.003094856120000001,
        0.003166661120000001,
        0.0031093661200000005,
        0.0031295391200000006,
        0.003343994120000001,
        0.0033895401200000007,
        0.003287359120000001,
        0.002995371120000001,
        0.0026904401200000005,
        0.0027149751200000005,
        0.003175535120000001,
        0.0030604291200000007,
        0.0031572431200000005,
        0.0031174721200000013,
        0.003181106120000001,
        0.003191269120000001,
        0.003576405120000001,
        0.0032560161200000013,
        0.003124534120000001,
        0.0027512711200000013,
        0.002939416120000001,
        0.003459791120000001,
        0.002992388120000001,
        0.002777291120000001,
        0.0027308551200000007,
        0.0033100261200000006,
        0.003171585120000001,
        0.003377205120000001,
        0.003261596120000001,
        0.0031050881200000006,
        0.0033031231200000006,
        0.0031158221200000007,
        0.003129588120000001,
        0.003442429120000001,
        0.003202502120000001
      ],
      "exit_codes": [
        0,
        0,
        0,
        0,
        0,
        0,
        0,
        0,
        0,
        0,
        0,
        0,
        0,
        0,
        0,
        0,
        0,
        0,
        0,
        0,
        0,
        0,
        0,
        0,
        0,
        0,
        0,
        0,
        0,
        0,
        0,
        0,
        0,
        0,
        0,
        0,
        0,
        0,
        0,
        0,
        0,
        0,
        0,
        0,
        0,
        0,
        0,
        0,
        0,
        0,
        0,
        0,
        0,
        0,
        0,
        0,
        0,
        0,
        0,
        0,
        0,
        0,
        0,
        0,
        0,
        0,
        0,
        0,
        0,
        0,
        0,
        0,
        0,
        0,
        0,
        0,
        0,
        0,
        0,
        0,
        0,
        0,
        0,
        0,
        0,
        0,
        0,
        0,
        0,
        0,
        0,
        0,
        0,
        0,
        0,
        0,
        0,
        0,
        0,
        0
      ]
    }
  ]
}
