{
  "results": [
    {
      "command": "out/20220731101132/contention 1 10",
      "mean": 0.0030736245100000015,
      "stddev": 0.00024144934592857037,
      "median": 0.00304703268,
      "user": 0.0011483900000000002,
      "system": 0.0008369200000000003,
      "min": 0.00268847768,
      "max": 0.00421671568,
      "times": [
        0.0027025516800000004,
        0.00277026968,
        0.00296890768,
        0.0029786606800000005,
        0.00342831568,
        0.00312815268,
        0.0032067116800000004,
        0.0030178716800000004,
        0.00293558968,
        0.00303070968,
        0.0030607456800000005,
        0.0036275756800000004,
        0.00312707768,
        0.0033990516800000005,
        0.00304749568,
        0.0029072126800000005,
        0.0028231056799999997,
        0.00304656968,
        0.0031282186799999998,
        0.0031013156799999998,
        0.0031372526800000004,
        0.0029094176800000004,
        0.0031033346800000004,
        0.0033454286800000004,
        0.00295017468,
        0.0029621806800000003,
        0.00317604568,
        0.00316854468,
        0.0029100556800000003,
        0.00292589068,
        0.00285849768,
        0.00298564168,
        0.00318828968,
        0.00289262368,
        0.0031422176800000004,
        0.00298899668,
        0.00296018868,
        0.00300619768,
        0.00316089568,
        0.0031346686800000005,
        0.0030605746800000003,
        0.0030007846799999997,
        0.00298147768,
        0.00294949468,
        0.0028957336800000005,
        0.0026998296800000003,
        0.0029255126800000002,
        0.0031139206800000004,
        0.00315198068,
        0.0034350216800000002,
        0.0031286606800000004,
        0.0031733836800000004,
        0.00283117468,
        0.0028652796800000004,
        0.00276774668,
        0.0029075356800000005,
        0.00297786068,
        0.0030054156800000003,
        0.00409809968,
        0.00421671568,
        0.0029672346800000003,
        0.0026952766800000002,
        0.00283118768,
        0.00305878868,
        0.0031813546800000003,
        0.00273615768,
        0.00268847768,
        0.00305109468,
        0.0032374886800000005,
        0.0028785036800000005,
        0.0031734976800000003,
        0.00306753068,
        0.0031848756800000005,
        0.00295121468,
        0.0028509266800000005,
        0.0029583706800000004,
        0.0030855836799999997,
        0.0033918376800000003,
        0.00288890068,
        0.00305884468,
        0.0029839846799999997,
        0.00300548368,
        0.00300863468,
        0.0032052536800000002,
        0.00312186768,
        0.00328069168,
        0.0036001356800000003,
        0.0030723726799999997,
        0.00303048868,
        0.0030009526799999998,
        0.0030215216800000004,
        0.00319373268,
        0.00323612168,
        0.0030685776799999997,
        0.0028838786799999998,
        0.0035669556800000004,
        0.0031344446800000004,
        0.00313177968,
        0.00305770968,
        0.0032918586800000003
      ],
      "exit_codes": [
        0,
        0,
        0,
        0,
        0,
        0,
        0,
        0,
        0,
        0,
        0,
        0,
        0,
        0,
        0,
        0,
        0,
        0,
        0,
        0,
        0,
        0,
        0,
        0,
        0,
        0,
        0,
        0,
        0,
        0,
        0,
        0,
        0,
        0,
        0,
        0,
        0,
        0,
        0,
        0,
        0,
        0,
        0,
        0,
        0,
        0,
        0,
        0,
        0,
        0,
        0,
        0,
        0,
        0,
        0,
        0,
        0,
        0,
        0,
        0,
        0,
        0,
        0,
        0,
        0,
        0,
        0,
        0,
        0,
        0,
        0,
        0,
        0,
        0,
        0,
        0,
        0,
        0,
        0,
        0,
        0,
        0,
        0,
        0,
        0,
        0,
        0,
        0,
        0,
        0,
        0,
        0,
        0,
        0,
        0,
        0,
        0,
        0,
        0,
        0
      ]
    }
  ]
}
