{
  "results": [
    {
      "command": "out/20220731101132/contention 2048 1",
      "mean": 0.05955224240000003,
      "stddev": 0.0030880098931566906,
      "median": 0.05868086816000001,
      "user": 0.013995230000000003,
      "system": 0.10654725000000001,
      "min": 0.055124845660000005,
      "max": 0.07134631266000001,
      "times": [
        0.06802894566,
        0.07134631266000001,
        0.06582330866,
        0.06810562466,
        0.06660266566,
        0.06780016166,
        0.06689360466,
        0.06454706666,
        0.06424682666,
        0.06639394666,
        0.06301977866,
        0.06480786666,
        0.06057256866000001,
        0.06274619366,
        0.06148538966000001,
        0.05969333366000001,
        0.06311740766,
        0.06324939766,
        0.06057741366,
        0.05916880766000001,
        0.06063091766000001,
        0.05919674666000001,
        0.06061939066,
        0.06051353966000001,
        0.060638288660000005,
        0.05804783166000001,
        0.06093167466000001,
        0.059806403660000014,
        0.06085269066000001,
        0.06218233166000001,
        0.06039661066000001,
        0.06061279666,
        0.058726095660000005,
        0.06030612466000001,
        0.057139389660000005,
        0.05839245766000001,
        0.05832808366000001,
        0.059037777660000006,
        0.05531697866000001,
        0.05841425666000001,
        0.055124845660000005,
        0.056818097660000004,
        0.05948665266000001,
        0.057061053660000007,
        0.059042482660000006,
        0.05636712866000001,
        0.056597585660000005,
        0.058471439660000006,
        0.05761573466000001,
        0.058615725660000007,
        0.05896253866000001,
        0.05544260966000001,
        0.05904273266000001,
        0.056648165660000006,
        0.056384564660000004,
        0.057926023660000006,
        0.056702167660000004,
        0.05959252066000001,
        0.05856859066000001,
        0.05765680766000001,
        0.05856660266000001,
        0.05816697566000001,
        0.05748939766000001,
        0.058085312660000006,
        0.05692506766000001,
        0.058717578660000005,
        0.056211786660000006,
        0.056579918660000006,
        0.05834050466000001,
        0.05889886166000001,
        0.05934315066000001,
        0.05692322566000001,
        0.05877383866000001,
        0.05945313766000001,
        0.05800139966000001,
        0.058608042660000005,
        0.05985331866000001,
        0.05711605966000001,
        0.05840035066000001,
        0.058739369660000006,
        0.05726679166000001,
        0.05589845266000001,
        0.05811416366000001,
        0.059068285660000004,
        0.05774221366000001,
        0.05983514466000001,
        0.058377499660000005,
        0.05804653466000001,
        0.05833317466000001,
        0.05816129066000001,
        0.05796319266000001,
        0.05889117866000001,
        0.05720675666000001,
        0.05720205666000001,
        0.05775268766000001,
        0.05800732766000001,
        0.059025806660000006,
        0.05753909966000001,
        0.05851004766000001,
        0.05864415766000001
      ],
      "exit_codes": [
        0,
        0,
        0,
        0,
        0,
        0,
        0,
        0,
        0,
        0,
        0,
        0,
        0,
        0,
        0,
        0,
        0,
        0,
        0,
        0,
        0,
        0,
        0,
        0,
        0,
        0,
        0,
        0,
        0,
        0,
        0,
        0,
        0,
        0,
        0,
        0,
        0,
        0,
        0,
        0,
        0,
        0,
        0,
        0,
        0,
        0,
        0,
        0,
        0,
        0,
        0,
        0,
        0,
        0,
        0,
        0,
        0,
        0,
        0,
        0,
        0,
        0,
        0,
        0,
        0,
        0,
        0,
        0,
        0,
        0,
        0,
        0,
        0,
        0,
        0,
        0,
        0,
        0,
        0,
        0,
        0,
        0,
        0,
        0,
        0,
        0,
        0,
        0,
        0,
        0,
        0,
        0,
        0,
        0,
        0,
        0,
        0,
        0,
        0,
        0
      ]
    }
  ]
}
