{
  "results": [
    {
      "command": "out/20220731101132/contention 64 100",
      "mean": 0.004026801560000002,
      "stddev": 0.00022684650257385474,
      "median": 0.00406398696,
      "user": 0.0029476,
      "system": 0.00460891,
      "min": 0.0035189334600000005,
      "max": 0.004748639460000001,
      "times": [
        0.0036844314600000005,
        0.003971685460000001,
        0.00410524346,
        0.004156344460000001,
        0.00408327746,
        0.00394367346,
        0.004206067460000001,
        0.004027587460000001,
        0.00391440746,
        0.00431387546,
        0.00375029946,
        0.0036036024600000004,
        0.004204392459999999,
        0.004128620459999999,
        0.00398683446,
        0.00373046746,
        0.0038849584600000003,
        0.004748639460000001,
        0.00392211846,
        0.0036694324600000006,
        0.004186694459999999,
        0.00433017846,
        0.00359136146,
        0.00352410346,
        0.00420069646,
        0.00414120246,
        0.00409290946,
        0.00387873346,
        0.004108012460000001,
        0.004031018460000001,
        0.00400883046,
        0.004105709460000001,
        0.0045611214599999995,
        0.0039707154599999996,
        0.0035189334600000005,
        0.00370515246,
        0.00422574046,
        0.0040658084600000005,
        0.0043034894600000005,
        0.00414391546,
        0.0041552314600000004,
        0.00419866346,
        0.004107851460000001,
        0.00424786446,
        0.00385969746,
        0.00388711446,
        0.004138330460000001,
        0.00369403746,
        0.0037625964600000003,
        0.00404854946,
        0.0039824944599999995,
        0.004087902460000001,
        0.004003343459999999,
        0.00403533346,
        0.0041686534599999995,
        0.00441620146,
        0.0040617664599999995,
        0.0036171394600000004,
        0.00374195946,
        0.00404161146,
        0.00412698746,
        0.004057733460000001,
        0.0041981844600000005,
        0.004358596460000001,
        0.0038832394600000005,
        0.00353220946,
        0.00391022546,
        0.004155781460000001,
        0.0039008224600000003,
        0.004018342460000001,
        0.00422918246,
        0.004221695460000001,
        0.00410919146,
        0.0038132864600000003,
        0.0036702814600000004,
        0.0037401904600000003,
        0.004044992460000001,
        0.00412471646,
        0.00406823846,
        0.00412317146,
        0.004095037460000001,
        0.0036200134600000004,
        0.0036810564600000006,
        0.00378454146,
        0.004153717459999999,
        0.00427163646,
        0.00407025246,
        0.00420805346,
        0.004132509459999999,
        0.00400989146,
        0.004229687460000001,
        0.0040454494599999995,
        0.004062165459999999,
        0.004105016459999999,
        0.0043618454599999995,
        0.0041795424599999995,
        0.0042224114600000005,
        0.00398930646,
        0.003978738460000001,
        0.004205585459999999
      ],
      "exit_codes": [
        0,
        0,
        0,
        0,
        0,
        0,
        0,
        0,
        0,
        0,
        0,
        0,
        0,
        0,
        0,
        0,
        0,
        0,
        0,
        0,
        0,
        0,
        0,
        0,
        0,
        0,
        0,
        0,
        0,
        0,
        0,
        0,
        0,
        0,
        0,
        0,
        0,
        0,
        0,
        0,
        0,
        0,
        0,
        0,
        0,
        0,
        0,
        0,
        0,
        0,
        0,
        0,
        0,
        0,
        0,
        0,
        0,
        0,
        0,
        0,
        0,
        0,
        0,
        0,
        0,
        0,
        0,
        0,
        0,
        0,
        0,
        0,
        0,
        0,
        0,
        0,
        0,
        0,
        0,
        0,
        0,
        0,
        0,
        0,
        0,
        0,
        0,
        0,
        0,
        0,
        0,
        0,
        0,
        0,
        0,
        0,
        0,
        0,
        0,
        0
      ]
    }
  ]
}
