{
  "results": [
    {
      "command": "out/20220731101132/contention 512 10000",
      "mean": 0.01299586591,
      "stddev": 0.0003628669016267299,
      "median": 0.012991595580000001,
      "user": 0.012081279999999998,
      "system": 0.019317510000000003,
      "min": 0.01224391258,
      "max": 0.01405195358,
      "times": [
        0.012921267580000001,
        0.013107469580000001,
        0.01281904958,
        0.01299409158,
        0.01319889658,
        0.01333036258,
        0.013055897580000001,
        0.01343592258,
        0.01338252558,
        0.013073283580000001,
        0.013245703580000002,
        0.013581598580000001,
        0.013066453580000002,
        0.01307154858,
        0.013262928580000001,
        0.01315218958,
        0.01311120858,
        0.01378098758,
        0.013440046580000002,
        0.013127810580000001,
        0.01302677258,
        0.013206114579999999,
        0.013274325580000001,
        0.013081344580000001,
        0.01394859358,
        0.013054197580000001,
        0.01298727558,
        0.01405195358,
        0.013726663580000001,
        0.012993008580000001,
        0.01346921858,
        0.013149072580000002,
        0.01298781958,
        0.01299557158,
        0.012971853580000001,
        0.013037844580000001,
        0.013524114580000001,
        0.012715347580000001,
        0.01299018258,
        0.013476043580000001,
        0.01372225458,
        0.012891645580000001,
        0.01334740558,
        0.01335181658,
        0.013168051580000001,
        0.01392716458,
        0.013390196580000001,
        0.01313083758,
        0.013102971580000001,
        0.01330365858,
        0.012484340580000001,
        0.01291463458,
        0.012311449580000002,
        0.012746192580000001,
        0.012711791580000001,
        0.01267328858,
        0.013012417580000001,
        0.01284551058,
        0.012579933580000001,
        0.012981859580000001,
        0.012820003580000001,
        0.012529280580000001,
        0.012713633580000001,
        0.012510316580000002,
        0.01277787858,
        0.01266473958,
        0.01311927558,
        0.01272442858,
        0.012526070580000001,
        0.013369927580000001,
        0.01248789758,
        0.012726642580000001,
        0.012860412580000001,
        0.01256787858,
        0.01290950658,
        0.01262925158,
        0.01254462358,
        0.01224391258,
        0.012792348580000001,
        0.01262069358,
        0.01272581658,
        0.013020040580000001,
        0.013331708580000002,
        0.012746288580000001,
        0.012782599580000002,
        0.01266492858,
        0.01303489658,
        0.01278477958,
        0.01262657858,
        0.013210677580000002,
        0.012606661580000001,
        0.01278643458,
        0.012708525580000001,
        0.01268414558,
        0.01253463758,
        0.013048640580000001,
        0.01270028758,
        0.01252143958,
        0.01275126858,
        0.01275352958
      ],
      "exit_codes": [
        0,
        0,
        0,
        0,
        0,
        0,
        0,
        0,
        0,
        0,
        0,
        0,
        0,
        0,
        0,
        0,
        0,
        0,
        0,
        0,
        0,
        0,
        0,
        0,
        0,
        0,
        0,
        0,
        0,
        0,
        0,
        0,
        0,
        0,
        0,
        0,
        0,
        0,
        0,
        0,
        0,
        0,
        0,
        0,
        0,
        0,
        0,
        0,
        0,
        0,
        0,
        0,
        0,
        0,
        0,
        0,
        0,
        0,
        0,
        0,
        0,
        0,
        0,
        0,
        0,
        0,
        0,
        0,
        0,
        0,
        0,
        0,
        0,
        0,
        0,
        0,
        0,
        0,
        0,
        0,
        0,
        0,
        0,
        0,
        0,
        0,
        0,
        0,
        0,
        0,
        0,
        0,
        0,
        0,
        0,
        0,
        0,
        0,
        0,
        0
      ]
    }
  ]
}
