{
  "results": [
    {
      "command": "out/20220731101132/contention 4096 1",
      "mean": 0.19320389740000002,
      "stddev": 0.007833584543222968,
      "median": 0.19305197229999999,
      "user": 0.027108969999999996,
      "system": 0.31716486000000005,
      "min": 0.1810566938,
      "max": 0.22598803480000001,
      "times": [
        0.2194508228,
        0.2158130928,
        0.21092093580000001,
        0.20723953180000002,
        0.22598803480000001,
        0.2188106728,
        0.2110106508,
        0.1987367548,
        0.1950753638,
        0.1929315278,
        0.1928350078,
        0.1888548658,
        0.1917520498,
        0.19607815580000001,
        0.1994023218,
        0.19764702680000001,
        0.1939449288,
        0.1944898848,
        0.1931968318,
        0.1852660628,
        0.1881080988,
        0.1881275968,
        0.1873757408,
        0.19276197180000001,
        0.1900041518,
        0.1949188148,
        0.1941988818,
        0.19412038880000002,
        0.1954284348,
        0.1948267488,
        0.1970927488,
        0.1891583268,
        0.1866498638,
        0.1810566938,
        0.18226548780000001,
        0.1847948798,
        0.1899737818,
        0.1965362448,
        0.1944737648,
        0.1933580328,
        0.1978770518,
        0.1940906058,
        0.1914584168,
        0.1971990998,
        0.1881890488,
        0.1810926268,
        0.1825996298,
        0.1823748868,
        0.1879622668,
        0.1931118218,
        0.1923794808,
        0.19825354380000001,
        0.1985465838,
        0.1980654448,
        0.1979505348,
        0.1927030028,
        0.1910869068,
        0.1873660798,
        0.18215237880000001,
        0.1835073808,
        0.1845547208,
        0.1879252368,
        0.1911520288,
        0.19638030680000002,
        0.1929921228,
        0.1937743758,
        0.1970436508,
        0.1959356438,
        0.1950472768,
        0.1928444618,
        0.1908026268,
        0.1877450598,
        0.1861280328,
        0.1833334538,
        0.1845628948,
        0.1871156038,
        0.1921314778,
        0.1964870818,
        0.1942060538,
        0.1935429938,
        0.1938125568,
        0.1967366328,
        0.1968196348,
        0.1894335958,
        0.1911424838,
        0.1880352488,
        0.1844491948,
        0.1871291058,
        0.18735002380000002,
        0.1903026518,
        0.1941405168,
        0.1942478648,
        0.1928963018,
        0.1942666948,
        0.1945816448,
        0.1945830918,
        0.1957223288,
        0.1935100298,
        0.1867489458,
        0.1881341178
      ],
      "exit_codes": [
        0,
        0,
        0,
        0,
        0,
        0,
        0,
        0,
        0,
        0,
        0,
        0,
        0,
        0,
        0,
        0,
        0,
        0,
        0,
        0,
        0,
        0,
        0,
        0,
        0,
        0,
        0,
        0,
        0,
        0,
        0,
        0,
        0,
        0,
        0,
        0,
        0,
        0,
        0,
        0,
        0,
        0,
        0,
        0,
        0,
        0,
        0,
        0,
        0,
        0,
        0,
        0,
        0,
        0,
        0,
        0,
        0,
        0,
        0,
        0,
        0,
        0,
        0,
        0,
        0,
        0,
        0,
        0,
        0,
        0,
        0,
        0,
        0,
        0,
        0,
        0,
        0,
        0,
        0,
        0,
        0,
        0,
        0,
        0,
        0,
        0,
        0,
        0,
        0,
        0,
        0,
        0,
        0,
        0,
        0,
        0,
        0,
        0,
        0,
        0
      ]
    }
  ]
}
