{
  "results": [
    {
      "command": "out/20220731101132/contention 16 1",
      "mean": 0.0031378655,
      "stddev": 0.00016858706972537808,
      "median": 0.0031068224200000005,
      "user": 0.0012698299999999998,
      "system": 0.0013378400000000007,
      "min": 0.0028620329200000007,
      "max": 0.0037660499200000007,
      "times": [
        0.0032272749200000007,
        0.003254025920000001,
        0.0032354679200000008,
        0.003325468920000001,
        0.0032219789200000006,
        0.0033285579200000004,
        0.003481674920000001,
        0.003207112920000001,
        0.0032682659200000005,
        0.003348955920000001,
        0.0031830289200000003,
        0.003264866920000001,
        0.0032728139200000005,
        0.0032594649200000003,
        0.0033789479200000004,
        0.0033526299200000004,
        0.003310326920000001,
        0.0033387559200000008,
        0.0033858419200000008,
        0.0030706959200000002,
        0.0030670129200000003,
        0.0031031629200000007,
        0.0037660499200000007,
        0.003153850920000001,
        0.0031566379200000006,
        0.0031322249200000005,
        0.003093525920000001,
        0.003048919920000001,
        0.003182023920000001,
        0.0031680499200000003,
        0.0033043159200000006,
        0.0032047669200000006,
        0.0031925629200000006,
        0.00307534792,
        0.0031906779200000005,
        0.0031930389200000007,
        0.0031920849200000006,
        0.0031015059200000003,
        0.0031104819200000002,
        0.0035561259200000005,
        0.003227819920000001,
        0.003119062920000001,
        0.0032119349200000007,
        0.002990278920000001,
        0.003294597920000001,
        0.0033468469200000008,
        0.003173357920000001,
        0.003498101920000001,
        0.003369466920000001,
        0.0032129499200000008,
        0.0031372889200000005,
        0.003005033920000001,
        0.003033381920000001,
        0.0030888519200000003,
        0.0030369289200000006,
        0.003262345920000001,
        0.003403232920000001,
        0.0030749239200000005,
        0.003055741920000001,
        0.003062949920000001,
        0.0030770079200000008,
        0.003149562920000001,
        0.0033338329200000003,
        0.0030229059200000004,
        0.003082456920000001,
        0.0029949659200000007,
        0.002934735920000001,
        0.002900651920000001,
        0.002949383920000001,
        0.0029985289200000005,
        0.003067968920000001,
        0.002889569920000001,
        0.002900651920000001,
        0.003097068920000001,
        0.0029913439200000007,
        0.0029280989200000007,
        0.002978079920000001,
        0.003017509920000001,
        0.0029348639200000005,
        0.0029788849200000004,
        0.002994688920000001,
        0.003158935920000001,
        0.0030175369200000006,
        0.003041098920000001,
        0.0030443309200000007,
        0.0028840449200000008,
        0.0029187959200000003,
        0.0029358639200000006,
        0.002936230920000001,
        0.0030088809200000005,
        0.0033796779200000004,
        0.0029374049200000005,
        0.0028620329200000007,
        0.002925954920000001,
        0.002898792920000001,
        0.0029562729200000005,
        0.0030832919200000004,
        0.003003670920000001,
        0.0030094379200000004,
        0.003247905920000001
      ],
      "exit_codes": [
        0,
        0,
        0,
        0,
        0,
        0,
        0,
        0,
        0,
        0,
        0,
        0,
        0,
        0,
        0,
        0,
        0,
        0,
        0,
        0,
        0,
        0,
        0,
        0,
        0,
        0,
        0,
        0,
        0,
        0,
        0,
        0,
        0,
        0,
        0,
        0,
        0,
        0,
        0,
        0,
        0,
        0,
        0,
        0,
        0,
        0,
        0,
        0,
        0,
        0,
        0,
        0,
        0,
        0,
        0,
        0,
        0,
        0,
        0,
        0,
        0,
        0,
        0,
        0,
        0,
        0,
        0,
        0,
        0,
        0,
        0,
        0,
        0,
        0,
        0,
        0,
        0,
        0,
        0,
        0,
        0,
        0,
        0,
        0,
        0,
        0,
        0,
        0,
        0,
        0,
        0,
        0,
        0,
        0,
        0,
        0,
        0,
        0,
        0,
        0
      ]
    }
  ]
}
