{
  "results": [
    {
      "command": "out/20220731101132/contention 2048 100000",
      "mean": 0.07068364060999999,
      "stddev": 0.0018862602948127212,
      "median": 0.07055539552000001,
      "user": 0.07064268000000001,
      "system": 0.12476760000000006,
      "min": 0.06632579652,
      "max": 0.07508487052,
      "times": [
        0.06856487352,
        0.06632579652,
        0.06834334652,
        0.06701374152,
        0.06792544552,
        0.07361281152,
        0.07216031452,
        0.06772774152,
        0.06989559252,
        0.06671838452,
        0.06756694251999999,
        0.06955420152,
        0.06697221752,
        0.06915832751999999,
        0.06755747552,
        0.07040374952,
        0.06897466852,
        0.06998173952,
        0.06902143152,
        0.06974853452,
        0.06913872452,
        0.07081078352,
        0.07011873652,
        0.06970359552,
        0.06942122351999999,
        0.07037411252,
        0.06976805252,
        0.06722799152,
        0.07283060352,
        0.07184740351999999,
        0.07145652152,
        0.07019839952,
        0.07189118252,
        0.07163663152,
        0.07292433552,
        0.07001648752,
        0.07216514152,
        0.07041720552,
        0.07202952152,
        0.07024264352,
        0.07068666052,
        0.07299322352,
        0.06983497252,
        0.07306618152,
        0.07185266152,
        0.07208383852,
        0.07053803252,
        0.07340239852,
        0.06958853052,
        0.07277301752,
        0.07090084152,
        0.07180294652,
        0.07195173452,
        0.07060205352,
        0.07210487852,
        0.07016185352,
        0.07323599452,
        0.07023204552,
        0.07348831752,
        0.07155810752,
        0.07340211052,
        0.07053513052,
        0.07239675652,
        0.07126569152,
        0.07281876152,
        0.07365512752,
        0.06957316352,
        0.07284073052,
        0.07101805352,
        0.07331457052,
        0.07037406752,
        0.07508487052,
        0.07111893452,
        0.07369636152,
        0.07085826351999999,
        0.07310621852,
        0.07164140252,
        0.07154086952,
        0.07240281452,
        0.07049853352,
        0.07284890252,
        0.07080322352,
        0.07456461752,
        0.06838095852,
        0.07115978351999999,
        0.06836629052,
        0.07166964052,
        0.06925169151999999,
        0.07057275852,
        0.06990570552,
        0.06920389952,
        0.07063556952,
        0.06822210651999999,
        0.07050091852,
        0.06825656352,
        0.07005660552,
        0.06846075552,
        0.06996594452,
        0.06841494152,
        0.07167582752
      ],
      "exit_codes": [
        0,
        0,
        0,
        0,
        0,
        0,
        0,
        0,
        0,
        0,
        0,
        0,
        0,
        0,
        0,
        0,
        0,
        0,
        0,
        0,
        0,
        0,
        0,
        0,
        0,
        0,
        0,
        0,
        0,
        0,
        0,
        0,
        0,
        0,
        0,
        0,
        0,
        0,
        0,
        0,
        0,
        0,
        0,
        0,
        0,
        0,
        0,
        0,
        0,
        0,
        0,
        0,
        0,
        0,
        0,
        0,
        0,
        0,
        0,
        0,
        0,
        0,
        0,
        0,
        0,
        0,
        0,
        0,
        0,
        0,
        0,
        0,
        0,
        0,
        0,
        0,
        0,
        0,
        0,
        0,
        0,
        0,
        0,
        0,
        0,
        0,
        0,
        0,
        0,
        0,
        0,
        0,
        0,
        0,
        0,
        0,
        0,
        0,
        0,
        0
      ]
    }
  ]
}
