{
  "results": [
    {
      "command": "out/20220731101132/contention 256 10",
      "mean": 0.00687754817,
      "stddev": 0.00023950753468215301,
      "median": 0.00688433962,
      "user": 0.0038510899999999993,
      "system": 0.009006759999999999,
      "min": 0.006374412120000001,
      "max": 0.00787627412,
      "times": [
        0.006971501120000001,
        0.00701907612,
        0.007038302120000001,
        0.0068509891199999996,
        0.0069029231199999996,
        0.007452486120000001,
        0.0071176461199999996,
        0.00718923512,
        0.006723366120000001,
        0.00672830812,
        0.006995850120000001,
        0.00706410012,
        0.00730916012,
        0.00727552712,
        0.00721602012,
        0.0070650181200000006,
        0.00787627412,
        0.00679623612,
        0.00657872912,
        0.006842833120000001,
        0.00683413412,
        0.0068577981199999995,
        0.00688377812,
        0.006925101120000001,
        0.006630826120000001,
        0.006446143120000001,
        0.00683564012,
        0.0068023951200000005,
        0.00676861212,
        0.006762022120000001,
        0.006899945120000001,
        0.00693177912,
        0.00699369712,
        0.007177873120000001,
        0.00692133612,
        0.0068266141199999995,
        0.00672067912,
        0.007083480120000001,
        0.007033405120000001,
        0.007068260120000001,
        0.00662228112,
        0.006530609120000001,
        0.00692998612,
        0.0069258101200000005,
        0.006973769120000001,
        0.00655510812,
        0.0064266991200000005,
        0.00679990412,
        0.00682094512,
        0.0072540971200000005,
        0.00664493012,
        0.006841821120000001,
        0.0067735081200000005,
        0.00699967112,
        0.00724876312,
        0.006880470120000001,
        0.00688432812,
        0.00659649212,
        0.0065840981199999996,
        0.00679083412,
        0.00690840712,
        0.00659766512,
        0.00649897212,
        0.006922065120000001,
        0.00674075312,
        0.006985752120000001,
        0.0068503841200000005,
        0.00666623312,
        0.0069448151199999995,
        0.00735937712,
        0.00708837312,
        0.006430034120000001,
        0.00668441912,
        0.00685650912,
        0.00694497912,
        0.0068844191200000005,
        0.006747138120000001,
        0.0065379001200000005,
        0.0064095351200000004,
        0.006918012120000001,
        0.00702958012,
        0.00701606412,
        0.00688439012,
        0.00681534512,
        0.00684574512,
        0.0068916781199999996,
        0.007096096120000001,
        0.00686515612,
        0.007033121120000001,
        0.00691730112,
        0.00676599412,
        0.006956417120000001,
        0.00696247212,
        0.006374412120000001,
        0.006527178120000001,
        0.006746746120000001,
        0.00688435112,
        0.0070193711199999995,
        0.007085279120000001,
        0.00656114912
      ],
      "exit_codes": [
        0,
        0,
        0,
        0,
        0,
        0,
        0,
        0,
        0,
        0,
        0,
        0,
        0,
        0,
        0,
        0,
        0,
        0,
        0,
        0,
        0,
        0,
        0,
        0,
        0,
        0,
        0,
        0,
        0,
        0,
        0,
        0,
        0,
        0,
        0,
        0,
        0,
        0,
        0,
        0,
        0,
        0,
        0,
        0,
        0,
        0,
        0,
        0,
        0,
        0,
        0,
        0,
        0,
        0,
        0,
        0,
        0,
        0,
        0,
        0,
        0,
        0,
        0,
        0,
        0,
        0,
        0,
        0,
        0,
        0,
        0,
        0,
        0,
        0,
        0,
        0,
        0,
        0,
        0,
        0,
        0,
        0,
        0,
        0,
        0,
        0,
        0,
        0,
        0,
        0,
        0,
        0,
        0,
        0,
        0,
        0,
        0,
        0,
        0,
        0
      ]
    }
  ]
}
