{
  "results": [
    {
      "command": "out/20220731101132/contention 128 1000000",
      "mean": 0.11683548676999997,
      "stddev": 0.004015122603037458,
      "median": 0.11598911932000001,
      "user": 0.7811355299999997,
      "system": 0.00895874,
      "min": 0.10602955532000001,
      "max": 0.13624668332,
      "times": [
        0.10602955532000001,
        0.11044997232,
        0.11112708932000001,
        0.11131249632000001,
        0.11008106632000002,
        0.11357349532000001,
        0.11276801632000001,
        0.11212512832000002,
        0.11093101332000001,
        0.11005515232000002,
        0.11570074532,
        0.11390587032,
        0.11425909132,
        0.11459705732000001,
        0.11486928532000001,
        0.11364151032000001,
        0.11317681932000001,
        0.11484174332000001,
        0.11446755032000001,
        0.11536404832000001,
        0.11337680732000001,
        0.11446470232000001,
        0.11628338832000001,
        0.11723323732000002,
        0.11619228732000002,
        0.11877775432000001,
        0.13624668332,
        0.12136774432000001,
        0.12079634432000001,
        0.12188472032000001,
        0.12105243632000001,
        0.12095742232000001,
        0.12131798532000002,
        0.11866931332000001,
        0.12128113732000001,
        0.11955995732000001,
        0.12045154832000002,
        0.12117946232000001,
        0.12089715932000002,
        0.11966831632000001,
        0.12036159632000001,
        0.11819885032,
        0.12018953432000001,
        0.12562341532000001,
        0.11982681832000001,
        0.12053293532,
        0.11911465632000001,
        0.11796444032000002,
        0.11827350732000001,
        0.11813484632000001,
        0.12054500732000001,
        0.11888823132000001,
        0.11520912932,
        0.11408284932000001,
        0.11419341932000002,
        0.11407724332000001,
        0.11691399632,
        0.11545883232000001,
        0.11406997632000002,
        0.11771557732000001,
        0.11450888532000002,
        0.11445354432000002,
        0.11545637932000001,
        0.11584442432000001,
        0.11714129632000002,
        0.11564458032000001,
        0.11397163632000001,
        0.12847357432,
        0.12383762432,
        0.11429727632000002,
        0.11389032432000001,
        0.11478292932,
        0.11593421232000001,
        0.11582598632000002,
        0.11421462632000001,
        0.11522534932000002,
        0.11606107632000001,
        0.11603642332000001,
        0.11594181532000002,
        0.11843677632,
        0.12048964432,
        0.11841662332000001,
        0.11754626832000001,
        0.11921751632000001,
        0.11786870732000002,
        0.11981553932000001,
        0.11824400032000001,
        0.11864549732000002,
        0.11894033132000001,
        0.11984061832000001,
        0.11833819232000001,
        0.11502637032000002,
        0.11406003832000002,
        0.11508651932000001,
        0.11510545132000001,
        0.11356634532000001,
        0.11490931132000001,
        0.11353230532000001,
        0.11673696132000001,
        0.11387371932000001
      ],
      "exit_codes": [
        0,
        0,
        0,
        0,
        0,
        0,
        0,
        0,
        0,
        0,
        0,
        0,
        0,
        0,
        0,
        0,
        0,
        0,
        0,
        0,
        0,
        0,
        0,
        0,
        0,
        0,
        0,
        0,
        0,
        0,
        0,
        0,
        0,
        0,
        0,
        0,
        0,
        0,
        0,
        0,
        0,
        0,
        0,
        0,
        0,
        0,
        0,
        0,
        0,
        0,
        0,
        0,
        0,
        0,
        0,
        0,
        0,
        0,
        0,
        0,
        0,
        0,
        0,
        0,
        0,
        0,
        0,
        0,
        0,
        0,
        0,
        0,
        0,
        0,
        0,
        0,
        0,
        0,
        0,
        0,
        0,
        0,
        0,
        0,
        0,
        0,
        0,
        0,
        0,
        0,
        0,
        0,
        0,
        0,
        0,
        0,
        0,
        0,
        0,
        0
      ]
    }
  ]
}
