{
  "results": [
    {
      "command": "out/20220731101132/contention 4096 100000",
      "mean": 0.20335755667999997,
      "stddev": 0.0032049700827290416,
      "median": 0.20327421664,
      "user": 0.07780545999999998,
      "system": 0.3465458900000001,
      "min": 0.19674571164000001,
      "max": 0.21414103564,
      "times": [
        0.20631635464,
        0.20486584964000001,
        0.20934848164,
        0.20661496664,
        0.20738030264,
        0.20062507064000001,
        0.20263206764,
        0.20017225764000002,
        0.20147844264,
        0.20112214364,
        0.19883211464,
        0.19856436064000002,
        0.20091658864,
        0.20311374364,
        0.20512902664000002,
        0.20669663664000001,
        0.20527395264,
        0.20434596864000001,
        0.20168079664000002,
        0.20368731464,
        0.20403224364,
        0.20551311064,
        0.20267026564,
        0.20067829964,
        0.20144777164,
        0.20202920764,
        0.21414103564,
        0.19706397964,
        0.20185308964,
        0.20080906464,
        0.20241545564000002,
        0.20416347264,
        0.20781556864,
        0.21135609164000002,
        0.20833092764,
        0.20703729464,
        0.20583333764,
        0.20312936564,
        0.20439802964,
        0.20084325764,
        0.20582470264,
        0.20114493664000002,
        0.20095083864000002,
        0.19674571164000001,
        0.19760606964000002,
        0.20351592864,
        0.20259943264000002,
        0.20808470564,
        0.20578956264,
        0.20630972064,
        0.20085351764,
        0.20181884964000002,
        0.20351089864000002,
        0.20430768064000002,
        0.20418194364,
        0.20326497164000001,
        0.19880423064,
        0.19846796664000002,
        0.20487289264,
        0.20310388764,
        0.20911111064000001,
        0.20343190264,
        0.20525705564000002,
        0.20213991664,
        0.19856968264,
        0.19994463864,
        0.20377471164,
        0.19993469564000002,
        0.19909776164,
        0.19946957164,
        0.19818373464,
        0.20538411764,
        0.20435853764,
        0.20684810764,
        0.20686271264,
        0.20522195964,
        0.20328346164,
        0.20492885064000002,
        0.20457611264,
        0.20340073364,
        0.20166225264,
        0.20045384764000002,
        0.20281959264000002,
        0.20389936064,
        0.21013469364,
        0.20418049764,
        0.20654814064000002,
        0.20215247064,
        0.20314922564000001,
        0.20158038364,
        0.20357689064,
        0.20244469564,
        0.20319868864,
        0.20122308164,
        0.19973738364000002,
        0.20061157364,
        0.19934481464,
        0.20794008764000002,
        0.20354961364000002,
        0.20765323764000002
      ],
      "exit_codes": [
        0,
        0,
        0,
        0,
        0,
        0,
        0,
        0,
        0,
        0,
        0,
        0,
        0,
        0,
        0,
        0,
        0,
        0,
        0,
        0,
        0,
        0,
        0,
        0,
        0,
        0,
        0,
        0,
        0,
        0,
        0,
        0,
        0,
        0,
        0,
        0,
        0,
        0,
        0,
        0,
        0,
        0,
        0,
        0,
        0,
        0,
        0,
        0,
        0,
        0,
        0,
        0,
        0,
        0,
        0,
        0,
        0,
        0,
        0,
        0,
        0,
        0,
        0,
        0,
        0,
        0,
        0,
        0,
        0,
        0,
        0,
        0,
        0,
        0,
        0,
        0,
        0,
        0,
        0,
        0,
        0,
        0,
        0,
        0,
        0,
        0,
        0,
        0,
        0,
        0,
        0,
        0,
        0,
        0,
        0,
        0,
        0,
        0,
        0,
        0
      ]
    }
  ]
}
