{
  "results": [
    {
      "command": "out/20220731101132/contention 16 100000",
      "mean": 0.013824627729999999,
      "stddev": 0.000607628282457786,
      "median": 0.01366531636,
      "user": 0.0722905,
      "system": 0.003098839999999999,
      "min": 0.01280220036,
      "max": 0.015242590359999999,
      "times": [
        0.01289670936,
        0.01280220036,
        0.013265230360000001,
        0.013511651360000002,
        0.01352341236,
        0.013466803360000001,
        0.01329265436,
        0.013248968359999998,
        0.014606471360000001,
        0.013624053359999999,
        0.014327817360000002,
        0.01318748836,
        0.01366048836,
        0.013263634359999998,
        0.01298175836,
        0.014959411360000001,
        0.01337682036,
        0.013477513359999999,
        0.015222778360000001,
        0.01417657836,
        0.01291712736,
        0.014036443360000001,
        0.01430868536,
        0.013240169360000002,
        0.014233434360000002,
        0.01323184136,
        0.01360850936,
        0.013616495360000001,
        0.01351156836,
        0.013345723359999999,
        0.01445750636,
        0.013248548360000001,
        0.014109516360000001,
        0.013854148359999999,
        0.01317422536,
        0.01325752636,
        0.01455984736,
        0.013245343360000002,
        0.014443641359999999,
        0.01309115736,
        0.015190006360000001,
        0.014512992360000001,
        0.01361825636,
        0.013469717360000001,
        0.01312168436,
        0.013448300359999998,
        0.01354037236,
        0.013200007360000002,
        0.01366975636,
        0.01359472136,
        0.013506404360000002,
        0.01506305136,
        0.014226863360000001,
        0.01385237936,
        0.01316300836,
        0.01430028936,
        0.013578969360000002,
        0.01319158936,
        0.01516560636,
        0.014615829359999999,
        0.014007124360000001,
        0.01423541636,
        0.014395470359999999,
        0.01387248336,
        0.01446620936,
        0.013667302360000001,
        0.015084086359999999,
        0.014911278359999999,
        0.01366333036,
        0.013199762359999999,
        0.015242590359999999,
        0.01368545836,
        0.01402247936,
        0.01388572436,
        0.013840985359999999,
        0.013308363359999999,
        0.01508514636,
        0.01369960236,
        0.013588593360000002,
        0.01444580836,
        0.013736663360000002,
        0.01303074536,
        0.014262628360000001,
        0.014444823360000001,
        0.01419938036,
        0.01400156936,
        0.013241769359999999,
        0.01311340536,
        0.014302830360000001,
        0.013644265360000001,
        0.01427671736,
        0.014149143360000001,
        0.013581607360000001,
        0.013956302359999999,
        0.01419492536,
        0.01307047636,
        0.013597551360000001,
        0.013749530360000001,
        0.013992478360000001,
        0.01321503836
      ],
      "exit_codes": [
        0,
        0,
        0,
        0,
        0,
        0,
        0,
        0,
        0,
        0,
        0,
        0,
        0,
        0,
        0,
        0,
        0,
        0,
        0,
        0,
        0,
        0,
        0,
        0,
        0,
        0,
        0,
        0,
        0,
        0,
        0,
        0,
        0,
        0,
        0,
        0,
        0,
        0,
        0,
        0,
        0,
        0,
        0,
        0,
        0,
        0,
        0,
        0,
        0,
        0,
        0,
        0,
        0,
        0,
        0,
        0,
        0,
        0,
        0,
        0,
        0,
        0,
        0,
        0,
        0,
        0,
        0,
        0,
        0,
        0,
        0,
        0,
        0,
        0,
        0,
        0,
        0,
        0,
        0,
        0,
        0,
        0,
        0,
        0,
        0,
        0,
        0,
        0,
        0,
        0,
        0,
        0,
        0,
        0,
        0,
        0,
        0,
        0,
        0,
        0
      ]
    }
  ]
}
