{
  "results": [
    {
      "command": "out/20220731101132/contention 2 1000000",
      "mean": 0.20971013207,
      "stddev": 0.0033167391674661082,
      "median": 0.20913872116,
      "user": 0.3990030399999999,
      "system": 0.0035211699999999997,
      "min": 0.20813788566000002,
      "max": 0.23331472866,
      "times": [
        0.20839962466,
        0.20932571766000002,
        0.20930953666000002,
        0.20894983466,
        0.20931717466000002,
        0.20857307466,
        0.21026089966,
        0.20918459666,
        0.21029455366000002,
        0.20929614266000002,
        0.20867334066,
        0.20916932066000002,
        0.20893502866000002,
        0.20950728866,
        0.20919102866,
        0.23331472866,
        0.20939302966,
        0.20996722066,
        0.20938288566000002,
        0.20890322666,
        0.21228742366,
        0.20957255066,
        0.20861883166,
        0.20915330066,
        0.20929192066000002,
        0.20863565366,
        0.20903623166000002,
        0.20943580166,
        0.20912391366000002,
        0.20975906966000002,
        0.20935076366000002,
        0.20867298266,
        0.20907433566,
        0.20883534666,
        0.20917138166000002,
        0.20963457966000001,
        0.20813788566000002,
        0.20900774066,
        0.20864040766,
        0.20886564666000002,
        0.20952140566000002,
        0.20890346466,
        0.20954613666000002,
        0.20830339066,
        0.20850540466,
        0.20897715966000002,
        0.20937612066,
        0.20880140866000002,
        0.20870721266,
        0.20925154166,
        0.20849738666,
        0.21144131166000002,
        0.20900897366,
        0.21283002966,
        0.20899574566,
        0.20929367666,
        0.20980549666,
        0.20890501266,
        0.20858822666000001,
        0.20925162466,
        0.20967635866,
        0.20974986966,
        0.20877441766000002,
        0.20987471366000002,
        0.20915054166000002,
        0.20894083166000002,
        0.20873707666000002,
        0.20941175566,
        0.20888102966000002,
        0.21022228366,
        0.20862825866,
        0.20841377166,
        0.20910109766,
        0.23118255166,
        0.20870480366000002,
        0.21069129466,
        0.20972166366,
        0.20969044266,
        0.20896864966,
        0.20912690066,
        0.20897997666,
        0.20881506166,
        0.20946923566,
        0.20904567866,
        0.20909064166000002,
        0.20963601866,
        0.20907627066,
        0.20904801866,
        0.20888594466000002,
        0.20915594066,
        0.20873154966000002,
        0.20955499766000002,
        0.20889673966,
        0.20912174666,
        0.20921759866,
        0.20828711266,
        0.20930004966000001,
        0.20870173566,
        0.21065061566,
        0.20953520766
      ],
      "exit_codes": [
        0,
        0,
        0,
        0,
        0,
        0,
        0,
        0,
        0,
        0,
        0,
        0,
        0,
        0,
        0,
        0,
        0,
        0,
        0,
        0,
        0,
        0,
        0,
        0,
        0,
        0,
        0,
        0,
        0,
        0,
        0,
        0,
        0,
        0,
        0,
        0,
        0,
        0,
        0,
        0,
        0,
        0,
        0,
        0,
        0,
        0,
        0,
        0,
        0,
        0,
        0,
        0,
        0,
        0,
        0,
        0,
        0,
        0,
        0,
        0,
        0,
        0,
        0,
        0,
        0,
        0,
        0,
        0,
        0,
        0,
        0,
        0,
        0,
        0,
        0,
        0,
        0,
        0,
        0,
        0,
        0,
        0,
        0,
        0,
        0,
        0,
        0,
        0,
        0,
        0,
        0,
        0,
        0,
        0,
        0,
        0,
        0,
        0,
        0,
        0
      ]
    }
  ]
}
