{
  "results": [
    {
      "command": "out/20220731101132/contention 512 10000",
      "mean": 0.013051350679999997,
      "stddev": 0.000617376212897521,
      "median": 0.01286995672,
      "user": 0.01061528,
      "system": 0.017932570000000002,
      "min": 0.012332064220000001,
      "max": 0.01522969422,
      "times": [
        0.01256745322,
        0.01290817122,
        0.012811170220000001,
        0.01256463422,
        0.01274450022,
        0.012666725220000001,
        0.01290640222,
        0.013179657220000002,
        0.014098242220000001,
        0.013665895220000002,
        0.01481175422,
        0.01522969422,
        0.015103326220000001,
        0.01449066722,
        0.014492852220000001,
        0.014212788220000001,
        0.01510173222,
        0.01478531822,
        0.01452970622,
        0.01339964922,
        0.012826007220000001,
        0.012791791220000001,
        0.012968056220000001,
        0.01289640022,
        0.01306479122,
        0.01301162022,
        0.01324714222,
        0.01310872922,
        0.012832744220000001,
        0.012992883220000001,
        0.012677911220000001,
        0.01264213522,
        0.01292516822,
        0.012780296220000001,
        0.01260543222,
        0.013030477220000001,
        0.01266471322,
        0.01361855122,
        0.01300280922,
        0.012332064220000001,
        0.01300040622,
        0.01275304622,
        0.01302009322,
        0.01261608522,
        0.01247463522,
        0.01287041822,
        0.01276695622,
        0.012843227220000001,
        0.012797516220000001,
        0.01286949522,
        0.012593955220000001,
        0.01301386422,
        0.01303844722,
        0.012764707220000001,
        0.01259008522,
        0.013018827220000001,
        0.01301060022,
        0.01343920622,
        0.01308670822,
        0.012677726220000001,
        0.01275672722,
        0.012913987220000001,
        0.01301517922,
        0.013019295220000001,
        0.01270386622,
        0.01282011022,
        0.01273784922,
        0.01281456722,
        0.01344888822,
        0.01266425122,
        0.01255591522,
        0.01281214822,
        0.012412354220000001,
        0.01293286722,
        0.01303756922,
        0.01273590822,
        0.01258779722,
        0.01256284522,
        0.01300168422,
        0.012678692220000001,
        0.01264408922,
        0.01401237922,
        0.01269644722,
        0.01260979322,
        0.01290982222,
        0.01268834022,
        0.01265395622,
        0.01295412022,
        0.01266962822,
        0.01276190122,
        0.01311714622,
        0.01291455322,
        0.01269051522,
        0.012523120220000001,
        0.01295164422,
        0.013224704220000001,
        0.01285652022,
        0.013079511220000001,
        0.01272835922,
        0.01269994522
      ],
      "exit_codes": [
        0,
        0,
        0,
        0,
        0,
        0,
        0,
        0,
        0,
        0,
        0,
        0,
        0,
        0,
        0,
        0,
        0,
        0,
        0,
        0,
        0,
        0,
        0,
        0,
        0,
        0,
        0,
        0,
        0,
        0,
        0,
        0,
        0,
        0,
        0,
        0,
        0,
        0,
        0,
        0,
        0,
        0,
        0,
        0,
        0,
        0,
        0,
        0,
        0,
        0,
        0,
        0,
        0,
        0,
        0,
        0,
        0,
        0,
        0,
        0,
        0,
        0,
        0,
        0,
        0,
        0,
        0,
        0,
        0,
        0,
        0,
        0,
        0,
        0,
        0,
        0,
        0,
        0,
        0,
        0,
        0,
        0,
        0,
        0,
        0,
        0,
        0,
        0,
        0,
        0,
        0,
        0,
        0,
        0,
        0,
        0,
        0,
        0,
        0,
        0
      ]
    }
  ]
}
