{
  "results": [
    {
      "command": "out/20220731101132/contention 4096 10",
      "mean": 0.19210662808000006,
      "stddev": 0.0030998649460913896,
      "median": 0.19220259526,
      "user": 0.028316489999999986,
      "system": 0.31808746000000004,
      "min": 0.18571073326,
      "max": 0.20080876826000002,
      "times": [
        0.18654578526,
        0.19088917226000002,
        0.18770805526,
        0.18735939426,
        0.19165880326,
        0.18759028126000002,
        0.19140768026000002,
        0.19360926426,
        0.19214931126,
        0.19479711726,
        0.19540531126000002,
        0.19542722026,
        0.19269681326000002,
        0.19065918326,
        0.19077221026000002,
        0.18968391126,
        0.18994317026000002,
        0.19000298426,
        0.18754144226,
        0.18965156726000001,
        0.19231726826,
        0.19239152326,
        0.19385053426,
        0.19449362826000002,
        0.19644525026,
        0.19808997926000002,
        0.19670572426000002,
        0.19368938626,
        0.19445056126000002,
        0.18895803026000002,
        0.19011137526000002,
        0.18872604926,
        0.18976183126,
        0.18698835226000002,
        0.18959698626000002,
        0.19003216426,
        0.18953854626000002,
        0.19102672826,
        0.19251606926,
        0.19613975326000002,
        0.19589974526,
        0.19391784626,
        0.19531616526,
        0.19200981426000002,
        0.18947428326000001,
        0.19345618426,
        0.18703519726,
        0.18766224526,
        0.18909634026000002,
        0.18977787026,
        0.19000854626000002,
        0.18820806826,
        0.19126992926,
        0.19626675326,
        0.19497141826,
        0.19348918126,
        0.19510602426,
        0.19699741426,
        0.19078020726,
        0.19459981826,
        0.19048988826000002,
        0.18821247026000001,
        0.19054595226,
        0.18888434226,
        0.19005710326,
        0.19267118926000001,
        0.19040293226000002,
        0.19294439226,
        0.19770392326,
        0.19622519126000001,
        0.19389237626,
        0.19268375826,
        0.19369082026,
        0.19225587926,
        0.19167795826,
        0.19073195926,
        0.18806463926,
        0.18987937926,
        0.19123967626000002,
        0.19256411126,
        0.19380179526000002,
        0.19491863526,
        0.19452431126,
        0.19307046126000002,
        0.19404181426,
        0.19504696526,
        0.19118817026,
        0.19331542526,
        0.18709621126,
        0.18571073326,
        0.18830376926,
        0.18946144326,
        0.19255740726,
        0.19429810726000002,
        0.19624260626,
        0.20080876826000002,
        0.19645683226000002,
        0.19413173526000002,
        0.19644129826,
        0.19775690426
      ],
      "exit_codes": [
        0,
        0,
        0,
        0,
        0,
        0,
        0,
        0,
        0,
        0,
        0,
        0,
        0,
        0,
        0,
        0,
        0,
        0,
        0,
        0,
        0,
        0,
        0,
        0,
        0,
        0,
        0,
        0,
        0,
        0,
        0,
        0,
        0,
        0,
        0,
        0,
        0,
        0,
        0,
        0,
        0,
        0,
        0,
        0,
        0,
        0,
        0,
        0,
        0,
        0,
        0,
        0,
        0,
        0,
        0,
        0,
        0,
        0,
        0,
        0,
        0,
        0,
        0,
        0,
        0,
        0,
        0,
        0,
        0,
        0,
        0,
        0,
        0,
        0,
        0,
        0,
        0,
        0,
        0,
        0,
        0,
        0,
        0,
        0,
        0,
        0,
        0,
        0,
        0,
        0,
        0,
        0,
        0,
        0,
        0,
        0,
        0,
        0,
        0,
        0
      ]
    }
  ]
}
