{
  "results": [
    {
      "command": "out/20220731101132/contention 2048 10000",
      "mean": 0.06381402488,
      "stddev": 0.0014482200251161744,
      "median": 0.06364380106,
      "user": 0.022582649999999996,
      "system": 0.11415753999999996,
      "min": 0.06138689456,
      "max": 0.06781480956000001,
      "times": [
        0.06495951656,
        0.06580342756,
        0.06474175856,
        0.06550113256000001,
        0.06643711756000001,
        0.06334077156000001,
        0.06555974956,
        0.06478903256,
        0.06488621056,
        0.06326723956000001,
        0.06329846656,
        0.06758175056,
        0.06381128956000001,
        0.06781480956000001,
        0.06363515456,
        0.06603505656,
        0.06601068156,
        0.06573267656000001,
        0.06408778856000001,
        0.06717187056,
        0.06210185856,
        0.06314055556,
        0.06476713256000001,
        0.06230759956000001,
        0.06456602456,
        0.06184956556,
        0.06296443156,
        0.06303226556000001,
        0.06241663556,
        0.06286996956,
        0.06458868356000001,
        0.06205609956000001,
        0.06400997456,
        0.06138689456,
        0.06359525656000001,
        0.06444805956,
        0.06214383356,
        0.06378799956,
        0.06270448756000001,
        0.06406768756,
        0.06245449856,
        0.06284983956000001,
        0.06217455356000001,
        0.06427204556,
        0.062461531560000005,
        0.06344782056,
        0.06192478556,
        0.06282153856,
        0.06392989556,
        0.06160616356000001,
        0.06310036556000001,
        0.06207221956,
        0.061995278560000006,
        0.06255377056,
        0.06287610156000001,
        0.06252701456000001,
        0.06296713056,
        0.06345185656,
        0.06265901356,
        0.062261891560000004,
        0.06298849756000001,
        0.06493244356000001,
        0.06151759256,
        0.06414761856000001,
        0.06172577956,
        0.06325229556,
        0.06527867956000001,
        0.06292764556000001,
        0.06236391956000001,
        0.06184588156000001,
        0.06189407856000001,
        0.06347973156,
        0.06282051656000001,
        0.06173600156,
        0.06362011256000001,
        0.06334221756000001,
        0.06749257256,
        0.06420107456,
        0.06402819756,
        0.06451170456000001,
        0.06487158356,
        0.06410825656000001,
        0.06528616256,
        0.06409707956,
        0.06522072456000001,
        0.06467372356000001,
        0.06327163356000001,
        0.06520074456000001,
        0.06370473756,
        0.06644539556000001,
        0.06404658356000001,
        0.06543988456000001,
        0.06365244756,
        0.06530804356,
        0.06352680656000001,
        0.06542422456000001,
        0.06417564056000001,
        0.06475291656000001,
        0.06398277856000001,
        0.06442872756000001
      ],
      "exit_codes": [
        0,
        0,
        0,
        0,
        0,
        0,
        0,
        0,
        0,
        0,
        0,
        0,
        0,
        0,
        0,
        0,
        0,
        0,
        0,
        0,
        0,
        0,
        0,
        0,
        0,
        0,
        0,
        0,
        0,
        0,
        0,
        0,
        0,
        0,
        0,
        0,
        0,
        0,
        0,
        0,
        0,
        0,
        0,
        0,
        0,
        0,
        0,
        0,
        0,
        0,
        0,
        0,
        0,
        0,
        0,
        0,
        0,
        0,
        0,
        0,
        0,
        0,
        0,
        0,
        0,
        0,
        0,
        0,
        0,
        0,
        0,
        0,
        0,
        0,
        0,
        0,
        0,
        0,
        0,
        0,
        0,
        0,
        0,
        0,
        0,
        0,
        0,
        0,
        0,
        0,
        0,
        0,
        0,
        0,
        0,
        0,
        0,
        0,
        0,
        0
      ]
    }
  ]
}
