{
  "results": [
    {
      "command": "out/20220731101132/contention 1024 10",
      "mean": 0.02426066467999999,
      "stddev": 0.0008566174179932571,
      "median": 0.024217778540000002,
      "user": 0.00904085,
      "system": 0.03904975,
      "min": 0.02237940454,
      "max": 0.027015273540000002,
      "times": [
        0.024326529540000003,
        0.023443262540000002,
        0.025076976540000004,
        0.022861048540000005,
        0.024773284540000003,
        0.02322063254,
        0.025051781540000005,
        0.023906467540000004,
        0.023756115540000004,
        0.022999310540000005,
        0.02514455754,
        0.02402140154,
        0.02383208554,
        0.02447955854,
        0.024908973540000004,
        0.02519594754,
        0.02309514854,
        0.02330401754,
        0.023075301540000002,
        0.025027029540000002,
        0.02292083954,
        0.023614163540000004,
        0.022747635540000005,
        0.02471794854,
        0.024702438540000003,
        0.025445150540000003,
        0.023802926540000005,
        0.023430329540000003,
        0.024025206540000003,
        0.024085397540000004,
        0.02237940454,
        0.023989994540000004,
        0.02464027454,
        0.024496983540000003,
        0.025683309540000004,
        0.02386543854,
        0.02458450754,
        0.024909108540000002,
        0.024144658540000002,
        0.024706668540000004,
        0.02463750554,
        0.02444589454,
        0.023836424540000005,
        0.02442963754,
        0.02445125754,
        0.025614719540000004,
        0.024461272540000002,
        0.02483743854,
        0.024118754540000002,
        0.024697861540000005,
        0.023632372540000002,
        0.023929422540000002,
        0.02294662554,
        0.024374736540000004,
        0.02468004554,
        0.023462242540000004,
        0.025237704540000003,
        0.024082076540000004,
        0.023040985540000003,
        0.024712473540000002,
        0.02424628954,
        0.02386639754,
        0.02400705854,
        0.024189267540000003,
        0.02543642654,
        0.02514441154,
        0.025700027540000003,
        0.02585198154,
        0.02620130154,
        0.027015273540000002,
        0.02328977554,
        0.025014374540000002,
        0.024771185540000004,
        0.024787848540000004,
        0.02508651754,
        0.023736959540000005,
        0.025104912540000003,
        0.023505407540000002,
        0.024923187540000002,
        0.02322653954,
        0.022999368540000002,
        0.02494005154,
        0.023793572540000002,
        0.02322644954,
        0.024123987540000003,
        0.02469146554,
        0.024093244540000003,
        0.022875447540000003,
        0.02504645254,
        0.023883304540000004,
        0.025770991540000003,
        0.023409090540000003,
        0.024009731540000002,
        0.024870057540000004,
        0.024421500540000002,
        0.02359268154,
        0.023186971540000004,
        0.024583821540000002,
        0.02365362954,
        0.02376823654
      ],
      "exit_codes": [
        0,
        0,
        0,
        0,
        0,
        0,
        0,
        0,
        0,
        0,
        0,
        0,
        0,
        0,
        0,
        0,
        0,
        0,
        0,
        0,
        0,
        0,
        0,
        0,
        0,
        0,
        0,
        0,
        0,
        0,
        0,
        0,
        0,
        0,
        0,
        0,
        0,
        0,
        0,
        0,
        0,
        0,
        0,
        0,
        0,
        0,
        0,
        0,
        0,
        0,
        0,
        0,
        0,
        0,
        0,
        0,
        0,
        0,
        0,
        0,
        0,
        0,
        0,
        0,
        0,
        0,
        0,
        0,
        0,
        0,
        0,
        0,
        0,
        0,
        0,
        0,
        0,
        0,
        0,
        0,
        0,
        0,
        0,
        0,
        0,
        0,
        0,
        0,
        0,
        0,
        0,
        0,
        0,
        0,
        0,
        0,
        0,
        0,
        0,
        0
      ]
    }
  ]
}
