{
  "results": [
    {
      "command": "out/20220731101132/contention 1024 100000",
      "mean": 0.032381559940000006,
      "stddev": 0.0008434654014285227,
      "median": 0.03271382474,
      "user": 0.07683225999999997,
      "system": 0.05272075999999999,
      "min": 0.029043935240000006,
      "max": 0.03377408324,
      "times": [
        0.029043935240000006,
        0.030177255240000006,
        0.031148033240000005,
        0.030773085240000005,
        0.03092563324,
        0.031833466240000004,
        0.030905418240000003,
        0.032125162240000005,
        0.03176556424,
        0.03137411324,
        0.030901161240000002,
        0.03149287624,
        0.03093585124,
        0.030785066240000006,
        0.03132105224,
        0.031518299240000006,
        0.03078926824,
        0.031853158240000005,
        0.031121270240000005,
        0.03162604024,
        0.031479672240000006,
        0.031376441240000004,
        0.031477593240000004,
        0.03195994524,
        0.03256927624,
        0.03177338424,
        0.031419904240000004,
        0.031857061240000005,
        0.03168676224,
        0.031562817240000006,
        0.031905392240000004,
        0.03199094024,
        0.032080246240000006,
        0.03219575124,
        0.032614287240000005,
        0.03155938324,
        0.03234583424,
        0.03335297424,
        0.032647981240000006,
        0.03314466524,
        0.033009628240000005,
        0.03292717624,
        0.03275023224,
        0.032921330240000005,
        0.032937609240000006,
        0.03307135624,
        0.03314559124,
        0.03276218024,
        0.03266032724,
        0.032856322240000006,
        0.03292555224,
        0.03346986624,
        0.032595910240000005,
        0.03371437024,
        0.033237193240000004,
        0.032882847240000006,
        0.03282167024,
        0.03282943824,
        0.03256073324,
        0.032986266240000006,
        0.03318575724,
        0.032884481240000006,
        0.03281064224,
        0.03271495924,
        0.03322202724,
        0.03377408324,
        0.032903601240000004,
        0.032951769240000005,
        0.032607393240000004,
        0.033070388240000005,
        0.03227196024,
        0.03311360824,
        0.03279201324,
        0.03250594524,
        0.03269034924,
        0.033135709240000005,
        0.032737984240000004,
        0.032670513240000004,
        0.03287795024,
        0.03304513824,
        0.03235170524,
        0.03317122024,
        0.033113694240000005,
        0.03307132124,
        0.03278350724,
        0.03284438724,
        0.03251186024,
        0.03278686024,
        0.03274746424,
        0.03302659124,
        0.03320806724,
        0.033087028240000003,
        0.03271269024,
        0.03287759624,
        0.032821481240000006,
        0.03263993324,
        0.03293083924,
        0.033058128240000005,
        0.03275777324,
        0.033205948240000005
      ],
      "exit_codes": [
        0,
        0,
        0,
        0,
        0,
        0,
        0,
        0,
        0,
        0,
        0,
        0,
        0,
        0,
        0,
        0,
        0,
        0,
        0,
        0,
        0,
        0,
        0,
        0,
        0,
        0,
        0,
        0,
        0,
        0,
        0,
        0,
        0,
        0,
        0,
        0,
        0,
        0,
        0,
        0,
        0,
        0,
        0,
        0,
        0,
        0,
        0,
        0,
        0,
        0,
        0,
        0,
        0,
        0,
        0,
        0,
        0,
        0,
        0,
        0,
        0,
        0,
        0,
        0,
        0,
        0,
        0,
        0,
        0,
        0,
        0,
        0,
        0,
        0,
        0,
        0,
        0,
        0,
        0,
        0,
        0,
        0,
        0,
        0,
        0,
        0,
        0,
        0,
        0,
        0,
        0,
        0,
        0,
        0,
        0,
        0,
        0,
        0,
        0,
        0
      ]
    }
  ]
}
