{
  "results": [
    {
      "command": "out/20220731101132/contention 4 1000000",
      "mean": 0.12286508982,
      "stddev": 0.0031389799079535124,
      "median": 0.12297013214000001,
      "user": 0.43644983999999987,
      "system": 0.0038758000000000004,
      "min": 0.11660512564,
      "max": 0.13175961064,
      "times": [
        0.12615844964,
        0.12378964664,
        0.11858901964,
        0.11758122764000001,
        0.12116798364,
        0.11660512564,
        0.11736520864000001,
        0.11895299064,
        0.12078246364,
        0.11788846364000001,
        0.12034455764,
        0.11910450464000001,
        0.11820653264,
        0.11764075464000001,
        0.11973485964000001,
        0.12145121564000001,
        0.11784637364,
        0.12191619864,
        0.11869700664,
        0.11919780064,
        0.12102143564000001,
        0.12335673864000002,
        0.12003941364000001,
        0.11871918864,
        0.11942850964,
        0.11919967164,
        0.11919071964000001,
        0.12289137564,
        0.12160846464000001,
        0.12041862764000001,
        0.12069221664,
        0.11882967964,
        0.12096869764000001,
        0.11929911264000001,
        0.12016533964000001,
        0.12419568964,
        0.12075472964,
        0.12025393864,
        0.12112565464000001,
        0.11908111464,
        0.12377666364,
        0.12323929464,
        0.12841943164,
        0.12713826564,
        0.12724451964,
        0.12654136164000002,
        0.12788305164,
        0.12597827264,
        0.13175961064,
        0.12617904964,
        0.12639573464,
        0.12376248064,
        0.12350561264000001,
        0.12428119464000001,
        0.12485647064,
        0.12253002864000001,
        0.12294700064,
        0.12263738164000001,
        0.12325887464000002,
        0.12318723064,
        0.12703075864000002,
        0.12277265464,
        0.12485147764000001,
        0.12290746564000002,
        0.12273209564000001,
        0.12291130464,
        0.12726311664,
        0.12412401764,
        0.12322289864,
        0.12203436664,
        0.12307969264000002,
        0.12390799364000002,
        0.12421857364,
        0.12309819864000002,
        0.12252483064000001,
        0.12323080364,
        0.12235431664,
        0.12240546664,
        0.12237131064000001,
        0.12366692264000001,
        0.12351833264,
        0.12800549064,
        0.12230677064,
        0.12429096564,
        0.12299326364000002,
        0.12306310264,
        0.12334513964000002,
        0.12224028364,
        0.12307096564,
        0.12431040164000001,
        0.12391506764000002,
        0.12421232664000001,
        0.12451460064,
        0.12828357364,
        0.12698282564000002,
        0.12961449464,
        0.12949749264000002,
        0.12658304064,
        0.12619262164,
        0.12907772264
      ],
      "exit_codes": [
        0,
        0,
        0,
        0,
        0,
        0,
        0,
        0,
        0,
        0,
        0,
        0,
        0,
        0,
        0,
        0,
        0,
        0,
        0,
        0,
        0,
        0,
        0,
        0,
        0,
        0,
        0,
        0,
        0,
        0,
        0,
        0,
        0,
        0,
        0,
        0,
        0,
        0,
        0,
        0,
        0,
        0,
        0,
        0,
        0,
        0,
        0,
        0,
        0,
        0,
        0,
        0,
        0,
        0,
        0,
        0,
        0,
        0,
        0,
        0,
        0,
        0,
        0,
        0,
        0,
        0,
        0,
        0,
        0,
        0,
        0,
        0,
        0,
        0,
        0,
        0,
        0,
        0,
        0,
        0,
        0,
        0,
        0,
        0,
        0,
        0,
        0,
        0,
        0,
        0,
        0,
        0,
        0,
        0,
        0,
        0,
        0,
        0,
        0,
        0
      ]
    }
  ]
}
