{
  "results": [
    {
      "command": "out/20220731101132/contention 2 1",
      "mean": 0.0030354950800000006,
      "stddev": 0.0002251094289534714,
      "median": 0.00299785144,
      "user": 0.0011045900000000001,
      "system": 0.0008689000000000001,
      "min": 0.0024699199400000007,
      "max": 0.00442005794,
      "times": [
        0.0026345069400000006,
        0.0024699199400000007,
        0.00295168194,
        0.00298950694,
        0.0031191119400000005,
        0.00301904794,
        0.0030559679400000003,
        0.00292054194,
        0.0030720819400000005,
        0.00315457294,
        0.0032094709400000004,
        0.00309861494,
        0.00297983694,
        0.0030341549400000004,
        0.0030592219400000006,
        0.00333336094,
        0.0029159799400000005,
        0.0030095459400000003,
        0.0030413709400000004,
        0.0032339169400000005,
        0.0031535739400000004,
        0.0029065769400000007,
        0.0028305169400000005,
        0.00298976194,
        0.00297774294,
        0.00308194194,
        0.00292413594,
        0.0029210419400000007,
        0.0029250709400000007,
        0.0029785659400000004,
        0.0035176699400000008,
        0.0030465569400000003,
        0.0030498179400000004,
        0.00297978594,
        0.00281187894,
        0.00297441594,
        0.00290215194,
        0.00311607394,
        0.0032297659400000005,
        0.0029209709400000007,
        0.0028470199400000007,
        0.0030065569400000002,
        0.0029328209400000006,
        0.0029079369400000004,
        0.0034206739400000005,
        0.00315388294,
        0.00318497794,
        0.00300594094,
        0.0032682199400000007,
        0.00289950694,
        0.0028520019400000004,
        0.00305901994,
        0.0030397429400000004,
        0.0031706369400000007,
        0.0027993579400000003,
        0.0028444599400000003,
        0.0028944519400000007,
        0.0029684129400000007,
        0.00304367194,
        0.00303752394,
        0.00311889194,
        0.00303095894,
        0.0031960189400000007,
        0.0028553469400000005,
        0.00296224794,
        0.0030927079400000007,
        0.0030699579400000005,
        0.00304544194,
        0.0028735719400000007,
        0.0027941449400000007,
        0.0029735829400000004,
        0.00293105194,
        0.00310544394,
        0.0031139299400000002,
        0.00301589394,
        0.0029636959400000003,
        0.0028030919400000003,
        0.00442005794,
        0.0038995789400000005,
        0.0029496259400000006,
        0.0033949339400000007,
        0.0032296769400000005,
        0.00303887994,
        0.0030907009400000006,
        0.0029532979400000003,
        0.00293448294,
        0.0029629969400000004,
        0.0031917069400000005,
        0.00294000494,
        0.0029522549400000002,
        0.0031514909400000004,
        0.0029875649400000004,
        0.0029770019400000005,
        0.0029266579400000006,
        0.00273764594,
        0.00290930394,
        0.00290485094,
        0.0030695579400000002,
        0.00292956594,
        0.00317443794
      ],
      "exit_codes": [
        0,
        0,
        0,
        0,
        0,
        0,
        0,
        0,
        0,
        0,
        0,
        0,
        0,
        0,
        0,
        0,
        0,
        0,
        0,
        0,
        0,
        0,
        0,
        0,
        0,
        0,
        0,
        0,
        0,
        0,
        0,
        0,
        0,
        0,
        0,
        0,
        0,
        0,
        0,
        0,
        0,
        0,
        0,
        0,
        0,
        0,
        0,
        0,
        0,
        0,
        0,
        0,
        0,
        0,
        0,
        0,
        0,
        0,
        0,
        0,
        0,
        0,
        0,
        0,
        0,
        0,
        0,
        0,
        0,
        0,
        0,
        0,
        0,
        0,
        0,
        0,
        0,
        0,
        0,
        0,
        0,
        0,
        0,
        0,
        0,
        0,
        0,
        0,
        0,
        0,
        0,
        0,
        0,
        0,
        0,
        0,
        0,
        0,
        0,
        0
      ]
    }
  ]
}
