{
  "results": [
    {
      "command": "out/20220731101132/contention 1024 10000",
      "mean": 0.026339697190000004,
      "stddev": 0.0005471270207315511,
      "median": 0.026371483960000004,
      "user": 0.013920680000000003,
      "system": 0.04197699,
      "min": 0.02501059796,
      "max": 0.028149790960000004,
      "times": [
        0.02619515496,
        0.02639403596,
        0.02634268996,
        0.026758364960000003,
        0.026343917960000005,
        0.02616791996,
        0.02662366896,
        0.02667610596,
        0.02648730596,
        0.02700571896,
        0.027080173960000002,
        0.026300601960000003,
        0.026379594960000002,
        0.027102370960000004,
        0.02643822596,
        0.02619919096,
        0.02665133796,
        0.026237980960000004,
        0.02649679496,
        0.026354820960000004,
        0.026169719960000004,
        0.025821259960000002,
        0.026586113960000005,
        0.026785122960000005,
        0.02623404396,
        0.02663101296,
        0.02702192396,
        0.02649059696,
        0.02650292696,
        0.026799319960000005,
        0.02666636496,
        0.026233936960000002,
        0.02640455796,
        0.02588984396,
        0.02589980696,
        0.02650247796,
        0.026256280960000003,
        0.026278438960000004,
        0.026364969960000005,
        0.026601841960000004,
        0.026884219960000004,
        0.02651778096,
        0.026089025960000005,
        0.02635866496,
        0.027271138960000003,
        0.026732074960000005,
        0.02657684496,
        0.02691070196,
        0.025980890960000003,
        0.02645252696,
        0.026355754960000005,
        0.026855364960000003,
        0.02633212996,
        0.02714718396,
        0.02644518296,
        0.02617534496,
        0.026651189960000002,
        0.02613658296,
        0.026976213960000002,
        0.02616317496,
        0.02626678196,
        0.02701534496,
        0.02617336696,
        0.026521913960000004,
        0.026832069960000003,
        0.026447825960000004,
        0.02642945896,
        0.026377997960000003,
        0.026540990960000004,
        0.026302853960000004,
        0.02564726196,
        0.025413537960000003,
        0.02534734096,
        0.02568489996,
        0.025437698960000005,
        0.02612459996,
        0.02569921596,
        0.02541296696,
        0.026350696960000003,
        0.02542345896,
        0.02582053896,
        0.025174239960000004,
        0.025700093960000003,
        0.025416255960000002,
        0.02567846696,
        0.025462864960000005,
        0.026657525960000004,
        0.028149790960000004,
        0.02782873196,
        0.027385107960000002,
        0.026769724960000005,
        0.02656714096,
        0.02501059796,
        0.026637843960000004,
        0.025505168960000005,
        0.025590203960000002,
        0.02661901496,
        0.025897061960000002,
        0.025730152960000002,
        0.02553037296
      ],
      "exit_codes": [
        0,
        0,
        0,
        0,
        0,
        0,
        0,
        0,
        0,
        0,
        0,
        0,
        0,
        0,
        0,
        0,
        0,
        0,
        0,
        0,
        0,
        0,
        0,
        0,
        0,
        0,
        0,
        0,
        0,
        0,
        0,
        0,
        0,
        0,
        0,
        0,
        0,
        0,
        0,
        0,
        0,
        0,
        0,
        0,
        0,
        0,
        0,
        0,
        0,
        0,
        0,
        0,
        0,
        0,
        0,
        0,
        0,
        0,
        0,
        0,
        0,
        0,
        0,
        0,
        0,
        0,
        0,
        0,
        0,
        0,
        0,
        0,
        0,
        0,
        0,
        0,
        0,
        0,
        0,
        0,
        0,
        0,
        0,
        0,
        0,
        0,
        0,
        0,
        0,
        0,
        0,
        0,
        0,
        0,
        0,
        0,
        0,
        0,
        0,
        0
      ]
    }
  ]
}
