{
  "results": [
    {
      "command": "out/20220731101132/contention 1024 1000000",
      "mean": 0.12491923375000007,
      "stddev": 0.0026143470839583433,
      "median": 0.12448545614,
      "user": 0.79751226,
      "system": 0.0477937,
      "min": 0.11646935814,
      "max": 0.13021066514000001,
      "times": [
        0.11646935814,
        0.11953538114000001,
        0.11943054914000001,
        0.11964155214000001,
        0.12044690914000002,
        0.12170600714000002,
        0.11998151014000001,
        0.12162836214000002,
        0.12182513814000001,
        0.12203352814000001,
        0.12419158714,
        0.12138728714000001,
        0.12164807114000001,
        0.12197871314000001,
        0.12450527614000001,
        0.12260173114,
        0.12460477114000001,
        0.12593554314000002,
        0.12431337814000001,
        0.12410708514000002,
        0.12470193114,
        0.12448704914,
        0.12459100814000001,
        0.12879020814,
        0.12492346214000002,
        0.12496266814000001,
        0.12371424314000001,
        0.12450622014000001,
        0.12504537114,
        0.12456373614000002,
        0.12385397414000002,
        0.12429904114000001,
        0.12497779214000002,
        0.12434876014000001,
        0.12390141214,
        0.12387618014000001,
        0.12617139714,
        0.12735265514000002,
        0.12798099414000003,
        0.12853784614000002,
        0.12865582714,
        0.13021066514000001,
        0.12815616514,
        0.12854605314,
        0.12835991814,
        0.12740459914000002,
        0.12831886114000002,
        0.12496261014000001,
        0.12668302614000002,
        0.12422676514,
        0.12460764214,
        0.12477280914000002,
        0.12416400814,
        0.12392199514000002,
        0.12241102814000002,
        0.12365650714000001,
        0.12470384314000002,
        0.12444647114000001,
        0.12387171014000001,
        0.12450263814000001,
        0.12429551014000001,
        0.12413427414,
        0.12369932714000001,
        0.12401322414000002,
        0.12508144114000003,
        0.12403469714000001,
        0.12387912014000002,
        0.12433402614000003,
        0.12480851514000002,
        0.12378526214000002,
        0.12383043414,
        0.12419322114,
        0.12425335814000002,
        0.12373592014000001,
        0.12406811214000002,
        0.12423766714000001,
        0.12411174014000001,
        0.12556519314,
        0.12289951514000003,
        0.12510338514000002,
        0.12415548914000002,
        0.12287550514000001,
        0.12248420614000002,
        0.12448386314000001,
        0.12603977714,
        0.12640635814,
        0.12792632114000002,
        0.12949437814,
        0.12815636214,
        0.12925965714,
        0.12744453014,
        0.12853223514,
        0.12815832914000003,
        0.12868988914,
        0.12857520514,
        0.13002723914,
        0.12899155114000002,
        0.12786455314,
        0.12889880514000002,
        0.12925434514
      ],
      "exit_codes": [
        0,
        0,
        0,
        0,
        0,
        0,
        0,
        0,
        0,
        0,
        0,
        0,
        0,
        0,
        0,
        0,
        0,
        0,
        0,
        0,
        0,
        0,
        0,
        0,
        0,
        0,
        0,
        0,
        0,
        0,
        0,
        0,
        0,
        0,
        0,
        0,
        0,
        0,
        0,
        0,
        0,
        0,
        0,
        0,
        0,
        0,
        0,
        0,
        0,
        0,
        0,
        0,
        0,
        0,
        0,
        0,
        0,
        0,
        0,
        0,
        0,
        0,
        0,
        0,
        0,
        0,
        0,
        0,
        0,
        0,
        0,
        0,
        0,
        0,
        0,
        0,
        0,
        0,
        0,
        0,
        0,
        0,
        0,
        0,
        0,
        0,
        0,
        0,
        0,
        0,
        0,
        0,
        0,
        0,
        0,
        0,
        0,
        0,
        0,
        0
      ]
    }
  ]
}
