{
  "results": [
    {
      "command": "out/20220731101132/contention 512 1000000",
      "mean": 0.11907391944999998,
      "stddev": 0.002625460669522697,
      "median": 0.11863410524000001,
      "user": 0.7886942400000001,
      "system": 0.024810769999999996,
      "min": 0.11088434274,
      "max": 0.12607088274,
      "times": [
        0.11088434274,
        0.11256048774,
        0.11421662674000001,
        0.11394755974000001,
        0.11455131174000001,
        0.11529209374,
        0.11494421474000001,
        0.11464622074000001,
        0.11588687174000001,
        0.11450024274000001,
        0.11630800274000001,
        0.11883820074000001,
        0.11794824074,
        0.11754005174000001,
        0.11914197374,
        0.11819612274,
        0.11838129374,
        0.11785035474000001,
        0.11887163374000001,
        0.11849727374,
        0.11903918474000001,
        0.11846297574,
        0.11871566774,
        0.11931688474,
        0.11795522474,
        0.11806335874000001,
        0.11830298374,
        0.11943342874000001,
        0.11910664274,
        0.11814208874000001,
        0.11866933474000001,
        0.11914244274,
        0.11903623074000001,
        0.12304277974,
        0.12607088274,
        0.12384962874,
        0.12258227774,
        0.12353294274000001,
        0.12261074774,
        0.12363142774000002,
        0.12241390474,
        0.12265340674,
        0.12257042574000002,
        0.12305374774,
        0.11821907674000001,
        0.11875037074000001,
        0.11967707574000001,
        0.11864120974,
        0.11834272074,
        0.11861503574000001,
        0.11873155274000001,
        0.11772027774,
        0.11750119374000001,
        0.11805462274,
        0.11799057674,
        0.11830566674000001,
        0.11801533274,
        0.11844500474000001,
        0.11838680774,
        0.11850649474000001,
        0.11865111674,
        0.11880439074,
        0.11808151074,
        0.11861769774000001,
        0.11881724074000001,
        0.11910972574,
        0.11800763974,
        0.11924243974000001,
        0.12339322674,
        0.12213010774000001,
        0.12353248274,
        0.12307024574,
        0.12285106274000002,
        0.12233113074,
        0.12302979174,
        0.12222881874000001,
        0.12272327474,
        0.12268083274,
        0.12235728874000001,
        0.12283021074,
        0.11940307474,
        0.11882593374000001,
        0.11929915974000001,
        0.11847794874,
        0.11893060574000001,
        0.11816337074000001,
        0.11833024074000001,
        0.11941808274000001,
        0.11878238374000001,
        0.11790440574000001,
        0.11842708074000001,
        0.11862700074,
        0.11891792374000001,
        0.11848815974,
        0.11742915674000001,
        0.11686207174,
        0.11840964274,
        0.11843868674000001,
        0.11765231274000001,
        0.11780970574
      ],
      "exit_codes": [
        0,
        0,
        0,
        0,
        0,
        0,
        0,
        0,
        0,
        0,
        0,
        0,
        0,
        0,
        0,
        0,
        0,
        0,
        0,
        0,
        0,
        0,
        0,
        0,
        0,
        0,
        0,
        0,
        0,
        0,
        0,
        0,
        0,
        0,
        0,
        0,
        0,
        0,
        0,
        0,
        0,
        0,
        0,
        0,
        0,
        0,
        0,
        0,
        0,
        0,
        0,
        0,
        0,
        0,
        0,
        0,
        0,
        0,
        0,
        0,
        0,
        0,
        0,
        0,
        0,
        0,
        0,
        0,
        0,
        0,
        0,
        0,
        0,
        0,
        0,
        0,
        0,
        0,
        0,
        0,
        0,
        0,
        0,
        0,
        0,
        0,
        0,
        0,
        0,
        0,
        0,
        0,
        0,
        0,
        0,
        0,
        0,
        0,
        0,
        0
      ]
    }
  ]
}
