{
  "results": [
    {
      "command": "out/20220731101132/contention 32 10000",
      "mean": 0.0040973351,
      "stddev": 0.00017562991825363752,
      "median": 0.00410010182,
      "user": 0.008427589999999999,
      "system": 0.0020058900000000006,
      "min": 0.00339651682,
      "max": 0.00481631882,
      "times": [
        0.00394418482,
        0.00388381382,
        0.00396913982,
        0.00396951882,
        0.00443060882,
        0.00422813482,
        0.00393559682,
        0.00396747182,
        0.00398532082,
        0.00410019682,
        0.00389629982,
        0.00394230582,
        0.00410734482,
        0.00418166382,
        0.00447574882,
        0.00443273782,
        0.00410395682,
        0.0038094368200000004,
        0.00398083782,
        0.00410111482,
        0.00404550682,
        0.00420085782,
        0.00422190682,
        0.00419237482,
        0.00395654682,
        0.00398120782,
        0.0040425318200000004,
        0.00402469582,
        0.00402537182,
        0.00481631882,
        0.00385788182,
        0.0036791588200000003,
        0.00404849882,
        0.00403575982,
        0.00407299982,
        0.00400310582,
        0.00421626482,
        0.00412974682,
        0.00396870282,
        0.00396853082,
        0.0040521718200000004,
        0.00407781782,
        0.00401710282,
        0.00392377582,
        0.00423930282,
        0.00421438082,
        0.00405655882,
        0.00410093682,
        0.00413807282,
        0.0041015038200000005,
        0.00419279882,
        0.00398728182,
        0.00427397982,
        0.00407353782,
        0.00419402482,
        0.00417851982,
        0.00405376882,
        0.00409500482,
        0.00413209882,
        0.00418084282,
        0.00417149282,
        0.00411036182,
        0.00412354082,
        0.00404786582,
        0.00410000682,
        0.00408605782,
        0.00398443182,
        0.00429433682,
        0.00413850182,
        0.0039054548200000002,
        0.00416001682,
        0.00417996682,
        0.00404716582,
        0.00408754282,
        0.00421609382,
        0.00420447982,
        0.00430243382,
        0.00439355482,
        0.0037977318199999997,
        0.00339651682,
        0.00430176982,
        0.00417640582,
        0.00397376782,
        0.00403732482,
        0.00439726382,
        0.00420627282,
        0.00395573682,
        0.00383092382,
        0.00416784582,
        0.00436811182,
        0.00420727882,
        0.00411848582,
        0.00421689482,
        0.00401690382,
        0.00399829582,
        0.00416551082,
        0.00402930782,
        0.00430363182,
        0.00419500282,
        0.00410233382
      ],
      "exit_codes": [
        0,
        0,
        0,
        0,
        0,
        0,
        0,
        0,
        0,
        0,
        0,
        0,
        0,
        0,
        0,
        0,
        0,
        0,
        0,
        0,
        0,
        0,
        0,
        0,
        0,
        0,
        0,
        0,
        0,
        0,
        0,
        0,
        0,
        0,
        0,
        0,
        0,
        0,
        0,
        0,
        0,
        0,
        0,
        0,
        0,
        0,
        0,
        0,
        0,
        0,
        0,
        0,
        0,
        0,
        0,
        0,
        0,
        0,
        0,
        0,
        0,
        0,
        0,
        0,
        0,
        0,
        0,
        0,
        0,
        0,
        0,
        0,
        0,
        0,
        0,
        0,
        0,
        0,
        0,
        0,
        0,
        0,
        0,
        0,
        0,
        0,
        0,
        0,
        0,
        0,
        0,
        0,
        0,
        0,
        0,
        0,
        0,
        0,
        0,
        0
      ]
    }
  ]
}
