{
  "results": [
    {
      "command": "out/20220731101132/contention 1 10000",
      "mean": 0.007454086539999998,
      "stddev": 0.0003498488070744477,
      "median": 0.007387795840000001,
      "user": 0.005359899999999997,
      "system": 0.0008950800000000001,
      "min": 0.006888048340000001,
      "max": 0.009264106340000001,
      "times": [
        0.007035779340000001,
        0.0075923423400000006,
        0.0070758433400000004,
        0.0071116743400000005,
        0.00754606434,
        0.007174348340000001,
        0.007724810340000001,
        0.00747124834,
        0.007158090340000001,
        0.007446786340000001,
        0.007194385340000001,
        0.00773695934,
        0.007345782340000001,
        0.007153022340000001,
        0.007366373340000001,
        0.007128475340000001,
        0.007545014340000001,
        0.007264211340000002,
        0.009264106340000001,
        0.007552706340000001,
        0.00727830034,
        0.007678390340000001,
        0.007556750340000001,
        0.00813092634,
        0.007474709340000002,
        0.007147188340000001,
        0.007540286340000001,
        0.00724695734,
        0.00708217134,
        0.007482270340000001,
        0.007114699340000001,
        0.007600571340000001,
        0.007396536340000001,
        0.007159949340000001,
        0.007496996340000001,
        0.007208922340000002,
        0.007680469340000001,
        0.007353117340000001,
        0.00712907634,
        0.007460595340000001,
        0.007297821340000002,
        0.0077277803400000004,
        0.007343079340000001,
        0.007071848340000001,
        0.007337377340000001,
        0.00750197134,
        0.007356354340000001,
        0.007299954340000001,
        0.00839744534,
        0.00762769634,
        0.007186931340000001,
        0.0075498653400000015,
        0.007302743340000001,
        0.00887176834,
        0.007696325340000001,
        0.007366631340000001,
        0.007243631340000001,
        0.007451679340000001,
        0.007274176340000001,
        0.00744887034,
        0.007131784340000001,
        0.007452991340000001,
        0.007295153340000001,
        0.0073370933400000015,
        0.007462276340000001,
        0.00717623134,
        0.007326726340000001,
        0.007612790340000002,
        0.0075966743400000016,
        0.00750841734,
        0.007312373340000001,
        0.007418580340000001,
        0.007501880340000001,
        0.00735075334,
        0.0075103133400000015,
        0.007194886340000001,
        0.00752366634,
        0.007542411340000001,
        0.00717531534,
        0.00750040534,
        0.007319607340000001,
        0.007786692340000002,
        0.008098043340000001,
        0.006888048340000001,
        0.007512482340000001,
        0.007296279340000001,
        0.007226378340000001,
        0.00754056034,
        0.00736873134,
        0.00730546634,
        0.00723831934,
        0.00846258434,
        0.00797100434,
        0.00726839634,
        0.007379055340000001,
        0.00761450634,
        0.007413980340000001,
        0.007448200340000001,
        0.007231292340000001,
        0.007647443340000001
      ],
      "exit_codes": [
        0,
        0,
        0,
        0,
        0,
        0,
        0,
        0,
        0,
        0,
        0,
        0,
        0,
        0,
        0,
        0,
        0,
        0,
        0,
        0,
        0,
        0,
        0,
        0,
        0,
        0,
        0,
        0,
        0,
        0,
        0,
        0,
        0,
        0,
        0,
        0,
        0,
        0,
        0,
        0,
        0,
        0,
        0,
        0,
        0,
        0,
        0,
        0,
        0,
        0,
        0,
        0,
        0,
        0,
        0,
        0,
        0,
        0,
        0,
        0,
        0,
        0,
        0,
        0,
        0,
        0,
        0,
        0,
        0,
        0,
        0,
        0,
        0,
        0,
        0,
        0,
        0,
        0,
        0,
        0,
        0,
        0,
        0,
        0,
        0,
        0,
        0,
        0,
        0,
        0,
        0,
        0,
        0,
        0,
        0,
        0,
        0,
        0,
        0,
        0
      ]
    }
  ]
}
