{
  "results": [
    {
      "command": "out/20220731101132/contention 2048 1000000",
      "mean": 0.14541901127999998,
      "stddev": 0.004085477663336012,
      "median": 0.14490060243999997,
      "user": 0.8111087799999999,
      "system": 0.13394135999999995,
      "min": 0.13430864494,
      "max": 0.16887457494,
      "times": [
        0.13430864494,
        0.14290695394,
        0.13947985594,
        0.13848299994,
        0.13881199494,
        0.13915906194,
        0.13982928194,
        0.14002778393999998,
        0.14118310394,
        0.14006780094,
        0.14009939193999998,
        0.13860836394,
        0.14041181394,
        0.14147570294,
        0.14602190094,
        0.14250502694,
        0.14096566793999998,
        0.14209419494,
        0.14308896594,
        0.14570998694,
        0.14408200294,
        0.14882173294,
        0.15034569394,
        0.15186829894,
        0.14952579293999999,
        0.14820555794,
        0.14988855794,
        0.15065961394,
        0.15201121194,
        0.15076277794,
        0.14920675294,
        0.14951677893999998,
        0.14932839594,
        0.15016235094,
        0.14677526093999999,
        0.14446569894,
        0.14548109994,
        0.14534790894,
        0.14441636094,
        0.14535187094,
        0.14462426994,
        0.14382485394,
        0.14420228894,
        0.14509736794,
        0.14602374294,
        0.14347525694,
        0.14745967894,
        0.14435772494,
        0.14493108093999998,
        0.14608557694,
        0.14495963694,
        0.14412441394,
        0.14436346394,
        0.14500003894,
        0.14413262794,
        0.14421429793999999,
        0.14557716094,
        0.14415376293999999,
        0.16887457494,
        0.14422958494,
        0.14501085594,
        0.14531607994,
        0.14354445393999998,
        0.14486665394,
        0.14600107294,
        0.14485726494,
        0.14644250694,
        0.14361960294,
        0.14565672293999998,
        0.14842787894,
        0.14385872394,
        0.14400356994,
        0.14424331594,
        0.14581894194,
        0.14472108594,
        0.14401829294,
        0.14595597193999998,
        0.14443111394,
        0.14484142894,
        0.15019708294,
        0.14882802094,
        0.14894512794,
        0.14890224293999998,
        0.14938867494,
        0.15055294394,
        0.14875094194,
        0.15037728294,
        0.14570299994,
        0.14487012393999998,
        0.14351739294,
        0.14546313294,
        0.14313106994,
        0.14440224794,
        0.14604672794,
        0.15165256693999998,
        0.14413739894,
        0.14442927894,
        0.14439440694,
        0.14525808294,
        0.14614421494
      ],
      "exit_codes": [
        0,
        0,
        0,
        0,
        0,
        0,
        0,
        0,
        0,
        0,
        0,
        0,
        0,
        0,
        0,
        0,
        0,
        0,
        0,
        0,
        0,
        0,
        0,
        0,
        0,
        0,
        0,
        0,
        0,
        0,
        0,
        0,
        0,
        0,
        0,
        0,
        0,
        0,
        0,
        0,
        0,
        0,
        0,
        0,
        0,
        0,
        0,
        0,
        0,
        0,
        0,
        0,
        0,
        0,
        0,
        0,
        0,
        0,
        0,
        0,
        0,
        0,
        0,
        0,
        0,
        0,
        0,
        0,
        0,
        0,
        0,
        0,
        0,
        0,
        0,
        0,
        0,
        0,
        0,
        0,
        0,
        0,
        0,
        0,
        0,
        0,
        0,
        0,
        0,
        0,
        0,
        0,
        0,
        0,
        0,
        0,
        0,
        0,
        0,
        0
      ]
    }
  ]
}
