{
  "results": [
    {
      "command": "out/20220731101132/contention 64 1",
      "mean": 0.0038910888899999986,
      "stddev": 0.0002903940789687041,
      "median": 0.0038831290600000005,
      "user": 0.0016415199999999998,
      "system": 0.002567619999999999,
      "min": 0.00336167056,
      "max": 0.00517745056,
      "times": [
        0.00416651556,
        0.00417460356,
        0.00421912856,
        0.0041673655600000005,
        0.00433847356,
        0.0042123225600000005,
        0.00426395856,
        0.0041120385600000005,
        0.00413009156,
        0.00436851856,
        0.00422483556,
        0.00439081456,
        0.00418169156,
        0.004626703560000001,
        0.0040579805600000005,
        0.00401215156,
        0.00401163956,
        0.0038799735600000005,
        0.00399987056,
        0.00398222056,
        0.00414024956,
        0.00408310256,
        0.00405488656,
        0.00393133856,
        0.00395150656,
        0.004022994560000001,
        0.00396376856,
        0.00431296756,
        0.00401212256,
        0.00399321556,
        0.00391061456,
        0.00403768756,
        0.00402708556,
        0.00517745056,
        0.0041731495600000005,
        0.00380303056,
        0.00401740456,
        0.00383569956,
        0.00397618256,
        0.0039442945600000005,
        0.00409537156,
        0.00409293256,
        0.00422307556,
        0.0038851525600000006,
        0.00391959556,
        0.00402278656,
        0.00402975456,
        0.00386436556,
        0.0040111005600000004,
        0.00432813356,
        0.00398773956,
        0.0037370065600000005,
        0.0038811055600000005,
        0.0038604135600000004,
        0.00372962156,
        0.00410034556,
        0.003926894560000001,
        0.0041982745600000005,
        0.0037343105599999997,
        0.00353429956,
        0.0035567785600000004,
        0.00347189156,
        0.0036011755600000002,
        0.0036535015600000003,
        0.00373137056,
        0.00354541256,
        0.00369413856,
        0.0036567855600000004,
        0.00371805856,
        0.00371336256,
        0.00364721256,
        0.0035234305600000005,
        0.0036888495600000005,
        0.00356903156,
        0.0036776275600000005,
        0.0037262135600000003,
        0.0035697425600000002,
        0.0034962885600000005,
        0.00371361656,
        0.0036896635600000005,
        0.0037087775600000003,
        0.0035868555600000003,
        0.0035330325600000006,
        0.00355772056,
        0.00364309956,
        0.00367868356,
        0.0035574405599999998,
        0.00387723056,
        0.0036227295600000002,
        0.0035429245599999997,
        0.0036379765599999997,
        0.00369745256,
        0.00364841356,
        0.00365668456,
        0.00350826456,
        0.0036791615599999997,
        0.00378588456,
        0.00372641156,
        0.0034023915599999998,
        0.00336167056
      ],
      "exit_codes": [
        0,
        0,
        0,
        0,
        0,
        0,
        0,
        0,
        0,
        0,
        0,
        0,
        0,
        0,
        0,
        0,
        0,
        0,
        0,
        0,
        0,
        0,
        0,
        0,
        0,
        0,
        0,
        0,
        0,
        0,
        0,
        0,
        0,
        0,
        0,
        0,
        0,
        0,
        0,
        0,
        0,
        0,
        0,
        0,
        0,
        0,
        0,
        0,
        0,
        0,
        0,
        0,
        0,
        0,
        0,
        0,
        0,
        0,
        0,
        0,
        0,
        0,
        0,
        0,
        0,
        0,
        0,
        0,
        0,
        0,
        0,
        0,
        0,
        0,
        0,
        0,
        0,
        0,
        0,
        0,
        0,
        0,
        0,
        0,
        0,
        0,
        0,
        0,
        0,
        0,
        0,
        0,
        0,
        0,
        0,
        0,
        0,
        0,
        0,
        0
      ]
    }
  ]
}
