{
  "results": [
    {
      "command": "out/20220731101132/contention 512 1",
      "mean": 0.012137514030000005,
      "stddev": 0.00043617021068128285,
      "median": 0.01213693626,
      "user": 0.00452293,
      "system": 0.01476004,
      "min": 0.01113612926,
      "max": 0.013266399259999999,
      "times": [
        0.01262142726,
        0.013115896259999999,
        0.013266399259999999,
        0.013022878259999999,
        0.01235871526,
        0.01267044926,
        0.01276692326,
        0.01250306626,
        0.01264559626,
        0.01218915026,
        0.01282456926,
        0.01281202026,
        0.01236999626,
        0.01225416426,
        0.01231995126,
        0.01268001926,
        0.01230140226,
        0.01230259026,
        0.01249252526,
        0.01244844526,
        0.01234096326,
        0.01271207626,
        0.01216847326,
        0.01254100426,
        0.01294282826,
        0.01228721726,
        0.01245495126,
        0.01267762826,
        0.01246160226,
        0.01246861826,
        0.01245078526,
        0.01244610726,
        0.01201679026,
        0.01213381426,
        0.01219619026,
        0.01227061826,
        0.01203808326,
        0.01171948026,
        0.01196365926,
        0.01194693626,
        0.01187790626,
        0.01222515426,
        0.01214760426,
        0.01204524526,
        0.01272862926,
        0.01198829526,
        0.01219231326,
        0.01207496526,
        0.01227006726,
        0.01181226026,
        0.01195874026,
        0.01237244826,
        0.01203430026,
        0.01191398326,
        0.01195772926,
        0.01214005826,
        0.01217147326,
        0.01209258126,
        0.01184005926,
        0.01208375226,
        0.01203126426,
        0.01236791226,
        0.01232819926,
        0.01184878626,
        0.01178701226,
        0.01210596026,
        0.01217852226,
        0.01188121226,
        0.01263617726,
        0.01222291126,
        0.01179691026,
        0.01256022126,
        0.01162489726,
        0.01179152126,
        0.01163438226,
        0.01193825326,
        0.01151475426,
        0.01212487326,
        0.01196325826,
        0.01203091126,
        0.01280084926,
        0.01200463526,
        0.01242132126,
        0.01162208926,
        0.01146588426,
        0.01195795526,
        0.01176989726,
        0.01164816626,
        0.01179658126,
        0.01165884426,
        0.01153699026,
        0.01161373526,
        0.01173415326,
        0.01118735026,
        0.01148801626,
        0.01151960126,
        0.011429906259999999,
        0.01113612926,
        0.01131524926,
        0.01114452926
      ],
      "exit_codes": [
        0,
        0,
        0,
        0,
        0,
        0,
        0,
        0,
        0,
        0,
        0,
        0,
        0,
        0,
        0,
        0,
        0,
        0,
        0,
        0,
        0,
        0,
        0,
        0,
        0,
        0,
        0,
        0,
        0,
        0,
        0,
        0,
        0,
        0,
        0,
        0,
        0,
        0,
        0,
        0,
        0,
        0,
        0,
        0,
        0,
        0,
        0,
        0,
        0,
        0,
        0,
        0,
        0,
        0,
        0,
        0,
        0,
        0,
        0,
        0,
        0,
        0,
        0,
        0,
        0,
        0,
        0,
        0,
        0,
        0,
        0,
        0,
        0,
        0,
        0,
        0,
        0,
        0,
        0,
        0,
        0,
        0,
        0,
        0,
        0,
        0,
        0,
        0,
        0,
        0,
        0,
        0,
        0,
        0,
        0,
        0,
        0,
        0,
        0,
        0
      ]
    }
  ]
}
