{
  "results": [
    {
      "command": "out/20220731101132/contention 64 10",
      "mean": 0.0036028664099999985,
      "stddev": 0.00018765392023992257,
      "median": 0.0035761151799999992,
      "user": 0.00162741,
      "system": 0.00255465,
      "min": 0.00328436418,
      "max": 0.004291652179999999,
      "times": [
        0.00368392918,
        0.0038138851799999996,
        0.004096565179999999,
        0.00426885418,
        0.00364991418,
        0.0038024701799999998,
        0.0037192291799999994,
        0.0035928431799999994,
        0.0039492721799999995,
        0.0036677991799999995,
        0.0038315621799999994,
        0.0038872981799999992,
        0.0037085491799999995,
        0.0037342061799999996,
        0.0037298761799999993,
        0.0035812781799999995,
        0.00366996518,
        0.00365317218,
        0.00399099718,
        0.0037993261799999997,
        0.0036368901799999995,
        0.00376618918,
        0.00374877118,
        0.00385033018,
        0.0037028491799999995,
        0.00391483918,
        0.0035011241799999997,
        0.00360233718,
        0.0034663941799999995,
        0.00357310918,
        0.00362279518,
        0.0034854891799999997,
        0.0036911441799999996,
        0.0035687431799999994,
        0.0037330251799999993,
        0.0036512711799999995,
        0.0034153451799999995,
        0.003423158179999999,
        0.0035203151799999997,
        0.00368789418,
        0.0034943571799999993,
        0.0035363621799999996,
        0.00367320318,
        0.003552212179999999,
        0.00354148818,
        0.0034520641799999996,
        0.00352701318,
        0.0035556551799999997,
        0.00359366618,
        0.00355455718,
        0.00371008918,
        0.0035998021799999993,
        0.003482748179999999,
        0.00360660318,
        0.0035170771799999997,
        0.0036236561799999996,
        0.0035336811799999996,
        0.0035709131799999995,
        0.0037119681799999997,
        0.0035775281799999992,
        0.0035681991799999995,
        0.004291652179999999,
        0.0035724451799999998,
        0.0034874161799999994,
        0.00344752218,
        0.00355904118,
        0.0036471861799999995,
        0.0035888881799999994,
        0.0035371471799999993,
        0.003574702179999999,
        0.00359827518,
        0.0038060051799999996,
        0.0034147931799999994,
        0.00339413318,
        0.0035788741799999994,
        0.0033776391799999993,
        0.0033037391799999993,
        0.00330708318,
        0.0034755761799999995,
        0.00328436418,
        0.003311227179999999,
        0.0034580821799999996,
        0.0037265911799999997,
        0.0034992901799999997,
        0.003326417179999999,
        0.00342160618,
        0.00347294018,
        0.0033093481799999994,
        0.00376725518,
        0.003754955179999999,
        0.003496857179999999,
        0.0035150191799999996,
        0.00346192618,
        0.0035036321799999997,
        0.00352590618,
        0.0033824721799999994,
        0.0033676361799999995,
        0.0033531151799999995,
        0.0032984511799999993,
        0.00371157718
      ],
      "exit_codes": [
        0,
        0,
        0,
        0,
        0,
        0,
        0,
        0,
        0,
        0,
        0,
        0,
        0,
        0,
        0,
        0,
        0,
        0,
        0,
        0,
        0,
        0,
        0,
        0,
        0,
        0,
        0,
        0,
        0,
        0,
        0,
        0,
        0,
        0,
        0,
        0,
        0,
        0,
        0,
        0,
        0,
        0,
        0,
        0,
        0,
        0,
        0,
        0,
        0,
        0,
        0,
        0,
        0,
        0,
        0,
        0,
        0,
        0,
        0,
        0,
        0,
        0,
        0,
        0,
        0,
        0,
        0,
        0,
        0,
        0,
        0,
        0,
        0,
        0,
        0,
        0,
        0,
        0,
        0,
        0,
        0,
        0,
        0,
        0,
        0,
        0,
        0,
        0,
        0,
        0,
        0,
        0,
        0,
        0,
        0,
        0,
        0,
        0,
        0,
        0
      ]
    }
  ]
}
