{
  "results": [
    {
      "command": "out/20220731101132/contention 16 10000",
      "mean": 0.0038943282400000024,
      "stddev": 0.00012500631367130417,
      "median": 0.0038887144600000005,
      "user": 0.008061239999999999,
      "system": 0.0014893799999999994,
      "min": 0.0035901864600000007,
      "max": 0.004267093460000001,
      "times": [
        0.004018438460000001,
        0.00402934946,
        0.0037974054600000006,
        0.00377711946,
        0.003914313460000001,
        0.00408885946,
        0.003995424460000001,
        0.0038577764600000006,
        0.003998518460000001,
        0.003957157460000001,
        0.0038884314600000007,
        0.0040425044600000005,
        0.0038699844600000003,
        0.0036207694600000006,
        0.0036410124600000002,
        0.00369928946,
        0.003961092460000001,
        0.00401682246,
        0.003928191460000001,
        0.003921844460000001,
        0.0038385524600000006,
        0.0035901864600000007,
        0.00373444146,
        0.00384755246,
        0.003949139460000001,
        0.0038337704600000006,
        0.0037748674600000007,
        0.0038974174600000006,
        0.0038659534600000004,
        0.0038855234600000004,
        0.0040469734600000005,
        0.00398426946,
        0.00399579246,
        0.0038232194600000004,
        0.0037488544600000006,
        0.00392795846,
        0.00384460446,
        0.0038207784600000007,
        0.0038705574600000005,
        0.00395238646,
        0.00384995346,
        0.004084332460000001,
        0.00372700146,
        0.004123232460000001,
        0.00391780246,
        0.00387738846,
        0.00391679946,
        0.004267093460000001,
        0.004042615460000001,
        0.00389363646,
        0.0039442244599999995,
        0.00394614146,
        0.0038828504600000005,
        0.0038456694600000007,
        0.0038911024600000008,
        0.003977165460000001,
        0.00414399346,
        0.00381686246,
        0.00381924546,
        0.0038667574600000005,
        0.0039053914600000006,
        0.00391497046,
        0.003987392460000001,
        0.00394930246,
        0.0037687114600000004,
        0.0037382064600000003,
        0.00378175846,
        0.00388509246,
        0.0038500314600000006,
        0.0038839874600000005,
        0.00392326546,
        0.00404470946,
        0.004087519460000001,
        0.00368508146,
        0.0038592284600000005,
        0.0038413804600000005,
        0.0038959674600000005,
        0.0041966834599999996,
        0.003934104460000001,
        0.0038537174600000008,
        0.0037807444600000003,
        0.00369044846,
        0.0038955714600000008,
        0.0038866454600000005,
        0.00370330046,
        0.0038128464600000003,
        0.0038889974600000003,
        0.00399097646,
        0.00393421446,
        0.0038496364600000004,
        0.00400270346,
        0.0036795304600000006,
        0.0036667114600000008,
        0.003923046460000001,
        0.00417932046,
        0.004035902460000001,
        0.0038927134600000002,
        0.0037694624600000007,
        0.0038843024600000004,
        0.00388827446
      ],
      "exit_codes": [
        0,
        0,
        0,
        0,
        0,
        0,
        0,
        0,
        0,
        0,
        0,
        0,
        0,
        0,
        0,
        0,
        0,
        0,
        0,
        0,
        0,
        0,
        0,
        0,
        0,
        0,
        0,
        0,
        0,
        0,
        0,
        0,
        0,
        0,
        0,
        0,
        0,
        0,
        0,
        0,
        0,
        0,
        0,
        0,
        0,
        0,
        0,
        0,
        0,
        0,
        0,
        0,
        0,
        0,
        0,
        0,
        0,
        0,
        0,
        0,
        0,
        0,
        0,
        0,
        0,
        0,
        0,
        0,
        0,
        0,
        0,
        0,
        0,
        0,
        0,
        0,
        0,
        0,
        0,
        0,
        0,
        0,
        0,
        0,
        0,
        0,
        0,
        0,
        0,
        0,
        0,
        0,
        0,
        0,
        0,
        0,
        0,
        0,
        0,
        0
      ]
    }
  ]
}
