{
  "results": [
    {
      "command": "out/20220731101132/contention 4 100000",
      "mean": 0.01752151081,
      "stddev": 0.0007439226055717766,
      "median": 0.017569782120000002,
      "user": 0.048458940000000006,
      "system": 0.0016129000000000007,
      "min": 0.014563579120000001,
      "max": 0.019470638120000005,
      "times": [
        0.017488130120000004,
        0.019396043120000005,
        0.019470638120000005,
        0.017545911120000004,
        0.016996816120000004,
        0.016416121120000002,
        0.017589828120000005,
        0.017927394120000002,
        0.017772599120000003,
        0.016967844120000002,
        0.016343516120000002,
        0.018135307120000003,
        0.017820024120000003,
        0.017107964120000003,
        0.018338940120000004,
        0.017576294120000002,
        0.018319945120000004,
        0.01676835512,
        0.017631652120000004,
        0.01759987312,
        0.018194124120000002,
        0.017575291120000003,
        0.016619543120000003,
        0.017662892120000002,
        0.016550529120000004,
        0.01792393512,
        0.017185538120000003,
        0.018384135120000002,
        0.014563579120000001,
        0.01880694512,
        0.016410399120000002,
        0.01746791912,
        0.018339137120000005,
        0.018284555120000004,
        0.018154736120000004,
        0.016526978120000004,
        0.01759322212,
        0.017492159120000003,
        0.017736550120000003,
        0.01740009912,
        0.018624561120000004,
        0.016646283120000004,
        0.01781832012,
        0.018313136120000004,
        0.017277016120000002,
        0.016197254120000004,
        0.017538365120000003,
        0.017878653120000004,
        0.016558505120000004,
        0.017613506120000004,
        0.01722566312,
        0.017641242120000004,
        0.018548524120000003,
        0.017564273120000005,
        0.017102874120000004,
        0.018149342120000002,
        0.017457954120000004,
        0.017760001120000004,
        0.019069553120000002,
        0.017550823120000003,
        0.016871561120000003,
        0.018241708120000002,
        0.017495206120000002,
        0.017616505120000004,
        0.017517495120000004,
        0.016392066120000003,
        0.018216191120000003,
        0.017457002120000002,
        0.018194481120000005,
        0.017321287120000004,
        0.016490868120000002,
        0.017605444120000004,
        0.016441194120000002,
        0.017972449120000004,
        0.017741102120000005,
        0.016719566120000005,
        0.017472879120000003,
        0.01726787512,
        0.017493643120000003,
        0.017873626120000003,
        0.01868017812,
        0.017478936120000003,
        0.018427572120000003,
        0.017714744120000004,
        0.016543232120000004,
        0.017997702120000004,
        0.017591129120000003,
        0.01666703812,
        0.016696890120000002,
        0.016761310120000004,
        0.01755449112,
        0.018367095120000003,
        0.01781570312,
        0.017693629120000002,
        0.016622668120000003,
        0.016886911120000004,
        0.017440398120000002,
        0.017635589120000003,
        0.017463233120000005,
        0.017089166120000002
      ],
      "exit_codes": [
        0,
        0,
        0,
        0,
        0,
        0,
        0,
        0,
        0,
        0,
        0,
        0,
        0,
        0,
        0,
        0,
        0,
        0,
        0,
        0,
        0,
        0,
        0,
        0,
        0,
        0,
        0,
        0,
        0,
        0,
        0,
        0,
        0,
        0,
        0,
        0,
        0,
        0,
        0,
        0,
        0,
        0,
        0,
        0,
        0,
        0,
        0,
        0,
        0,
        0,
        0,
        0,
        0,
        0,
        0,
        0,
        0,
        0,
        0,
        0,
        0,
        0,
        0,
        0,
        0,
        0,
        0,
        0,
        0,
        0,
        0,
        0,
        0,
        0,
        0,
        0,
        0,
        0,
        0,
        0,
        0,
        0,
        0,
        0,
        0,
        0,
        0,
        0,
        0,
        0,
        0,
        0,
        0,
        0,
        0,
        0,
        0,
        0,
        0,
        0
      ]
    }
  ]
}
