{
  "results": [
    {
      "command": "out/20220731101132/contention 1 100",
      "mean": 0.002755884100000001,
      "stddev": 0.0001837788994444645,
      "median": 0.0027259165600000005,
      "user": 0.0009762800000000005,
      "system": 0.0008084999999999998,
      "min": 0.002454646560000001,
      "max": 0.0034288515600000005,
      "times": [
        0.0029094225600000004,
        0.00259080756,
        0.002707723560000001,
        0.0026148275600000005,
        0.00257623856,
        0.0027582605600000006,
        0.002689402560000001,
        0.00254517156,
        0.00257389856,
        0.00279033856,
        0.0027332345600000005,
        0.0025453615600000007,
        0.0027704895600000005,
        0.00280779456,
        0.0026085825600000003,
        0.00267346256,
        0.0025049315600000005,
        0.0025993555600000006,
        0.0025400165600000003,
        0.0034288515600000005,
        0.0033269365600000003,
        0.0031772645600000003,
        0.0028937755600000007,
        0.0027537065600000002,
        0.0028381115600000003,
        0.0028402685600000003,
        0.0027997575600000003,
        0.0025864435600000003,
        0.002454646560000001,
        0.00266600756,
        0.0026338555600000004,
        0.0026208935600000004,
        0.00275758256,
        0.002623120560000001,
        0.0026651715600000004,
        0.0028842725600000006,
        0.0026394845600000005,
        0.002517296560000001,
        0.0026172345600000008,
        0.0029189355600000005,
        0.00267577756,
        0.0027809605600000002,
        0.0029053505600000005,
        0.0031414265600000005,
        0.0028757775600000007,
        0.0030508915600000004,
        0.0031434055600000005,
        0.0030861805600000004,
        0.0028386235600000006,
        0.0028481105600000004,
        0.0030029315600000007,
        0.00271030856,
        0.0028875635600000005,
        0.002539496560000001,
        0.0026832205600000004,
        0.0031613115600000003,
        0.0027490115600000004,
        0.0027249215600000003,
        0.0027269115600000006,
        0.002806303560000001,
        0.00269213456,
        0.0025464235600000003,
        0.00277762056,
        0.0026502395600000008,
        0.0025545455600000004,
        0.00252471156,
        0.00260404456,
        0.0027220195600000004,
        0.00260908056,
        0.0027425205600000004,
        0.00271153956,
        0.0026346905600000007,
        0.0025843555600000003,
        0.0026111315600000004,
        0.0026648915600000003,
        0.0026927435600000004,
        0.0026572125600000003,
        0.0028455105600000002,
        0.0026458965600000004,
        0.00256853156,
        0.002576736560000001,
        0.0027215705600000008,
        0.00265122456,
        0.0025018025600000004,
        0.0029274415600000006,
        0.00303050956,
        0.0028773075600000003,
        0.002748514560000001,
        0.00259501756,
        0.00286992556,
        0.0028994745600000003,
        0.0029704695600000003,
        0.0028140625600000004,
        0.0030117415600000004,
        0.00282712056,
        0.002795638560000001,
        0.0029082605600000005,
        0.00273868156,
        0.00280259556,
        0.0027590465600000006
      ],
      "exit_codes": [
        0,
        0,
        0,
        0,
        0,
        0,
        0,
        0,
        0,
        0,
        0,
        0,
        0,
        0,
        0,
        0,
        0,
        0,
        0,
        0,
        0,
        0,
        0,
        0,
        0,
        0,
        0,
        0,
        0,
        0,
        0,
        0,
        0,
        0,
        0,
        0,
        0,
        0,
        0,
        0,
        0,
        0,
        0,
        0,
        0,
        0,
        0,
        0,
        0,
        0,
        0,
        0,
        0,
        0,
        0,
        0,
        0,
        0,
        0,
        0,
        0,
        0,
        0,
        0,
        0,
        0,
        0,
        0,
        0,
        0,
        0,
        0,
        0,
        0,
        0,
        0,
        0,
        0,
        0,
        0,
        0,
        0,
        0,
        0,
        0,
        0,
        0,
        0,
        0,
        0,
        0,
        0,
        0,
        0,
        0,
        0,
        0,
        0,
        0,
        0
      ]
    }
  ]
}
