{
  "results": [
    {
      "command": "out/20220731101132/contention 64 1000",
      "mean": 0.0038068162300000014,
      "stddev": 0.0001818540338135298,
      "median": 0.0037777127400000004,
      "user": 0.00232114,
      "system": 0.00288748,
      "min": 0.0034483057400000005,
      "max": 0.00449769274,
      "times": [
        0.0036252487400000003,
        0.0036634837400000004,
        0.004020264740000001,
        0.0036269797400000007,
        0.0037221457400000006,
        0.00449769274,
        0.0036743907400000005,
        0.004082917740000001,
        0.00379622774,
        0.00358017674,
        0.003522829740000001,
        0.0036824277400000003,
        0.003568628740000001,
        0.0038930687400000005,
        0.0037013167400000006,
        0.0038588437400000008,
        0.00374534174,
        0.00375035474,
        0.0036699577400000007,
        0.0035620827400000003,
        0.0036366337400000003,
        0.003582391740000001,
        0.00365438174,
        0.0037508247400000008,
        0.0037445387400000005,
        0.0036067527400000005,
        0.0038112147400000003,
        0.0035829447400000003,
        0.00359483274,
        0.0036927727400000005,
        0.0035293867400000008,
        0.0038009767400000003,
        0.0039087357400000005,
        0.00380634574,
        0.00370875774,
        0.0037301987400000006,
        0.0035679607400000003,
        0.00383830774,
        0.003724870740000001,
        0.0037741527400000003,
        0.003970144740000001,
        0.0036476067400000004,
        0.0037325137400000007,
        0.0038700147400000007,
        0.00419594974,
        0.0038303097400000006,
        0.0037835587400000003,
        0.003958263740000001,
        0.0041082357400000005,
        0.0037395707400000003,
        0.0040600687400000005,
        0.003735222740000001,
        0.00355962774,
        0.0034483057400000005,
        0.0036891207400000007,
        0.00369258574,
        0.0039532907400000004,
        0.0038011957400000003,
        0.0036613797400000003,
        0.0037124627400000007,
        0.0038990977400000008,
        0.0038286277400000003,
        0.00361358874,
        0.00377003674,
        0.00412465974,
        0.003869119740000001,
        0.00391601374,
        0.00377636274,
        0.003916707740000001,
        0.0037356537400000003,
        0.0039174167400000005,
        0.00372252574,
        0.004010625740000001,
        0.0038315327400000004,
        0.0038705407400000005,
        0.00388278674,
        0.003849679740000001,
        0.0037790627400000006,
        0.00399801474,
        0.004098446740000001,
        0.004059938740000001,
        0.00364772274,
        0.00357485574,
        0.0036803317400000003,
        0.004077004740000001,
        0.004123042740000001,
        0.0041678487400000006,
        0.00402312074,
        0.0038092927400000007,
        0.00396872874,
        0.0037592757400000004,
        0.0038949817400000006,
        0.003866713740000001,
        0.0036981727400000005,
        0.0036480447400000005,
        0.004076068740000001,
        0.004121941740000001,
        0.0038635817400000006,
        0.003937690740000001,
        0.00383197174
      ],
      "exit_codes": [
        0,
        0,
        0,
        0,
        0,
        0,
        0,
        0,
        0,
        0,
        0,
        0,
        0,
        0,
        0,
        0,
        0,
        0,
        0,
        0,
        0,
        0,
        0,
        0,
        0,
        0,
        0,
        0,
        0,
        0,
        0,
        0,
        0,
        0,
        0,
        0,
        0,
        0,
        0,
        0,
        0,
        0,
        0,
        0,
        0,
        0,
        0,
        0,
        0,
        0,
        0,
        0,
        0,
        0,
        0,
        0,
        0,
        0,
        0,
        0,
        0,
        0,
        0,
        0,
        0,
        0,
        0,
        0,
        0,
        0,
        0,
        0,
        0,
        0,
        0,
        0,
        0,
        0,
        0,
        0,
        0,
        0,
        0,
        0,
        0,
        0,
        0,
        0,
        0,
        0,
        0,
        0,
        0,
        0,
        0,
        0,
        0,
        0,
        0,
        0
      ]
    }
  ]
}
