{
  "results": [
    {
      "command": "out/20220731101132/contention 1 1000000",
      "mean": 0.3961175321199997,
      "stddev": 0.0046911940027337656,
      "median": 0.39518743050000005,
      "user": 0.39096742999999995,
      "system": 0.0031861799999999985,
      "min": 0.3926081285,
      "max": 0.4385610555,
      "times": [
        0.3936669135,
        0.3956300795,
        0.3951782125,
        0.39717864750000004,
        0.3957233475,
        0.3951413145,
        0.3933799825,
        0.3969967565,
        0.3952145195,
        0.3933221445,
        0.3947927825,
        0.3942949435,
        0.39443180450000004,
        0.39677698850000004,
        0.4001739615,
        0.39426760450000004,
        0.39469246150000004,
        0.3983099585,
        0.3961138295,
        0.4030292595,
        0.3958453245,
        0.3942272115,
        0.3945059875,
        0.3947255575,
        0.3943439255,
        0.39617431950000004,
        0.39381296650000003,
        0.4004872295,
        0.3969369145,
        0.39377220150000003,
        0.39870870750000004,
        0.3956668065,
        0.3950860465,
        0.3957850475,
        0.3969721975,
        0.39972238050000003,
        0.3977187165,
        0.3953541115,
        0.3981790825,
        0.3954848735,
        0.3957382675,
        0.3936873085,
        0.3940402055,
        0.3976498505,
        0.4003296045,
        0.3964930065,
        0.3977665265,
        0.3945746445,
        0.39617532050000004,
        0.3992545775,
        0.3946033895,
        0.3952226935,
        0.3969987085,
        0.3929176995,
        0.39409913150000003,
        0.39378336950000004,
        0.39412928550000004,
        0.39507987650000004,
        0.3973503135,
        0.3947424265,
        0.3972691305,
        0.3943335725,
        0.39609548850000004,
        0.39649762850000003,
        0.3948578875,
        0.3950227035,
        0.3943152475,
        0.3950183425,
        0.3951268445,
        0.3944332725,
        0.3977859025,
        0.3949238875,
        0.3936821205,
        0.3926081285,
        0.39578954050000004,
        0.3946072545,
        0.3956504625,
        0.4018170985,
        0.3946959465,
        0.3951966485,
        0.3971000115,
        0.3943715295,
        0.3942564275,
        0.3951662045,
        0.3938908955,
        0.3962585145,
        0.3949364105,
        0.3946804075,
        0.3944567775,
        0.3970648805,
        0.3943995785,
        0.3936353835,
        0.3956596295,
        0.3958959885,
        0.39556628050000003,
        0.3963521185,
        0.39605557150000004,
        0.3940224305,
        0.4385610555,
        0.3932346825
      ],
      "exit_codes": [
        0,
        0,
        0,
        0,
        0,
        0,
        0,
        0,
        0,
        0,
        0,
        0,
        0,
        0,
        0,
        0,
        0,
        0,
        0,
        0,
        0,
        0,
        0,
        0,
        0,
        0,
        0,
        0,
        0,
        0,
        0,
        0,
        0,
        0,
        0,
        0,
        0,
        0,
        0,
        0,
        0,
        0,
        0,
        0,
        0,
        0,
        0,
        0,
        0,
        0,
        0,
        0,
        0,
        0,
        0,
        0,
        0,
        0,
        0,
        0,
        0,
        0,
        0,
        0,
        0,
        0,
        0,
        0,
        0,
        0,
        0,
        0,
        0,
        0,
        0,
        0,
        0,
        0,
        0,
        0,
        0,
        0,
        0,
        0,
        0,
        0,
        0,
        0,
        0,
        0,
        0,
        0,
        0,
        0,
        0,
        0,
        0,
        0,
        0,
        0
      ]
    }
  ]
}
