{
  "results": [
    {
      "command": "out/20220731101132/contention 4096 1000",
      "mean": 0.19409005728,
      "stddev": 0.002379400675156019,
      "median": 0.19379039544,
      "user": 0.029979109999999996,
      "system": 0.32153697000000003,
      "min": 0.18786847094,
      "max": 0.20107951394,
      "times": [
        0.19568444094,
        0.19142077694,
        0.19168588294000002,
        0.19242501394000003,
        0.19676340894000002,
        0.19002144394,
        0.19093867794000002,
        0.19632673394000003,
        0.19670616094,
        0.19423281294000003,
        0.19669050394,
        0.19365419494000002,
        0.19444551194,
        0.19210670294,
        0.19588897294000002,
        0.19459546594000002,
        0.19191816694000002,
        0.19241006594,
        0.19246624394,
        0.19150302194000002,
        0.19509316294,
        0.19834989194000002,
        0.19539081994000002,
        0.19622470494000002,
        0.19333080294000002,
        0.19480531194,
        0.19517264394000003,
        0.19189141694,
        0.19354041594000002,
        0.19359191494000003,
        0.19107871994000003,
        0.19339821494,
        0.19818227694,
        0.19248877594000002,
        0.19278355594000002,
        0.19442839194000003,
        0.19702252994000002,
        0.19708049494000002,
        0.19439577094000002,
        0.19303844994000002,
        0.19309153194,
        0.19171526794000002,
        0.19409456194000002,
        0.19533596694000002,
        0.19270756394000002,
        0.19271008894000002,
        0.19595974894,
        0.20107951394,
        0.19376781994000003,
        0.19406229394000002,
        0.19733549994000002,
        0.19278644294000002,
        0.19193079194,
        0.19535331994000002,
        0.19234335994,
        0.19161829794000002,
        0.19380344194000002,
        0.19375323494000002,
        0.19434968894000001,
        0.19330123494,
        0.19626634694000003,
        0.19543121394000001,
        0.19650843694000003,
        0.19401535594000002,
        0.19299217394,
        0.19282509194000003,
        0.18786847094,
        0.19330999294,
        0.19241227094000002,
        0.19217614394000002,
        0.19465734194,
        0.19620962894000002,
        0.19313354394,
        0.19536856194000002,
        0.19462890994,
        0.19681814694000002,
        0.20106236094000002,
        0.19505116694000002,
        0.19101568394000001,
        0.19152067594000002,
        0.19011320094,
        0.19082182094000003,
        0.19136349394000002,
        0.19767083694,
        0.19377734894,
        0.19731382194000002,
        0.19615382994000002,
        0.19463872294,
        0.19400038394000002,
        0.19299439894,
        0.19669872194000002,
        0.19758565594000002,
        0.19232375494,
        0.19172939994000002,
        0.19072219994,
        0.19149306694,
        0.19140587394000003,
        0.19564971294000003,
        0.19569758294,
        0.19930823494000002
      ],
      "exit_codes": [
        0,
        0,
        0,
        0,
        0,
        0,
        0,
        0,
        0,
        0,
        0,
        0,
        0,
        0,
        0,
        0,
        0,
        0,
        0,
        0,
        0,
        0,
        0,
        0,
        0,
        0,
        0,
        0,
        0,
        0,
        0,
        0,
        0,
        0,
        0,
        0,
        0,
        0,
        0,
        0,
        0,
        0,
        0,
        0,
        0,
        0,
        0,
        0,
        0,
        0,
        0,
        0,
        0,
        0,
        0,
        0,
        0,
        0,
        0,
        0,
        0,
        0,
        0,
        0,
        0,
        0,
        0,
        0,
        0,
        0,
        0,
        0,
        0,
        0,
        0,
        0,
        0,
        0,
        0,
        0,
        0,
        0,
        0,
        0,
        0,
        0,
        0,
        0,
        0,
        0,
        0,
        0,
        0,
        0,
        0,
        0,
        0,
        0,
        0,
        0
      ]
    }
  ]
}
