{
  "results": [
    {
      "command": "out/20220731101132/contention 128 100",
      "mean": 0.00457675419,
      "stddev": 0.00019217562857659442,
      "median": 0.00452949052,
      "user": 0.00215242,
      "system": 0.004049569999999999,
      "min": 0.00418690002,
      "max": 0.00575038702,
      "times": [
        0.00463858702,
        0.004738196020000001,
        0.0049139940200000004,
        0.00575038702,
        0.00499354802,
        0.0049385570200000005,
        0.004717524020000001,
        0.0041896350200000005,
        0.00418690002,
        0.00440282902,
        0.0045789540200000005,
        0.0045345820200000005,
        0.004513515020000001,
        0.00446031002,
        0.0044693810200000005,
        0.004556541020000001,
        0.004723100020000001,
        0.004612636020000001,
        0.0045604040200000005,
        0.004529326020000001,
        0.004580046020000001,
        0.00454629202,
        0.004974699020000001,
        0.004714007020000001,
        0.0045750320200000005,
        0.0045124280200000005,
        0.004518439020000001,
        0.004473749020000001,
        0.00458499702,
        0.00437005802,
        0.0045179220200000005,
        0.004625202020000001,
        0.004702851020000001,
        0.00446253302,
        0.004493085020000001,
        0.004462856020000001,
        0.004568115020000001,
        0.004424984020000001,
        0.00456065802,
        0.0044923390200000005,
        0.004422738020000001,
        0.004431104020000001,
        0.0046358430200000005,
        0.004417819020000001,
        0.0044481680200000005,
        0.004717013020000001,
        0.004586435020000001,
        0.004474342020000001,
        0.004458369020000001,
        0.004424875020000001,
        0.00448779602,
        0.00451528602,
        0.0048628740200000005,
        0.004521520020000001,
        0.0045481290200000005,
        0.004610129020000001,
        0.00465140102,
        0.004370327020000001,
        0.004500176020000001,
        0.00451112002,
        0.004650817020000001,
        0.00457658302,
        0.004490092020000001,
        0.004441657020000001,
        0.00451708702,
        0.004397497020000001,
        0.00456034502,
        0.0047924030200000006,
        0.00444905502,
        0.004396591020000001,
        0.0045421210200000004,
        0.004454747020000001,
        0.004523228020000001,
        0.0044865170200000005,
        0.004492078020000001,
        0.004594227020000001,
        0.004450712020000001,
        0.00447240202,
        0.004423352020000001,
        0.004617400020000001,
        0.004485241020000001,
        0.004614275020000001,
        0.0045840640200000005,
        0.0045293450200000005,
        0.004504734020000001,
        0.00447332802,
        0.0047329630200000005,
        0.004707063020000001,
        0.004786473020000001,
        0.004465940020000001,
        0.004561890020000001,
        0.00448746002,
        0.004524584020000001,
        0.0049587120200000005,
        0.004825834020000001,
        0.004560537020000001,
        0.004529636020000001,
        0.00467825602,
        0.00499762502,
        0.004573884020000001
      ],
      "exit_codes": [
        0,
        0,
        0,
        0,
        0,
        0,
        0,
        0,
        0,
        0,
        0,
        0,
        0,
        0,
        0,
        0,
        0,
        0,
        0,
        0,
        0,
        0,
        0,
        0,
        0,
        0,
        0,
        0,
        0,
        0,
        0,
        0,
        0,
        0,
        0,
        0,
        0,
        0,
        0,
        0,
        0,
        0,
        0,
        0,
        0,
        0,
        0,
        0,
        0,
        0,
        0,
        0,
        0,
        0,
        0,
        0,
        0,
        0,
        0,
        0,
        0,
        0,
        0,
        0,
        0,
        0,
        0,
        0,
        0,
        0,
        0,
        0,
        0,
        0,
        0,
        0,
        0,
        0,
        0,
        0,
        0,
        0,
        0,
        0,
        0,
        0,
        0,
        0,
        0,
        0,
        0,
        0,
        0,
        0,
        0,
        0,
        0,
        0,
        0,
        0
      ]
    }
  ]
}
