{
  "results": [
    {
      "command": "out/20220731101132/contention 2 10",
      "mean": 0.0027729128800000006,
      "stddev": 0.00016787711678787465,
      "median": 0.0027677253600000003,
      "user": 0.0009905699999999999,
      "system": 0.0008058399999999999,
      "min": 0.00235711886,
      "max": 0.0033483168600000005,
      "times": [
        0.00263811386,
        0.0026534778600000005,
        0.0031087788600000004,
        0.00281325886,
        0.00285895386,
        0.00307540686,
        0.00295081886,
        0.00276180286,
        0.0027651998600000003,
        0.0028121788600000003,
        0.00255746786,
        0.00244049286,
        0.0025894948600000004,
        0.00286332086,
        0.00291823086,
        0.0028250598600000005,
        0.0027291478600000004,
        0.00286348586,
        0.00275957786,
        0.0025627568600000003,
        0.0025425978599999998,
        0.00277025086,
        0.0025179068600000003,
        0.0026694588600000005,
        0.00303915586,
        0.00291294486,
        0.00266141686,
        0.0026529568599999998,
        0.00263772986,
        0.00277822186,
        0.00249427386,
        0.0025560298600000005,
        0.0028905458600000005,
        0.00272004086,
        0.00293330586,
        0.00307725486,
        0.00277465886,
        0.00293198386,
        0.0028226608600000003,
        0.00295952786,
        0.0028441438600000004,
        0.00249900986,
        0.00272529786,
        0.0029408928600000005,
        0.0029059318600000005,
        0.0028000588600000003,
        0.0027985228600000004,
        0.00273225986,
        0.00260659386,
        0.0025212388600000003,
        0.0026684868600000003,
        0.0029615588600000005,
        0.0027218148600000004,
        0.00275539086,
        0.00269934186,
        0.00284266986,
        0.0027975638600000003,
        0.00286617686,
        0.0027064348599999998,
        0.0027443888600000004,
        0.00257320186,
        0.0025471578600000004,
        0.00287683486,
        0.0029045988600000005,
        0.0027967018600000004,
        0.00279322086,
        0.0030379458600000003,
        0.0027619058600000003,
        0.00293715286,
        0.00280355586,
        0.0024930038599999997,
        0.0026300358600000002,
        0.00275020786,
        0.0026944288600000005,
        0.0026794218600000004,
        0.00274446686,
        0.0028235898600000005,
        0.00276426086,
        0.00281512386,
        0.00282349186,
        0.00307360286,
        0.00274749886,
        0.00295594386,
        0.00280552386,
        0.0027870878599999998,
        0.00264031886,
        0.0026421748599999998,
        0.00279773386,
        0.00268440086,
        0.00275543686,
        0.00299434086,
        0.00308153086,
        0.0033483168600000005,
        0.0025960188600000003,
        0.00235711886,
        0.00258342986,
        0.00274526986,
        0.0025242348600000002,
        0.0029091718600000004,
        0.0029840968600000004
      ],
      "exit_codes": [
        0,
        0,
        0,
        0,
        0,
        0,
        0,
        0,
        0,
        0,
        0,
        0,
        0,
        0,
        0,
        0,
        0,
        0,
        0,
        0,
        0,
        0,
        0,
        0,
        0,
        0,
        0,
        0,
        0,
        0,
        0,
        0,
        0,
        0,
        0,
        0,
        0,
        0,
        0,
        0,
        0,
        0,
        0,
        0,
        0,
        0,
        0,
        0,
        0,
        0,
        0,
        0,
        0,
        0,
        0,
        0,
        0,
        0,
        0,
        0,
        0,
        0,
        0,
        0,
        0,
        0,
        0,
        0,
        0,
        0,
        0,
        0,
        0,
        0,
        0,
        0,
        0,
        0,
        0,
        0,
        0,
        0,
        0,
        0,
        0,
        0,
        0,
        0,
        0,
        0,
        0,
        0,
        0,
        0,
        0,
        0,
        0,
        0,
        0,
        0
      ]
    }
  ]
}
