{
  "results": [
    {
      "command": "out/20220731101132/contention 8 1000",
      "mean": 0.0030187086099999995,
      "stddev": 0.00016139641557194454,
      "median": 0.0029977353800000007,
      "user": 0.0019421399999999987,
      "system": 0.0012410400000000001,
      "min": 0.0027685783800000005,
      "max": 0.0038479163800000005,
      "times": [
        0.003106458380000001,
        0.00304220638,
        0.0027685783800000005,
        0.002848444380000001,
        0.003059313380000001,
        0.0029541873800000003,
        0.00277327538,
        0.0028876843800000004,
        0.0030165203800000006,
        0.0030317943800000006,
        0.0029187013800000008,
        0.0030807233800000003,
        0.0030009643800000007,
        0.0038479163800000005,
        0.0031758903800000004,
        0.003065593380000001,
        0.003035806380000001,
        0.003137504380000001,
        0.0028598563800000007,
        0.0029945063800000007,
        0.0029602443800000005,
        0.0029254733800000003,
        0.0030500723800000007,
        0.0032413253800000004,
        0.003078855380000001,
        0.0029075693800000003,
        0.0028369743800000006,
        0.0029393253800000002,
        0.003053435380000001,
        0.0030135743800000004,
        0.0029834313800000006,
        0.0031596933800000005,
        0.0030992443800000008,
        0.0031107353800000005,
        0.002961336380000001,
        0.00290537138,
        0.0029553883800000004,
        0.0030340323800000005,
        0.0030480773800000004,
        0.0029925523800000005,
        0.003171857380000001,
        0.00289471138,
        0.0030660403800000006,
        0.0031376023800000004,
        0.0029334403800000005,
        0.0029571443800000007,
        0.003061432380000001,
        0.0029838613800000006,
        0.00307352738,
        0.0033716763800000003,
        0.0030314473800000003,
        0.003078764380000001,
        0.0032429613800000006,
        0.00288073738,
        0.0028481623800000002,
        0.0032352393800000006,
        0.0034023793800000003,
        0.0032267733800000003,
        0.0031392983800000002,
        0.002915181380000001,
        0.0028017313800000007,
        0.00279297238,
        0.0028837073800000008,
        0.002842708380000001,
        0.0028792703800000004,
        0.0029101183800000004,
        0.003070876380000001,
        0.0031223743800000005,
        0.00321440638,
        0.0029322883800000006,
        0.002918152380000001,
        0.0029764153800000003,
        0.0029503823800000003,
        0.003058830380000001,
        0.0030356393800000003,
        0.0029775603800000004,
        0.002905462380000001,
        0.0031432113800000006,
        0.002896926380000001,
        0.0030900313800000007,
        0.0028839933800000003,
        0.003096210380000001,
        0.00301762538,
        0.0029752263800000007,
        0.0029798453800000007,
        0.002945149380000001,
        0.0028701673800000005,
        0.003036747380000001,
        0.002861093380000001,
        0.0030040743800000005,
        0.0030197063800000003,
        0.0030436143800000007,
        0.0030657223800000005,
        0.00288816438,
        0.0029306533800000007,
        0.0036643103800000003,
        0.0029913613800000003,
        0.0028813073800000003,
        0.0028334053800000004,
        0.0029645403800000005
      ],
      "exit_codes": [
        0,
        0,
        0,
        0,
        0,
        0,
        0,
        0,
        0,
        0,
        0,
        0,
        0,
        0,
        0,
        0,
        0,
        0,
        0,
        0,
        0,
        0,
        0,
        0,
        0,
        0,
        0,
        0,
        0,
        0,
        0,
        0,
        0,
        0,
        0,
        0,
        0,
        0,
        0,
        0,
        0,
        0,
        0,
        0,
        0,
        0,
        0,
        0,
        0,
        0,
        0,
        0,
        0,
        0,
        0,
        0,
        0,
        0,
        0,
        0,
        0,
        0,
        0,
        0,
        0,
        0,
        0,
        0,
        0,
        0,
        0,
        0,
        0,
        0,
        0,
        0,
        0,
        0,
        0,
        0,
        0,
        0,
        0,
        0,
        0,
        0,
        0,
        0,
        0,
        0,
        0,
        0,
        0,
        0,
        0,
        0,
        0,
        0,
        0,
        0
      ]
    }
  ]
}
