{
  "results": [
    {
      "command": "out/20220731101132/contention 32 1000",
      "mean": 0.0035992828499999997,
      "stddev": 0.00019911623012639477,
      "median": 0.0035980303400000003,
      "user": 0.003671169999999998,
      "system": 0.003218209999999999,
      "min": 0.00313117334,
      "max": 0.004094069340000001,
      "times": [
        0.00339135134,
        0.00347974434,
        0.0034826283399999997,
        0.00402443834,
        0.00350163134,
        0.004094069340000001,
        0.00345114534,
        0.00322033134,
        0.0032176243400000005,
        0.0036450223400000003,
        0.0035511023400000004,
        0.0034837853400000005,
        0.0036171283399999998,
        0.0035903513400000002,
        0.0039498623400000005,
        0.0038186603399999997,
        0.00363695034,
        0.00369490334,
        0.0034220403400000003,
        0.00364417734,
        0.00373545634,
        0.00402300934,
        0.00355479934,
        0.00331746734,
        0.0033535563399999997,
        0.0039002823399999996,
        0.0036670833399999997,
        0.0037321943400000003,
        0.0036420213400000004,
        0.0037553763400000003,
        0.00334224334,
        0.00325389634,
        0.0033349193400000004,
        0.00364375434,
        0.00346392934,
        0.00345477734,
        0.00344815934,
        0.0035371763400000003,
        0.00392064934,
        0.0038225153400000002,
        0.00359810634,
        0.0035231433400000002,
        0.0034784493399999997,
        0.0034873153400000003,
        0.00389259234,
        0.0038405773400000003,
        0.00378785134,
        0.0035214903400000003,
        0.0035979543400000004,
        0.0035143103400000005,
        0.00354718134,
        0.0034113483399999998,
        0.00360547134,
        0.0036199993400000004,
        0.00366919834,
        0.00370460134,
        0.0035294193399999997,
        0.00375173834,
        0.0038543173400000003,
        0.00369817934,
        0.00354512434,
        0.0036793323400000004,
        0.00353341134,
        0.00365600934,
        0.0035149913400000002,
        0.0036640533400000004,
        0.00361640634,
        0.0037063523400000004,
        0.0035532393399999996,
        0.00364956134,
        0.00365437934,
        0.0038117263400000005,
        0.0035499503400000004,
        0.0033282913399999997,
        0.00319907234,
        0.0037951173399999997,
        0.0038841383400000005,
        0.0037604973399999997,
        0.00365785634,
        0.0038228033400000004,
        0.00335230334,
        0.00313117334,
        0.0033517373400000004,
        0.0036735943400000005,
        0.00357091734,
        0.00373797534,
        0.00376502534,
        0.00359470734,
        0.003922102340000001,
        0.00349134134,
        0.0031837163400000004,
        0.00323211334,
        0.0036139433400000005,
        0.00353461634,
        0.0035769933400000005,
        0.00343359434,
        0.00397716434,
        0.0036763433400000003,
        0.0035102583400000004,
        0.0035628913400000003
      ],
      "exit_codes": [
        0,
        0,
        0,
        0,
        0,
        0,
        0,
        0,
        0,
        0,
        0,
        0,
        0,
        0,
        0,
        0,
        0,
        0,
        0,
        0,
        0,
        0,
        0,
        0,
        0,
        0,
        0,
        0,
        0,
        0,
        0,
        0,
        0,
        0,
        0,
        0,
        0,
        0,
        0,
        0,
        0,
        0,
        0,
        0,
        0,
        0,
        0,
        0,
        0,
        0,
        0,
        0,
        0,
        0,
        0,
        0,
        0,
        0,
        0,
        0,
        0,
        0,
        0,
        0,
        0,
        0,
        0,
        0,
        0,
        0,
        0,
        0,
        0,
        0,
        0,
        0,
        0,
        0,
        0,
        0,
        0,
        0,
        0,
        0,
        0,
        0,
        0,
        0,
        0,
        0,
        0,
        0,
        0,
        0,
        0,
        0,
        0,
        0,
        0,
        0
      ]
    }
  ]
}
