{
  "results": [
    {
      "command": "out/20220731101132/contention 1024 100000",
      "mean": 0.032625111970000016,
      "stddev": 0.0009225933678945131,
      "median": 0.03276684146,
      "user": 0.07846159000000001,
      "system": 0.053947400000000006,
      "min": 0.03061018246,
      "max": 0.03455753846,
      "times": [
        0.03061018246,
        0.03090328846,
        0.03096404846,
        0.031103727460000005,
        0.031609613460000005,
        0.03206343146000001,
        0.03113578046,
        0.031430112460000006,
        0.03149888146,
        0.031764093460000004,
        0.03068987046,
        0.031313870460000004,
        0.03162921246000001,
        0.03191985246,
        0.03120976346,
        0.03160239946000001,
        0.03150096846000001,
        0.032104668460000006,
        0.03103906246,
        0.031221239460000005,
        0.03193306346000001,
        0.031114487460000003,
        0.031856132460000006,
        0.03105441946,
        0.031404975460000005,
        0.03165063346000001,
        0.031994223460000006,
        0.03194157846000001,
        0.03261582846,
        0.03226287546000001,
        0.032785988460000005,
        0.032054903460000006,
        0.032297547460000006,
        0.03281097746000001,
        0.03217992846000001,
        0.032475070460000005,
        0.03241422846000001,
        0.03252508346000001,
        0.03196813146000001,
        0.032450421460000003,
        0.032215367460000005,
        0.032294952460000005,
        0.032573257460000005,
        0.03223726046000001,
        0.03192868246,
        0.03165372946,
        0.03301726046,
        0.03313920346,
        0.033359113460000006,
        0.03368382746,
        0.03347811346000001,
        0.032871126460000004,
        0.033624302460000005,
        0.03286696346,
        0.03288087046,
        0.033921579460000004,
        0.033446397460000006,
        0.03310246646000001,
        0.03294802346,
        0.03406950846000001,
        0.033237898460000005,
        0.033439940460000005,
        0.03262044346,
        0.033467912460000006,
        0.03341471746000001,
        0.033248298460000006,
        0.033358983460000005,
        0.03344796246000001,
        0.03345662346000001,
        0.033396447460000006,
        0.033639370460000005,
        0.03298931446,
        0.03360615946000001,
        0.03321956946000001,
        0.03330921046,
        0.032470522460000005,
        0.03380072146,
        0.033781379460000004,
        0.033540102460000006,
        0.03359796746,
        0.033681715460000004,
        0.03455753846,
        0.033490062460000004,
        0.03260629946000001,
        0.032885508460000004,
        0.033911925460000006,
        0.03268182546000001,
        0.03317764846000001,
        0.03267615446,
        0.03329400946,
        0.033518986460000004,
        0.03335562646,
        0.033347261460000006,
        0.03352156446000001,
        0.03378034146,
        0.033326907460000006,
        0.03322371046000001,
        0.032747694460000004,
        0.034039155460000005,
        0.033227144460000003
      ],
      "exit_codes": [
        0,
        0,
        0,
        0,
        0,
        0,
        0,
        0,
        0,
        0,
        0,
        0,
        0,
        0,
        0,
        0,
        0,
        0,
        0,
        0,
        0,
        0,
        0,
        0,
        0,
        0,
        0,
        0,
        0,
        0,
        0,
        0,
        0,
        0,
        0,
        0,
        0,
        0,
        0,
        0,
        0,
        0,
        0,
        0,
        0,
        0,
        0,
        0,
        0,
        0,
        0,
        0,
        0,
        0,
        0,
        0,
        0,
        0,
        0,
        0,
        0,
        0,
        0,
        0,
        0,
        0,
        0,
        0,
        0,
        0,
        0,
        0,
        0,
        0,
        0,
        0,
        0,
        0,
        0,
        0,
        0,
        0,
        0,
        0,
        0,
        0,
        0,
        0,
        0,
        0,
        0,
        0,
        0,
        0,
        0,
        0,
        0,
        0,
        0,
        0
      ]
    }
  ]
}
