{
  "results": [
    {
      "command": "out/20220731101132/contention 8 10",
      "mean": 0.0028450404400000005,
      "stddev": 0.0002092206826962074,
      "median": 0.0028224904,
      "user": 0.0012472799999999997,
      "system": 0.0011796799999999991,
      "min": 0.0023534398999999996,
      "max": 0.0037135848999999997,
      "times": [
        0.0027339199000000003,
        0.0028210669000000004,
        0.0028422309,
        0.0028255599,
        0.0027349228999999997,
        0.0027723788999999997,
        0.0027880149,
        0.0027399809000000002,
        0.0026431929,
        0.0026342709,
        0.0028659198999999996,
        0.0028073578999999998,
        0.0028725979,
        0.0028627769,
        0.0028251379,
        0.0027943778999999997,
        0.0029202389000000002,
        0.0026457269,
        0.0027620848999999996,
        0.0028239139,
        0.0035533989,
        0.0030078819000000003,
        0.0028675779000000004,
        0.0027619958999999996,
        0.0027374458999999997,
        0.0026370398999999997,
        0.0027059179000000003,
        0.0031471599,
        0.0029133008999999996,
        0.0028371958999999997,
        0.0028134229,
        0.0028877949,
        0.0027360109000000004,
        0.0026780319,
        0.0026846729,
        0.0027813749000000004,
        0.0027390309,
        0.0028819898999999996,
        0.0033008179,
        0.0031470889,
        0.0024788648999999998,
        0.0023534398999999996,
        0.0027011179,
        0.0029240749000000003,
        0.0028561719,
        0.0027909549,
        0.0027916049000000004,
        0.0028666728999999997,
        0.0028511519000000004,
        0.0027729759000000003,
        0.0029131358999999997,
        0.0028797479,
        0.0027838469000000003,
        0.0026900939,
        0.0026922769000000003,
        0.0027826579,
        0.0026408709,
        0.0025644179,
        0.0026971779,
        0.0029045479000000003,
        0.0027417999000000004,
        0.0026919359,
        0.0026892048999999996,
        0.0027709129000000002,
        0.0032170999,
        0.0027239598999999996,
        0.0027989139,
        0.0028375549,
        0.0031128019,
        0.0029569979,
        0.0027452209000000003,
        0.0028442568999999997,
        0.0028969939000000004,
        0.0028854909,
        0.0029940879,
        0.0029302258999999997,
        0.0037135848999999997,
        0.0036855039000000004,
        0.0026206419,
        0.0024059308999999996,
        0.0026708128999999997,
        0.0030335909,
        0.0029269268999999997,
        0.0029381768999999997,
        0.0030734209,
        0.0027365779000000003,
        0.0026554199,
        0.0029699199000000004,
        0.0027077728999999997,
        0.0028625769000000002,
        0.0028747799,
        0.0030753789,
        0.0028948439,
        0.0028391129000000003,
        0.0029630079,
        0.0029213379000000003,
        0.0031261978999999997,
        0.0027677009000000004,
        0.0029156239,
        0.0028171168999999996
      ],
      "exit_codes": [
        0,
        0,
        0,
        0,
        0,
        0,
        0,
        0,
        0,
        0,
        0,
        0,
        0,
        0,
        0,
        0,
        0,
        0,
        0,
        0,
        0,
        0,
        0,
        0,
        0,
        0,
        0,
        0,
        0,
        0,
        0,
        0,
        0,
        0,
        0,
        0,
        0,
        0,
        0,
        0,
        0,
        0,
        0,
        0,
        0,
        0,
        0,
        0,
        0,
        0,
        0,
        0,
        0,
        0,
        0,
        0,
        0,
        0,
        0,
        0,
        0,
        0,
        0,
        0,
        0,
        0,
        0,
        0,
        0,
        0,
        0,
        0,
        0,
        0,
        0,
        0,
        0,
        0,
        0,
        0,
        0,
        0,
        0,
        0,
        0,
        0,
        0,
        0,
        0,
        0,
        0,
        0,
        0,
        0,
        0,
        0,
        0,
        0,
        0,
        0
      ]
    }
  ]
}
