{
  "results": [
    {
      "command": "out/20220731101132/contention 512 1",
      "mean": 0.012096076390000004,
      "stddev": 0.0004978634281364307,
      "median": 0.01205708206,
      "user": 0.00467216,
      "system": 0.014922299999999994,
      "min": 0.011151201060000001,
      "max": 0.013431610060000002,
      "times": [
        0.012829607060000001,
        0.01269924406,
        0.012798480060000002,
        0.012611371060000001,
        0.01288263006,
        0.012351264060000002,
        0.01270683706,
        0.01226781306,
        0.012382283060000002,
        0.012765716060000001,
        0.012335313060000002,
        0.01239010606,
        0.01233049206,
        0.012660509060000002,
        0.012380332060000002,
        0.012288203060000003,
        0.012899229060000003,
        0.01249030006,
        0.012471052060000001,
        0.012857663060000003,
        0.01249211506,
        0.01228726506,
        0.01255249106,
        0.01262188706,
        0.01226830106,
        0.012383938060000002,
        0.01270438606,
        0.01280417906,
        0.01257446206,
        0.012534321060000003,
        0.01215295906,
        0.012267217060000002,
        0.012235777060000001,
        0.011807524060000001,
        0.011815584060000002,
        0.012131058060000002,
        0.012232257060000001,
        0.012089255060000002,
        0.011966448060000003,
        0.012480729060000001,
        0.01203010506,
        0.012450230060000001,
        0.01257171906,
        0.011910297060000002,
        0.012011435060000002,
        0.011789675060000001,
        0.01188421006,
        0.01199857306,
        0.012147213060000002,
        0.012279438060000002,
        0.01206644506,
        0.012037504060000002,
        0.01218142006,
        0.01198009706,
        0.01192863006,
        0.01205020506,
        0.013431610060000002,
        0.012898899060000003,
        0.013382171060000003,
        0.01203183906,
        0.011825208060000002,
        0.01215448806,
        0.01202472006,
        0.01173585206,
        0.011895715060000003,
        0.01244081306,
        0.01168826706,
        0.011804670060000001,
        0.012036866060000002,
        0.012003070060000003,
        0.011869424060000001,
        0.011407133060000001,
        0.01150318606,
        0.011875988060000002,
        0.012017131060000002,
        0.01206395906,
        0.01188762606,
        0.01161498306,
        0.011606017060000001,
        0.01196773006,
        0.011799192060000002,
        0.01140825006,
        0.01170999406,
        0.011805026060000001,
        0.011726514060000002,
        0.01159489306,
        0.01243527706,
        0.011275699060000002,
        0.01134941306,
        0.01120867906,
        0.011414475060000002,
        0.01127427906,
        0.01117857606,
        0.011267784060000001,
        0.011591949060000002,
        0.01125039606,
        0.01141393106,
        0.011265977060000001,
        0.011151201060000001,
        0.011200970060000003
      ],
      "exit_codes": [
        0,
        0,
        0,
        0,
        0,
        0,
        0,
        0,
        0,
        0,
        0,
        0,
        0,
        0,
        0,
        0,
        0,
        0,
        0,
        0,
        0,
        0,
        0,
        0,
        0,
        0,
        0,
        0,
        0,
        0,
        0,
        0,
        0,
        0,
        0,
        0,
        0,
        0,
        0,
        0,
        0,
        0,
        0,
        0,
        0,
        0,
        0,
        0,
        0,
        0,
        0,
        0,
        0,
        0,
        0,
        0,
        0,
        0,
        0,
        0,
        0,
        0,
        0,
        0,
        0,
        0,
        0,
        0,
        0,
        0,
        0,
        0,
        0,
        0,
        0,
        0,
        0,
        0,
        0,
        0,
        0,
        0,
        0,
        0,
        0,
        0,
        0,
        0,
        0,
        0,
        0,
        0,
        0,
        0,
        0,
        0,
        0,
        0,
        0,
        0
      ]
    }
  ]
}
