{
  "results": [
    {
      "command": "out/20220731101132/contention 128 1000",
      "mean": 0.004874084889999998,
      "stddev": 0.00016406414250883433,
      "median": 0.00485716234,
      "user": 0.002740270000000001,
      "system": 0.00443981,
      "min": 0.004407754840000001,
      "max": 0.005323510840000001,
      "times": [
        0.004407754840000001,
        0.004704974840000001,
        0.004721667840000001,
        0.0046910048400000005,
        0.004726129840000001,
        0.004824965840000001,
        0.00503505584,
        0.004971814840000001,
        0.004853707840000001,
        0.005066154840000001,
        0.004753756840000001,
        0.004919016840000001,
        0.0050395538400000005,
        0.004903721840000001,
        0.004937624840000001,
        0.0048962328400000005,
        0.00488324484,
        0.004800158840000001,
        0.0052620218400000005,
        0.0048987178400000005,
        0.00480022884,
        0.004832764840000001,
        0.005053330840000001,
        0.004812014840000001,
        0.00471753584,
        0.005010155840000001,
        0.004779302840000001,
        0.0046007068400000005,
        0.00497785984,
        0.0048870788400000005,
        0.0048744348400000005,
        0.0046055088400000005,
        0.005189383840000001,
        0.004746062840000001,
        0.00475623584,
        0.004789526840000001,
        0.004945733840000001,
        0.004817254840000001,
        0.0050407998400000004,
        0.005048238840000001,
        0.004732546840000001,
        0.004663089840000001,
        0.00472879084,
        0.004603372840000001,
        0.005096784840000001,
        0.004942685840000001,
        0.005071518840000001,
        0.004682815840000001,
        0.004860616840000001,
        0.00478349784,
        0.004974324840000001,
        0.00484595184,
        0.0049352558400000005,
        0.005238159840000001,
        0.0049151618400000005,
        0.0047877638400000005,
        0.0048042278400000004,
        0.004663504840000001,
        0.005054301840000001,
        0.004807158840000001,
        0.004808740840000001,
        0.004872825840000001,
        0.005013358840000001,
        0.0051089008400000005,
        0.005004493840000001,
        0.00502576184,
        0.0050764068400000004,
        0.00473217184,
        0.0047614738400000006,
        0.00461684984,
        0.0047580298400000005,
        0.0048750708400000006,
        0.004920089840000001,
        0.005201379840000001,
        0.004970677840000001,
        0.00474729284,
        0.004907382840000001,
        0.00512732284,
        0.005007418840000001,
        0.004813891840000001,
        0.005191499840000001,
        0.00473986284,
        0.0048416458400000004,
        0.004925807840000001,
        0.00501590084,
        0.004831541840000001,
        0.00477215084,
        0.005052801840000001,
        0.0046954968400000005,
        0.004724768840000001,
        0.004787240840000001,
        0.00486893484,
        0.00491648884,
        0.0047877028400000006,
        0.005323510840000001,
        0.004796979840000001,
        0.0046797878400000005,
        0.00461979784,
        0.00487757784,
        0.0048364748400000004
      ],
      "exit_codes": [
        0,
        0,
        0,
        0,
        0,
        0,
        0,
        0,
        0,
        0,
        0,
        0,
        0,
        0,
        0,
        0,
        0,
        0,
        0,
        0,
        0,
        0,
        0,
        0,
        0,
        0,
        0,
        0,
        0,
        0,
        0,
        0,
        0,
        0,
        0,
        0,
        0,
        0,
        0,
        0,
        0,
        0,
        0,
        0,
        0,
        0,
        0,
        0,
        0,
        0,
        0,
        0,
        0,
        0,
        0,
        0,
        0,
        0,
        0,
        0,
        0,
        0,
        0,
        0,
        0,
        0,
        0,
        0,
        0,
        0,
        0,
        0,
        0,
        0,
        0,
        0,
        0,
        0,
        0,
        0,
        0,
        0,
        0,
        0,
        0,
        0,
        0,
        0,
        0,
        0,
        0,
        0,
        0,
        0,
        0,
        0,
        0,
        0,
        0,
        0
      ]
    }
  ]
}
