{
  "results": [
    {
      "command": "out/20220731101132/contention 1 10000",
      "mean": 0.007103773569999999,
      "stddev": 0.00027932953772357436,
      "median": 0.007054234340000001,
      "user": 0.005096720000000002,
      "system": 0.0008636500000000001,
      "min": 0.006681806340000001,
      "max": 0.00896035434,
      "times": [
        0.00698122334,
        0.00703692434,
        0.007188404340000001,
        0.007463021340000001,
        0.00896035434,
        0.00711871434,
        0.007001230340000001,
        0.0071463223400000005,
        0.007017596340000001,
        0.0068894503400000005,
        0.00692812934,
        0.006956593340000001,
        0.006972046340000001,
        0.00709003934,
        0.007055066340000001,
        0.007034422340000001,
        0.006893800340000001,
        0.00708995934,
        0.00707493434,
        0.007308573340000001,
        0.00723197534,
        0.007053402340000001,
        0.006782974340000001,
        0.00708718734,
        0.00708402334,
        0.007181901340000001,
        0.00696921134,
        0.006860160340000001,
        0.007104953340000001,
        0.00693913434,
        0.007230979340000001,
        0.006913916340000001,
        0.006840739340000001,
        0.00697252034,
        0.00684912434,
        0.007109873340000001,
        0.007208617340000001,
        0.006996487340000001,
        0.00698449634,
        0.006681806340000001,
        0.00708161434,
        0.00711389634,
        0.00738499034,
        0.006959045340000001,
        0.007215854340000001,
        0.00738137734,
        0.00711160234,
        0.00727407934,
        0.006744767340000001,
        0.007031244340000001,
        0.00701805334,
        0.00729875634,
        0.00703838534,
        0.007985854340000001,
        0.00693760134,
        0.006824797340000001,
        0.00686898534,
        0.00713544334,
        0.006989164340000001,
        0.00708649334,
        0.00684378834,
        0.007004612340000001,
        0.00709500834,
        0.00693451434,
        0.0068547133400000005,
        0.007127157340000001,
        0.00703065034,
        0.007259375340000001,
        0.00724360034,
        0.00704807834,
        0.007009087340000001,
        0.007171547340000001,
        0.0070952023400000005,
        0.007239544340000001,
        0.0069535883400000005,
        0.00698984234,
        0.007049249340000001,
        0.007247892340000001,
        0.00724790434,
        0.007015467340000001,
        0.007050775340000001,
        0.00772991334,
        0.007803792340000001,
        0.006722966340000001,
        0.00690884934,
        0.00716189534,
        0.00708015234,
        0.00735492634,
        0.007489739340000001,
        0.007045225340000001,
        0.00724089334,
        0.00687758634,
        0.006918649340000001,
        0.007378979340000001,
        0.00691611734,
        0.00706144434,
        0.007060477340000001,
        0.00720545134,
        0.006958455340000001,
        0.00717794834
      ],
      "exit_codes": [
        0,
        0,
        0,
        0,
        0,
        0,
        0,
        0,
        0,
        0,
        0,
        0,
        0,
        0,
        0,
        0,
        0,
        0,
        0,
        0,
        0,
        0,
        0,
        0,
        0,
        0,
        0,
        0,
        0,
        0,
        0,
        0,
        0,
        0,
        0,
        0,
        0,
        0,
        0,
        0,
        0,
        0,
        0,
        0,
        0,
        0,
        0,
        0,
        0,
        0,
        0,
        0,
        0,
        0,
        0,
        0,
        0,
        0,
        0,
        0,
        0,
        0,
        0,
        0,
        0,
        0,
        0,
        0,
        0,
        0,
        0,
        0,
        0,
        0,
        0,
        0,
        0,
        0,
        0,
        0,
        0,
        0,
        0,
        0,
        0,
        0,
        0,
        0,
        0,
        0,
        0,
        0,
        0,
        0,
        0,
        0,
        0,
        0,
        0,
        0
      ]
    }
  ]
}
