{
  "results": [
    {
      "command": "out/20220731101132/contention 64 1000",
      "mean": 0.004075033359999999,
      "stddev": 0.00023748914407353066,
      "median": 0.00407259972,
      "user": 0.003911759999999999,
      "system": 0.004544650000000001,
      "min": 0.0036285547200000006,
      "max": 0.005057126720000001,
      "times": [
        0.0040613147200000005,
        0.003947461720000001,
        0.00458861772,
        0.004174698720000001,
        0.0043546587200000006,
        0.0042112257200000005,
        0.004237219720000001,
        0.00404568672,
        0.004207319720000001,
        0.004206997720000001,
        0.004117090720000001,
        0.005057126720000001,
        0.003986950720000001,
        0.0037205957200000007,
        0.003787908720000001,
        0.004162373720000001,
        0.004155805720000001,
        0.00414409872,
        0.004049434720000001,
        0.004310088720000001,
        0.0036285547200000006,
        0.003754577720000001,
        0.0038046617200000006,
        0.004067806720000001,
        0.00411191272,
        0.004003182720000001,
        0.0044260177200000006,
        0.004074213720000001,
        0.004120762720000001,
        0.0038046697200000007,
        0.0037078317200000006,
        0.003937547720000001,
        0.004360028720000001,
        0.0041867417200000005,
        0.0043180467200000005,
        0.004043253720000001,
        0.003759489720000001,
        0.0037848067200000005,
        0.004263582720000001,
        0.00408188372,
        0.004218816720000001,
        0.0042296587200000004,
        0.00461367172,
        0.004159691720000001,
        0.0036663387200000005,
        0.0039076037200000005,
        0.004190227720000001,
        0.004091919720000001,
        0.004248711720000001,
        0.004269316720000001,
        0.0041578497200000005,
        0.003992602720000001,
        0.004473299720000001,
        0.004115121720000001,
        0.004232783720000001,
        0.00398067372,
        0.004114136720000001,
        0.004329602720000001,
        0.00419026172,
        0.004011279720000001,
        0.0037522297200000007,
        0.00391673472,
        0.003992182720000001,
        0.004065711720000001,
        0.004058555720000001,
        0.004486117720000001,
        0.004050297720000001,
        0.0038051087200000003,
        0.004074816720000001,
        0.004380242720000001,
        0.004060003720000001,
        0.0040286607200000005,
        0.004336953720000001,
        0.004175752720000001,
        0.0037145847200000005,
        0.00392802772,
        0.00403942972,
        0.004017956720000001,
        0.0038378707200000008,
        0.0038171597200000002,
        0.004332423720000001,
        0.00405877572,
        0.0037085467200000007,
        0.0038711857200000007,
        0.004135559720000001,
        0.004060723720000001,
        0.00396494472,
        0.00411072772,
        0.00424604372,
        0.0036958267200000007,
        0.0036760297200000005,
        0.0038162147200000007,
        0.004371291720000001,
        0.004070985720000001,
        0.0042089797200000004,
        0.004104819720000001,
        0.0041948887200000005,
        0.0037211757200000008,
        0.003797227720000001,
        0.0038587477200000006
      ],
      "exit_codes": [
        0,
        0,
        0,
        0,
        0,
        0,
        0,
        0,
        0,
        0,
        0,
        0,
        0,
        0,
        0,
        0,
        0,
        0,
        0,
        0,
        0,
        0,
        0,
        0,
        0,
        0,
        0,
        0,
        0,
        0,
        0,
        0,
        0,
        0,
        0,
        0,
        0,
        0,
        0,
        0,
        0,
        0,
        0,
        0,
        0,
        0,
        0,
        0,
        0,
        0,
        0,
        0,
        0,
        0,
        0,
        0,
        0,
        0,
        0,
        0,
        0,
        0,
        0,
        0,
        0,
        0,
        0,
        0,
        0,
        0,
        0,
        0,
        0,
        0,
        0,
        0,
        0,
        0,
        0,
        0,
        0,
        0,
        0,
        0,
        0,
        0,
        0,
        0,
        0,
        0,
        0,
        0,
        0,
        0,
        0,
        0,
        0,
        0,
        0,
        0
      ]
    }
  ]
}
