{
  "results": [
    {
      "command": "out/20220731101132/contention 4096 10000",
      "mean": 0.19617540220000007,
      "stddev": 0.0025028075362547066,
      "median": 0.19623149630000003,
      "user": 0.03551131999999999,
      "system": 0.3225745700000002,
      "min": 0.1902739488,
      "max": 0.20310977380000003,
      "times": [
        0.1965298128,
        0.19690870280000003,
        0.1957921038,
        0.19933884380000003,
        0.19738952580000002,
        0.19253145580000003,
        0.19696397680000002,
        0.19032553980000003,
        0.19296190180000003,
        0.19428031280000002,
        0.19621049780000002,
        0.19763073180000001,
        0.1972450178,
        0.19644065480000003,
        0.19556190180000002,
        0.19622131680000002,
        0.1955352438,
        0.1951687128,
        0.1940438378,
        0.19523798180000002,
        0.19357991680000003,
        0.1986273628,
        0.19229507280000002,
        0.19720955480000002,
        0.1993821758,
        0.19629664880000003,
        0.1951795078,
        0.19511271880000003,
        0.19690603480000002,
        0.1973320178,
        0.1999192328,
        0.1942480148,
        0.19624167580000001,
        0.19367826380000003,
        0.1961605958,
        0.19700390380000002,
        0.19496992480000003,
        0.19444758780000002,
        0.19886179280000002,
        0.20310977380000003,
        0.19306179980000002,
        0.19645892080000002,
        0.1972357218,
        0.1969169698,
        0.19666112580000003,
        0.1956736538,
        0.1952458048,
        0.19956655580000002,
        0.20143934680000003,
        0.19814062680000002,
        0.1986568528,
        0.19873101680000002,
        0.1959318308,
        0.1935174698,
        0.19417616580000002,
        0.19515588080000001,
        0.19632960280000003,
        0.19499135380000002,
        0.19381156480000003,
        0.19803474080000003,
        0.19738494580000002,
        0.1986204658,
        0.19597193180000003,
        0.1957627288,
        0.19977220580000002,
        0.19845233080000002,
        0.19689389280000003,
        0.1935933548,
        0.1902739488,
        0.19460887180000003,
        0.19488204480000001,
        0.19626015680000003,
        0.1976886468,
        0.20054256380000002,
        0.19947767680000003,
        0.19738621680000001,
        0.19656427180000002,
        0.19504653880000003,
        0.19718018180000002,
        0.1960804888,
        0.1947854088,
        0.1918394468,
        0.19273449480000002,
        0.1908780968,
        0.19163259180000003,
        0.19347798780000003,
        0.19707656380000002,
        0.20165630880000002,
        0.2015880908,
        0.1979024648,
        0.19486709680000003,
        0.1916621158,
        0.19685565180000003,
        0.19599915180000002,
        0.1982976438,
        0.19587321780000003,
        0.19476992780000002,
        0.19299218580000002,
        0.19743381480000002,
        0.2001576398
      ],
      "exit_codes": [
        0,
        0,
        0,
        0,
        0,
        0,
        0,
        0,
        0,
        0,
        0,
        0,
        0,
        0,
        0,
        0,
        0,
        0,
        0,
        0,
        0,
        0,
        0,
        0,
        0,
        0,
        0,
        0,
        0,
        0,
        0,
        0,
        0,
        0,
        0,
        0,
        0,
        0,
        0,
        0,
        0,
        0,
        0,
        0,
        0,
        0,
        0,
        0,
        0,
        0,
        0,
        0,
        0,
        0,
        0,
        0,
        0,
        0,
        0,
        0,
        0,
        0,
        0,
        0,
        0,
        0,
        0,
        0,
        0,
        0,
        0,
        0,
        0,
        0,
        0,
        0,
        0,
        0,
        0,
        0,
        0,
        0,
        0,
        0,
        0,
        0,
        0,
        0,
        0,
        0,
        0,
        0,
        0,
        0,
        0,
        0,
        0,
        0,
        0,
        0
      ]
    }
  ]
}
