{
  "results": [
    {
      "command": "out/20220731101132/contention 16 100000",
      "mean": 0.013207204070000002,
      "stddev": 0.00045796418710537616,
      "median": 0.0131137283,
      "user": 0.07119438000000003,
      "system": 0.00184817,
      "min": 0.012012954300000002,
      "max": 0.014527657300000002,
      "times": [
        0.012012954300000002,
        0.012448830300000002,
        0.012504446300000001,
        0.013304362300000002,
        0.013528432300000002,
        0.013893040300000001,
        0.013062666300000001,
        0.012450168300000002,
        0.013244164300000002,
        0.012796942300000001,
        0.0127059213,
        0.014527657300000002,
        0.0130067983,
        0.013003998300000002,
        0.013011780300000001,
        0.0131267993,
        0.0128670143,
        0.012709130300000001,
        0.0131731773,
        0.013012837300000002,
        0.0128104813,
        0.013667928300000002,
        0.013320876300000001,
        0.013590708300000002,
        0.013618366300000002,
        0.0129233533,
        0.012804768300000002,
        0.0136515253,
        0.013027781300000001,
        0.0130817293,
        0.012824425300000001,
        0.013310461300000001,
        0.0126419483,
        0.013222598300000001,
        0.0138223813,
        0.0132074003,
        0.0126966613,
        0.013337682300000002,
        0.012750660300000001,
        0.013317626300000001,
        0.014213713300000002,
        0.0127041793,
        0.012881055300000001,
        0.0134828883,
        0.0128782563,
        0.012775733300000001,
        0.0132755493,
        0.012979864300000001,
        0.013022547300000001,
        0.0128470803,
        0.0135736613,
        0.012871718300000001,
        0.0126816123,
        0.0141013263,
        0.014411906300000001,
        0.0132171763,
        0.0139602223,
        0.012964437300000001,
        0.0131684573,
        0.0137052133,
        0.012847023300000001,
        0.012822427300000001,
        0.013495477300000001,
        0.012935814300000001,
        0.012731541300000001,
        0.0133732073,
        0.013256357300000002,
        0.0133422793,
        0.0131122553,
        0.0130682963,
        0.0130344723,
        0.0129874683,
        0.013641679299999999,
        0.013597249300000001,
        0.0127977713,
        0.013692809300000003,
        0.013890527300000002,
        0.0138972483,
        0.013852402300000002,
        0.0130518973,
        0.0131152013,
        0.0142613913,
        0.013380745300000002,
        0.0130800853,
        0.0129681863,
        0.012959454300000001,
        0.0130365153,
        0.0126527953,
        0.0134253143,
        0.013166234300000001,
        0.012917261300000002,
        0.013725570300000002,
        0.013872276300000002,
        0.012872987300000001,
        0.013901062300000001,
        0.013120868300000001,
        0.0130779663,
        0.013670597300000002,
        0.0132092183,
        0.013141390300000002
      ],
      "exit_codes": [
        0,
        0,
        0,
        0,
        0,
        0,
        0,
        0,
        0,
        0,
        0,
        0,
        0,
        0,
        0,
        0,
        0,
        0,
        0,
        0,
        0,
        0,
        0,
        0,
        0,
        0,
        0,
        0,
        0,
        0,
        0,
        0,
        0,
        0,
        0,
        0,
        0,
        0,
        0,
        0,
        0,
        0,
        0,
        0,
        0,
        0,
        0,
        0,
        0,
        0,
        0,
        0,
        0,
        0,
        0,
        0,
        0,
        0,
        0,
        0,
        0,
        0,
        0,
        0,
        0,
        0,
        0,
        0,
        0,
        0,
        0,
        0,
        0,
        0,
        0,
        0,
        0,
        0,
        0,
        0,
        0,
        0,
        0,
        0,
        0,
        0,
        0,
        0,
        0,
        0,
        0,
        0,
        0,
        0,
        0,
        0,
        0,
        0,
        0,
        0
      ]
    }
  ]
}
