{
  "results": [
    {
      "command": "out/20220731101132/contention 4096 1000",
      "mean": 0.19256336531999999,
      "stddev": 0.0030079114237931623,
      "median": 0.19229109968000002,
      "user": 0.028658949999999996,
      "system": 0.31709482999999994,
      "min": 0.18624227468000001,
      "max": 0.20140355468,
      "times": [
        0.18977078968000002,
        0.19250931468000002,
        0.19378848768,
        0.19629748368000002,
        0.19814747468000002,
        0.19666991868000003,
        0.19905275968000002,
        0.19056532968,
        0.18875082068000001,
        0.18919071868,
        0.18974039268,
        0.19084653268000001,
        0.18770942068000002,
        0.18752892368000001,
        0.18894454068000002,
        0.19425189668,
        0.19461401268,
        0.19654199968000002,
        0.20140355468,
        0.19832976368000002,
        0.19388558268,
        0.19320657268000002,
        0.19227156668,
        0.18866997868000002,
        0.19381534068,
        0.19101965068,
        0.18784889468000002,
        0.18774189368000002,
        0.19206223468000003,
        0.19445208668000002,
        0.19488781668000002,
        0.19814448868,
        0.19821330968,
        0.19690293768000003,
        0.19158322268000003,
        0.19316122768000002,
        0.19305293068,
        0.19537967668,
        0.19554117268,
        0.19130859968000002,
        0.19054654468,
        0.18794704468,
        0.19122232968000002,
        0.19128612968000003,
        0.19319985668,
        0.19407966968,
        0.19790195568000002,
        0.19529024068,
        0.19269420468,
        0.19327144468000002,
        0.19327834468000002,
        0.19140509168000003,
        0.19367392468000003,
        0.19175546268000002,
        0.19048832068000002,
        0.19066707468000002,
        0.19371016768000002,
        0.19181537068,
        0.19308856368000002,
        0.19677773668,
        0.19550256768000002,
        0.19231605168000002,
        0.18776066568000002,
        0.19172680668000003,
        0.18931340768000002,
        0.18892972268000002,
        0.19147132168000003,
        0.18981384068,
        0.19184475368,
        0.19344529268000002,
        0.19360847368,
        0.19478717968,
        0.20077972168000002,
        0.19508823368000003,
        0.19140110868000001,
        0.18624227468000001,
        0.19108388868,
        0.19047841368,
        0.19008826568,
        0.19040193668000002,
        0.19156130868000001,
        0.18976624068,
        0.18979000868,
        0.19291647368,
        0.19231063268,
        0.19312674768000002,
        0.19501448968,
        0.19423109268000002,
        0.19137177068000003,
        0.19282574768000002,
        0.19355964968,
        0.19188835968,
        0.19079948068000002,
        0.19161105368,
        0.19115222968,
        0.19115384568000002,
        0.18766779168,
        0.19132105168000002,
        0.19302757168,
        0.19325425868
      ],
      "exit_codes": [
        0,
        0,
        0,
        0,
        0,
        0,
        0,
        0,
        0,
        0,
        0,
        0,
        0,
        0,
        0,
        0,
        0,
        0,
        0,
        0,
        0,
        0,
        0,
        0,
        0,
        0,
        0,
        0,
        0,
        0,
        0,
        0,
        0,
        0,
        0,
        0,
        0,
        0,
        0,
        0,
        0,
        0,
        0,
        0,
        0,
        0,
        0,
        0,
        0,
        0,
        0,
        0,
        0,
        0,
        0,
        0,
        0,
        0,
        0,
        0,
        0,
        0,
        0,
        0,
        0,
        0,
        0,
        0,
        0,
        0,
        0,
        0,
        0,
        0,
        0,
        0,
        0,
        0,
        0,
        0,
        0,
        0,
        0,
        0,
        0,
        0,
        0,
        0,
        0,
        0,
        0,
        0,
        0,
        0,
        0,
        0,
        0,
        0,
        0,
        0
      ]
    }
  ]
}
