{
  "results": [
    {
      "command": "out/20220731101132/contention 256 10000",
      "mean": 0.007752009930000002,
      "stddev": 0.00022520619535365766,
      "median": 0.0077513623,
      "user": 0.010564719999999998,
      "system": 0.010475419999999992,
      "min": 0.0072156973,
      "max": 0.0085476513,
      "times": [
        0.0076263503,
        0.0083942213,
        0.007857453300000001,
        0.0074442883,
        0.0073818183,
        0.008372677299999999,
        0.0074700533000000005,
        0.0074558932999999996,
        0.0076388013,
        0.007631711300000001,
        0.007891081300000002,
        0.0082001493,
        0.007584588299999999,
        0.0077186183,
        0.007786165300000001,
        0.0078431523,
        0.008004869299999998,
        0.0076161693,
        0.007767729300000001,
        0.0079675773,
        0.0076692243,
        0.007525364299999999,
        0.0074381223,
        0.0075707653,
        0.0077777033,
        0.0076330283,
        0.007682172300000001,
        0.0085476513,
        0.0077832163000000005,
        0.0080109053,
        0.007747829299999999,
        0.0075593973,
        0.0076129263,
        0.0075617183,
        0.007814358300000001,
        0.0076863553,
        0.0078289783,
        0.007648509299999999,
        0.008080842299999998,
        0.008108104299999998,
        0.0078687053,
        0.0078431713,
        0.0075440203,
        0.0077740773,
        0.007877898299999998,
        0.007286639300000001,
        0.0074218373,
        0.007755736300000001,
        0.007597656299999999,
        0.0078697733,
        0.007880160300000001,
        0.007947656300000001,
        0.0076935993,
        0.007745430300000001,
        0.0077859753,
        0.0076621723,
        0.0077394033,
        0.0077919073,
        0.007849127300000001,
        0.007838621300000001,
        0.0072156973,
        0.0074956923,
        0.007725800299999999,
        0.0076743103,
        0.0080282253,
        0.0078346033,
        0.0076387953,
        0.007745720300000001,
        0.0076228313,
        0.007768127299999999,
        0.007753919299999999,
        0.0077138713,
        0.0078813703,
        0.007934715299999999,
        0.0079590483,
        0.0077570632999999995,
        0.007667687300000001,
        0.007827442300000001,
        0.0078714563,
        0.0078242283,
        0.007678269299999999,
        0.0077751333,
        0.0078415103,
        0.0079118673,
        0.0076694223,
        0.0075867003,
        0.007748805300000001,
        0.008319632300000001,
        0.007380079299999999,
        0.007365509300000001,
        0.007671698300000001,
        0.007704187299999999,
        0.0079293483,
        0.007857339299999998,
        0.0078071303,
        0.0073188953,
        0.0075521743,
        0.0078628523,
        0.0078513393,
        0.0077143863
      ],
      "exit_codes": [
        0,
        0,
        0,
        0,
        0,
        0,
        0,
        0,
        0,
        0,
        0,
        0,
        0,
        0,
        0,
        0,
        0,
        0,
        0,
        0,
        0,
        0,
        0,
        0,
        0,
        0,
        0,
        0,
        0,
        0,
        0,
        0,
        0,
        0,
        0,
        0,
        0,
        0,
        0,
        0,
        0,
        0,
        0,
        0,
        0,
        0,
        0,
        0,
        0,
        0,
        0,
        0,
        0,
        0,
        0,
        0,
        0,
        0,
        0,
        0,
        0,
        0,
        0,
        0,
        0,
        0,
        0,
        0,
        0,
        0,
        0,
        0,
        0,
        0,
        0,
        0,
        0,
        0,
        0,
        0,
        0,
        0,
        0,
        0,
        0,
        0,
        0,
        0,
        0,
        0,
        0,
        0,
        0,
        0,
        0,
        0,
        0,
        0,
        0,
        0
      ]
    }
  ]
}
