{
  "results": [
    {
      "command": "out/20220731101132/contention 64 10000",
      "mean": 0.00477258575,
      "stddev": 0.0002094504725428669,
      "median": 0.00478635946,
      "user": 0.01032511,
      "system": 0.004112669999999998,
      "min": 0.00430823046,
      "max": 0.005654991460000001,
      "times": [
        0.00495967946,
        0.00466901646,
        0.00443499046,
        0.00443548946,
        0.0047207184599999995,
        0.00497922646,
        0.00482567946,
        0.00497384146,
        0.00480113346,
        0.00467008846,
        0.00463775046,
        0.00484618946,
        0.005654991460000001,
        0.00472635846,
        0.00438068846,
        0.00488938646,
        0.0046318674599999995,
        0.00476729946,
        0.00476487446,
        0.0048053954599999995,
        0.00460224246,
        0.00433035746,
        0.00488033046,
        0.00477472446,
        0.0046448114599999995,
        0.00494230746,
        0.00490737746,
        0.00496743846,
        0.00458232546,
        0.00439447846,
        0.00478771746,
        0.00486799146,
        0.00445019146,
        0.00436104846,
        0.00478697646,
        0.00465677246,
        0.00468183846,
        0.00467755346,
        0.00481508946,
        0.00470587346,
        0.00529402146,
        0.00469296646,
        0.00483644246,
        0.00478574246,
        0.00486470146,
        0.00476725946,
        0.00481857746,
        0.00468717546,
        0.00480168146,
        0.00482039146,
        0.00503283846,
        0.00485056846,
        0.00478849946,
        0.00493865246,
        0.00456709746,
        0.00430823046,
        0.00439662646,
        0.00468749746,
        0.00485897646,
        0.00515976946,
        0.00502773346,
        0.0046800344599999995,
        0.00463649046,
        0.00466769546,
        0.00472230846,
        0.0047892974599999995,
        0.00471642046,
        0.00506857746,
        0.0050283594599999995,
        0.00484653046,
        0.00474773446,
        0.00471872746,
        0.00462295446,
        0.00465768046,
        0.00489228946,
        0.00494483746,
        0.00476795346,
        0.0048847284599999995,
        0.00466478546,
        0.00485998146,
        0.00464124846,
        0.00483473746,
        0.00492433346,
        0.00487092946,
        0.00499794846,
        0.00498601546,
        0.00482988646,
        0.00491637046,
        0.00519430046,
        0.00453709646,
        0.00435976046,
        0.00472032346,
        0.00483202146,
        0.00496289446,
        0.00477354546,
        0.00490241746,
        0.00472020146,
        0.00468759346,
        0.00486477846,
        0.00440722446
      ],
      "exit_codes": [
        0,
        0,
        0,
        0,
        0,
        0,
        0,
        0,
        0,
        0,
        0,
        0,
        0,
        0,
        0,
        0,
        0,
        0,
        0,
        0,
        0,
        0,
        0,
        0,
        0,
        0,
        0,
        0,
        0,
        0,
        0,
        0,
        0,
        0,
        0,
        0,
        0,
        0,
        0,
        0,
        0,
        0,
        0,
        0,
        0,
        0,
        0,
        0,
        0,
        0,
        0,
        0,
        0,
        0,
        0,
        0,
        0,
        0,
        0,
        0,
        0,
        0,
        0,
        0,
        0,
        0,
        0,
        0,
        0,
        0,
        0,
        0,
        0,
        0,
        0,
        0,
        0,
        0,
        0,
        0,
        0,
        0,
        0,
        0,
        0,
        0,
        0,
        0,
        0,
        0,
        0,
        0,
        0,
        0,
        0,
        0,
        0,
        0,
        0,
        0
      ]
    }
  ]
}
