{
  "results": [
    {
      "command": "out/20220731101132/contention 64 10000",
      "mean": 0.004400689989999999,
      "stddev": 0.0001643483649190608,
      "median": 0.004380251359999999,
      "user": 0.00916885,
      "system": 0.0033391400000000004,
      "min": 0.00380726286,
      "max": 0.0048109808599999995,
      "times": [
        0.00415064786,
        0.0041906378600000006,
        0.00436008886,
        0.004241819859999999,
        0.00432454386,
        0.004653069859999999,
        0.004654671859999999,
        0.0043286978599999994,
        0.0043563668600000004,
        0.0042480778599999994,
        0.00419451786,
        0.00434470386,
        0.004803259859999999,
        0.004576045859999999,
        0.004452119859999999,
        0.00423969186,
        0.00423291286,
        0.004506841859999999,
        0.0043755398599999995,
        0.0043003148599999996,
        0.004610667860000001,
        0.00438282986,
        0.0041541838600000006,
        0.004145696859999999,
        0.00440041486,
        0.0042631108600000005,
        0.004192274859999999,
        0.004550262859999999,
        0.00460301686,
        0.0044604028600000005,
        0.00445694686,
        0.00473490786,
        0.0044977698600000005,
        0.00447130586,
        0.004311010860000001,
        0.004427381859999999,
        0.004287181859999999,
        0.004377672859999999,
        0.00435825286,
        0.004491783859999999,
        0.00456450586,
        0.004529519859999999,
        0.00441793886,
        0.00436779086,
        0.00456346486,
        0.0045230578600000005,
        0.00433295086,
        0.0042636698599999995,
        0.00438424586,
        0.00458675586,
        0.00442271686,
        0.00472112586,
        0.004451496859999999,
        0.00431542486,
        0.004286885859999999,
        0.004474609859999999,
        0.00434850386,
        0.00437580886,
        0.00466413486,
        0.004263581859999999,
        0.00441364986,
        0.00436902286,
        0.00429540086,
        0.0045080788600000005,
        0.00436434086,
        0.004223376859999999,
        0.0043716838599999995,
        0.00439957486,
        0.00453532886,
        0.004320560859999999,
        0.004628760859999999,
        0.004436408859999999,
        0.00434954886,
        0.00463786186,
        0.0041719828599999995,
        0.004391290859999999,
        0.0043535918600000004,
        0.00440677186,
        0.00465043486,
        0.00442749286,
        0.004570347860000001,
        0.004212448860000001,
        0.00380726286,
        0.00416413486,
        0.004402413859999999,
        0.0048109808599999995,
        0.004496516859999999,
        0.004358600859999999,
        0.004418371859999999,
        0.00421560686,
        0.004184424859999999,
        0.00436908886,
        0.0044809238599999995,
        0.004213011859999999,
        0.00459453586,
        0.0043293088600000005,
        0.00422725786,
        0.0042824818599999995,
        0.004483316859999999,
        0.004622960860000001
      ],
      "exit_codes": [
        0,
        0,
        0,
        0,
        0,
        0,
        0,
        0,
        0,
        0,
        0,
        0,
        0,
        0,
        0,
        0,
        0,
        0,
        0,
        0,
        0,
        0,
        0,
        0,
        0,
        0,
        0,
        0,
        0,
        0,
        0,
        0,
        0,
        0,
        0,
        0,
        0,
        0,
        0,
        0,
        0,
        0,
        0,
        0,
        0,
        0,
        0,
        0,
        0,
        0,
        0,
        0,
        0,
        0,
        0,
        0,
        0,
        0,
        0,
        0,
        0,
        0,
        0,
        0,
        0,
        0,
        0,
        0,
        0,
        0,
        0,
        0,
        0,
        0,
        0,
        0,
        0,
        0,
        0,
        0,
        0,
        0,
        0,
        0,
        0,
        0,
        0,
        0,
        0,
        0,
        0,
        0,
        0,
        0,
        0,
        0,
        0,
        0,
        0,
        0
      ]
    }
  ]
}
