{
  "results": [
    {
      "command": "out/20220731101132/contention 8 10000",
      "mean": 0.0038722219899999994,
      "stddev": 0.0001948808743516162,
      "median": 0.0038488280000000003,
      "user": 0.007807570000000001,
      "system": 0.0012324499999999997,
      "min": 0.0033900715000000003,
      "max": 0.004471326500000001,
      "times": [
        0.0035540535000000003,
        0.0036390325,
        0.0038510805000000004,
        0.0038676105000000002,
        0.0037930785000000007,
        0.004108111500000001,
        0.0041498625,
        0.0040871735,
        0.0037565455000000006,
        0.0038465755000000003,
        0.0044126405,
        0.0038843735000000006,
        0.0039156635,
        0.0037477975000000004,
        0.0038296685000000002,
        0.003996404500000001,
        0.0038847465000000003,
        0.0036413705000000003,
        0.003734549500000001,
        0.0038739735000000008,
        0.0040022585000000005,
        0.0037139205000000005,
        0.004206350500000001,
        0.0038639995000000005,
        0.0037739775,
        0.0037003205000000006,
        0.0036104415000000004,
        0.003967997500000001,
        0.003937630500000001,
        0.0042090425,
        0.004328079500000001,
        0.0035008185000000008,
        0.0033900715000000003,
        0.0038156265000000005,
        0.0039195785000000006,
        0.003941567500000001,
        0.0041118825000000005,
        0.0043305245,
        0.003881245500000001,
        0.003866976500000001,
        0.0037556165000000004,
        0.0037184445,
        0.0037508645,
        0.0039567215000000005,
        0.0037822355000000007,
        0.003976526500000001,
        0.003940624500000001,
        0.0038597135000000005,
        0.0038325595000000007,
        0.0037672795000000007,
        0.004356139500000001,
        0.0039156905,
        0.003846302500000001,
        0.0038309695000000006,
        0.0036381535000000005,
        0.004471326500000001,
        0.0038626705,
        0.0035547135000000007,
        0.0037726565000000007,
        0.0038285365,
        0.0037774085,
        0.0039091465,
        0.0038258965000000002,
        0.003949134500000001,
        0.003801841500000001,
        0.0036014725000000003,
        0.003974702500000001,
        0.0038917825000000005,
        0.0036216785000000003,
        0.0037948585000000005,
        0.0038393405000000007,
        0.0036830715,
        0.0036173215000000003,
        0.003843794500000001,
        0.0040760365000000005,
        0.003757240500000001,
        0.0037839015000000007,
        0.003919100500000001,
        0.0041967275000000005,
        0.0038054985000000006,
        0.0042340355,
        0.0038076245000000005,
        0.0038691855000000004,
        0.0037155485000000005,
        0.0037504145000000003,
        0.0037593995000000007,
        0.0038956535000000004,
        0.0036601655000000006,
        0.0036350405000000006,
        0.0037854745,
        0.0038074815000000003,
        0.003934814500000001,
        0.0039123695,
        0.0040909895,
        0.004036696500000001,
        0.0038637275000000006,
        0.003984309500000001,
        0.0037757175000000002,
        0.0038876965,
        0.0040815325
      ],
      "exit_codes": [
        0,
        0,
        0,
        0,
        0,
        0,
        0,
        0,
        0,
        0,
        0,
        0,
        0,
        0,
        0,
        0,
        0,
        0,
        0,
        0,
        0,
        0,
        0,
        0,
        0,
        0,
        0,
        0,
        0,
        0,
        0,
        0,
        0,
        0,
        0,
        0,
        0,
        0,
        0,
        0,
        0,
        0,
        0,
        0,
        0,
        0,
        0,
        0,
        0,
        0,
        0,
        0,
        0,
        0,
        0,
        0,
        0,
        0,
        0,
        0,
        0,
        0,
        0,
        0,
        0,
        0,
        0,
        0,
        0,
        0,
        0,
        0,
        0,
        0,
        0,
        0,
        0,
        0,
        0,
        0,
        0,
        0,
        0,
        0,
        0,
        0,
        0,
        0,
        0,
        0,
        0,
        0,
        0,
        0,
        0,
        0,
        0,
        0,
        0,
        0
      ]
    }
  ]
}
