{
  "results": [
    {
      "command": "out/20220731101132/contention 16 100",
      "mean": 0.0029890435300000003,
      "stddev": 0.00015925472011173983,
      "median": 0.00298206204,
      "user": 0.001401469999999999,
      "system": 0.0016307300000000008,
      "min": 0.0025673990399999996,
      "max": 0.00364155004,
      "times": [
        0.0026771350399999996,
        0.0028521400400000002,
        0.00302094404,
        0.00295172904,
        0.0029635100399999998,
        0.00301658704,
        0.0029060330399999995,
        0.00280508404,
        0.0028187340399999997,
        0.0030022270399999995,
        0.0027623790399999995,
        0.0027798940399999996,
        0.00277960004,
        0.00364155004,
        0.0031272720400000002,
        0.0029412300400000002,
        0.0028216950399999998,
        0.0029234770399999997,
        0.0028518410399999998,
        0.0027773960399999995,
        0.0030907250399999997,
        0.00301915304,
        0.0033389200400000003,
        0.0030180050399999997,
        0.0029980890399999996,
        0.00308288204,
        0.00298371904,
        0.0030315310400000003,
        0.0029352730400000002,
        0.0030214390399999997,
        0.0030061750399999997,
        0.00288507504,
        0.0032118830400000003,
        0.0031907090399999997,
        0.0029579540400000003,
        0.00294640004,
        0.00297281704,
        0.00318389504,
        0.00316672404,
        0.0029080040400000003,
        0.00276796104,
        0.0029077530399999997,
        0.0032345770399999996,
        0.0030919860399999995,
        0.0025673990399999996,
        0.00278148804,
        0.0027774770400000003,
        0.00297695804,
        0.0031503140400000003,
        0.00301578004,
        0.00316555204,
        0.0028345110400000003,
        0.0029699450399999997,
        0.00313140504,
        0.00301400804,
        0.0029047760400000002,
        0.00282425204,
        0.00305705204,
        0.00314935204,
        0.0032537580399999997,
        0.0028314620399999997,
        0.00274650104,
        0.0028510420399999997,
        0.0029033390400000003,
        0.0028840040399999997,
        0.00304716004,
        0.00329255004,
        0.00293898104,
        0.0030733830399999997,
        0.0031842270400000003,
        0.0031003420399999997,
        0.00298762104,
        0.0030839790399999996,
        0.00290182704,
        0.0029351190399999998,
        0.00307022004,
        0.0031026330400000003,
        0.0028434690400000002,
        0.0030834220399999996,
        0.0031007260399999997,
        0.00308538904,
        0.0029026150399999997,
        0.0029575960399999997,
        0.0031527620399999998,
        0.00288849404,
        0.0027468580400000003,
        0.0030467970400000002,
        0.00305883704,
        0.0032633520399999996,
        0.00290092404,
        0.0029766080400000002,
        0.00308284304,
        0.0030841670400000003,
        0.00292719204,
        0.00279374504,
        0.00289562604,
        0.00298040504,
        0.00299298304,
        0.00306462204,
        0.0031943940399999995
      ],
      "exit_codes": [
        0,
        0,
        0,
        0,
        0,
        0,
        0,
        0,
        0,
        0,
        0,
        0,
        0,
        0,
        0,
        0,
        0,
        0,
        0,
        0,
        0,
        0,
        0,
        0,
        0,
        0,
        0,
        0,
        0,
        0,
        0,
        0,
        0,
        0,
        0,
        0,
        0,
        0,
        0,
        0,
        0,
        0,
        0,
        0,
        0,
        0,
        0,
        0,
        0,
        0,
        0,
        0,
        0,
        0,
        0,
        0,
        0,
        0,
        0,
        0,
        0,
        0,
        0,
        0,
        0,
        0,
        0,
        0,
        0,
        0,
        0,
        0,
        0,
        0,
        0,
        0,
        0,
        0,
        0,
        0,
        0,
        0,
        0,
        0,
        0,
        0,
        0,
        0,
        0,
        0,
        0,
        0,
        0,
        0,
        0,
        0,
        0,
        0,
        0,
        0
      ]
    }
  ]
}
