{
  "results": [
    {
      "command": "out/20220731101132/contention 1024 100",
      "mean": 0.023666719789999995,
      "stddev": 0.0007883323095981612,
      "median": 0.02375832404,
      "user": 0.0080287,
      "system": 0.036216689999999996,
      "min": 0.02186160854,
      "max": 0.02585446354,
      "times": [
        0.02250882354,
        0.02186160854,
        0.02219371654,
        0.02297739454,
        0.02386177654,
        0.02211518354,
        0.02300390354,
        0.02389822754,
        0.023155751540000002,
        0.02305780754,
        0.02343541754,
        0.02494485054,
        0.02300181854,
        0.02418070854,
        0.02308079454,
        0.02373750154,
        0.02444657754,
        0.02446072954,
        0.02342306154,
        0.02384769954,
        0.02429041554,
        0.02329891754,
        0.02259371954,
        0.02368681554,
        0.02328002254,
        0.02254522654,
        0.02468757854,
        0.02240183354,
        0.02362231754,
        0.02440925854,
        0.02337201554,
        0.02365720354,
        0.02342514754,
        0.02308358654,
        0.02434826154,
        0.02487729654,
        0.02390132254,
        0.02454236554,
        0.02258686754,
        0.02433761654,
        0.02235672854,
        0.02380988154,
        0.02442173554,
        0.02402006854,
        0.02377914654,
        0.02513846454,
        0.02336530254,
        0.02398242054,
        0.02443739654,
        0.02356719154,
        0.02290806654,
        0.02343434354,
        0.02405381054,
        0.02437145454,
        0.02456773554,
        0.02386683754,
        0.02440284354,
        0.02445433554,
        0.02404635554,
        0.02280934154,
        0.02341080354,
        0.02471753654,
        0.02363413054,
        0.02409724054,
        0.02269640254,
        0.02321749254,
        0.02395261354,
        0.02241814054,
        0.02391934954,
        0.02267124254,
        0.02373012754,
        0.02448196154,
        0.02439759254,
        0.02322939154,
        0.02460385554,
        0.02336610254,
        0.02271234954,
        0.02450685054,
        0.023031845540000002,
        0.02332595754,
        0.02307940754,
        0.02394135254,
        0.02380688454,
        0.02381346754,
        0.02262092554,
        0.02495942954,
        0.02384380054,
        0.02495411554,
        0.02219439154,
        0.02281399654,
        0.02366825654,
        0.02379301754,
        0.02585446354,
        0.02268804154,
        0.02433326154,
        0.02301694554,
        0.02425146154,
        0.02446509654,
        0.02401211754,
        0.024505956540000002
      ],
      "exit_codes": [
        0,
        0,
        0,
        0,
        0,
        0,
        0,
        0,
        0,
        0,
        0,
        0,
        0,
        0,
        0,
        0,
        0,
        0,
        0,
        0,
        0,
        0,
        0,
        0,
        0,
        0,
        0,
        0,
        0,
        0,
        0,
        0,
        0,
        0,
        0,
        0,
        0,
        0,
        0,
        0,
        0,
        0,
        0,
        0,
        0,
        0,
        0,
        0,
        0,
        0,
        0,
        0,
        0,
        0,
        0,
        0,
        0,
        0,
        0,
        0,
        0,
        0,
        0,
        0,
        0,
        0,
        0,
        0,
        0,
        0,
        0,
        0,
        0,
        0,
        0,
        0,
        0,
        0,
        0,
        0,
        0,
        0,
        0,
        0,
        0,
        0,
        0,
        0,
        0,
        0,
        0,
        0,
        0,
        0,
        0,
        0,
        0,
        0,
        0,
        0
      ]
    }
  ]
}
