{
  "results": [
    {
      "command": "out/20220731101132/contention 4 10",
      "mean": 0.0031068065700000013,
      "stddev": 0.00016997968838974815,
      "median": 0.0031060241400000005,
      "user": 0.0016289399999999997,
      "system": 0.0013161100000000003,
      "min": 0.002689090140000001,
      "max": 0.0035287541400000006,
      "times": [
        0.0029073341400000004,
        0.0029353181400000004,
        0.003057941140000001,
        0.0030557401400000007,
        0.003446665140000001,
        0.0030837261400000005,
        0.003154997140000001,
        0.0028382671400000005,
        0.0029161501400000005,
        0.002911764140000001,
        0.003115239140000001,
        0.003074471140000001,
        0.0029400521400000006,
        0.002863490140000001,
        0.002854364140000001,
        0.0030648201400000005,
        0.003175949140000001,
        0.003277616140000001,
        0.003200328140000001,
        0.0029500331400000007,
        0.003033177140000001,
        0.003031002140000001,
        0.002931995140000001,
        0.0032626691400000005,
        0.0031694481400000004,
        0.0035287541400000006,
        0.003159436140000001,
        0.003274635140000001,
        0.0031347701400000006,
        0.003135326140000001,
        0.0029004511400000004,
        0.003010212140000001,
        0.003284822140000001,
        0.003230709140000001,
        0.003346755140000001,
        0.0031908601400000005,
        0.002961368140000001,
        0.002769860140000001,
        0.002689090140000001,
        0.003153891140000001,
        0.0033311751400000008,
        0.003057058140000001,
        0.0030624571400000005,
        0.002778437140000001,
        0.0031094571400000007,
        0.0030048211400000007,
        0.002989408140000001,
        0.002939293140000001,
        0.003210040140000001,
        0.003097514140000001,
        0.0031735391400000007,
        0.0032415091400000004,
        0.0030008781400000005,
        0.002915554140000001,
        0.0028304631400000004,
        0.0030259581400000008,
        0.002979389140000001,
        0.0031047461400000005,
        0.0032265181400000006,
        0.002964229140000001,
        0.0031088281400000004,
        0.0029573271400000004,
        0.002962306140000001,
        0.002992333140000001,
        0.0029865961400000005,
        0.002926768140000001,
        0.0031512681400000008,
        0.0034717051400000006,
        0.003272212140000001,
        0.003333638140000001,
        0.003469674140000001,
        0.003322403140000001,
        0.003092617140000001,
        0.003122567140000001,
        0.0031525031400000004,
        0.003296792140000001,
        0.0032065871400000006,
        0.0028625451400000005,
        0.0030550861400000006,
        0.0034012521400000007,
        0.003104246140000001,
        0.003118210140000001,
        0.002992270140000001,
        0.0029428071400000007,
        0.003076903140000001,
        0.0030610461400000007,
        0.0032511091400000006,
        0.0032401311400000006,
        0.0033446171400000006,
        0.003250520140000001,
        0.003285245140000001,
        0.003122501140000001,
        0.0031073941400000006,
        0.0031073021400000005,
        0.003452297140000001,
        0.0033042461400000006,
        0.0032886561400000012,
        0.003282358140000001,
        0.003124183140000001,
        0.003013658140000001
      ],
      "exit_codes": [
        0,
        0,
        0,
        0,
        0,
        0,
        0,
        0,
        0,
        0,
        0,
        0,
        0,
        0,
        0,
        0,
        0,
        0,
        0,
        0,
        0,
        0,
        0,
        0,
        0,
        0,
        0,
        0,
        0,
        0,
        0,
        0,
        0,
        0,
        0,
        0,
        0,
        0,
        0,
        0,
        0,
        0,
        0,
        0,
        0,
        0,
        0,
        0,
        0,
        0,
        0,
        0,
        0,
        0,
        0,
        0,
        0,
        0,
        0,
        0,
        0,
        0,
        0,
        0,
        0,
        0,
        0,
        0,
        0,
        0,
        0,
        0,
        0,
        0,
        0,
        0,
        0,
        0,
        0,
        0,
        0,
        0,
        0,
        0,
        0,
        0,
        0,
        0,
        0,
        0,
        0,
        0,
        0,
        0,
        0,
        0,
        0,
        0,
        0,
        0
      ]
    }
  ]
}
