{
  "results": [
    {
      "command": "out/20220731101132/contention 256 1000",
      "mean": 0.007041712090000001,
      "stddev": 0.00019337148277884716,
      "median": 0.006994627559999999,
      "user": 0.0035780299999999985,
      "system": 0.0075540300000000015,
      "min": 0.0066057020599999995,
      "max": 0.007576073059999999,
      "times": [
        0.00688709406,
        0.00685359306,
        0.006881197059999998,
        0.007338883059999999,
        0.0069117350599999985,
        0.007170231059999999,
        0.00698778106,
        0.00685926106,
        0.007141218059999999,
        0.007576073059999999,
        0.006970032059999999,
        0.006913122059999999,
        0.006956954059999999,
        0.006881021059999999,
        0.0072354720599999995,
        0.007043462059999998,
        0.006826899059999999,
        0.006800200059999999,
        0.0069168250599999995,
        0.007366118059999999,
        0.007078040059999999,
        0.006975201059999998,
        0.00678987006,
        0.006937279059999999,
        0.00730163006,
        0.007178194059999999,
        0.007083108059999999,
        0.006925286059999999,
        0.0069689040599999995,
        0.006904061059999999,
        0.00719492706,
        0.006953128059999999,
        0.0070160690599999995,
        0.006921865059999999,
        0.006840220059999999,
        0.007386565059999999,
        0.007061169059999999,
        0.0066057020599999995,
        0.007046850059999998,
        0.00727277906,
        0.007233472059999999,
        0.007133061059999999,
        0.0069957640599999996,
        0.007106139059999999,
        0.006910781059999999,
        0.0071155010599999995,
        0.00717978406,
        0.00676952906,
        0.007159929059999999,
        0.00713856406,
        0.00689172706,
        0.006937536059999999,
        0.007070321059999999,
        0.006960995059999999,
        0.0071744240599999985,
        0.0071641380599999985,
        0.007469018059999999,
        0.007074711059999999,
        0.00704047006,
        0.007021007059999999,
        0.006915712059999999,
        0.00729038106,
        0.007048333059999998,
        0.00695841606,
        0.007159351059999999,
        0.00696989506,
        0.006887910059999999,
        0.00719394506,
        0.00672407106,
        0.006831539059999999,
        0.006821147059999999,
        0.006742387059999999,
        0.00736406106,
        0.00706674006,
        0.006896429059999999,
        0.006928456059999999,
        0.00681448906,
        0.0072523230599999995,
        0.007488904059999999,
        0.007276158059999999,
        0.007171856059999999,
        0.0068734090599999985,
        0.00691114906,
        0.0072354820599999994,
        0.007368443059999999,
        0.00685547806,
        0.006878003059999999,
        0.006650607059999999,
        0.00737728306,
        0.006993491059999999,
        0.0069305550599999995,
        0.00693751206,
        0.0072377690599999996,
        0.007124657059999999,
        0.0068809740599999995,
        0.007047356059999999,
        0.006974255059999998,
        0.00694118306,
        0.007412141059999999,
        0.00723406406
      ],
      "exit_codes": [
        0,
        0,
        0,
        0,
        0,
        0,
        0,
        0,
        0,
        0,
        0,
        0,
        0,
        0,
        0,
        0,
        0,
        0,
        0,
        0,
        0,
        0,
        0,
        0,
        0,
        0,
        0,
        0,
        0,
        0,
        0,
        0,
        0,
        0,
        0,
        0,
        0,
        0,
        0,
        0,
        0,
        0,
        0,
        0,
        0,
        0,
        0,
        0,
        0,
        0,
        0,
        0,
        0,
        0,
        0,
        0,
        0,
        0,
        0,
        0,
        0,
        0,
        0,
        0,
        0,
        0,
        0,
        0,
        0,
        0,
        0,
        0,
        0,
        0,
        0,
        0,
        0,
        0,
        0,
        0,
        0,
        0,
        0,
        0,
        0,
        0,
        0,
        0,
        0,
        0,
        0,
        0,
        0,
        0,
        0,
        0,
        0,
        0,
        0,
        0
      ]
    }
  ]
}
