{
  "results": [
    {
      "command": "out/20220731101132/contention 128 1000",
      "mean": 0.00514070033,
      "stddev": 0.00034652853209303665,
      "median": 0.0051054388,
      "user": 0.004321269999999999,
      "system": 0.006355359999999999,
      "min": 0.004514307799999999,
      "max": 0.0065164978,
      "times": [
        0.005973406800000001,
        0.0051338658,
        0.0048870497999999995,
        0.005189205799999999,
        0.0051063867999999995,
        0.005160140799999999,
        0.005156814799999999,
        0.0054097238,
        0.0052596998,
        0.0046890258,
        0.0045662888,
        0.0052153268,
        0.0051044908,
        0.005149729799999999,
        0.005841429800000001,
        0.0047067658,
        0.0046347708,
        0.0051006668000000005,
        0.0050993767999999995,
        0.005403394800000001,
        0.005262060799999999,
        0.0048227158,
        0.0046039258,
        0.004964954799999999,
        0.005150371799999999,
        0.005256790799999999,
        0.0049999998,
        0.004668197799999999,
        0.0049647957999999996,
        0.0051376918,
        0.0050814958,
        0.005084127799999999,
        0.005117618799999999,
        0.0050205957999999995,
        0.0051556508,
        0.0049221048,
        0.004514307799999999,
        0.0050860538,
        0.005112896799999999,
        0.0054480247999999995,
        0.004970962799999999,
        0.0052937668,
        0.0048330448,
        0.004573755799999999,
        0.0050392088,
        0.0050622858,
        0.0050960148,
        0.0052634828,
        0.0052186608,
        0.0051177158,
        0.0050684148000000005,
        0.005184541799999999,
        0.0050520897999999995,
        0.0051648148000000005,
        0.0054238568,
        0.004726053799999999,
        0.004620379799999999,
        0.0051410048,
        0.0050986698,
        0.0050309298,
        0.0050118008000000006,
        0.0053334048,
        0.0050707168,
        0.0049089167999999996,
        0.0054949097999999995,
        0.0051770628,
        0.0049272668,
        0.0065164978,
        0.0064588388,
        0.004871474799999999,
        0.0052716968,
        0.0061903528,
        0.004955884799999999,
        0.0054529378,
        0.0049973477999999995,
        0.0048434258,
        0.0051497978,
        0.0054510888,
        0.004851762799999999,
        0.004998554799999999,
        0.005841979800000001,
        0.005396120800000001,
        0.005402076800000001,
        0.0049369188000000005,
        0.004754690799999999,
        0.0055072348,
        0.0053134028,
        0.004977392799999999,
        0.0054279298,
        0.0048184657999999995,
        0.0049830178,
        0.0054581987999999994,
        0.0049173737999999995,
        0.005205700799999999,
        0.005468102800000001,
        0.004988430800000001,
        0.004902025799999999,
        0.0052474288000000004,
        0.005137063799999999,
        0.0053111388
      ],
      "exit_codes": [
        0,
        0,
        0,
        0,
        0,
        0,
        0,
        0,
        0,
        0,
        0,
        0,
        0,
        0,
        0,
        0,
        0,
        0,
        0,
        0,
        0,
        0,
        0,
        0,
        0,
        0,
        0,
        0,
        0,
        0,
        0,
        0,
        0,
        0,
        0,
        0,
        0,
        0,
        0,
        0,
        0,
        0,
        0,
        0,
        0,
        0,
        0,
        0,
        0,
        0,
        0,
        0,
        0,
        0,
        0,
        0,
        0,
        0,
        0,
        0,
        0,
        0,
        0,
        0,
        0,
        0,
        0,
        0,
        0,
        0,
        0,
        0,
        0,
        0,
        0,
        0,
        0,
        0,
        0,
        0,
        0,
        0,
        0,
        0,
        0,
        0,
        0,
        0,
        0,
        0,
        0,
        0,
        0,
        0,
        0,
        0,
        0,
        0,
        0,
        0
      ]
    }
  ]
}
