{
  "results": [
    {
      "command": "out/20220731101132/contention 2048 100000",
      "mean": 0.06923071914000004,
      "stddev": 0.001957539493061517,
      "median": 0.06928950564,
      "user": 0.06823502000000001,
      "system": 0.12078040000000005,
      "min": 0.06462118214,
      "max": 0.07382280814,
      "times": [
        0.06462118214,
        0.06646318514,
        0.06574535414,
        0.06777482214,
        0.06587781014,
        0.07046596014,
        0.06683365314,
        0.06760727214000001,
        0.06530079814,
        0.06916761414,
        0.06707223214000001,
        0.06707870814,
        0.06825680014,
        0.06821325214,
        0.07013564914,
        0.06774310114,
        0.06999069514,
        0.06833995514,
        0.07005093314000001,
        0.06680064614,
        0.06875044014000001,
        0.06583495414,
        0.06975071114,
        0.06776118514,
        0.06880073214,
        0.07165223514,
        0.07022518914,
        0.07181794214000001,
        0.06977485914,
        0.07273104414,
        0.06927491014,
        0.07147654614,
        0.06802492014,
        0.07073941214,
        0.06848211714,
        0.06987602514,
        0.06768537314,
        0.06905705814,
        0.06972055714,
        0.06881311214000001,
        0.07208558414,
        0.07161112714000001,
        0.07382280814,
        0.06972404314,
        0.07219936414,
        0.06811734514000001,
        0.07179821914000001,
        0.06937791114,
        0.07113515714,
        0.06752344314,
        0.07068346914,
        0.06865911614,
        0.06928261414,
        0.07134862614000001,
        0.06940089314,
        0.07245895514,
        0.07055669114,
        0.07297484214000001,
        0.06835168014000001,
        0.07231553914000001,
        0.06852013714,
        0.07142662414,
        0.06822174814,
        0.07097592814,
        0.06769700414,
        0.06997999214,
        0.06983234814,
        0.06890261714,
        0.07207162114,
        0.07081031314,
        0.07245350414,
        0.06955247414,
        0.07249353014,
        0.06978375414,
        0.07168282514,
        0.06968562714,
        0.06935318414000001,
        0.06501639314,
        0.06829156814000001,
        0.06732052514,
        0.06719271714,
        0.06929639714000001,
        0.06807794114,
        0.07089454614,
        0.06832460414000001,
        0.06965121714,
        0.06650353914,
        0.06891514014,
        0.06762137214,
        0.06956000114000001,
        0.06719213314,
        0.06803898614000001,
        0.06579885114,
        0.06771473514000001,
        0.06946654614,
        0.06881349714,
        0.07057380414,
        0.06723075214,
        0.07116120414,
        0.06975583414
      ],
      "exit_codes": [
        0,
        0,
        0,
        0,
        0,
        0,
        0,
        0,
        0,
        0,
        0,
        0,
        0,
        0,
        0,
        0,
        0,
        0,
        0,
        0,
        0,
        0,
        0,
        0,
        0,
        0,
        0,
        0,
        0,
        0,
        0,
        0,
        0,
        0,
        0,
        0,
        0,
        0,
        0,
        0,
        0,
        0,
        0,
        0,
        0,
        0,
        0,
        0,
        0,
        0,
        0,
        0,
        0,
        0,
        0,
        0,
        0,
        0,
        0,
        0,
        0,
        0,
        0,
        0,
        0,
        0,
        0,
        0,
        0,
        0,
        0,
        0,
        0,
        0,
        0,
        0,
        0,
        0,
        0,
        0,
        0,
        0,
        0,
        0,
        0,
        0,
        0,
        0,
        0,
        0,
        0,
        0,
        0,
        0,
        0,
        0,
        0,
        0,
        0,
        0
      ]
    }
  ]
}
