{
  "results": [
    {
      "command": "out/20220731101132/contention 512 100000",
      "mean": 0.01883015005000001,
      "stddev": 0.0013178767183041433,
      "median": 0.01866726278,
      "user": 0.08160247000000004,
      "system": 0.021681399999999993,
      "min": 0.017275623780000002,
      "max": 0.028052631780000004,
      "times": [
        0.017275623780000002,
        0.017831736780000003,
        0.017705188780000002,
        0.017869348780000002,
        0.01779760378,
        0.01781255278,
        0.01870496878,
        0.017443462780000002,
        0.01804091578,
        0.01827622378,
        0.01872190478,
        0.018449910780000002,
        0.018096628780000002,
        0.018640224780000002,
        0.01835696878,
        0.01805008278,
        0.018740191780000002,
        0.018472419780000002,
        0.01871644478,
        0.018570632780000002,
        0.018555017780000002,
        0.01835193278,
        0.018212750780000002,
        0.018607044780000002,
        0.01840057778,
        0.01844517278,
        0.01815219078,
        0.01847843278,
        0.01817910978,
        0.01830725478,
        0.018372117780000002,
        0.01856205178,
        0.018532790780000002,
        0.01824541578,
        0.01866932778,
        0.01870061278,
        0.01821619478,
        0.018783252780000002,
        0.01809609578,
        0.01852777878,
        0.018609192780000002,
        0.01841300678,
        0.018810877780000002,
        0.018551497780000002,
        0.01853030978,
        0.01828927978,
        0.01836892578,
        0.01902717178,
        0.02611146078,
        0.028052631780000004,
        0.02249718678,
        0.018500783780000002,
        0.018604815780000002,
        0.01887276878,
        0.018636876780000002,
        0.01903624778,
        0.018990171780000002,
        0.019766730780000002,
        0.01866519778,
        0.018814410780000002,
        0.01866503278,
        0.01868511778,
        0.01885399678,
        0.01874305578,
        0.01888714278,
        0.01886173578,
        0.01864100078,
        0.018889770780000002,
        0.01863698978,
        0.01877293878,
        0.018877860780000002,
        0.01904432878,
        0.01886839078,
        0.018713600780000002,
        0.01894842578,
        0.018686094780000002,
        0.01889990578,
        0.01889028678,
        0.019151108780000002,
        0.01863417678,
        0.01915678478,
        0.01930042078,
        0.019320059780000003,
        0.01894290778,
        0.01864294478,
        0.01883663878,
        0.01898983878,
        0.01858303478,
        0.01890043778,
        0.01880266178,
        0.019314813780000002,
        0.01906005578,
        0.018837579780000002,
        0.018633100780000002,
        0.018759542780000003,
        0.01900368678,
        0.01896817178,
        0.01922678178,
        0.01899941778,
        0.01926745778
      ],
      "exit_codes": [
        0,
        0,
        0,
        0,
        0,
        0,
        0,
        0,
        0,
        0,
        0,
        0,
        0,
        0,
        0,
        0,
        0,
        0,
        0,
        0,
        0,
        0,
        0,
        0,
        0,
        0,
        0,
        0,
        0,
        0,
        0,
        0,
        0,
        0,
        0,
        0,
        0,
        0,
        0,
        0,
        0,
        0,
        0,
        0,
        0,
        0,
        0,
        0,
        0,
        0,
        0,
        0,
        0,
        0,
        0,
        0,
        0,
        0,
        0,
        0,
        0,
        0,
        0,
        0,
        0,
        0,
        0,
        0,
        0,
        0,
        0,
        0,
        0,
        0,
        0,
        0,
        0,
        0,
        0,
        0,
        0,
        0,
        0,
        0,
        0,
        0,
        0,
        0,
        0,
        0,
        0,
        0,
        0,
        0,
        0,
        0,
        0,
        0,
        0,
        0
      ]
    }
  ]
}
