{
  "results": [
    {
      "command": "out/20220731101132/contention 1 100000",
      "mean": 0.04338554393000003,
      "stddev": 0.0009817356795801507,
      "median": 0.04298059630000001,
      "user": 0.04101505,
      "system": 0.0010644400000000003,
      "min": 0.0423663873,
      "max": 0.0473959573,
      "times": [
        0.0427651153,
        0.0432583683,
        0.0453296713,
        0.0453334223,
        0.0442329333,
        0.044215375300000005,
        0.0425175063,
        0.0433617103,
        0.0440593483,
        0.0451180793,
        0.042731628300000005,
        0.0428663383,
        0.0429110383,
        0.042749860300000005,
        0.0429553873,
        0.0473959573,
        0.0451795303,
        0.0432479193,
        0.0472316863,
        0.0425533263,
        0.0428903343,
        0.0446405343,
        0.043099894300000004,
        0.0435587923,
        0.044897552300000004,
        0.0437911343,
        0.042753105300000004,
        0.0429970073,
        0.0432447573,
        0.0426443123,
        0.045136740300000006,
        0.0426578683,
        0.042518329300000005,
        0.0428953973,
        0.0429568093,
        0.0432910013,
        0.0447521203,
        0.0429504303,
        0.0425606703,
        0.045164388300000004,
        0.0428549083,
        0.0427408983,
        0.0428254423,
        0.0440278423,
        0.0429264383,
        0.042943018300000003,
        0.042741636300000004,
        0.0432289633,
        0.0435101863,
        0.0430947693,
        0.0432410223,
        0.0425129853,
        0.0448182223,
        0.042727227300000004,
        0.0430543043,
        0.0429608963,
        0.0424256913,
        0.043012913300000004,
        0.0449165823,
        0.0428746843,
        0.0442662683,
        0.043438838300000004,
        0.0430105183,
        0.043199582300000004,
        0.042736928300000004,
        0.0425943093,
        0.0428747113,
        0.0430122243,
        0.043628275300000005,
        0.0428192083,
        0.0446728653,
        0.0429806163,
        0.0435760423,
        0.0451650003,
        0.0431505483,
        0.0426653363,
        0.0452856393,
        0.0429895413,
        0.0424574833,
        0.042965007300000004,
        0.0427741793,
        0.0429564473,
        0.0428605203,
        0.043690116300000005,
        0.0430370703,
        0.0428319333,
        0.042801867300000004,
        0.0427119813,
        0.0428246623,
        0.0429248313,
        0.0429002403,
        0.0425592723,
        0.042980576300000004,
        0.0426377463,
        0.0437194513,
        0.042852583300000004,
        0.0423663873,
        0.0425992383,
        0.043051539300000004,
        0.043130792300000005
      ],
      "exit_codes": [
        0,
        0,
        0,
        0,
        0,
        0,
        0,
        0,
        0,
        0,
        0,
        0,
        0,
        0,
        0,
        0,
        0,
        0,
        0,
        0,
        0,
        0,
        0,
        0,
        0,
        0,
        0,
        0,
        0,
        0,
        0,
        0,
        0,
        0,
        0,
        0,
        0,
        0,
        0,
        0,
        0,
        0,
        0,
        0,
        0,
        0,
        0,
        0,
        0,
        0,
        0,
        0,
        0,
        0,
        0,
        0,
        0,
        0,
        0,
        0,
        0,
        0,
        0,
        0,
        0,
        0,
        0,
        0,
        0,
        0,
        0,
        0,
        0,
        0,
        0,
        0,
        0,
        0,
        0,
        0,
        0,
        0,
        0,
        0,
        0,
        0,
        0,
        0,
        0,
        0,
        0,
        0,
        0,
        0,
        0,
        0,
        0,
        0,
        0,
        0
      ]
    }
  ]
}
