{
  "results": [
    {
      "command": "out/20220731101132/contention 4096 100",
      "mean": 0.19101773600000002,
      "stddev": 0.003206004481530707,
      "median": 0.19099491632,
      "user": 0.027345940000000003,
      "system": 0.31429149,
      "min": 0.18381522582,
      "max": 0.19743222182,
      "times": [
        0.18485318482000002,
        0.19266102982000002,
        0.19502550482,
        0.19398245582,
        0.19743222182,
        0.19630769882000002,
        0.19397143782,
        0.19138113682000002,
        0.18961963182000002,
        0.19127916982,
        0.19102661982000002,
        0.19202529882000002,
        0.19271524282000002,
        0.18612426882000002,
        0.19071360982000002,
        0.19315251682,
        0.19609194582,
        0.19468993582000002,
        0.19674460482,
        0.19432352782,
        0.19387403582,
        0.18752945482000002,
        0.18931167982000002,
        0.18771627982000003,
        0.18846570382000002,
        0.19023673182,
        0.18920865382000002,
        0.18772442382,
        0.18993210082,
        0.19330690182000002,
        0.19402960082,
        0.19685011682,
        0.19169504682000002,
        0.19370578482,
        0.19312547982,
        0.18667084782,
        0.18560620582,
        0.18502372682,
        0.18959453582000002,
        0.18381522582,
        0.18940215582,
        0.19267492182,
        0.19558057682000002,
        0.19193704582,
        0.19445145282,
        0.19559632782000003,
        0.19531200482000002,
        0.19426048082000003,
        0.19006459882,
        0.18692247682000002,
        0.19056934982,
        0.18779999582,
        0.18738716282,
        0.18795971082000001,
        0.18781496082000002,
        0.19264932882000002,
        0.19360511982,
        0.19619227782,
        0.19302030682000001,
        0.19351765882000002,
        0.19451196682000002,
        0.19284082982,
        0.19091621182000001,
        0.18539661082,
        0.18954730282,
        0.18850842282000002,
        0.18857189182,
        0.18824701982,
        0.18840973582,
        0.19100695982000002,
        0.18998969882000002,
        0.19174725082000002,
        0.19401884582,
        0.19173110982000002,
        0.19436793482,
        0.19048066582,
        0.18899168582,
        0.19175031482000002,
        0.19312350382000001,
        0.19008267482000002,
        0.18553256882000002,
        0.18626716082,
        0.18622448882,
        0.18999776382000003,
        0.19024182482000002,
        0.18948205082000003,
        0.19203173682000002,
        0.19433800182000002,
        0.18993947782,
        0.18986711082000002,
        0.19553718482000002,
        0.19444486582,
        0.19098287282,
        0.18790250682,
        0.18570479782000002,
        0.18603041182000002,
        0.19149558982,
        0.19315199282,
        0.19073934882000002,
        0.18935971082000003
      ],
      "exit_codes": [
        0,
        0,
        0,
        0,
        0,
        0,
        0,
        0,
        0,
        0,
        0,
        0,
        0,
        0,
        0,
        0,
        0,
        0,
        0,
        0,
        0,
        0,
        0,
        0,
        0,
        0,
        0,
        0,
        0,
        0,
        0,
        0,
        0,
        0,
        0,
        0,
        0,
        0,
        0,
        0,
        0,
        0,
        0,
        0,
        0,
        0,
        0,
        0,
        0,
        0,
        0,
        0,
        0,
        0,
        0,
        0,
        0,
        0,
        0,
        0,
        0,
        0,
        0,
        0,
        0,
        0,
        0,
        0,
        0,
        0,
        0,
        0,
        0,
        0,
        0,
        0,
        0,
        0,
        0,
        0,
        0,
        0,
        0,
        0,
        0,
        0,
        0,
        0,
        0,
        0,
        0,
        0,
        0,
        0,
        0,
        0,
        0,
        0,
        0,
        0
      ]
    }
  ]
}
