{
  "results": [
    {
      "command": "out/20220731101132/contention 8 1000000",
      "mean": 0.11222890332999999,
      "stddev": 0.0033758322815252485,
      "median": 0.11177314760000001,
      "user": 0.7537200900000001,
      "system": 0.0062046399999999965,
      "min": 0.10624993110000001,
      "max": 0.13235840310000002,
      "times": [
        0.10624993110000001,
        0.11116899210000002,
        0.10839441710000002,
        0.10986225210000002,
        0.10943781310000002,
        0.1140651371,
        0.10997842010000002,
        0.11039453710000001,
        0.1089638041,
        0.11046883810000001,
        0.11741317310000002,
        0.11171741110000001,
        0.10983038610000001,
        0.10879129810000002,
        0.11268771610000002,
        0.11387218410000001,
        0.1086092661,
        0.11024856810000001,
        0.11136200410000001,
        0.11404832810000001,
        0.11112254810000001,
        0.11022004210000001,
        0.1122707611,
        0.1091278511,
        0.11217368610000002,
        0.11240824210000001,
        0.11034749310000001,
        0.1090379171,
        0.11002402110000001,
        0.10942102310000001,
        0.11288892510000001,
        0.1103500391,
        0.11017478010000001,
        0.11143444610000001,
        0.11202780310000002,
        0.1106021221,
        0.11110156210000001,
        0.11026630710000002,
        0.11117198610000001,
        0.11287079810000002,
        0.1101673511,
        0.11208176010000001,
        0.1081450961,
        0.11130951310000001,
        0.11160813010000001,
        0.11229590210000001,
        0.11041449610000001,
        0.11201993710000001,
        0.11218994510000001,
        0.11177448410000002,
        0.11177181110000001,
        0.10956733710000001,
        0.1127341391,
        0.1094267091,
        0.1110628361,
        0.1206971081,
        0.11706861510000001,
        0.11039031410000001,
        0.11020521810000002,
        0.1105742261,
        0.11270723410000001,
        0.10934386210000001,
        0.11088703410000002,
        0.11001214510000001,
        0.1093254651,
        0.10997294010000001,
        0.11432678310000001,
        0.10983950910000001,
        0.11215438410000002,
        0.10962346610000001,
        0.11046469410000001,
        0.11006658610000002,
        0.11269228510000001,
        0.1136917181,
        0.11304079210000001,
        0.11506337510000002,
        0.11567509310000001,
        0.11303189110000002,
        0.11836669910000001,
        0.11603886410000001,
        0.11529012810000001,
        0.1149644191,
        0.13235840310000002,
        0.12506167910000002,
        0.1162406291,
        0.11284384110000001,
        0.11456126810000002,
        0.11297669110000001,
        0.11284222510000001,
        0.11281651210000002,
        0.11370551510000002,
        0.11338303610000001,
        0.11236516710000001,
        0.11468908810000002,
        0.11236292210000001,
        0.11306395310000002,
        0.11286663710000001,
        0.11323818610000001,
        0.11519072510000002,
        0.11363272610000001
      ],
      "exit_codes": [
        0,
        0,
        0,
        0,
        0,
        0,
        0,
        0,
        0,
        0,
        0,
        0,
        0,
        0,
        0,
        0,
        0,
        0,
        0,
        0,
        0,
        0,
        0,
        0,
        0,
        0,
        0,
        0,
        0,
        0,
        0,
        0,
        0,
        0,
        0,
        0,
        0,
        0,
        0,
        0,
        0,
        0,
        0,
        0,
        0,
        0,
        0,
        0,
        0,
        0,
        0,
        0,
        0,
        0,
        0,
        0,
        0,
        0,
        0,
        0,
        0,
        0,
        0,
        0,
        0,
        0,
        0,
        0,
        0,
        0,
        0,
        0,
        0,
        0,
        0,
        0,
        0,
        0,
        0,
        0,
        0,
        0,
        0,
        0,
        0,
        0,
        0,
        0,
        0,
        0,
        0,
        0,
        0,
        0,
        0,
        0,
        0,
        0,
        0,
        0
      ]
    }
  ]
}
