{
  "results": [
    {
      "command": "out/20220731101132/contention 128 10000",
      "mean": 0.005809088290000002,
      "stddev": 0.0003050750692708138,
      "median": 0.005807333080000001,
      "user": 0.01118294,
      "system": 0.006387639999999997,
      "min": 0.005135054080000001,
      "max": 0.00667115108,
      "times": [
        0.005895573080000001,
        0.00595603108,
        0.00561418208,
        0.005442276080000001,
        0.005927311080000001,
        0.00605730508,
        0.00552806208,
        0.00563373608,
        0.00586189208,
        0.005376713080000001,
        0.005597629080000001,
        0.00585484308,
        0.005632848080000001,
        0.00602280608,
        0.00555447408,
        0.005208070080000002,
        0.005561706080000001,
        0.005937253080000001,
        0.006041966080000001,
        0.006056117080000001,
        0.00576990508,
        0.00573034408,
        0.00552140508,
        0.0059652420800000005,
        0.00563910108,
        0.005850345080000001,
        0.005299162080000001,
        0.00558799508,
        0.0063028640800000015,
        0.00590358708,
        0.006162860080000001,
        0.00545121908,
        0.005637191080000001,
        0.006168679080000001,
        0.005890560080000001,
        0.005465573080000001,
        0.0058248720800000015,
        0.00593842908,
        0.005804159080000001,
        0.00551607508,
        0.00575822208,
        0.005685952080000001,
        0.00572207408,
        0.00571437608,
        0.005135054080000001,
        0.00564099908,
        0.006257904080000001,
        0.00610468208,
        0.005892432080000001,
        0.00623110908,
        0.005810507080000001,
        0.0059546840800000014,
        0.005934173080000001,
        0.0057566260800000005,
        0.00602968408,
        0.006232511080000001,
        0.005791246080000001,
        0.00529473408,
        0.00572340908,
        0.005403930080000001,
        0.00573634108,
        0.006084889080000001,
        0.005407064080000001,
        0.005372064080000001,
        0.00611529008,
        0.00589558808,
        0.005718415080000001,
        0.0060330580800000005,
        0.005595520080000001,
        0.00519532208,
        0.005909745080000001,
        0.005737747080000001,
        0.00567373908,
        0.00632481008,
        0.00667115108,
        0.005548431080000001,
        0.006156564080000001,
        0.00558966508,
        0.005354813080000001,
        0.0065175310800000014,
        0.006060349080000001,
        0.00587564808,
        0.005993542080000001,
        0.00577552508,
        0.00566972508,
        0.00584366308,
        0.00559586208,
        0.005484583080000001,
        0.005955371080000001,
        0.005900711080000001,
        0.006578480080000001,
        0.00582096308,
        0.00546636308,
        0.006428095080000001,
        0.006147581080000001,
        0.0056717560800000014,
        0.00564611108,
        0.00633622308,
        0.00593213408,
        0.00582372108
      ],
      "exit_codes": [
        0,
        0,
        0,
        0,
        0,
        0,
        0,
        0,
        0,
        0,
        0,
        0,
        0,
        0,
        0,
        0,
        0,
        0,
        0,
        0,
        0,
        0,
        0,
        0,
        0,
        0,
        0,
        0,
        0,
        0,
        0,
        0,
        0,
        0,
        0,
        0,
        0,
        0,
        0,
        0,
        0,
        0,
        0,
        0,
        0,
        0,
        0,
        0,
        0,
        0,
        0,
        0,
        0,
        0,
        0,
        0,
        0,
        0,
        0,
        0,
        0,
        0,
        0,
        0,
        0,
        0,
        0,
        0,
        0,
        0,
        0,
        0,
        0,
        0,
        0,
        0,
        0,
        0,
        0,
        0,
        0,
        0,
        0,
        0,
        0,
        0,
        0,
        0,
        0,
        0,
        0,
        0,
        0,
        0,
        0,
        0,
        0,
        0,
        0,
        0
      ]
    }
  ]
}
