{
  "results": [
    {
      "command": "out/20220731101132/contention 128 100",
      "mean": 0.004873658040000003,
      "stddev": 0.0002502527945127373,
      "median": 0.004892705940000001,
      "user": 0.0032636099999999997,
      "system": 0.006101409999999999,
      "min": 0.004332276440000001,
      "max": 0.00591165144,
      "times": [
        0.005022187440000001,
        0.00514516844,
        0.004897661440000001,
        0.00591165144,
        0.004699917440000001,
        0.0046337654400000015,
        0.005041852440000001,
        0.00524500944,
        0.005033093440000001,
        0.00467768644,
        0.00469412544,
        0.00531064744,
        0.00486245444,
        0.004979988440000001,
        0.004911694440000001,
        0.00485414344,
        0.00524062944,
        0.004864957440000001,
        0.004502441440000001,
        0.00516614244,
        0.00494512844,
        0.00491587244,
        0.00499076744,
        0.00495747344,
        0.004758934440000001,
        0.00446690844,
        0.00483825744,
        0.004881067440000001,
        0.00486101844,
        0.00484577844,
        0.00533891144,
        0.0044715334400000015,
        0.004673954440000001,
        0.005006699440000002,
        0.004951348440000001,
        0.00483705144,
        0.00483574644,
        0.00467471444,
        0.004508407440000001,
        0.004980868440000001,
        0.004889389440000001,
        0.004985529440000001,
        0.0048138074400000015,
        0.004895865440000001,
        0.00463677344,
        0.00460303544,
        0.0048256114400000005,
        0.004965445440000001,
        0.004780956440000001,
        0.004838832440000001,
        0.0051771464400000005,
        0.005314854440000001,
        0.004994631440000001,
        0.00497631544,
        0.00496125044,
        0.004601586440000001,
        0.00450342544,
        0.0051336674400000015,
        0.005112536440000001,
        0.0048519094400000014,
        0.004968209440000001,
        0.00485433744,
        0.004921124440000001,
        0.005101080440000001,
        0.0049367874400000015,
        0.00459922844,
        0.00443840444,
        0.004678786440000001,
        0.004953089440000001,
        0.005230207440000001,
        0.00462117144,
        0.004632925440000001,
        0.00489929744,
        0.005292346440000002,
        0.00470220344,
        0.004332276440000001,
        0.004740125440000001,
        0.00504768444,
        0.00525642244,
        0.00465634044,
        0.00450413744,
        0.004904398440000001,
        0.00484183644,
        0.005000907440000001,
        0.004817888440000001,
        0.0050536044400000014,
        0.00480837544,
        0.004444476440000001,
        0.004921819440000001,
        0.00489866144,
        0.0048895464400000015,
        0.005237038440000001,
        0.0045842834400000015,
        0.004459795440000001,
        0.004964620440000001,
        0.004953313440000001,
        0.00455838844,
        0.004441016440000001,
        0.00500039744,
        0.00492102044
      ],
      "exit_codes": [
        0,
        0,
        0,
        0,
        0,
        0,
        0,
        0,
        0,
        0,
        0,
        0,
        0,
        0,
        0,
        0,
        0,
        0,
        0,
        0,
        0,
        0,
        0,
        0,
        0,
        0,
        0,
        0,
        0,
        0,
        0,
        0,
        0,
        0,
        0,
        0,
        0,
        0,
        0,
        0,
        0,
        0,
        0,
        0,
        0,
        0,
        0,
        0,
        0,
        0,
        0,
        0,
        0,
        0,
        0,
        0,
        0,
        0,
        0,
        0,
        0,
        0,
        0,
        0,
        0,
        0,
        0,
        0,
        0,
        0,
        0,
        0,
        0,
        0,
        0,
        0,
        0,
        0,
        0,
        0,
        0,
        0,
        0,
        0,
        0,
        0,
        0,
        0,
        0,
        0,
        0,
        0,
        0,
        0,
        0,
        0,
        0,
        0,
        0,
        0
      ]
    }
  ]
}
