{
  "results": [
    {
      "command": "out/20220731101132/contention 4096 100000",
      "mean": 0.20183122440000006,
      "stddev": 0.0028281060345878347,
      "median": 0.2019809743,
      "user": 0.07564148000000001,
      "system": 0.34191363999999985,
      "min": 0.1956733938,
      "max": 0.20752969080000003,
      "times": [
        0.20621200480000001,
        0.20519706880000002,
        0.1989551618,
        0.19982197480000002,
        0.20104797580000003,
        0.2014050168,
        0.20439824680000002,
        0.20238456580000003,
        0.2017396018,
        0.20508389580000003,
        0.2041869148,
        0.20009129280000001,
        0.20187412980000002,
        0.20507994780000002,
        0.19972311180000002,
        0.1999712478,
        0.2013166268,
        0.20108604880000003,
        0.20355443580000002,
        0.2036939368,
        0.2025251278,
        0.2010731608,
        0.20081938580000003,
        0.20284915280000002,
        0.2031433458,
        0.19851060580000002,
        0.19988846880000002,
        0.2034114478,
        0.2032200288,
        0.20251988580000002,
        0.20253648580000003,
        0.2024923938,
        0.20160885280000002,
        0.2029132358,
        0.1996241108,
        0.19936960580000002,
        0.20233971580000001,
        0.20752969080000003,
        0.2017886418,
        0.1972028228,
        0.19987576980000002,
        0.2035798708,
        0.2006458218,
        0.2048997288,
        0.20420987680000002,
        0.20731734180000003,
        0.2051275528,
        0.20218299580000001,
        0.2000856178,
        0.19923382180000002,
        0.20434034580000002,
        0.20722490080000003,
        0.20414169280000002,
        0.19695454480000002,
        0.19902862980000002,
        0.20173670480000003,
        0.2040342048,
        0.20240620080000002,
        0.20252311280000002,
        0.2041635438,
        0.20746488380000003,
        0.20288736480000003,
        0.2015191088,
        0.1956733938,
        0.1985648788,
        0.1972031978,
        0.1984002628,
        0.1962867208,
        0.2002304668,
        0.2054120758,
        0.2054862628,
        0.2035509798,
        0.20431350480000002,
        0.20677768680000003,
        0.2063822998,
        0.20159285380000003,
        0.19774145980000002,
        0.19615606680000003,
        0.1977239628,
        0.19829876780000003,
        0.19662508580000002,
        0.19645739480000002,
        0.1999901068,
        0.2055322618,
        0.20352193580000003,
        0.2020878188,
        0.2028963528,
        0.2026682998,
        0.20586970180000003,
        0.20156171280000001,
        0.1983514398,
        0.19861337080000002,
        0.1996541578,
        0.2000230738,
        0.20060381980000003,
        0.19962929680000002,
        0.2028653638,
        0.20388975480000002,
        0.20361633780000002,
        0.20109730380000002
      ],
      "exit_codes": [
        0,
        0,
        0,
        0,
        0,
        0,
        0,
        0,
        0,
        0,
        0,
        0,
        0,
        0,
        0,
        0,
        0,
        0,
        0,
        0,
        0,
        0,
        0,
        0,
        0,
        0,
        0,
        0,
        0,
        0,
        0,
        0,
        0,
        0,
        0,
        0,
        0,
        0,
        0,
        0,
        0,
        0,
        0,
        0,
        0,
        0,
        0,
        0,
        0,
        0,
        0,
        0,
        0,
        0,
        0,
        0,
        0,
        0,
        0,
        0,
        0,
        0,
        0,
        0,
        0,
        0,
        0,
        0,
        0,
        0,
        0,
        0,
        0,
        0,
        0,
        0,
        0,
        0,
        0,
        0,
        0,
        0,
        0,
        0,
        0,
        0,
        0,
        0,
        0,
        0,
        0,
        0,
        0,
        0,
        0,
        0,
        0,
        0,
        0,
        0
      ]
    }
  ]
}
