{
  "results": [
    {
      "command": "out/20220731101132/contention 2 1",
      "mean": 0.0027215676000000005,
      "stddev": 0.00015819283778983296,
      "median": 0.00271878824,
      "user": 0.00093974,
      "system": 0.0007933500000000002,
      "min": 0.00240590974,
      "max": 0.0033236837399999997,
      "times": [
        0.00245677774,
        0.0025196377400000004,
        0.0027450537400000004,
        0.0028248567400000002,
        0.0028431507399999997,
        0.0030855977400000003,
        0.00281778274,
        0.00267757474,
        0.0025100307400000004,
        0.0025610947400000004,
        0.0027357877400000005,
        0.00286982574,
        0.0028480267399999997,
        0.00272093174,
        0.0027500947400000003,
        0.0030559407399999997,
        0.00265290974,
        0.0026220457400000004,
        0.00277831674,
        0.00278657874,
        0.00279295274,
        0.00276825974,
        0.0027754587400000003,
        0.00262712374,
        0.0027164467400000005,
        0.0033236837399999997,
        0.00257189574,
        0.00240590974,
        0.00246788874,
        0.00256143974,
        0.00249663974,
        0.00283906374,
        0.0029834897400000003,
        0.0026910797400000004,
        0.00326577074,
        0.00286001274,
        0.00257545474,
        0.0026115607400000003,
        0.0025568087400000003,
        0.00270310174,
        0.00272135174,
        0.00273039374,
        0.00276076674,
        0.00289675174,
        0.0027166447400000003,
        0.0025664467399999997,
        0.00266955774,
        0.0025252337399999996,
        0.0026748727399999997,
        0.00293118374,
        0.00283859074,
        0.00288270574,
        0.0027951237399999997,
        0.0027248887400000005,
        0.0026640677399999996,
        0.00259919774,
        0.0027127997399999998,
        0.00283306874,
        0.0026584137399999997,
        0.0027465217399999997,
        0.00265395574,
        0.0028160717400000004,
        0.0026252737399999997,
        0.0028777527400000004,
        0.0027748077400000003,
        0.00276867674,
        0.00282751374,
        0.0027577797399999998,
        0.0028309517400000005,
        0.0026270417399999997,
        0.00285046474,
        0.0027657227400000005,
        0.0029489867400000003,
        0.0026219267399999998,
        0.0026455077399999997,
        0.0026752967400000003,
        0.0025861237399999997,
        0.0025937457400000002,
        0.0025356267399999997,
        0.0026169587400000005,
        0.00249849774,
        0.0025924517400000005,
        0.0030578887400000004,
        0.00278084074,
        0.0025558477399999996,
        0.00258258674,
        0.0027396337399999996,
        0.0028113487400000005,
        0.00257433074,
        0.0026031067399999996,
        0.0027140577400000003,
        0.0028003657400000005,
        0.00278230274,
        0.0025937237399999997,
        0.00263825474,
        0.00263760274,
        0.0025098397400000003,
        0.00279099374,
        0.00274887774,
        0.0026393827399999997
      ],
      "exit_codes": [
        0,
        0,
        0,
        0,
        0,
        0,
        0,
        0,
        0,
        0,
        0,
        0,
        0,
        0,
        0,
        0,
        0,
        0,
        0,
        0,
        0,
        0,
        0,
        0,
        0,
        0,
        0,
        0,
        0,
        0,
        0,
        0,
        0,
        0,
        0,
        0,
        0,
        0,
        0,
        0,
        0,
        0,
        0,
        0,
        0,
        0,
        0,
        0,
        0,
        0,
        0,
        0,
        0,
        0,
        0,
        0,
        0,
        0,
        0,
        0,
        0,
        0,
        0,
        0,
        0,
        0,
        0,
        0,
        0,
        0,
        0,
        0,
        0,
        0,
        0,
        0,
        0,
        0,
        0,
        0,
        0,
        0,
        0,
        0,
        0,
        0,
        0,
        0,
        0,
        0,
        0,
        0,
        0,
        0,
        0,
        0,
        0,
        0,
        0,
        0
      ]
    }
  ]
}
