{
  "results": [
    {
      "command": "out/20220731101132/contention 1024 10",
      "mean": 0.023374025760000007,
      "stddev": 0.0007227834811930038,
      "median": 0.023359073020000003,
      "user": 0.007774369999999998,
      "system": 0.03585190999999999,
      "min": 0.021557203520000002,
      "max": 0.025665048520000004,
      "times": [
        0.022501263520000002,
        0.024077716520000004,
        0.022920835520000002,
        0.02428220052,
        0.023680754520000003,
        0.024155534520000004,
        0.023757756520000003,
        0.023386899520000004,
        0.022941432520000003,
        0.024556250520000003,
        0.024057061520000003,
        0.023344748520000003,
        0.023114140520000003,
        0.022948554520000004,
        0.023806572520000003,
        0.022457937520000002,
        0.023723085520000003,
        0.023703771520000003,
        0.02287449152,
        0.024536990520000003,
        0.022980534520000002,
        0.023905951520000003,
        0.023580378520000004,
        0.024502963520000004,
        0.025665048520000004,
        0.024277809520000002,
        0.024245260520000003,
        0.02287534252,
        0.025106050520000003,
        0.024191558520000003,
        0.02373784052,
        0.022875020520000004,
        0.024086042520000003,
        0.023416903520000004,
        0.023043540520000003,
        0.023982769520000002,
        0.024052546520000002,
        0.024106302520000004,
        0.023514898520000004,
        0.02427776452,
        0.02390718752,
        0.024707025520000002,
        0.022174788520000002,
        0.024247087520000002,
        0.02244376152,
        0.022143489520000004,
        0.023311318520000002,
        0.023630205520000003,
        0.021896344520000003,
        0.024087123520000003,
        0.02324016552,
        0.02365358752,
        0.022805489520000003,
        0.023373397520000002,
        0.023430531520000002,
        0.023079311520000003,
        0.023246053520000004,
        0.02353046052,
        0.02321132152,
        0.022296750520000002,
        0.023978668520000003,
        0.023627720520000003,
        0.02360976752,
        0.022834863520000002,
        0.022959069520000003,
        0.023164256520000003,
        0.022752045520000003,
        0.024035309520000003,
        0.02268974652,
        0.023268148520000004,
        0.02200633852,
        0.023089299520000002,
        0.023776035520000002,
        0.022669712520000003,
        0.023110476520000003,
        0.021557203520000002,
        0.023120487520000003,
        0.022733437520000004,
        0.023708398520000003,
        0.022748066520000002,
        0.023656755520000003,
        0.02181251052,
        0.024276050520000002,
        0.022871872520000003,
        0.02351817952,
        0.023270416520000003,
        0.023773419520000002,
        0.02303960852,
        0.02328799952,
        0.02275166652,
        0.02338094652,
        0.023658567520000003,
        0.02281528052,
        0.022829812520000003,
        0.022376148520000003,
        0.023484686520000003,
        0.02262577052,
        0.023272528520000002,
        0.02256130552,
        0.023032070520000003
      ],
      "exit_codes": [
        0,
        0,
        0,
        0,
        0,
        0,
        0,
        0,
        0,
        0,
        0,
        0,
        0,
        0,
        0,
        0,
        0,
        0,
        0,
        0,
        0,
        0,
        0,
        0,
        0,
        0,
        0,
        0,
        0,
        0,
        0,
        0,
        0,
        0,
        0,
        0,
        0,
        0,
        0,
        0,
        0,
        0,
        0,
        0,
        0,
        0,
        0,
        0,
        0,
        0,
        0,
        0,
        0,
        0,
        0,
        0,
        0,
        0,
        0,
        0,
        0,
        0,
        0,
        0,
        0,
        0,
        0,
        0,
        0,
        0,
        0,
        0,
        0,
        0,
        0,
        0,
        0,
        0,
        0,
        0,
        0,
        0,
        0,
        0,
        0,
        0,
        0,
        0,
        0,
        0,
        0,
        0,
        0,
        0,
        0,
        0,
        0,
        0,
        0,
        0
      ]
    }
  ]
}
