{
  "results": [
    {
      "command": "out/20220731101132/contention 128 10",
      "mean": 0.004624471780000001,
      "stddev": 0.00021811472600168083,
      "median": 0.00457289592,
      "user": 0.0020537,
      "system": 0.003946159999999999,
      "min": 0.00423297092,
      "max": 0.0056023939200000004,
      "times": [
        0.00484573092,
        0.00483198492,
        0.0056023939200000004,
        0.00514264292,
        0.005562498920000001,
        0.00466136492,
        0.00460055392,
        0.00447351592,
        0.00467111092,
        0.00471331092,
        0.00480330892,
        0.00482735492,
        0.00478438192,
        0.00472717592,
        0.00457244292,
        0.00476939692,
        0.00480309392,
        0.00460678092,
        0.00477250092,
        0.0045442689199999995,
        0.0045737839199999995,
        0.00445826592,
        0.00446365792,
        0.00457717392,
        0.00442852892,
        0.00491400992,
        0.00448282892,
        0.00464785292,
        0.00455075092,
        0.00449532292,
        0.0044120099199999995,
        0.00458109892,
        0.00468051692,
        0.00448390392,
        0.00444807392,
        0.00465043392,
        0.00445327292,
        0.00454219892,
        0.00463533092,
        0.00462695692,
        0.00445704992,
        0.0045263929199999995,
        0.00457432092,
        0.00454772592,
        0.00448469192,
        0.00452999392,
        0.00455025292,
        0.00448643292,
        0.00449675492,
        0.00459085592,
        0.00476443392,
        0.00536635192,
        0.00449249292,
        0.0046199619199999995,
        0.00462091192,
        0.00467883892,
        0.00454537892,
        0.00455405492,
        0.00459496292,
        0.00491764792,
        0.00457409792,
        0.00449860092,
        0.00463388092,
        0.00450097292,
        0.00465184192,
        0.00497583892,
        0.00438310392,
        0.00423297092,
        0.004463757919999999,
        0.00449409692,
        0.00438894292,
        0.0048759639199999994,
        0.00484982492,
        0.004775544919999999,
        0.00449220792,
        0.0045364069199999996,
        0.00461746192,
        0.00483306092,
        0.00444442792,
        0.00455523192,
        0.00462795192,
        0.00466924692,
        0.00444371392,
        0.00464430392,
        0.0044329559199999995,
        0.00455288292,
        0.00445104192,
        0.00489458692,
        0.00468503892,
        0.00446286692,
        0.00449440692,
        0.00452181392,
        0.0045488269199999995,
        0.0045733489199999994,
        0.00454493392,
        0.00449222492,
        0.00447763792,
        0.00448812692,
        0.00433241892,
        0.00450931492
      ],
      "exit_codes": [
        0,
        0,
        0,
        0,
        0,
        0,
        0,
        0,
        0,
        0,
        0,
        0,
        0,
        0,
        0,
        0,
        0,
        0,
        0,
        0,
        0,
        0,
        0,
        0,
        0,
        0,
        0,
        0,
        0,
        0,
        0,
        0,
        0,
        0,
        0,
        0,
        0,
        0,
        0,
        0,
        0,
        0,
        0,
        0,
        0,
        0,
        0,
        0,
        0,
        0,
        0,
        0,
        0,
        0,
        0,
        0,
        0,
        0,
        0,
        0,
        0,
        0,
        0,
        0,
        0,
        0,
        0,
        0,
        0,
        0,
        0,
        0,
        0,
        0,
        0,
        0,
        0,
        0,
        0,
        0,
        0,
        0,
        0,
        0,
        0,
        0,
        0,
        0,
        0,
        0,
        0,
        0,
        0,
        0,
        0,
        0,
        0,
        0,
        0,
        0
      ]
    }
  ]
}
