{
  "results": [
    {
      "command": "out/20220731101132/contention 1 10",
      "mean": 0.002733601290000001,
      "stddev": 0.00014444538333974812,
      "median": 0.002724635220000001,
      "user": 0.0009524699999999993,
      "system": 0.00078431,
      "min": 0.0023868937200000008,
      "max": 0.0032790807200000008,
      "times": [
        0.00260028472,
        0.0026558237200000005,
        0.0027543347200000004,
        0.0026882457200000003,
        0.002805229720000001,
        0.0026176917200000007,
        0.002758657720000001,
        0.0026460697200000006,
        0.0025932377200000006,
        0.0025584367200000005,
        0.00274881972,
        0.0029578747200000007,
        0.0026155187200000004,
        0.002708824720000001,
        0.0026818267200000006,
        0.0025958947200000002,
        0.0025334537200000003,
        0.0025722057200000007,
        0.0027628107200000007,
        0.0026002017200000005,
        0.0025511267200000005,
        0.0027271797200000003,
        0.0027874897200000004,
        0.0027271377200000007,
        0.002596415720000001,
        0.0025364027200000007,
        0.0026716287200000003,
        0.0026594307200000005,
        0.0026096607200000004,
        0.0025464467200000005,
        0.002705576720000001,
        0.0027319517200000004,
        0.002696803720000001,
        0.002724083720000001,
        0.0026411147200000006,
        0.0026213787200000003,
        0.0027857127200000007,
        0.002774498720000001,
        0.002936438720000001,
        0.002888975720000001,
        0.003049376720000001,
        0.002870341720000001,
        0.0028307807200000003,
        0.0025959617200000005,
        0.0026491977200000004,
        0.0032790807200000008,
        0.002778499720000001,
        0.0024519687200000003,
        0.0023868937200000008,
        0.0029372507200000003,
        0.0029664327200000003,
        0.0030857227200000005,
        0.002712316720000001,
        0.002720552720000001,
        0.0028239567200000005,
        0.0028643937200000004,
        0.002785387720000001,
        0.0026657467200000007,
        0.0028069357200000006,
        0.0028260957200000004,
        0.0026530817200000004,
        0.0026933287200000006,
        0.0027696197200000007,
        0.0026905917200000006,
        0.0026374817200000003,
        0.002659576720000001,
        0.0028605707200000004,
        0.0027185187200000002,
        0.002728966720000001,
        0.0029155847200000003,
        0.0027293467200000003,
        0.0027090527200000006,
        0.00264158672,
        0.0028679047200000007,
        0.00276275572,
        0.0027357067200000007,
        0.0026559737200000004,
        0.0027950397200000006,
        0.0028236747200000006,
        0.00264027672,
        0.0026846647200000004,
        0.002902690720000001,
        0.0027610737200000008,
        0.002637620720000001,
        0.002808205720000001,
        0.0030901257200000006,
        0.0028264197200000007,
        0.0027257257200000006,
        0.0027373337200000004,
        0.0029241807200000008,
        0.0028646897200000007,
        0.00288715272,
        0.0027251867200000007,
        0.0026012577200000006,
        0.0024990197200000005,
        0.002786242720000001,
        0.002653006720000001,
        0.003013230720000001,
        0.0025508297200000007,
        0.0025310407200000006
      ],
      "exit_codes": [
        0,
        0,
        0,
        0,
        0,
        0,
        0,
        0,
        0,
        0,
        0,
        0,
        0,
        0,
        0,
        0,
        0,
        0,
        0,
        0,
        0,
        0,
        0,
        0,
        0,
        0,
        0,
        0,
        0,
        0,
        0,
        0,
        0,
        0,
        0,
        0,
        0,
        0,
        0,
        0,
        0,
        0,
        0,
        0,
        0,
        0,
        0,
        0,
        0,
        0,
        0,
        0,
        0,
        0,
        0,
        0,
        0,
        0,
        0,
        0,
        0,
        0,
        0,
        0,
        0,
        0,
        0,
        0,
        0,
        0,
        0,
        0,
        0,
        0,
        0,
        0,
        0,
        0,
        0,
        0,
        0,
        0,
        0,
        0,
        0,
        0,
        0,
        0,
        0,
        0,
        0,
        0,
        0,
        0,
        0,
        0,
        0,
        0,
        0,
        0
      ]
    }
  ]
}
