{
  "results": [
    {
      "command": "out/20220731101132/contention 2048 100",
      "mean": 0.06296984836999998,
      "stddev": 0.0032776004190750293,
      "median": 0.06252397098,
      "user": 0.016202239999999996,
      "system": 0.11363603,
      "min": 0.057027448480000006,
      "max": 0.07385631548,
      "times": [
        0.06284624948,
        0.06106473848000001,
        0.06455865247999999,
        0.06452592548,
        0.06239067748000001,
        0.06246234448000001,
        0.06347372547999999,
        0.06265401248,
        0.06465130548,
        0.06344638748,
        0.06254978348,
        0.06390090548,
        0.06233559348,
        0.06544545548,
        0.06317595448,
        0.06480025048,
        0.06253771248,
        0.06136188948000001,
        0.06438319248,
        0.06284521248,
        0.06276146048,
        0.06263002248,
        0.06512869348,
        0.059483833480000005,
        0.06137128748,
        0.059883633480000004,
        0.06227483148000001,
        0.06272541048,
        0.06287589648,
        0.06010437248000001,
        0.06222698848,
        0.06207122748000001,
        0.060105143480000005,
        0.062070397480000004,
        0.06134235448000001,
        0.06181230548,
        0.060649621480000006,
        0.06124411348000001,
        0.060669106480000005,
        0.06345601248,
        0.06252639348,
        0.061504217480000005,
        0.06352831148,
        0.059264562480000005,
        0.061944685480000004,
        0.05922597248000001,
        0.06280631648,
        0.06019575848000001,
        0.06252154848,
        0.061335423480000005,
        0.06136792648000001,
        0.06084280948,
        0.06260246248,
        0.06261391548,
        0.06072081548,
        0.062201489480000004,
        0.05876118148000001,
        0.06315691348,
        0.05986035348,
        0.061271118480000004,
        0.05833229848,
        0.061837901480000006,
        0.057027448480000006,
        0.05965910948000001,
        0.058294920480000005,
        0.06025128048000001,
        0.061528130480000005,
        0.060968809480000004,
        0.06029129048,
        0.05752107648,
        0.06900327848,
        0.06840330148,
        0.06890083948,
        0.06801413848,
        0.07107190748,
        0.06815266648,
        0.07063025848,
        0.06857417948,
        0.07385631548,
        0.07366688848,
        0.07153105348,
        0.06795264948,
        0.06216281648,
        0.06691478348,
        0.06667375348,
        0.06573950448,
        0.06603958448,
        0.06358475448,
        0.060191281480000004,
        0.06265847248,
        0.05907197648,
        0.06345116348,
        0.06323294148,
        0.06151450648,
        0.06295804348,
        0.061443178480000006,
        0.06377375448,
        0.05886711848000001,
        0.06445061948,
        0.06023798448
      ],
      "exit_codes": [
        0,
        0,
        0,
        0,
        0,
        0,
        0,
        0,
        0,
        0,
        0,
        0,
        0,
        0,
        0,
        0,
        0,
        0,
        0,
        0,
        0,
        0,
        0,
        0,
        0,
        0,
        0,
        0,
        0,
        0,
        0,
        0,
        0,
        0,
        0,
        0,
        0,
        0,
        0,
        0,
        0,
        0,
        0,
        0,
        0,
        0,
        0,
        0,
        0,
        0,
        0,
        0,
        0,
        0,
        0,
        0,
        0,
        0,
        0,
        0,
        0,
        0,
        0,
        0,
        0,
        0,
        0,
        0,
        0,
        0,
        0,
        0,
        0,
        0,
        0,
        0,
        0,
        0,
        0,
        0,
        0,
        0,
        0,
        0,
        0,
        0,
        0,
        0,
        0,
        0,
        0,
        0,
        0,
        0,
        0,
        0,
        0,
        0,
        0,
        0
      ]
    }
  ]
}
