{
  "results": [
    {
      "command": "out/20220731101132/contention 2048 1",
      "mean": 0.05972207875999997,
      "stddev": 0.0029103401599614182,
      "median": 0.05924349964,
      "user": 0.014162639999999995,
      "system": 0.10683935999999998,
      "min": 0.054088708140000004,
      "max": 0.06933437414,
      "times": [
        0.06717453414,
        0.06933437414,
        0.06553083814,
        0.06277704314,
        0.06572669314,
        0.06510573514,
        0.06514975514,
        0.06557623414,
        0.06681934114,
        0.06231975514000001,
        0.06614735114,
        0.058452193140000004,
        0.06334385614,
        0.06052440214000001,
        0.06280146314,
        0.06029354314000001,
        0.062074958140000004,
        0.06082233514000001,
        0.06266094713999999,
        0.06208538614000001,
        0.061432472140000006,
        0.06093828614,
        0.05973927414,
        0.06067538714,
        0.05997801514,
        0.06066212814,
        0.058215018140000005,
        0.05942810314000001,
        0.057255922140000005,
        0.05955380314000001,
        0.05853882614000001,
        0.06139400014000001,
        0.06114574314000001,
        0.06004720414000001,
        0.058355522140000005,
        0.059660877140000006,
        0.06028133014,
        0.057452428140000004,
        0.058850646140000004,
        0.05570261314,
        0.05921398414000001,
        0.05713390714,
        0.056807731140000005,
        0.056887498140000006,
        0.060084789140000004,
        0.057665659140000006,
        0.059556050140000004,
        0.059028321140000006,
        0.05804814014,
        0.05963116114000001,
        0.056763886140000004,
        0.05868349314000001,
        0.06018065014000001,
        0.058999271140000004,
        0.06598352614,
        0.06067157114000001,
        0.062195052140000005,
        0.06090553614,
        0.058089502140000006,
        0.05799879514,
        0.057552881140000005,
        0.05839742114,
        0.05910434014,
        0.057851617140000006,
        0.05873131814,
        0.05496296014,
        0.059644727140000006,
        0.057309825140000006,
        0.05790600314,
        0.05525278714,
        0.06098138614,
        0.05828413014000001,
        0.05917224914000001,
        0.05990820414000001,
        0.05927301514,
        0.05957166214,
        0.056058180140000004,
        0.05860706814,
        0.054088708140000004,
        0.05818794814000001,
        0.05529271914,
        0.06179430014,
        0.05538751614,
        0.06085038314,
        0.05837900914000001,
        0.05845873914000001,
        0.059002759140000006,
        0.058636829140000006,
        0.059874598140000006,
        0.057651912140000004,
        0.057080642140000006,
        0.05636780114000001,
        0.05811612614000001,
        0.05611323814000001,
        0.06077656214000001,
        0.05633533114000001,
        0.05884722414000001,
        0.05594467014000001,
        0.05990673514000001,
        0.05798748514
      ],
      "exit_codes": [
        0,
        0,
        0,
        0,
        0,
        0,
        0,
        0,
        0,
        0,
        0,
        0,
        0,
        0,
        0,
        0,
        0,
        0,
        0,
        0,
        0,
        0,
        0,
        0,
        0,
        0,
        0,
        0,
        0,
        0,
        0,
        0,
        0,
        0,
        0,
        0,
        0,
        0,
        0,
        0,
        0,
        0,
        0,
        0,
        0,
        0,
        0,
        0,
        0,
        0,
        0,
        0,
        0,
        0,
        0,
        0,
        0,
        0,
        0,
        0,
        0,
        0,
        0,
        0,
        0,
        0,
        0,
        0,
        0,
        0,
        0,
        0,
        0,
        0,
        0,
        0,
        0,
        0,
        0,
        0,
        0,
        0,
        0,
        0,
        0,
        0,
        0,
        0,
        0,
        0,
        0,
        0,
        0,
        0,
        0,
        0,
        0,
        0,
        0,
        0
      ]
    }
  ]
}
