{
  "results": [
    {
      "command": "out/20220731101132/contention 256 100000",
      "mean": 0.016026772280000004,
      "stddev": 0.0006007497822710722,
      "median": 0.015917929020000002,
      "user": 0.07980889999999999,
      "system": 0.010214219999999998,
      "min": 0.01483155402,
      "max": 0.018976703020000003,
      "times": [
        0.01593170202,
        0.014976511020000001,
        0.01483155402,
        0.015644956020000003,
        0.01570713702,
        0.01522679002,
        0.015648119020000004,
        0.01548356102,
        0.01524123802,
        0.01558229902,
        0.01518604102,
        0.015690769020000002,
        0.015501913019999999,
        0.01546213302,
        0.015756429020000004,
        0.015660715020000004,
        0.015662886020000003,
        0.01597680002,
        0.015755853020000002,
        0.016009114020000003,
        0.015601460020000001,
        0.016405820020000003,
        0.016694941020000003,
        0.016824997020000003,
        0.016240762020000004,
        0.016611934020000003,
        0.017386774020000002,
        0.018976703020000003,
        0.016193621020000003,
        0.01682387902,
        0.016509801020000003,
        0.01563738002,
        0.015602823020000002,
        0.015439323020000001,
        0.015440674020000001,
        0.016909023020000004,
        0.015878523020000004,
        0.016737092020000004,
        0.016442882020000004,
        0.015783673020000003,
        0.015374278020000002,
        0.015480888020000002,
        0.015801603020000003,
        0.015678838020000002,
        0.015374034020000002,
        0.015615933020000002,
        0.01664906902,
        0.01544629902,
        0.015283264020000001,
        0.01606231102,
        0.017432900020000003,
        0.01602425102,
        0.01605015502,
        0.01571971302,
        0.016997385020000002,
        0.01661274202,
        0.015608829020000001,
        0.015853436020000004,
        0.015809013020000002,
        0.015613356020000002,
        0.01584495802,
        0.015639084020000003,
        0.016068317020000004,
        0.016044410020000004,
        0.01549500202,
        0.015916564020000003,
        0.01551133802,
        0.015809624020000003,
        0.015962757020000003,
        0.015573971019999999,
        0.015721714020000003,
        0.015919294020000002,
        0.015891502020000003,
        0.015958999020000003,
        0.015702988020000003,
        0.01577502802,
        0.016130899020000002,
        0.015762536020000002,
        0.015683637020000002,
        0.015981759020000003,
        0.01599473502,
        0.017237023020000002,
        0.016518895020000004,
        0.016177069020000004,
        0.01680751302,
        0.016204721020000003,
        0.01612804702,
        0.016624511020000003,
        0.016695631020000004,
        0.016919560020000002,
        0.016155304020000004,
        0.01631208602,
        0.016214708020000003,
        0.016712362020000003,
        0.01635988202,
        0.016186182020000002,
        0.016089999020000002,
        0.016515905020000003,
        0.016236999020000004,
        0.01662481102
      ],
      "exit_codes": [
        0,
        0,
        0,
        0,
        0,
        0,
        0,
        0,
        0,
        0,
        0,
        0,
        0,
        0,
        0,
        0,
        0,
        0,
        0,
        0,
        0,
        0,
        0,
        0,
        0,
        0,
        0,
        0,
        0,
        0,
        0,
        0,
        0,
        0,
        0,
        0,
        0,
        0,
        0,
        0,
        0,
        0,
        0,
        0,
        0,
        0,
        0,
        0,
        0,
        0,
        0,
        0,
        0,
        0,
        0,
        0,
        0,
        0,
        0,
        0,
        0,
        0,
        0,
        0,
        0,
        0,
        0,
        0,
        0,
        0,
        0,
        0,
        0,
        0,
        0,
        0,
        0,
        0,
        0,
        0,
        0,
        0,
        0,
        0,
        0,
        0,
        0,
        0,
        0,
        0,
        0,
        0,
        0,
        0,
        0,
        0,
        0,
        0,
        0,
        0
      ]
    }
  ]
}
