{
  "results": [
    {
      "command": "out/20220731101132/contention 256 1000000",
      "mean": 0.12033575309999998,
      "stddev": 0.00556067883474764,
      "median": 0.11947782232000001,
      "user": 0.8006162899999998,
      "system": 0.013979410000000001,
      "min": 0.11147126332,
      "max": 0.14892929532000002,
      "times": [
        0.11147126332,
        0.11193534832,
        0.11266387832000001,
        0.11335101832000001,
        0.11441290632000001,
        0.11366859532000001,
        0.11360044732,
        0.11272770532000001,
        0.11452322832,
        0.11400773032,
        0.11430310732,
        0.11586857232,
        0.12060928932000001,
        0.11736612432,
        0.11931374432000001,
        0.12726885932,
        0.12174529532,
        0.11942516932000001,
        0.11886666432000001,
        0.12249500432,
        0.12001441732000001,
        0.12087605432000001,
        0.12234480532000001,
        0.12256200932000001,
        0.12194406432,
        0.12173302232000001,
        0.11980254432000001,
        0.12185223432,
        0.12511303232,
        0.12887264132,
        0.14892929532000002,
        0.13808678532000002,
        0.12746663632000002,
        0.12498733032000002,
        0.12432444732000002,
        0.12768938432000002,
        0.12477309832000001,
        0.12588644232,
        0.13322218532000002,
        0.12513915432000003,
        0.12660212132,
        0.12494288332000002,
        0.12342464432000001,
        0.12464527532000001,
        0.12545782632000002,
        0.12500808832000002,
        0.12467681632000001,
        0.13287084432000001,
        0.12566541232000003,
        0.12394499932000001,
        0.12556659532000003,
        0.12015969932000001,
        0.12055459432,
        0.11958097932,
        0.11901296532000001,
        0.12025068932,
        0.11940685232,
        0.11887475932000001,
        0.11929125732000001,
        0.11998189632,
        0.11959825832000001,
        0.11896544732,
        0.11867236432,
        0.12166725432,
        0.12032281432000001,
        0.11958546032,
        0.11821612232,
        0.11923949132,
        0.11953047532000001,
        0.11899215932000001,
        0.11908092832,
        0.11925939932,
        0.11964517332,
        0.11881584532,
        0.11930990932,
        0.11564553632,
        0.11628331432000001,
        0.11413026432000001,
        0.11531013132000001,
        0.11526259932,
        0.11594886132000001,
        0.11491916032,
        0.11537576232,
        0.11557363132000001,
        0.11575933332,
        0.11555543032000001,
        0.11492582532000001,
        0.11467043932000001,
        0.11564567532,
        0.11703636232,
        0.11836912832,
        0.11829288232,
        0.12018362932000001,
        0.12091627732,
        0.11932355532000001,
        0.11911649332,
        0.12275711132000001,
        0.11971194132,
        0.11836762732,
        0.11843049932000001
      ],
      "exit_codes": [
        0,
        0,
        0,
        0,
        0,
        0,
        0,
        0,
        0,
        0,
        0,
        0,
        0,
        0,
        0,
        0,
        0,
        0,
        0,
        0,
        0,
        0,
        0,
        0,
        0,
        0,
        0,
        0,
        0,
        0,
        0,
        0,
        0,
        0,
        0,
        0,
        0,
        0,
        0,
        0,
        0,
        0,
        0,
        0,
        0,
        0,
        0,
        0,
        0,
        0,
        0,
        0,
        0,
        0,
        0,
        0,
        0,
        0,
        0,
        0,
        0,
        0,
        0,
        0,
        0,
        0,
        0,
        0,
        0,
        0,
        0,
        0,
        0,
        0,
        0,
        0,
        0,
        0,
        0,
        0,
        0,
        0,
        0,
        0,
        0,
        0,
        0,
        0,
        0,
        0,
        0,
        0,
        0,
        0,
        0,
        0,
        0,
        0,
        0,
        0
      ]
    }
  ]
}
