{
  "results": [
    {
      "command": "out/20220731101132/contention 1 1000000",
      "mean": 0.3978260348299998,
      "stddev": 0.009471920667397469,
      "median": 0.39587754886000004,
      "user": 0.3924456899999999,
      "system": 0.0032674499999999986,
      "min": 0.39256070986,
      "max": 0.47448996686,
      "times": [
        0.41168136786000004,
        0.40015178886,
        0.39698866886,
        0.39545136386,
        0.39775129086,
        0.39921615486,
        0.39576029486000003,
        0.39429651286,
        0.40174021886,
        0.39606038486,
        0.39579790286,
        0.39554253686,
        0.39524556886,
        0.40618439986,
        0.39624797486,
        0.39411872086,
        0.39732375286,
        0.39904960186,
        0.39580186486,
        0.39635804786,
        0.39577892386,
        0.41738421886,
        0.39552936486,
        0.39411053086000003,
        0.39715296986000004,
        0.39588543286,
        0.39613017686,
        0.39350049686,
        0.39486964186,
        0.39718864086,
        0.39501553786,
        0.39957322386,
        0.39373545086,
        0.39688839586,
        0.39939279686,
        0.47448996686,
        0.39601701586,
        0.39670704686,
        0.39555735886000004,
        0.39672426386000004,
        0.39770868186,
        0.39584031986,
        0.39750188186,
        0.39330586486,
        0.39475627386,
        0.39670934286000004,
        0.39599229886000004,
        0.39569921386,
        0.39573505886,
        0.39540781786,
        0.39507357286,
        0.39661808786,
        0.39451544886,
        0.39747725486,
        0.39517418786,
        0.39570690486000004,
        0.39798550386000003,
        0.39442275986,
        0.39334464086000004,
        0.39561600986,
        0.39578972286,
        0.39700704386,
        0.40235707286,
        0.39592005086000004,
        0.39621487386000004,
        0.39500033086,
        0.39628714486,
        0.39543999586,
        0.39464164286000003,
        0.40131298186000003,
        0.39720893786,
        0.39817757886,
        0.39392825886,
        0.39357165086,
        0.39598390786000004,
        0.39461286086,
        0.39446886086,
        0.39583910986000004,
        0.39396098386,
        0.39611274886000003,
        0.39542108786,
        0.39532838986,
        0.39542308686,
        0.39754473686,
        0.39543319286,
        0.39586966486,
        0.39565729886,
        0.39470179986000004,
        0.39900632986,
        0.39589795886,
        0.44008443886000004,
        0.39650524586,
        0.39462818786000003,
        0.39624593486000004,
        0.39724235986,
        0.39834740086000003,
        0.39380075486,
        0.39671585786,
        0.39256070986,
        0.39536228686
      ],
      "exit_codes": [
        0,
        0,
        0,
        0,
        0,
        0,
        0,
        0,
        0,
        0,
        0,
        0,
        0,
        0,
        0,
        0,
        0,
        0,
        0,
        0,
        0,
        0,
        0,
        0,
        0,
        0,
        0,
        0,
        0,
        0,
        0,
        0,
        0,
        0,
        0,
        0,
        0,
        0,
        0,
        0,
        0,
        0,
        0,
        0,
        0,
        0,
        0,
        0,
        0,
        0,
        0,
        0,
        0,
        0,
        0,
        0,
        0,
        0,
        0,
        0,
        0,
        0,
        0,
        0,
        0,
        0,
        0,
        0,
        0,
        0,
        0,
        0,
        0,
        0,
        0,
        0,
        0,
        0,
        0,
        0,
        0,
        0,
        0,
        0,
        0,
        0,
        0,
        0,
        0,
        0,
        0,
        0,
        0,
        0,
        0,
        0,
        0,
        0,
        0,
        0
      ]
    }
  ]
}
