{
  "results": [
    {
      "command": "out/20220731101132/contention 32 100",
      "mean": 0.0024270991299999998,
      "stddev": 0.00017442682960542249,
      "median": 0.00240120836,
      "user": 0.0013990199999999997,
      "system": 0.0018466600000000006,
      "min": 0.00199147386,
      "max": 0.00311366286,
      "times": [
        0.00243374886,
        0.0023281758599999996,
        0.0024296988599999997,
        0.0024021618600000003,
        0.00238289386,
        0.00238236486,
        0.0022332028599999997,
        0.00234459586,
        0.00253480686,
        0.00259215586,
        0.0025743158600000002,
        0.00240405886,
        0.0022606958599999997,
        0.0023508788600000003,
        0.00249751086,
        0.00262611686,
        0.0025155808600000004,
        0.00236654886,
        0.0022014788600000002,
        0.00243049086,
        0.0026277558600000003,
        0.0027601478599999997,
        0.0028724448599999996,
        0.0022273038600000004,
        0.00210767986,
        0.00257316786,
        0.0026391768599999996,
        0.0024256438600000004,
        0.0025699308600000003,
        0.0023687478599999996,
        0.00240860086,
        0.0023945158600000003,
        0.00229058386,
        0.00233912686,
        0.00259871986,
        0.00251259086,
        0.00261588486,
        0.0024135928599999996,
        0.00225115586,
        0.0023437698600000004,
        0.0023940908600000002,
        0.0027361488600000003,
        0.0030552238599999997,
        0.0028149738599999997,
        0.0024089278599999995,
        0.0022862478599999995,
        0.0024087878600000004,
        0.00243419886,
        0.00237402386,
        0.0023906298599999996,
        0.0023850008599999996,
        0.00240915086,
        0.0023866418599999997,
        0.0025705548599999997,
        0.00244725286,
        0.0023932368599999996,
        0.00311366286,
        0.00237965086,
        0.00227634486,
        0.00246563686,
        0.0024982118599999998,
        0.00232681586,
        0.00239553786,
        0.00242284986,
        0.0022703408599999996,
        0.00240251386,
        0.00251727186,
        0.0023457408600000003,
        0.0027501668599999997,
        0.00243840086,
        0.00199147386,
        0.0021060198600000002,
        0.0024279458600000004,
        0.00233450786,
        0.0022794418599999997,
        0.00242887286,
        0.0023760778600000003,
        0.0024502828600000003,
        0.0025204878599999997,
        0.0023343718599999996,
        0.00237326586,
        0.00245521886,
        0.0022281688599999996,
        0.0023635128600000004,
        0.0025082968599999997,
        0.00237764586,
        0.00246525886,
        0.00247758986,
        0.0023202648600000003,
        0.00234876186,
        0.0024002548599999997,
        0.0022916758599999996,
        0.0023441878599999998,
        0.0024276508599999995,
        0.0022768998600000002,
        0.0026717698599999997,
        0.0023884398599999996,
        0.00219914586,
        0.0021961558599999996,
        0.00221600386
      ],
      "exit_codes": [
        0,
        0,
        0,
        0,
        0,
        0,
        0,
        0,
        0,
        0,
        0,
        0,
        0,
        0,
        0,
        0,
        0,
        0,
        0,
        0,
        0,
        0,
        0,
        0,
        0,
        0,
        0,
        0,
        0,
        0,
        0,
        0,
        0,
        0,
        0,
        0,
        0,
        0,
        0,
        0,
        0,
        0,
        0,
        0,
        0,
        0,
        0,
        0,
        0,
        0,
        0,
        0,
        0,
        0,
        0,
        0,
        0,
        0,
        0,
        0,
        0,
        0,
        0,
        0,
        0,
        0,
        0,
        0,
        0,
        0,
        0,
        0,
        0,
        0,
        0,
        0,
        0,
        0,
        0,
        0,
        0,
        0,
        0,
        0,
        0,
        0,
        0,
        0,
        0,
        0,
        0,
        0,
        0,
        0,
        0,
        0,
        0,
        0,
        0,
        0
      ]
    }
  ]
}
