{
  "results": [
    {
      "command": "out/20220731101132/contention 32 100000",
      "mean": 0.013891119310000002,
      "stddev": 0.0007779755350653805,
      "median": 0.013715713400000001,
      "user": 0.07243797000000002,
      "system": 0.00239824,
      "min": 0.011948438399999999,
      "max": 0.016504759400000003,
      "times": [
        0.011948438399999999,
        0.013743988399999999,
        0.013669988400000001,
        0.0130533044,
        0.0135918084,
        0.013605793399999998,
        0.0128739544,
        0.013360451399999999,
        0.013816317399999998,
        0.0133864864,
        0.013465171399999998,
        0.0139148104,
        0.013405570399999999,
        0.013865178399999999,
        0.013152618399999998,
        0.013648777400000001,
        0.0129450264,
        0.013292950399999998,
        0.013233660399999998,
        0.0131028724,
        0.013363182399999998,
        0.013360102399999999,
        0.012918198399999999,
        0.013315314399999998,
        0.013854614399999998,
        0.0139661974,
        0.015639593400000002,
        0.014531316399999999,
        0.0141015144,
        0.0131361094,
        0.0141664704,
        0.013158774399999998,
        0.0144504844,
        0.014857153399999998,
        0.0132357334,
        0.013248590400000001,
        0.013812519399999999,
        0.0134038404,
        0.013126892400000001,
        0.0140233764,
        0.0140080924,
        0.013074966399999999,
        0.0147092574,
        0.0140476214,
        0.0131793774,
        0.013689483399999999,
        0.013775747399999998,
        0.013332043399999998,
        0.0138677924,
        0.013316052399999998,
        0.0134366064,
        0.013171746399999998,
        0.0137616444,
        0.013153007399999998,
        0.0134907954,
        0.0137107254,
        0.0135051004,
        0.0134793674,
        0.013752609399999999,
        0.015150214399999999,
        0.014367256399999999,
        0.0157466064,
        0.0156186084,
        0.016504759400000003,
        0.0159569554,
        0.0155671064,
        0.014197093400000001,
        0.013509168399999999,
        0.0142945224,
        0.0139101234,
        0.0137140264,
        0.013643363399999999,
        0.0154741144,
        0.014068361399999998,
        0.015635927400000003,
        0.0147182744,
        0.0137485874,
        0.0149088594,
        0.014742594400000001,
        0.0143741554,
        0.0131903574,
        0.014050486400000001,
        0.0133483144,
        0.013511370399999998,
        0.0140781974,
        0.0137086294,
        0.013812357400000001,
        0.0144996354,
        0.013505690400000001,
        0.013240495399999998,
        0.014204454399999998,
        0.0136040744,
        0.0138447554,
        0.0147333684,
        0.013650938399999998,
        0.0148820994,
        0.0147670304,
        0.013717400400000001,
        0.0132177784,
        0.014484637399999998
      ],
      "exit_codes": [
        0,
        0,
        0,
        0,
        0,
        0,
        0,
        0,
        0,
        0,
        0,
        0,
        0,
        0,
        0,
        0,
        0,
        0,
        0,
        0,
        0,
        0,
        0,
        0,
        0,
        0,
        0,
        0,
        0,
        0,
        0,
        0,
        0,
        0,
        0,
        0,
        0,
        0,
        0,
        0,
        0,
        0,
        0,
        0,
        0,
        0,
        0,
        0,
        0,
        0,
        0,
        0,
        0,
        0,
        0,
        0,
        0,
        0,
        0,
        0,
        0,
        0,
        0,
        0,
        0,
        0,
        0,
        0,
        0,
        0,
        0,
        0,
        0,
        0,
        0,
        0,
        0,
        0,
        0,
        0,
        0,
        0,
        0,
        0,
        0,
        0,
        0,
        0,
        0,
        0,
        0,
        0,
        0,
        0,
        0,
        0,
        0,
        0,
        0,
        0
      ]
    }
  ]
}
