{
  "results": [
    {
      "command": "out/20220731101132/contention 1 100000",
      "mean": 0.04380749467999998,
      "stddev": 0.002612010895026112,
      "median": 0.04309026498,
      "user": 0.041253129999999985,
      "system": 0.0010911699999999996,
      "min": 0.042347440480000005,
      "max": 0.061392570480000005,
      "times": [
        0.045808823480000004,
        0.04485763248,
        0.04355563248,
        0.04407026948,
        0.04408722248,
        0.04357573348,
        0.042590363480000004,
        0.042854004480000006,
        0.04291474448,
        0.043409929480000005,
        0.044023423480000004,
        0.04386908048,
        0.04515038148,
        0.04280978748,
        0.04318803048,
        0.042850581480000004,
        0.043146982480000005,
        0.04280856848,
        0.042869311480000005,
        0.04436811048,
        0.043244548480000006,
        0.04281738048,
        0.043328813480000006,
        0.045389050480000005,
        0.042778875480000006,
        0.04343445848,
        0.04373721448,
        0.042755414480000004,
        0.04499558548,
        0.042463779480000005,
        0.04259727748,
        0.04312173448,
        0.042701521480000004,
        0.04401594148,
        0.042895757480000005,
        0.042703772480000006,
        0.042644440480000004,
        0.042890024480000004,
        0.04438523348,
        0.043044000480000004,
        0.042436621480000006,
        0.04267822048,
        0.042818217480000004,
        0.042889902480000006,
        0.04363605248,
        0.04262913648,
        0.04320304748,
        0.04477171848,
        0.043144635480000006,
        0.045097563480000005,
        0.04388391148,
        0.04305339048,
        0.042960329480000004,
        0.04282351748,
        0.04337368048,
        0.04351651048,
        0.042975133480000004,
        0.043003592480000005,
        0.043009681480000006,
        0.044229378480000005,
        0.043771389480000006,
        0.04578403148,
        0.044600885480000005,
        0.04349761748,
        0.04303857048,
        0.04302969848,
        0.04306378248,
        0.042347440480000005,
        0.04253372348,
        0.042999162480000006,
        0.042713857480000006,
        0.042622438480000004,
        0.04283556148,
        0.04283773648,
        0.04704121748,
        0.043531582480000004,
        0.04401850748,
        0.043782372480000005,
        0.04275403148,
        0.042654181480000004,
        0.04266656448,
        0.04313127748,
        0.045133394480000005,
        0.042894636480000005,
        0.04267797148,
        0.05141664848,
        0.061392570480000005,
        0.043208229480000006,
        0.043150966480000004,
        0.042866954480000004,
        0.04264974348,
        0.042900739480000005,
        0.04311674748,
        0.04303963848,
        0.043195365480000004,
        0.04552232548,
        0.04289686848,
        0.04272468848,
        0.04331329448,
        0.058505374480000004
      ],
      "exit_codes": [
        0,
        0,
        0,
        0,
        0,
        0,
        0,
        0,
        0,
        0,
        0,
        0,
        0,
        0,
        0,
        0,
        0,
        0,
        0,
        0,
        0,
        0,
        0,
        0,
        0,
        0,
        0,
        0,
        0,
        0,
        0,
        0,
        0,
        0,
        0,
        0,
        0,
        0,
        0,
        0,
        0,
        0,
        0,
        0,
        0,
        0,
        0,
        0,
        0,
        0,
        0,
        0,
        0,
        0,
        0,
        0,
        0,
        0,
        0,
        0,
        0,
        0,
        0,
        0,
        0,
        0,
        0,
        0,
        0,
        0,
        0,
        0,
        0,
        0,
        0,
        0,
        0,
        0,
        0,
        0,
        0,
        0,
        0,
        0,
        0,
        0,
        0,
        0,
        0,
        0,
        0,
        0,
        0,
        0,
        0,
        0,
        0,
        0,
        0,
        0
      ]
    }
  ]
}
