{
  "results": [
    {
      "command": "out/20220731101132/contention 1 1",
      "mean": 0.0029397712099999977,
      "stddev": 0.0002912982227040088,
      "median": 0.002910204739999999,
      "user": 0.0009960400000000003,
      "system": 0.0008448900000000004,
      "min": 0.0024160402399999994,
      "max": 0.00387519624,
      "times": [
        0.0029550512399999992,
        0.002906927239999999,
        0.0028729162399999996,
        0.0029218532399999993,
        0.002921204239999999,
        0.0030248662399999992,
        0.0030393402399999997,
        0.00286956224,
        0.0028179392399999992,
        0.0029178802399999993,
        0.00278650024,
        0.0028398672399999993,
        0.0028164392399999995,
        0.0029647892399999997,
        0.00287251524,
        0.00298406724,
        0.0029511532399999997,
        0.0029885982399999993,
        0.00295563324,
        0.0030262642399999998,
        0.0030538812399999995,
        0.0034059662399999998,
        0.0035004852399999993,
        0.0029567082399999996,
        0.0032236442399999994,
        0.0029295942399999997,
        0.0028029222399999993,
        0.0029134822399999993,
        0.0027956452399999993,
        0.002688269239999999,
        0.0029998022399999992,
        0.0027997082399999996,
        0.00302303924,
        0.0034809262399999995,
        0.0027790512399999993,
        0.0026330372399999994,
        0.0029903612399999994,
        0.003221021239999999,
        0.00331631724,
        0.00288282424,
        0.0026608002399999995,
        0.0033361282399999997,
        0.0030022872399999992,
        0.0029380032399999997,
        0.0035199052399999993,
        0.0029286602399999995,
        0.00284470924,
        0.003627186239999999,
        0.002904831239999999,
        0.0028121732399999993,
        0.00346749224,
        0.003111552239999999,
        0.00275164124,
        0.0029243082399999995,
        0.0027326552399999995,
        0.00327751524,
        0.0035528502399999997,
        0.00256739724,
        0.00387519624,
        0.00301630124,
        0.00294062624,
        0.0038092252399999993,
        0.0026136962399999995,
        0.0024194262399999996,
        0.00313304224,
        0.00339755524,
        0.0030629012399999997,
        0.0034101952399999995,
        0.0024192222399999994,
        0.0026990072399999997,
        0.00327772624,
        0.00313919524,
        0.0027323522399999994,
        0.003113470239999999,
        0.0027402802399999994,
        0.0026511402399999997,
        0.0029749572399999993,
        0.002785117239999999,
        0.0031983852399999997,
        0.0027949282399999994,
        0.0028066652399999998,
        0.0027544372399999992,
        0.002606138239999999,
        0.00271916024,
        0.00283306224,
        0.00290603924,
        0.002649630239999999,
        0.0027006542399999993,
        0.0028748362399999994,
        0.0027465962399999995,
        0.0026215992399999995,
        0.0025804312399999993,
        0.0027179172399999993,
        0.00298288424,
        0.00272601524,
        0.0025858472399999995,
        0.0024160402399999994,
        0.0025964912399999993,
        0.0025992362399999995,
        0.0025593412399999996
      ],
      "exit_codes": [
        0,
        0,
        0,
        0,
        0,
        0,
        0,
        0,
        0,
        0,
        0,
        0,
        0,
        0,
        0,
        0,
        0,
        0,
        0,
        0,
        0,
        0,
        0,
        0,
        0,
        0,
        0,
        0,
        0,
        0,
        0,
        0,
        0,
        0,
        0,
        0,
        0,
        0,
        0,
        0,
        0,
        0,
        0,
        0,
        0,
        0,
        0,
        0,
        0,
        0,
        0,
        0,
        0,
        0,
        0,
        0,
        0,
        0,
        0,
        0,
        0,
        0,
        0,
        0,
        0,
        0,
        0,
        0,
        0,
        0,
        0,
        0,
        0,
        0,
        0,
        0,
        0,
        0,
        0,
        0,
        0,
        0,
        0,
        0,
        0,
        0,
        0,
        0,
        0,
        0,
        0,
        0,
        0,
        0,
        0,
        0,
        0,
        0,
        0,
        0
      ]
    }
  ]
}
