{
  "results": [
    {
      "command": "out/20220731101132/contention 16 100",
      "mean": 0.0029274537600000013,
      "stddev": 0.00021685043969081686,
      "median": 0.002879267780000001,
      "user": 0.0012826999999999995,
      "system": 0.0014982400000000005,
      "min": 0.0025908887800000003,
      "max": 0.00400890678,
      "times": [
        0.0028034587800000008,
        0.002938960780000001,
        0.0031317627800000005,
        0.0029117847800000005,
        0.002814945780000001,
        0.0030255147800000008,
        0.0030870007800000003,
        0.0031290607800000003,
        0.0029632557800000005,
        0.0028844917800000002,
        0.0028023057800000005,
        0.0028824427800000006,
        0.0030140507800000007,
        0.002952507780000001,
        0.0029484067800000006,
        0.0035561667800000003,
        0.0030689247800000006,
        0.0028721947800000006,
        0.002899001780000001,
        0.0030492147800000005,
        0.0028347767800000006,
        0.002884180780000001,
        0.0029220457800000006,
        0.0030015767800000005,
        0.0030396157800000006,
        0.0029806817800000006,
        0.0030919157800000006,
        0.0031311447800000006,
        0.0031517517800000003,
        0.003143850780000001,
        0.0030580587800000006,
        0.0031158077800000007,
        0.003360198780000001,
        0.0030210117800000004,
        0.0034082577800000004,
        0.0027151897800000006,
        0.0029888517800000006,
        0.0028947297800000003,
        0.0028189957800000003,
        0.0027503567800000006,
        0.0031725907800000002,
        0.0030478917800000004,
        0.00285446778,
        0.0028866697800000005,
        0.0028967467800000003,
        0.002678662780000001,
        0.0027786407800000005,
        0.0028869617800000003,
        0.002723535780000001,
        0.0026416397800000002,
        0.0027463887800000006,
        0.0027926197800000004,
        0.002714353780000001,
        0.0027494327800000004,
        0.0028690947800000008,
        0.0028185947800000006,
        0.0028136597800000004,
        0.002746252780000001,
        0.00400890678,
        0.0029439037800000002,
        0.0029825287800000007,
        0.002954499780000001,
        0.00277037078,
        0.0027399027800000006,
        0.0028093937800000002,
        0.002824412780000001,
        0.0026957957800000007,
        0.002821675780000001,
        0.002792524780000001,
        0.0027900207800000006,
        0.002991474780000001,
        0.0031404307800000004,
        0.0032318937800000004,
        0.002758672780000001,
        0.0025908887800000003,
        0.0027676047800000007,
        0.0028586347800000004,
        0.0026679097800000003,
        0.003592472780000001,
        0.003315770780000001,
        0.003236493780000001,
        0.0026958247800000002,
        0.0027821227800000005,
        0.002808563780000001,
        0.0027994917800000002,
        0.002903936780000001,
        0.0027973017800000002,
        0.0028313377800000005,
        0.002876092780000001,
        0.002852465780000001,
        0.0027609037800000002,
        0.002793160780000001,
        0.0028025217800000004,
        0.0027043917800000004,
        0.002705662780000001,
        0.0027428957800000003,
        0.0028296077800000004,
        0.0030360297800000008,
        0.0030042477800000006,
        0.0028659737800000007
      ],
      "exit_codes": [
        0,
        0,
        0,
        0,
        0,
        0,
        0,
        0,
        0,
        0,
        0,
        0,
        0,
        0,
        0,
        0,
        0,
        0,
        0,
        0,
        0,
        0,
        0,
        0,
        0,
        0,
        0,
        0,
        0,
        0,
        0,
        0,
        0,
        0,
        0,
        0,
        0,
        0,
        0,
        0,
        0,
        0,
        0,
        0,
        0,
        0,
        0,
        0,
        0,
        0,
        0,
        0,
        0,
        0,
        0,
        0,
        0,
        0,
        0,
        0,
        0,
        0,
        0,
        0,
        0,
        0,
        0,
        0,
        0,
        0,
        0,
        0,
        0,
        0,
        0,
        0,
        0,
        0,
        0,
        0,
        0,
        0,
        0,
        0,
        0,
        0,
        0,
        0,
        0,
        0,
        0,
        0,
        0,
        0,
        0,
        0,
        0,
        0,
        0,
        0
      ]
    }
  ]
}
