{
  "results": [
    {
      "command": "out/20220731101132/contention 512 100000",
      "mean": 0.0194641969,
      "stddev": 0.0010905179159641522,
      "median": 0.019349971200000003,
      "user": 0.08425104,
      "system": 0.02229820999999999,
      "min": 0.017649990200000003,
      "max": 0.022439979200000005,
      "times": [
        0.017649990200000003,
        0.019345468200000004,
        0.017775378200000004,
        0.018136259200000004,
        0.018304237200000004,
        0.018352988200000003,
        0.018227903200000003,
        0.017975231200000004,
        0.018391553200000004,
        0.018030270200000004,
        0.018048266200000003,
        0.018059429200000005,
        0.0178820392,
        0.018306381200000003,
        0.017983358200000004,
        0.017812369200000004,
        0.018282343200000002,
        0.018196379200000005,
        0.018372847200000004,
        0.018393511200000004,
        0.018880924200000003,
        0.018048159200000004,
        0.018426583200000003,
        0.018508503200000002,
        0.018539453200000004,
        0.0201926842,
        0.018037579200000004,
        0.017973617200000003,
        0.018327867200000004,
        0.018145935200000005,
        0.019354474200000003,
        0.019286093200000003,
        0.019080708200000004,
        0.019130733200000003,
        0.020110656200000004,
        0.018929226200000003,
        0.019113521200000004,
        0.019290179200000004,
        0.018936721200000003,
        0.0191507082,
        0.018828254200000002,
        0.019116440200000005,
        0.019199910200000003,
        0.019775813200000002,
        0.019824540200000004,
        0.018840294200000003,
        0.019603966200000003,
        0.018874339200000003,
        0.020526478200000003,
        0.019026227200000002,
        0.018644091200000004,
        0.0188525902,
        0.018703066200000003,
        0.018862502200000002,
        0.018800008200000003,
        0.019631432200000003,
        0.019104551200000004,
        0.019433522200000004,
        0.019551406200000003,
        0.020246092200000003,
        0.019556483200000002,
        0.019421951200000002,
        0.020423790200000003,
        0.019236748200000004,
        0.020425923200000005,
        0.022123375200000003,
        0.020945540200000005,
        0.020701696200000005,
        0.020531497200000002,
        0.020187694200000002,
        0.021654116200000004,
        0.020332875200000003,
        0.020174040200000003,
        0.020352143200000002,
        0.020122475200000003,
        0.020378574200000003,
        0.020871468200000003,
        0.020457371200000005,
        0.0203413742,
        0.020287111200000003,
        0.020078870200000005,
        0.0209057732,
        0.021684159200000004,
        0.020366394200000002,
        0.020113993200000003,
        0.0199868402,
        0.020106077200000003,
        0.020594958200000003,
        0.020567390200000004,
        0.020503854200000005,
        0.022222839200000004,
        0.020781128200000002,
        0.022439979200000005,
        0.020124463200000005,
        0.020471774200000004,
        0.0200401782,
        0.020087495200000003,
        0.019936410200000004,
        0.020104582200000002,
        0.0203402272
      ],
      "exit_codes": [
        0,
        0,
        0,
        0,
        0,
        0,
        0,
        0,
        0,
        0,
        0,
        0,
        0,
        0,
        0,
        0,
        0,
        0,
        0,
        0,
        0,
        0,
        0,
        0,
        0,
        0,
        0,
        0,
        0,
        0,
        0,
        0,
        0,
        0,
        0,
        0,
        0,
        0,
        0,
        0,
        0,
        0,
        0,
        0,
        0,
        0,
        0,
        0,
        0,
        0,
        0,
        0,
        0,
        0,
        0,
        0,
        0,
        0,
        0,
        0,
        0,
        0,
        0,
        0,
        0,
        0,
        0,
        0,
        0,
        0,
        0,
        0,
        0,
        0,
        0,
        0,
        0,
        0,
        0,
        0,
        0,
        0,
        0,
        0,
        0,
        0,
        0,
        0,
        0,
        0,
        0,
        0,
        0,
        0,
        0,
        0,
        0,
        0,
        0,
        0
      ]
    }
  ]
}
