{
  "results": [
    {
      "command": "out/20220731101132/contention 128 100000",
      "mean": 0.01465655606,
      "stddev": 0.0006298687867212721,
      "median": 0.01451154646,
      "user": 0.07605079000000002,
      "system": 0.005460079999999999,
      "min": 0.013294347960000001,
      "max": 0.01716060896,
      "times": [
        0.013294347960000001,
        0.013602264959999999,
        0.01376563096,
        0.01357210696,
        0.014082313959999999,
        0.014292430960000001,
        0.014119449959999999,
        0.014325834959999999,
        0.014463272959999999,
        0.01426844096,
        0.01403284796,
        0.01447760196,
        0.013887372960000002,
        0.014173803960000002,
        0.01410790096,
        0.014558343960000001,
        0.01477552696,
        0.01395840596,
        0.014181753960000001,
        0.01568631096,
        0.014274039960000002,
        0.01418286396,
        0.01410480096,
        0.01402339096,
        0.014342458959999999,
        0.014995645960000002,
        0.01391020796,
        0.014833336959999999,
        0.014430532959999999,
        0.014781325960000001,
        0.01415295296,
        0.015054712960000001,
        0.014319429960000001,
        0.013955223959999999,
        0.01445898496,
        0.01433014296,
        0.013926539960000001,
        0.01413051396,
        0.01415884996,
        0.01436771396,
        0.014662922960000001,
        0.01467440196,
        0.014353830960000001,
        0.01481528696,
        0.014724823960000001,
        0.014212020960000002,
        0.01460082796,
        0.01482291496,
        0.01538153796,
        0.014695752959999999,
        0.014476213960000001,
        0.014513414960000002,
        0.014210130960000001,
        0.01419449096,
        0.01438456296,
        0.014242953959999999,
        0.01426275896,
        0.015063199959999999,
        0.01525621396,
        0.01485625196,
        0.01617317596,
        0.01545712396,
        0.01631926796,
        0.01577071796,
        0.015253226960000001,
        0.014539728960000001,
        0.01487194796,
        0.01451320896,
        0.01450111396,
        0.01513956596,
        0.01624618996,
        0.015576748960000001,
        0.01716060896,
        0.01510108596,
        0.015297658960000002,
        0.01424740796,
        0.014824477959999999,
        0.015104945960000001,
        0.014456992960000001,
        0.014499745960000001,
        0.014546614959999999,
        0.014394069959999999,
        0.014345272959999999,
        0.014903628960000002,
        0.014805395959999999,
        0.01426409196,
        0.01448156296,
        0.01450988396,
        0.01461795796,
        0.01479325196,
        0.01508562296,
        0.01596412296,
        0.01494336696,
        0.01588820596,
        0.01529969796,
        0.01497885296,
        0.01512209896,
        0.01512181596,
        0.01487347596,
        0.01489752296
      ],
      "exit_codes": [
        0,
        0,
        0,
        0,
        0,
        0,
        0,
        0,
        0,
        0,
        0,
        0,
        0,
        0,
        0,
        0,
        0,
        0,
        0,
        0,
        0,
        0,
        0,
        0,
        0,
        0,
        0,
        0,
        0,
        0,
        0,
        0,
        0,
        0,
        0,
        0,
        0,
        0,
        0,
        0,
        0,
        0,
        0,
        0,
        0,
        0,
        0,
        0,
        0,
        0,
        0,
        0,
        0,
        0,
        0,
        0,
        0,
        0,
        0,
        0,
        0,
        0,
        0,
        0,
        0,
        0,
        0,
        0,
        0,
        0,
        0,
        0,
        0,
        0,
        0,
        0,
        0,
        0,
        0,
        0,
        0,
        0,
        0,
        0,
        0,
        0,
        0,
        0,
        0,
        0,
        0,
        0,
        0,
        0,
        0,
        0,
        0,
        0,
        0,
        0
      ]
    }
  ]
}
