{
  "results": [
    {
      "command": "out/20220731101132/contention 1024 1000",
      "mean": 0.025274405450000016,
      "stddev": 0.0007784816124967327,
      "median": 0.02519113456,
      "user": 0.009368880000000001,
      "system": 0.03944794999999999,
      "min": 0.023760637560000002,
      "max": 0.027676779560000003,
      "times": [
        0.025146495560000003,
        0.02562491156,
        0.02621764156,
        0.025455232560000002,
        0.025741939560000003,
        0.02475847856,
        0.025136872560000002,
        0.02536981156,
        0.02546849756,
        0.024815828560000003,
        0.025523764560000002,
        0.02686158656,
        0.025317393560000002,
        0.025765650560000002,
        0.02556813556,
        0.02565253056,
        0.02700364656,
        0.025785543560000002,
        0.025096375560000002,
        0.02462139056,
        0.025366089560000003,
        0.02513742156,
        0.024769239560000003,
        0.02536190856,
        0.026484005560000003,
        0.025780507560000002,
        0.02518772956,
        0.025822560560000003,
        0.02684954356,
        0.02560256156,
        0.02610176356,
        0.025307187560000003,
        0.025260646560000002,
        0.025572244560000002,
        0.026776737560000003,
        0.02490347956,
        0.025870731560000002,
        0.026002195560000003,
        0.025628145560000003,
        0.025466673560000003,
        0.025410593560000003,
        0.02598054156,
        0.025575756560000003,
        0.02549932656,
        0.02499013156,
        0.024721471560000003,
        0.02518749256,
        0.025716516560000003,
        0.025068887560000003,
        0.02452326356,
        0.025457804560000002,
        0.02440723356,
        0.026173415560000003,
        0.02447515956,
        0.02460961756,
        0.024504777560000003,
        0.025114525560000003,
        0.023760637560000002,
        0.02448309056,
        0.025170996560000002,
        0.02437693956,
        0.024473271560000003,
        0.024216475560000002,
        0.02526247556,
        0.024304254560000002,
        0.025169335560000002,
        0.025275801560000002,
        0.02484017456,
        0.024584772560000002,
        0.026588355560000002,
        0.02641066556,
        0.02389996256,
        0.025194539560000003,
        0.02440640456,
        0.02409728456,
        0.024540812560000003,
        0.02537673056,
        0.025062895560000003,
        0.02440360256,
        0.02489209456,
        0.02494393556,
        0.02480740956,
        0.02478339656,
        0.02415596356,
        0.02434783356,
        0.02516211456,
        0.02423624756,
        0.02474306156,
        0.026047554560000002,
        0.025020349560000002,
        0.024830145560000003,
        0.024509459560000002,
        0.026285569560000003,
        0.026909199560000003,
        0.02738252056,
        0.02521431856,
        0.02411750756,
        0.024434765560000002,
        0.02544122256,
        0.027676779560000003
      ],
      "exit_codes": [
        0,
        0,
        0,
        0,
        0,
        0,
        0,
        0,
        0,
        0,
        0,
        0,
        0,
        0,
        0,
        0,
        0,
        0,
        0,
        0,
        0,
        0,
        0,
        0,
        0,
        0,
        0,
        0,
        0,
        0,
        0,
        0,
        0,
        0,
        0,
        0,
        0,
        0,
        0,
        0,
        0,
        0,
        0,
        0,
        0,
        0,
        0,
        0,
        0,
        0,
        0,
        0,
        0,
        0,
        0,
        0,
        0,
        0,
        0,
        0,
        0,
        0,
        0,
        0,
        0,
        0,
        0,
        0,
        0,
        0,
        0,
        0,
        0,
        0,
        0,
        0,
        0,
        0,
        0,
        0,
        0,
        0,
        0,
        0,
        0,
        0,
        0,
        0,
        0,
        0,
        0,
        0,
        0,
        0,
        0,
        0,
        0,
        0,
        0,
        0
      ]
    }
  ]
}
