{
  "results": [
    {
      "command": "out/20220731101132/contention 4 100",
      "mean": 0.0018855756800000014,
      "stddev": 0.00014624992780607732,
      "median": 0.0018836638800000015,
      "user": 0.0010719699999999998,
      "system": 0.00084345,
      "min": 0.0016043073800000008,
      "max": 0.002435493380000001,
      "times": [
        0.0016653463800000014,
        0.0018700813800000015,
        0.0018836103800000015,
        0.0019871783800000016,
        0.0019810323800000013,
        0.0019767473800000016,
        0.002049534380000001,
        0.002087944380000001,
        0.0019569863800000015,
        0.0019581183800000015,
        0.001833239380000001,
        0.0019201813800000015,
        0.001947571380000001,
        0.0019458903800000011,
        0.0018920043800000016,
        0.002150021380000001,
        0.002149505380000001,
        0.001987952380000001,
        0.0017332053800000013,
        0.0017622953800000012,
        0.0019055793800000008,
        0.0016667433800000016,
        0.001688412380000001,
        0.0018564063800000012,
        0.001987967380000001,
        0.001945353380000001,
        0.0017395663800000012,
        0.0018423583800000012,
        0.001613342380000001,
        0.0018745753800000014,
        0.0018662663800000016,
        0.001822767380000001,
        0.0019089493800000016,
        0.002042354380000001,
        0.0019777563800000013,
        0.0020446293800000016,
        0.0020563193800000015,
        0.001966734380000001,
        0.001916359380000001,
        0.0018543493800000014,
        0.001873394380000001,
        0.002015107380000001,
        0.0018561443800000012,
        0.002113868380000001,
        0.0019431263800000014,
        0.0018686443800000016,
        0.0017748653800000011,
        0.0016043073800000008,
        0.0016762603800000012,
        0.0016189683800000008,
        0.0017826193800000016,
        0.0020892093800000014,
        0.0018937723800000008,
        0.0017027213800000014,
        0.0017767273800000012,
        0.0017346383800000008,
        0.0017096493800000012,
        0.0018482493800000012,
        0.0019974663800000013,
        0.0019321663800000014,
        0.0019543513800000015,
        0.001847630380000001,
        0.0020059953800000015,
        0.002000130380000001,
        0.001963623380000001,
        0.0019207983800000011,
        0.0018398133800000016,
        0.0019581633800000013,
        0.0018583493800000011,
        0.0016760073800000008,
        0.0020418363800000015,
        0.002435493380000001,
        0.0020293453800000016,
        0.0017765193800000014,
        0.0016497443800000014,
        0.0017120653800000011,
        0.0018386943800000016,
        0.001662911380000001,
        0.0018582873800000008,
        0.001972729380000001,
        0.0020992183800000014,
        0.0020377463800000015,
        0.002073364380000001,
        0.0018376833800000012,
        0.0018610213800000015,
        0.0018723833800000016,
        0.0017728893800000012,
        0.0017897773800000009,
        0.0016217653800000014,
        0.001743409380000001,
        0.002037157380000001,
        0.001911786380000001,
        0.0016528903800000013,
        0.001966609380000001,
        0.0020893543800000014,
        0.0017034893800000014,
        0.0016890743800000011,
        0.0018760143800000012,
        0.0019085823800000013,
        0.0018837173800000015
      ],
      "exit_codes": [
        0,
        0,
        0,
        0,
        0,
        0,
        0,
        0,
        0,
        0,
        0,
        0,
        0,
        0,
        0,
        0,
        0,
        0,
        0,
        0,
        0,
        0,
        0,
        0,
        0,
        0,
        0,
        0,
        0,
        0,
        0,
        0,
        0,
        0,
        0,
        0,
        0,
        0,
        0,
        0,
        0,
        0,
        0,
        0,
        0,
        0,
        0,
        0,
        0,
        0,
        0,
        0,
        0,
        0,
        0,
        0,
        0,
        0,
        0,
        0,
        0,
        0,
        0,
        0,
        0,
        0,
        0,
        0,
        0,
        0,
        0,
        0,
        0,
        0,
        0,
        0,
        0,
        0,
        0,
        0,
        0,
        0,
        0,
        0,
        0,
        0,
        0,
        0,
        0,
        0,
        0,
        0,
        0,
        0,
        0,
        0,
        0,
        0,
        0,
        0
      ]
    }
  ]
}
