{
  "results": [
    {
      "command": "out/20220731101132/contention 8 10000",
      "mean": 0.00390384966,
      "stddev": 0.00025441507228050257,
      "median": 0.0038419642000000003,
      "user": 0.007734679999999999,
      "system": 0.00119903,
      "min": 0.0035072917,
      "max": 0.005084997700000001,
      "times": [
        0.0035420527,
        0.0035830477000000005,
        0.0037438147000000005,
        0.0039936837,
        0.0040016227000000005,
        0.0039707947,
        0.0041927507,
        0.0036924177000000006,
        0.0037720356999999998,
        0.0037994817,
        0.0039189157,
        0.0038187267000000004,
        0.0036975077,
        0.0042181147,
        0.0038069467,
        0.0036284706999999998,
        0.0038619847000000004,
        0.0037992347,
        0.0037501037,
        0.0043004317,
        0.0036851287,
        0.0047761087,
        0.0038985147000000003,
        0.0037459257000000004,
        0.0037750147,
        0.0039049777000000003,
        0.0039861607000000005,
        0.0043532857,
        0.0038617587000000005,
        0.0038543637,
        0.0038825977000000005,
        0.0039214017,
        0.0038302077,
        0.0037379967,
        0.0039436897,
        0.0039358517,
        0.0036895937000000004,
        0.0035072917,
        0.0041309067,
        0.0037732557000000003,
        0.0042219497,
        0.0041195407,
        0.0037580647,
        0.0037938877,
        0.0038475387,
        0.0038343027,
        0.0038429277,
        0.0037947027000000003,
        0.0038030037,
        0.0038447187000000002,
        0.0038449747,
        0.0038674477000000002,
        0.0040378687,
        0.0038544157000000006,
        0.0038410007000000005,
        0.0037853777,
        0.0039210477,
        0.0037946187000000003,
        0.0037463427000000004,
        0.0038319937000000004,
        0.0040421167,
        0.0038912477000000003,
        0.0038742137000000003,
        0.0038716207,
        0.0038105377,
        0.0037670667,
        0.0038773807000000004,
        0.0037574287,
        0.0037930677000000005,
        0.0041767967,
        0.0038072356999999998,
        0.0038399737,
        0.0038177387,
        0.0037748996999999998,
        0.0037828407,
        0.004441263700000001,
        0.0042906877,
        0.0038694877000000003,
        0.0039044327,
        0.0036983527,
        0.0038127357,
        0.0039230217,
        0.0045634707,
        0.0038155647000000003,
        0.0036516267000000005,
        0.0038760367,
        0.0038926377,
        0.0038641857,
        0.0035805517,
        0.0037802957,
        0.0038017317,
        0.0039788947,
        0.0037720617,
        0.0037778117000000005,
        0.0036554607,
        0.0037582007000000004,
        0.0040619007,
        0.005084997700000001,
        0.0040952527,
        0.0048782407000000005
      ],
      "exit_codes": [
        0,
        0,
        0,
        0,
        0,
        0,
        0,
        0,
        0,
        0,
        0,
        0,
        0,
        0,
        0,
        0,
        0,
        0,
        0,
        0,
        0,
        0,
        0,
        0,
        0,
        0,
        0,
        0,
        0,
        0,
        0,
        0,
        0,
        0,
        0,
        0,
        0,
        0,
        0,
        0,
        0,
        0,
        0,
        0,
        0,
        0,
        0,
        0,
        0,
        0,
        0,
        0,
        0,
        0,
        0,
        0,
        0,
        0,
        0,
        0,
        0,
        0,
        0,
        0,
        0,
        0,
        0,
        0,
        0,
        0,
        0,
        0,
        0,
        0,
        0,
        0,
        0,
        0,
        0,
        0,
        0,
        0,
        0,
        0,
        0,
        0,
        0,
        0,
        0,
        0,
        0,
        0,
        0,
        0,
        0,
        0,
        0,
        0,
        0,
        0
      ]
    }
  ]
}
