{
  "results": [
    {
      "command": "out/20220731101132/contention 2048 1000",
      "mean": 0.06197072213000002,
      "stddev": 0.0018044546909996453,
      "median": 0.06183898134000001,
      "user": 0.015854420000000004,
      "system": 0.11084682999999998,
      "min": 0.05943622534000001,
      "max": 0.07392050034,
      "times": [
        0.06333142134,
        0.06359980734,
        0.06254680934,
        0.06223529834,
        0.06272326134,
        0.06034551834000001,
        0.06276157834,
        0.059599318340000006,
        0.059833859340000004,
        0.06161106134,
        0.06191369734000001,
        0.06055191134000001,
        0.06222531834000001,
        0.06154407234000001,
        0.06424950334,
        0.07392050034,
        0.06338546934,
        0.06862575134,
        0.06438175534,
        0.06492683734,
        0.06121421034000001,
        0.06085366134000001,
        0.06142776534,
        0.06261409534,
        0.061971394340000006,
        0.06032653134000001,
        0.06177810034000001,
        0.06194946734,
        0.05943622534000001,
        0.06293571134,
        0.06127327834000001,
        0.06144280134000001,
        0.06303568134,
        0.06250018134,
        0.06068737334000001,
        0.062254751340000004,
        0.060300211340000014,
        0.06191329934000001,
        0.060083975340000005,
        0.06278984734,
        0.06170028834000001,
        0.06255988134,
        0.06180341434000001,
        0.06067921634,
        0.06241286234000001,
        0.06198082334000001,
        0.06360468634,
        0.06187454834000001,
        0.06289630534,
        0.06166264534000001,
        0.06145856734000001,
        0.06132620934,
        0.060907932340000005,
        0.06275397434,
        0.06215449234000001,
        0.060412915340000005,
        0.06202699634000001,
        0.06428609334,
        0.059973711340000006,
        0.06142964734000001,
        0.06142386634,
        0.06210591034000001,
        0.06136612334,
        0.06176399334000001,
        0.06069135934000001,
        0.06216910334000001,
        0.06120883034000001,
        0.062013189340000004,
        0.061048543340000004,
        0.06301458534,
        0.05984049434000001,
        0.06346442134,
        0.061634891340000005,
        0.06036447434000001,
        0.06102309434000001,
        0.06227937934,
        0.06167499834,
        0.06120062434,
        0.06226836134,
        0.06052563734,
        0.06262788534,
        0.06187514434,
        0.06422160334,
        0.06046039034000001,
        0.061027474340000006,
        0.06310381134,
        0.06280693734,
        0.05959679434000001,
        0.06252531934,
        0.06197726834000001,
        0.06174083234,
        0.061051809340000006,
        0.06081329134000001,
        0.06096010634000001,
        0.06081373434,
        0.06020156134000001,
        0.06271738734,
        0.06232724034000001,
        0.059785938340000004,
        0.06234927934
      ],
      "exit_codes": [
        0,
        0,
        0,
        0,
        0,
        0,
        0,
        0,
        0,
        0,
        0,
        0,
        0,
        0,
        0,
        0,
        0,
        0,
        0,
        0,
        0,
        0,
        0,
        0,
        0,
        0,
        0,
        0,
        0,
        0,
        0,
        0,
        0,
        0,
        0,
        0,
        0,
        0,
        0,
        0,
        0,
        0,
        0,
        0,
        0,
        0,
        0,
        0,
        0,
        0,
        0,
        0,
        0,
        0,
        0,
        0,
        0,
        0,
        0,
        0,
        0,
        0,
        0,
        0,
        0,
        0,
        0,
        0,
        0,
        0,
        0,
        0,
        0,
        0,
        0,
        0,
        0,
        0,
        0,
        0,
        0,
        0,
        0,
        0,
        0,
        0,
        0,
        0,
        0,
        0,
        0,
        0,
        0,
        0,
        0,
        0,
        0,
        0,
        0,
        0
      ]
    }
  ]
}
