{
  "results": [
    {
      "command": "out/20220731101132/contention 128 10000",
      "mean": 0.0044274408899999985,
      "stddev": 0.00020953003922484053,
      "median": 0.00441779874,
      "user": 0.008948610000000001,
      "system": 0.005167330000000001,
      "min": 0.00397039974,
      "max": 0.00514807774,
      "times": [
        0.00397039974,
        0.00441726674,
        0.004436680740000001,
        0.0045371017400000005,
        0.004502963739999999,
        0.00438926374,
        0.004370789739999999,
        0.004434784739999999,
        0.00436213874,
        0.0042670387399999996,
        0.004290587739999999,
        0.004258565739999999,
        0.00440532274,
        0.00417220374,
        0.004259841739999999,
        0.004375047739999999,
        0.00420204974,
        0.004285277739999999,
        0.0043218467399999995,
        0.0044931597400000006,
        0.00424837474,
        0.004374170739999999,
        0.00457897874,
        0.004502320739999999,
        0.004237865739999999,
        0.004186765739999999,
        0.00434961574,
        0.0043993787399999994,
        0.004488304739999999,
        0.00456621974,
        0.004461678740000001,
        0.00510249774,
        0.0048858487400000004,
        0.00497549074,
        0.004171246739999999,
        0.00408742774,
        0.004295834739999999,
        0.004193864739999999,
        0.004370205739999999,
        0.00409498174,
        0.00433241174,
        0.00419671674,
        0.00433862174,
        0.004100545739999999,
        0.004212110739999999,
        0.004174666739999999,
        0.00446033274,
        0.0046627577400000005,
        0.004301416739999999,
        0.0041927367399999995,
        0.004236655739999999,
        0.004231574739999999,
        0.00418931174,
        0.004183186739999999,
        0.004384733739999999,
        0.004224225739999999,
        0.00514807774,
        0.00478995974,
        0.004092643739999999,
        0.00450073374,
        0.004446748739999999,
        0.004338675739999999,
        0.0044477367399999995,
        0.004455732739999999,
        0.00443751274,
        0.004522843739999999,
        0.0045236157400000004,
        0.0045533417399999995,
        0.0045728557399999994,
        0.004426839740000001,
        0.004398700740000001,
        0.00464035774,
        0.00456000774,
        0.004363495739999999,
        0.00448803874,
        0.00444272974,
        0.00441833074,
        0.004535228739999999,
        0.0045413187399999996,
        0.00439683974,
        0.00444202374,
        0.0043511357399999995,
        0.004427280739999999,
        0.00480036574,
        0.00460185974,
        0.004422630739999999,
        0.00453999674,
        0.004354439739999999,
        0.00450714774,
        0.00460652974,
        0.00468143574,
        0.00454166374,
        0.004381624739999999,
        0.0045211357399999996,
        0.004372110739999999,
        0.004698522740000001,
        0.0049316807399999996,
        0.004700773740000001,
        0.0044928137400000005,
        0.00458113974
      ],
      "exit_codes": [
        0,
        0,
        0,
        0,
        0,
        0,
        0,
        0,
        0,
        0,
        0,
        0,
        0,
        0,
        0,
        0,
        0,
        0,
        0,
        0,
        0,
        0,
        0,
        0,
        0,
        0,
        0,
        0,
        0,
        0,
        0,
        0,
        0,
        0,
        0,
        0,
        0,
        0,
        0,
        0,
        0,
        0,
        0,
        0,
        0,
        0,
        0,
        0,
        0,
        0,
        0,
        0,
        0,
        0,
        0,
        0,
        0,
        0,
        0,
        0,
        0,
        0,
        0,
        0,
        0,
        0,
        0,
        0,
        0,
        0,
        0,
        0,
        0,
        0,
        0,
        0,
        0,
        0,
        0,
        0,
        0,
        0,
        0,
        0,
        0,
        0,
        0,
        0,
        0,
        0,
        0,
        0,
        0,
        0,
        0,
        0,
        0,
        0,
        0,
        0
      ]
    }
  ]
}
