{
  "results": [
    {
      "command": "out/20220731101132/contention 32 1",
      "mean": 0.0034199336199999993,
      "stddev": 0.0002406057647324236,
      "median": 0.0034295686,
      "user": 0.0012699299999999998,
      "system": 0.0016471000000000003,
      "min": 0.0029252221,
      "max": 0.004188810100000001,
      "times": [
        0.0035747101,
        0.0035871221,
        0.0037795960999999997,
        0.0035780211,
        0.0034909161,
        0.0036158751,
        0.0036780281,
        0.0036142031,
        0.0037032731,
        0.0036027770999999997,
        0.0035265631,
        0.0036216240999999995,
        0.0038472981,
        0.0036069860999999996,
        0.0037381321,
        0.0038415201,
        0.0035876241000000002,
        0.0035973221,
        0.0036668030999999998,
        0.0036650671,
        0.0034995811,
        0.0036662790999999998,
        0.0035794470999999995,
        0.0039387151,
        0.0034929271,
        0.0033679470999999996,
        0.0032344850999999997,
        0.0034208821,
        0.0035639791,
        0.0036027590999999997,
        0.0038667270999999995,
        0.0035751101000000003,
        0.0033531360999999997,
        0.0033569510999999995,
        0.0036084410999999996,
        0.0033507020999999997,
        0.0032674390999999996,
        0.0033199841,
        0.0036356060999999996,
        0.0033708720999999996,
        0.0035512240999999996,
        0.0034167980999999996,
        0.0033883241,
        0.0035393610999999996,
        0.004188810100000001,
        0.0037593590999999995,
        0.0034759901,
        0.0034676401,
        0.0033453700999999995,
        0.0032834881000000002,
        0.0034564600999999998,
        0.0033462150999999996,
        0.0033416361000000003,
        0.0035482141,
        0.0035428790999999997,
        0.0033025780999999996,
        0.0034382550999999995,
        0.0035004751000000003,
        0.0033308010999999996,
        0.0033345591,
        0.0034150361,
        0.0034568581,
        0.0038063110999999998,
        0.0034600471,
        0.0035251521,
        0.0031448411,
        0.0033488381,
        0.0032169800999999995,
        0.0032904011,
        0.0034636600999999995,
        0.0033212300999999997,
        0.0031002450999999998,
        0.0032595021,
        0.0032314400999999995,
        0.0031208680999999998,
        0.0033110680999999995,
        0.0032515251,
        0.0034507401,
        0.0034593360999999995,
        0.0032824221,
        0.0031091811,
        0.0032040410999999995,
        0.0032421690999999996,
        0.0031012590999999995,
        0.0031330180999999996,
        0.0037003731,
        0.0032285080999999998,
        0.0030738090999999994,
        0.0030487510999999998,
        0.0030285821,
        0.0031431841000000003,
        0.0030955101,
        0.0029872780999999995,
        0.0029252221,
        0.0032680591000000003,
        0.0030032260999999995,
        0.0029628780999999996,
        0.0031171340999999997,
        0.0031501551,
        0.0030006500999999997
      ],
      "exit_codes": [
        0,
        0,
        0,
        0,
        0,
        0,
        0,
        0,
        0,
        0,
        0,
        0,
        0,
        0,
        0,
        0,
        0,
        0,
        0,
        0,
        0,
        0,
        0,
        0,
        0,
        0,
        0,
        0,
        0,
        0,
        0,
        0,
        0,
        0,
        0,
        0,
        0,
        0,
        0,
        0,
        0,
        0,
        0,
        0,
        0,
        0,
        0,
        0,
        0,
        0,
        0,
        0,
        0,
        0,
        0,
        0,
        0,
        0,
        0,
        0,
        0,
        0,
        0,
        0,
        0,
        0,
        0,
        0,
        0,
        0,
        0,
        0,
        0,
        0,
        0,
        0,
        0,
        0,
        0,
        0,
        0,
        0,
        0,
        0,
        0,
        0,
        0,
        0,
        0,
        0,
        0,
        0,
        0,
        0,
        0,
        0,
        0,
        0,
        0,
        0
      ]
    }
  ]
}
