{
  "results": [
    {
      "command": "out/20220731101132/contention 8 100000",
      "mean": 0.013799960960000001,
      "stddev": 0.001179493814139105,
      "median": 0.0134201806,
      "user": 0.07134059000000001,
      "system": 0.00155384,
      "min": 0.012326801600000001,
      "max": 0.0184361166,
      "times": [
        0.012518322600000001,
        0.012326801600000001,
        0.0125060636,
        0.013467906600000003,
        0.0129187676,
        0.012821021600000001,
        0.012798494600000002,
        0.0135564616,
        0.012589901600000002,
        0.0138319706,
        0.015543099600000002,
        0.012808164600000001,
        0.012844549600000001,
        0.0131683646,
        0.013188640600000003,
        0.0131407516,
        0.0140651616,
        0.0157758276,
        0.012814565600000001,
        0.013690944600000001,
        0.0132881506,
        0.0147419536,
        0.0155448506,
        0.0127871326,
        0.0129905386,
        0.014275249600000001,
        0.013564050600000002,
        0.0129198556,
        0.0145411576,
        0.013934107600000002,
        0.012844591600000002,
        0.013739398600000001,
        0.013112395600000002,
        0.0132676166,
        0.013850311600000002,
        0.013173475600000002,
        0.013086857600000001,
        0.0133108956,
        0.0135205446,
        0.012956715600000002,
        0.013098230600000002,
        0.013009364600000002,
        0.0139940596,
        0.0130706776,
        0.013227334600000001,
        0.0125735306,
        0.013137503600000001,
        0.0138036406,
        0.0130707406,
        0.0134255556,
        0.014172039600000002,
        0.0130267976,
        0.013477919600000002,
        0.0149462886,
        0.013255407600000001,
        0.012752799600000001,
        0.0130124516,
        0.013748659600000001,
        0.013033859600000001,
        0.0158286696,
        0.0156640376,
        0.013352849600000001,
        0.015291107600000003,
        0.0184083606,
        0.0184361166,
        0.0146739496,
        0.0176117636,
        0.0132940566,
        0.0127666956,
        0.013318382600000001,
        0.013571830600000001,
        0.0134148056,
        0.017156831600000002,
        0.0137353146,
        0.013997661600000003,
        0.014542907600000002,
        0.012913788600000002,
        0.013231302600000001,
        0.015584210600000002,
        0.0137928446,
        0.0151208566,
        0.0133847476,
        0.014571196600000003,
        0.0151447626,
        0.013444724600000003,
        0.012912102600000001,
        0.013343954600000003,
        0.015254119600000001,
        0.0130204996,
        0.013782417600000003,
        0.013319185600000002,
        0.013394335600000001,
        0.014055936600000003,
        0.0136318596,
        0.0135197416,
        0.014030414600000003,
        0.013207953600000003,
        0.0148805376,
        0.013956908600000002,
        0.0137698596
      ],
      "exit_codes": [
        0,
        0,
        0,
        0,
        0,
        0,
        0,
        0,
        0,
        0,
        0,
        0,
        0,
        0,
        0,
        0,
        0,
        0,
        0,
        0,
        0,
        0,
        0,
        0,
        0,
        0,
        0,
        0,
        0,
        0,
        0,
        0,
        0,
        0,
        0,
        0,
        0,
        0,
        0,
        0,
        0,
        0,
        0,
        0,
        0,
        0,
        0,
        0,
        0,
        0,
        0,
        0,
        0,
        0,
        0,
        0,
        0,
        0,
        0,
        0,
        0,
        0,
        0,
        0,
        0,
        0,
        0,
        0,
        0,
        0,
        0,
        0,
        0,
        0,
        0,
        0,
        0,
        0,
        0,
        0,
        0,
        0,
        0,
        0,
        0,
        0,
        0,
        0,
        0,
        0,
        0,
        0,
        0,
        0,
        0,
        0,
        0,
        0,
        0,
        0
      ]
    }
  ]
}
