{
  "results": [
    {
      "command": "out/20220731101132/contention 2 10",
      "mean": 0.0027359707800000015,
      "stddev": 0.0002252485078598544,
      "median": 0.0027253014800000005,
      "user": 0.0009650399999999999,
      "system": 0.0008092800000000001,
      "min": 0.0022437689800000006,
      "max": 0.003359182980000001,
      "times": [
        0.00248341498,
        0.00261607798,
        0.0025178049800000006,
        0.002632910980000001,
        0.0025275509800000004,
        0.0025989209800000006,
        0.0028237819800000005,
        0.0027465039800000004,
        0.0029725249800000002,
        0.00246256298,
        0.0026605889800000006,
        0.0028790199800000004,
        0.0026877009800000008,
        0.002898936980000001,
        0.002784304980000001,
        0.002650501980000001,
        0.0025236769800000003,
        0.0025029629800000005,
        0.00330822598,
        0.0026594819800000004,
        0.002654820980000001,
        0.0028443309800000004,
        0.00283087498,
        0.0027730049800000003,
        0.00267624298,
        0.0026869039800000005,
        0.0026978079800000004,
        0.0030332979800000003,
        0.0026826889800000003,
        0.0026467289800000005,
        0.0027302009800000008,
        0.0026692439800000004,
        0.002752576980000001,
        0.002771599980000001,
        0.0027367339800000003,
        0.002739726980000001,
        0.0025408159800000005,
        0.0026593199800000007,
        0.00271619198,
        0.0031315299800000005,
        0.0027879839800000004,
        0.002870787980000001,
        0.0024670499800000002,
        0.002329219980000001,
        0.00249500298,
        0.0030355879800000006,
        0.0031488229800000003,
        0.0023401079800000005,
        0.0023970859800000006,
        0.002570026980000001,
        0.00280084598,
        0.0028167309800000003,
        0.002758581980000001,
        0.0027204019800000003,
        0.0032372829800000006,
        0.00274832198,
        0.0026828729800000006,
        0.0026505119800000008,
        0.0028853509800000005,
        0.002674952980000001,
        0.0026179239800000007,
        0.00255165298,
        0.0028100539800000003,
        0.0028412689800000005,
        0.0028583609800000003,
        0.0028333349800000003,
        0.0028434889800000003,
        0.0028137629800000005,
        0.003359182980000001,
        0.00317960698,
        0.00264659798,
        0.0025491099800000003,
        0.003353520980000001,
        0.0032113999800000006,
        0.003271524980000001,
        0.0023199379800000006,
        0.0023949389800000005,
        0.0024863969800000005,
        0.0027658409800000007,
        0.0029406859800000006,
        0.00292814498,
        0.002354438980000001,
        0.0022437689800000006,
        0.0026060019800000006,
        0.00287438498,
        0.0027081989800000006,
        0.002571173980000001,
        0.0027356409800000005,
        0.0025346649800000003,
        0.0026211289800000008,
        0.00290427398,
        0.00271363798,
        0.00258096698,
        0.0027652469800000003,
        0.0028415719800000006,
        0.0027840019800000008,
        0.002756859980000001,
        0.0028069129800000004,
        0.002732599980000001,
        0.0025552329800000006
      ],
      "exit_codes": [
        0,
        0,
        0,
        0,
        0,
        0,
        0,
        0,
        0,
        0,
        0,
        0,
        0,
        0,
        0,
        0,
        0,
        0,
        0,
        0,
        0,
        0,
        0,
        0,
        0,
        0,
        0,
        0,
        0,
        0,
        0,
        0,
        0,
        0,
        0,
        0,
        0,
        0,
        0,
        0,
        0,
        0,
        0,
        0,
        0,
        0,
        0,
        0,
        0,
        0,
        0,
        0,
        0,
        0,
        0,
        0,
        0,
        0,
        0,
        0,
        0,
        0,
        0,
        0,
        0,
        0,
        0,
        0,
        0,
        0,
        0,
        0,
        0,
        0,
        0,
        0,
        0,
        0,
        0,
        0,
        0,
        0,
        0,
        0,
        0,
        0,
        0,
        0,
        0,
        0,
        0,
        0,
        0,
        0,
        0,
        0,
        0,
        0,
        0,
        0
      ]
    }
  ]
}
