{
  "results": [
    {
      "command": "out/20220731101132/contention 2 1000",
      "mean": 0.0029583122300000015,
      "stddev": 0.00020558096424737855,
      "median": 0.0029505816000000005,
      "user": 0.0013891799999999998,
      "system": 0.00081994,
      "min": 0.0026089166000000004,
      "max": 0.003769870600000001,
      "times": [
        0.002799877600000001,
        0.0029488156000000007,
        0.003114406600000001,
        0.003485137600000001,
        0.0030849836000000005,
        0.0027885416000000005,
        0.002981223600000001,
        0.002860197600000001,
        0.0027582306000000006,
        0.0032836906000000008,
        0.002880463600000001,
        0.002615844600000001,
        0.0026089166000000004,
        0.002896714600000001,
        0.0027594846000000006,
        0.003232550600000001,
        0.0030966586000000006,
        0.002997919600000001,
        0.0029315776000000005,
        0.003149443600000001,
        0.002929114600000001,
        0.0027936316000000006,
        0.003304311600000001,
        0.003050125600000001,
        0.0030539326000000007,
        0.0034760836000000007,
        0.003769870600000001,
        0.002809481600000001,
        0.0028195726000000004,
        0.0027083386000000004,
        0.0027770226000000007,
        0.003291767600000001,
        0.0030812166000000005,
        0.002706401600000001,
        0.002887542600000001,
        0.0028593416000000007,
        0.002988047600000001,
        0.0030130826000000005,
        0.002972328600000001,
        0.003013902600000001,
        0.0029715366000000005,
        0.0027376916000000006,
        0.0026583666000000008,
        0.0028579016000000006,
        0.0027739496000000006,
        0.002630823600000001,
        0.0030285606000000007,
        0.0030925226000000005,
        0.002977726600000001,
        0.0029904206000000008,
        0.003143183600000001,
        0.002818897600000001,
        0.002920359600000001,
        0.002884121600000001,
        0.0026649566000000006,
        0.002746940600000001,
        0.002739857600000001,
        0.002734258600000001,
        0.003008081600000001,
        0.003137195600000001,
        0.003032877600000001,
        0.0030890486000000007,
        0.0029571346000000004,
        0.0027783146000000007,
        0.0028712756000000006,
        0.002985825600000001,
        0.0029208716000000004,
        0.002688309600000001,
        0.0031676586000000005,
        0.0030597796000000005,
        0.002906138600000001,
        0.0028854966000000006,
        0.003008993600000001,
        0.003063575600000001,
        0.002986041600000001,
        0.0029601766000000003,
        0.003007742600000001,
        0.0031481316000000004,
        0.0028642356000000008,
        0.002827896600000001,
        0.003136712600000001,
        0.0030960076000000007,
        0.003053913600000001,
        0.003090367600000001,
        0.003030237600000001,
        0.0027302316000000007,
        0.002870849600000001,
        0.003017647600000001,
        0.002871330600000001,
        0.0029523476000000003,
        0.0028095406000000003,
        0.002735464600000001,
        0.002825978600000001,
        0.003236142600000001,
        0.002843417600000001,
        0.0036622826000000004,
        0.003026659600000001,
        0.0028068526000000005,
        0.002825373600000001,
        0.002903190600000001
      ],
      "exit_codes": [
        0,
        0,
        0,
        0,
        0,
        0,
        0,
        0,
        0,
        0,
        0,
        0,
        0,
        0,
        0,
        0,
        0,
        0,
        0,
        0,
        0,
        0,
        0,
        0,
        0,
        0,
        0,
        0,
        0,
        0,
        0,
        0,
        0,
        0,
        0,
        0,
        0,
        0,
        0,
        0,
        0,
        0,
        0,
        0,
        0,
        0,
        0,
        0,
        0,
        0,
        0,
        0,
        0,
        0,
        0,
        0,
        0,
        0,
        0,
        0,
        0,
        0,
        0,
        0,
        0,
        0,
        0,
        0,
        0,
        0,
        0,
        0,
        0,
        0,
        0,
        0,
        0,
        0,
        0,
        0,
        0,
        0,
        0,
        0,
        0,
        0,
        0,
        0,
        0,
        0,
        0,
        0,
        0,
        0,
        0,
        0,
        0,
        0,
        0,
        0
      ]
    }
  ]
}
