{
  "results": [
    {
      "command": "out/20220731101132/contention 4 1000",
      "mean": 0.0029685979400000014,
      "stddev": 0.0001793755057172894,
      "median": 0.002971807740000001,
      "user": 0.0015498500000000006,
      "system": 0.0008889799999999997,
      "min": 0.0024686907400000005,
      "max": 0.0037630977400000005,
      "times": [
        0.00271666174,
        0.0026953837400000005,
        0.0030152357400000003,
        0.00316952874,
        0.0029278297400000004,
        0.0031285407400000005,
        0.0028592607400000003,
        0.002820549740000001,
        0.003190059740000001,
        0.0030805827400000006,
        0.0029126887400000006,
        0.00283437174,
        0.0028852927400000008,
        0.002664457740000001,
        0.0029961907400000007,
        0.0030931367400000003,
        0.003054799740000001,
        0.0029344247400000002,
        0.0030888237400000006,
        0.00300725374,
        0.0034766517400000004,
        0.00297529674,
        0.00272439674,
        0.0024686907400000005,
        0.00270077774,
        0.00301145574,
        0.002973548740000001,
        0.0027663277400000004,
        0.0028211287400000005,
        0.0031428767400000007,
        0.003120056740000001,
        0.0028339867400000007,
        0.0030130417400000007,
        0.0029307547400000003,
        0.0027633757400000007,
        0.0028387017400000004,
        0.0030543297400000002,
        0.003307807740000001,
        0.0037630977400000005,
        0.0030532437400000003,
        0.0026889487400000005,
        0.00293689174,
        0.003087534740000001,
        0.0030253247400000008,
        0.0029562187400000006,
        0.0030203037400000007,
        0.0029686417400000007,
        0.0028007887400000007,
        0.0028695277400000007,
        0.0027773187400000005,
        0.0029475317400000003,
        0.0029483977400000007,
        0.0030202987400000008,
        0.003117169740000001,
        0.0030595617400000002,
        0.0029944127400000006,
        0.0028091917400000005,
        0.00295642374,
        0.0030651887400000005,
        0.002970066740000001,
        0.0027190537400000004,
        0.00273794374,
        0.0026928327400000006,
        0.0029363507400000004,
        0.0029605627400000004,
        0.00294712674,
        0.00298618274,
        0.0030692787400000004,
        0.0029436847400000007,
        0.00317172374,
        0.00312894174,
        0.0029986097400000007,
        0.0030334487400000007,
        0.0030563547400000004,
        0.003014405740000001,
        0.0034072087400000006,
        0.0030121337400000007,
        0.0029595817400000007,
        0.0031459647400000007,
        0.0029545857400000005,
        0.0030416637400000005,
        0.0030043747400000003,
        0.003079395740000001,
        0.002871285740000001,
        0.00279515274,
        0.00279830174,
        0.00290192574,
        0.0030321857400000003,
        0.0030096427400000004,
        0.002819636740000001,
        0.0026848227400000004,
        0.0028241117400000003,
        0.0028792357400000005,
        0.0031901757400000005,
        0.0029559267400000007,
        0.0028682267400000003,
        0.00317278974,
        0.0030668197400000007,
        0.003117253740000001,
        0.0030365257400000005
      ],
      "exit_codes": [
        0,
        0,
        0,
        0,
        0,
        0,
        0,
        0,
        0,
        0,
        0,
        0,
        0,
        0,
        0,
        0,
        0,
        0,
        0,
        0,
        0,
        0,
        0,
        0,
        0,
        0,
        0,
        0,
        0,
        0,
        0,
        0,
        0,
        0,
        0,
        0,
        0,
        0,
        0,
        0,
        0,
        0,
        0,
        0,
        0,
        0,
        0,
        0,
        0,
        0,
        0,
        0,
        0,
        0,
        0,
        0,
        0,
        0,
        0,
        0,
        0,
        0,
        0,
        0,
        0,
        0,
        0,
        0,
        0,
        0,
        0,
        0,
        0,
        0,
        0,
        0,
        0,
        0,
        0,
        0,
        0,
        0,
        0,
        0,
        0,
        0,
        0,
        0,
        0,
        0,
        0,
        0,
        0,
        0,
        0,
        0,
        0,
        0,
        0,
        0
      ]
    }
  ]
}
