{
  "results": [
    {
      "command": "out/20220731101132/contention 16 10000",
      "mean": 0.003935196170000002,
      "stddev": 0.00019852270975638043,
      "median": 0.0039035694600000003,
      "user": 0.007959479999999998,
      "system": 0.0014194600000000002,
      "min": 0.0035808229600000005,
      "max": 0.004852630960000001,
      "times": [
        0.0036655069600000003,
        0.0035808229600000005,
        0.004081376960000001,
        0.003939622960000001,
        0.00400600996,
        0.003676109960000001,
        0.0036957799600000002,
        0.004184125960000001,
        0.00374015696,
        0.00370615696,
        0.00398490896,
        0.004133974960000001,
        0.0037200229600000004,
        0.0037772749600000002,
        0.003884074960000001,
        0.003963760960000001,
        0.0038590229600000006,
        0.00410058396,
        0.00418932296,
        0.00396940896,
        0.0039565519600000005,
        0.00383512496,
        0.0038214799600000005,
        0.003846933960000001,
        0.0037109409600000007,
        0.004340547960000001,
        0.00463400796,
        0.0040428769600000004,
        0.0036562089600000007,
        0.0038448249600000007,
        0.00390775396,
        0.0040908329600000005,
        0.0038352689600000007,
        0.00404295796,
        0.0040166329600000005,
        0.003989195960000001,
        0.0038281059600000006,
        0.00391063496,
        0.0037715549600000004,
        0.003962972960000001,
        0.0038588699600000005,
        0.00419829396,
        0.00404479896,
        0.0038394349600000006,
        0.0038503749600000007,
        0.00406033996,
        0.0038690819600000004,
        0.004239500960000001,
        0.00416307096,
        0.0038622549600000004,
        0.0037537549600000003,
        0.0037843039600000006,
        0.00374976896,
        0.0038188629600000006,
        0.00380850396,
        0.0038600119600000005,
        0.0042090339600000005,
        0.0040864379600000006,
        0.00420673896,
        0.00392551196,
        0.0038813909600000007,
        0.00396892596,
        0.004852630960000001,
        0.0038913629600000003,
        0.00396047896,
        0.0038013729600000004,
        0.00389908696,
        0.0036828829600000007,
        0.0036092289600000004,
        0.0040192579600000005,
        0.0039248669600000004,
        0.0038346219600000004,
        0.0041101589600000005,
        0.0038348689600000005,
        0.0039433459600000005,
        0.00400134496,
        0.00382552796,
        0.0037161169600000007,
        0.0037604929600000003,
        0.00408225496,
        0.0040512989600000006,
        0.0036729529600000007,
        0.0037780029600000004,
        0.003983478960000001,
        0.00391187096,
        0.003942707960000001,
        0.0038497259600000005,
        0.00400329396,
        0.00382926696,
        0.00392629296,
        0.00389652596,
        0.0038358719600000007,
        0.003927624960000001,
        0.00400635096,
        0.00389938496,
        0.00443076896,
        0.00418002196,
        0.00388413096,
        0.0038240789600000004,
        0.0039933569600000005
      ],
      "exit_codes": [
        0,
        0,
        0,
        0,
        0,
        0,
        0,
        0,
        0,
        0,
        0,
        0,
        0,
        0,
        0,
        0,
        0,
        0,
        0,
        0,
        0,
        0,
        0,
        0,
        0,
        0,
        0,
        0,
        0,
        0,
        0,
        0,
        0,
        0,
        0,
        0,
        0,
        0,
        0,
        0,
        0,
        0,
        0,
        0,
        0,
        0,
        0,
        0,
        0,
        0,
        0,
        0,
        0,
        0,
        0,
        0,
        0,
        0,
        0,
        0,
        0,
        0,
        0,
        0,
        0,
        0,
        0,
        0,
        0,
        0,
        0,
        0,
        0,
        0,
        0,
        0,
        0,
        0,
        0,
        0,
        0,
        0,
        0,
        0,
        0,
        0,
        0,
        0,
        0,
        0,
        0,
        0,
        0,
        0,
        0,
        0,
        0,
        0,
        0,
        0
      ]
    }
  ]
}
