{
  "results": [
    {
      "command": "out/20220731101132/contention 4 1000000",
      "mean": 0.12784019236000005,
      "stddev": 0.00553921953090217,
      "median": 0.12827913664,
      "user": 0.45515156999999995,
      "system": 0.003715219999999998,
      "min": 0.11788625414000001,
      "max": 0.15825322514,
      "times": [
        0.11788625414000001,
        0.13832512614,
        0.11952194814,
        0.12114757914,
        0.12333234014,
        0.12018866814000001,
        0.12141252614,
        0.12766078914,
        0.12285467114000001,
        0.12195336614,
        0.12070125214,
        0.12619311714,
        0.12472191514,
        0.12087271114,
        0.12422506514000001,
        0.12153326014,
        0.12379733314,
        0.12036787814000001,
        0.12011565714000001,
        0.12225634314,
        0.12573482614,
        0.12087845614,
        0.12503496414,
        0.12214423414,
        0.12206368214,
        0.12471048214,
        0.12265121514000002,
        0.12327617114,
        0.12271969814,
        0.12202932214000001,
        0.12201750614000001,
        0.15825322514,
        0.13239128114,
        0.13183756314,
        0.12262160514,
        0.12770250914,
        0.12289065314,
        0.12242726414,
        0.12379743714,
        0.12567962214,
        0.12834442614,
        0.12642236014,
        0.13276369614,
        0.13530733014000002,
        0.13055021614,
        0.12999673414000001,
        0.13053936714,
        0.13123967614,
        0.12979181014000002,
        0.12955974214000002,
        0.13116284114,
        0.13248576414000002,
        0.12984552014,
        0.12968845414000002,
        0.13012881414000002,
        0.13421981214,
        0.13028260414,
        0.12648402614,
        0.12836485814,
        0.12496412214,
        0.12655513914,
        0.12588857614,
        0.12907637314,
        0.12851013414,
        0.12485075314000002,
        0.12782540114000002,
        0.13336730114,
        0.12648005714000002,
        0.12560290314,
        0.12827353114,
        0.12608099814,
        0.12634109514,
        0.12568941914,
        0.13161947314,
        0.13089579414,
        0.13161567714,
        0.12919777714,
        0.13126186114000002,
        0.13127682314,
        0.12993050414,
        0.13210463414,
        0.13056669414,
        0.12882417114,
        0.12959824114000001,
        0.13040782714000002,
        0.13155714514,
        0.13266775314,
        0.13008476414,
        0.13643376414,
        0.13284164114,
        0.13140584514,
        0.14323655514,
        0.13081599114,
        0.13281664614,
        0.12912044814,
        0.13390156514,
        0.13068906814,
        0.12954959214,
        0.12670086214,
        0.12828474214000002
      ],
      "exit_codes": [
        0,
        0,
        0,
        0,
        0,
        0,
        0,
        0,
        0,
        0,
        0,
        0,
        0,
        0,
        0,
        0,
        0,
        0,
        0,
        0,
        0,
        0,
        0,
        0,
        0,
        0,
        0,
        0,
        0,
        0,
        0,
        0,
        0,
        0,
        0,
        0,
        0,
        0,
        0,
        0,
        0,
        0,
        0,
        0,
        0,
        0,
        0,
        0,
        0,
        0,
        0,
        0,
        0,
        0,
        0,
        0,
        0,
        0,
        0,
        0,
        0,
        0,
        0,
        0,
        0,
        0,
        0,
        0,
        0,
        0,
        0,
        0,
        0,
        0,
        0,
        0,
        0,
        0,
        0,
        0,
        0,
        0,
        0,
        0,
        0,
        0,
        0,
        0,
        0,
        0,
        0,
        0,
        0,
        0,
        0,
        0,
        0,
        0,
        0,
        0
      ]
    }
  ]
}
