{
  "results": [
    {
      "command": "out/20220731101132/contention 2048 10000",
      "mean": 0.06344750718999999,
      "stddev": 0.001979879699762286,
      "median": 0.06319995324000001,
      "user": 0.0210144,
      "system": 0.11216290000000007,
      "min": 0.06042467224,
      "max": 0.07440042824000001,
      "times": [
        0.06284524724000001,
        0.06588819724,
        0.06249930724,
        0.06391939124000001,
        0.061078635240000005,
        0.06449355024,
        0.06334757324000001,
        0.06328266724,
        0.06323654424000001,
        0.06379599924000001,
        0.06476941124,
        0.06342954924000001,
        0.06298656024,
        0.07440042824000001,
        0.07126194824000001,
        0.07151739724,
        0.06451562024,
        0.06702163224,
        0.06312791824000001,
        0.06365130824000001,
        0.062467446239999995,
        0.06265190324000001,
        0.06514915224000001,
        0.06586104924000001,
        0.06294041724,
        0.06395761224,
        0.061678026239999996,
        0.06468940024000001,
        0.06292557324,
        0.06331603724000001,
        0.061392853239999996,
        0.06373109224000001,
        0.06383709624,
        0.06196920824,
        0.06325119724000001,
        0.06085740524,
        0.06294601724000001,
        0.06387344224000001,
        0.06305215524,
        0.06405080024000001,
        0.06294675224000001,
        0.061345140240000005,
        0.06301927824,
        0.06266317124000001,
        0.06280838324,
        0.062419777239999995,
        0.06347480324,
        0.06375945124000001,
        0.06082358024,
        0.06477936624000001,
        0.061377379239999995,
        0.06279869224000001,
        0.06315423724000001,
        0.062405329239999995,
        0.06335692324,
        0.06412090124000001,
        0.06320685424000001,
        0.06424348424000001,
        0.06298420524000001,
        0.06209354224,
        0.06293945824000001,
        0.062295392240000004,
        0.06492224924000001,
        0.06087904224000001,
        0.06248082524,
        0.061262668240000005,
        0.06302435624000001,
        0.06323150324000001,
        0.06457784124,
        0.06381202024,
        0.06444648624,
        0.061918757240000004,
        0.06338404024000001,
        0.06244428824,
        0.06388695924000001,
        0.06291812424000001,
        0.06313397224,
        0.06469197224,
        0.06187003624,
        0.06449295424000001,
        0.06042467224,
        0.06333701824000001,
        0.06241214524,
        0.06397294024000001,
        0.06302571924000001,
        0.06357760524,
        0.06231815024,
        0.06365512824000001,
        0.06322120524000001,
        0.06354265124000001,
        0.06376340924000001,
        0.06277114924,
        0.06488811324,
        0.061662444239999996,
        0.06466523724,
        0.061543700240000006,
        0.06280591824000001,
        0.061260656239999996,
        0.06319305224,
        0.06264883424
      ],
      "exit_codes": [
        0,
        0,
        0,
        0,
        0,
        0,
        0,
        0,
        0,
        0,
        0,
        0,
        0,
        0,
        0,
        0,
        0,
        0,
        0,
        0,
        0,
        0,
        0,
        0,
        0,
        0,
        0,
        0,
        0,
        0,
        0,
        0,
        0,
        0,
        0,
        0,
        0,
        0,
        0,
        0,
        0,
        0,
        0,
        0,
        0,
        0,
        0,
        0,
        0,
        0,
        0,
        0,
        0,
        0,
        0,
        0,
        0,
        0,
        0,
        0,
        0,
        0,
        0,
        0,
        0,
        0,
        0,
        0,
        0,
        0,
        0,
        0,
        0,
        0,
        0,
        0,
        0,
        0,
        0,
        0,
        0,
        0,
        0,
        0,
        0,
        0,
        0,
        0,
        0,
        0,
        0,
        0,
        0,
        0,
        0,
        0,
        0,
        0,
        0,
        0
      ]
    }
  ]
}
