{
  "results": [
    {
      "command": "out/20220731101132/contention 512 1000",
      "mean": 0.011897359080000003,
      "stddev": 0.0004832544801004344,
      "median": 0.011806809380000002,
      "user": 0.005437079999999999,
      "system": 0.01529788999999999,
      "min": 0.01105981038,
      "max": 0.01365228738,
      "times": [
        0.011707910380000002,
        0.011509533380000003,
        0.011590891380000003,
        0.011918285380000001,
        0.01184846938,
        0.011676778380000002,
        0.011934252380000003,
        0.011810768380000003,
        0.011535774380000002,
        0.011819042380000002,
        0.01225884738,
        0.011933296380000003,
        0.012243164380000001,
        0.01209622938,
        0.01180285038,
        0.011563898380000003,
        0.01154221838,
        0.012022541380000001,
        0.011699606380000001,
        0.012137178380000002,
        0.01257654038,
        0.01175522038,
        0.011440758380000002,
        0.011832381380000003,
        0.01349432338,
        0.012118002380000003,
        0.011657908380000002,
        0.012165487380000003,
        0.011941710380000001,
        0.011642287380000001,
        0.011827059380000001,
        0.01358307638,
        0.01105981038,
        0.01160048638,
        0.012085441380000003,
        0.01160931838,
        0.01183935338,
        0.011945393380000002,
        0.01173199138,
        0.01157017938,
        0.011675972380000003,
        0.011829966380000001,
        0.01174508238,
        0.01152995738,
        0.011884352380000001,
        0.01163979738,
        0.011772801380000003,
        0.01176802838,
        0.011982135380000002,
        0.011733500380000001,
        0.01134114538,
        0.012140935380000002,
        0.011852045380000002,
        0.011532272380000003,
        0.01364152138,
        0.011931289380000001,
        0.011462933380000002,
        0.011635248380000001,
        0.012091123380000002,
        0.011350928380000003,
        0.01151048038,
        0.011580965380000002,
        0.011862347380000002,
        0.011592085380000002,
        0.011847114380000003,
        0.01182823338,
        0.011980910380000001,
        0.011481030380000003,
        0.011510115380000002,
        0.011888528380000003,
        0.011596121380000001,
        0.011651769380000003,
        0.01201659738,
        0.011998232380000001,
        0.012323794380000003,
        0.01161726838,
        0.01179133538,
        0.01149060638,
        0.011637910380000002,
        0.011971193380000002,
        0.011732482380000003,
        0.01182443038,
        0.012132945380000003,
        0.011984111380000002,
        0.011674664380000001,
        0.01171337738,
        0.011917471380000003,
        0.011711098380000003,
        0.011636101380000003,
        0.012920431380000003,
        0.01310556438,
        0.01220952338,
        0.012407880380000003,
        0.013199529380000002,
        0.01365228738,
        0.012074614380000001,
        0.011539513380000001,
        0.011154394380000002,
        0.011643491380000003,
        0.011656053380000003
      ],
      "exit_codes": [
        0,
        0,
        0,
        0,
        0,
        0,
        0,
        0,
        0,
        0,
        0,
        0,
        0,
        0,
        0,
        0,
        0,
        0,
        0,
        0,
        0,
        0,
        0,
        0,
        0,
        0,
        0,
        0,
        0,
        0,
        0,
        0,
        0,
        0,
        0,
        0,
        0,
        0,
        0,
        0,
        0,
        0,
        0,
        0,
        0,
        0,
        0,
        0,
        0,
        0,
        0,
        0,
        0,
        0,
        0,
        0,
        0,
        0,
        0,
        0,
        0,
        0,
        0,
        0,
        0,
        0,
        0,
        0,
        0,
        0,
        0,
        0,
        0,
        0,
        0,
        0,
        0,
        0,
        0,
        0,
        0,
        0,
        0,
        0,
        0,
        0,
        0,
        0,
        0,
        0,
        0,
        0,
        0,
        0,
        0,
        0,
        0,
        0,
        0,
        0
      ]
    }
  ]
}
