{
  "results": [
    {
      "command": "out/20220731101132/contention 1024 10000",
      "mean": 0.02676881875,
      "stddev": 0.0007761066420526181,
      "median": 0.026740482780000005,
      "user": 0.014119730000000002,
      "system": 0.04235415,
      "min": 0.025170085780000004,
      "max": 0.02910619578,
      "times": [
        0.025170085780000004,
        0.02759696878,
        0.026826517780000003,
        0.026339553780000004,
        0.026012453780000003,
        0.026995250780000004,
        0.026527573780000004,
        0.025808526780000004,
        0.026295943780000004,
        0.026596277780000004,
        0.026016367780000004,
        0.025830524780000003,
        0.026854329780000002,
        0.025747394780000002,
        0.025718222780000004,
        0.027421241780000005,
        0.026154998780000004,
        0.028412741780000004,
        0.027316742780000004,
        0.026886521780000002,
        0.025446663780000003,
        0.025635221780000002,
        0.025843904780000003,
        0.025568357780000002,
        0.026185269780000003,
        0.026321093780000002,
        0.025606623780000004,
        0.025765112780000002,
        0.026638827780000002,
        0.025833602780000003,
        0.026249607780000003,
        0.026020283780000004,
        0.026741624780000004,
        0.025406437780000003,
        0.02656836678,
        0.025636016780000003,
        0.026980387780000004,
        0.025811603780000004,
        0.026739340780000002,
        0.026204320780000002,
        0.027015181780000005,
        0.027497125780000003,
        0.026839328780000005,
        0.028294743780000003,
        0.026811992780000002,
        0.028886121780000006,
        0.026877159780000003,
        0.027201907780000003,
        0.026623509780000002,
        0.026618423780000004,
        0.026853271780000004,
        0.027499829780000002,
        0.026731212780000003,
        0.028451179780000002,
        0.027179185780000004,
        0.026756389780000004,
        0.027423227780000003,
        0.02702046078,
        0.027824289780000004,
        0.02649023178,
        0.02711123178,
        0.026354792780000004,
        0.026278479780000003,
        0.026850395780000005,
        0.027181912780000005,
        0.026723765780000002,
        0.027485275780000002,
        0.027302887780000003,
        0.027025192780000002,
        0.026803804780000003,
        0.028170388780000003,
        0.027606721780000003,
        0.026032123780000003,
        0.027225323780000005,
        0.026025813780000004,
        0.026733052780000002,
        0.026713886780000005,
        0.02722608778,
        0.026373334780000004,
        0.026662772780000003,
        0.027907810780000004,
        0.026572091780000005,
        0.027799865780000002,
        0.027597197780000002,
        0.02910619578,
        0.026363356780000003,
        0.027217653780000003,
        0.027647880780000002,
        0.025815572780000004,
        0.026317872780000005,
        0.027109631780000004,
        0.026451006780000005,
        0.026578803780000004,
        0.027454861780000003,
        0.02676279478,
        0.027625513780000003,
        0.026765561780000002,
        0.027643144780000004,
        0.026230282780000003,
        0.027401842780000005
      ],
      "exit_codes": [
        0,
        0,
        0,
        0,
        0,
        0,
        0,
        0,
        0,
        0,
        0,
        0,
        0,
        0,
        0,
        0,
        0,
        0,
        0,
        0,
        0,
        0,
        0,
        0,
        0,
        0,
        0,
        0,
        0,
        0,
        0,
        0,
        0,
        0,
        0,
        0,
        0,
        0,
        0,
        0,
        0,
        0,
        0,
        0,
        0,
        0,
        0,
        0,
        0,
        0,
        0,
        0,
        0,
        0,
        0,
        0,
        0,
        0,
        0,
        0,
        0,
        0,
        0,
        0,
        0,
        0,
        0,
        0,
        0,
        0,
        0,
        0,
        0,
        0,
        0,
        0,
        0,
        0,
        0,
        0,
        0,
        0,
        0,
        0,
        0,
        0,
        0,
        0,
        0,
        0,
        0,
        0,
        0,
        0,
        0,
        0,
        0,
        0,
        0,
        0
      ]
    }
  ]
}
