{
  "results": [
    {
      "command": "out/20220731101132/contention 4096 1000000",
      "mean": 0.25826607358,
      "stddev": 0.011451870679538963,
      "median": 0.25690370142,
      "user": 0.6535744299999997,
      "system": 0.3943682400000002,
      "min": 0.24130673742000003,
      "max": 0.31469421042,
      "times": [
        0.24192333442000002,
        0.24130673742000003,
        0.24267186942000002,
        0.24139478942000003,
        0.26406252942,
        0.24954376242000004,
        0.24403828642000003,
        0.24396678842000002,
        0.26046987942000005,
        0.25385337342000003,
        0.25192218842,
        0.24697720942000004,
        0.25023040642000005,
        0.24880725442,
        0.24562758342000002,
        0.24631064742000003,
        0.24955073542,
        0.24961203542000004,
        0.24943984542000003,
        0.24298306942000003,
        0.24752125842000003,
        0.24482266942000003,
        0.25051278442,
        0.24667087042000002,
        0.24717916542000004,
        0.24860406342000002,
        0.25350343342000003,
        0.25210551742000004,
        0.25033639542,
        0.24991699542,
        0.24940295642000004,
        0.24991874942000003,
        0.25069246842000004,
        0.24752358342000003,
        0.25009149242,
        0.24946209442,
        0.25077728242,
        0.24774472842,
        0.25127341142000004,
        0.24775886742000003,
        0.25615045842,
        0.25460002242,
        0.25650038842,
        0.26010606542000003,
        0.26029445142,
        0.25647269642000003,
        0.25737541442,
        0.25542415542,
        0.25904928842,
        0.25916214042,
        0.26378089842,
        0.26246206042000003,
        0.26268250342000005,
        0.26179785142,
        0.26164942442000005,
        0.26059580442,
        0.26420046942000003,
        0.26567005142000005,
        0.26726168542,
        0.26832478142000005,
        0.26621189142,
        0.25737112642000004,
        0.25612118842000003,
        0.25783447142000004,
        0.25730701442000004,
        0.25631715242,
        0.25500203142000005,
        0.25495157142,
        0.25376511242000005,
        0.25591703842,
        0.25978742242,
        0.26365703042000005,
        0.26078076542,
        0.26540486442000005,
        0.26672593442000003,
        0.26676627642,
        0.26412470042,
        0.26182773642,
        0.29413183442,
        0.31469421042,
        0.28251567642000003,
        0.27453109742000004,
        0.27850381842000005,
        0.27424347142000005,
        0.27192235442,
        0.27535249342,
        0.27598690642,
        0.27783606142,
        0.26702170542000003,
        0.26604142342000003,
        0.26223970142,
        0.26727198742,
        0.25978422942,
        0.26322005842,
        0.26196936842,
        0.26263900742,
        0.26018285342,
        0.27464234642,
        0.26345486042000005,
        0.25447683942000004
      ],
      "exit_codes": [
        0,
        0,
        0,
        0,
        0,
        0,
        0,
        0,
        0,
        0,
        0,
        0,
        0,
        0,
        0,
        0,
        0,
        0,
        0,
        0,
        0,
        0,
        0,
        0,
        0,
        0,
        0,
        0,
        0,
        0,
        0,
        0,
        0,
        0,
        0,
        0,
        0,
        0,
        0,
        0,
        0,
        0,
        0,
        0,
        0,
        0,
        0,
        0,
        0,
        0,
        0,
        0,
        0,
        0,
        0,
        0,
        0,
        0,
        0,
        0,
        0,
        0,
        0,
        0,
        0,
        0,
        0,
        0,
        0,
        0,
        0,
        0,
        0,
        0,
        0,
        0,
        0,
        0,
        0,
        0,
        0,
        0,
        0,
        0,
        0,
        0,
        0,
        0,
        0,
        0,
        0,
        0,
        0,
        0,
        0,
        0,
        0,
        0,
        0,
        0
      ]
    }
  ]
}
