{
  "results": [
    {
      "command": "out/20220731101132/contention 16 1000000",
      "mean": 0.11651798832,
      "stddev": 0.007504214389217992,
      "median": 0.11470780936,
      "user": 0.77467084,
      "system": 0.004893389999999998,
      "min": 0.10511192886000001,
      "max": 0.15451898186000002,
      "times": [
        0.10511192886000001,
        0.10794548786000001,
        0.11131360786,
        0.11094730886,
        0.11057996086,
        0.11001911886,
        0.11252933486,
        0.11167026886,
        0.11054228886,
        0.11032922386,
        0.11794291786000001,
        0.11257633186,
        0.11128266386,
        0.11046623886,
        0.11035243286,
        0.11355902986000001,
        0.11114021286,
        0.11055321586,
        0.11024737586,
        0.11320491586,
        0.11346496386,
        0.11077102586,
        0.11147648486,
        0.11133628186,
        0.11447491686,
        0.11346403586,
        0.11058784786,
        0.11074212086,
        0.11418101386,
        0.11402155586,
        0.11378545986000001,
        0.11299428186,
        0.11629842286,
        0.11516317986,
        0.11359944286,
        0.11456800286,
        0.11291199986,
        0.12290642386,
        0.12731833186,
        0.12753439586,
        0.11819442286000001,
        0.15451898186000002,
        0.12626435586,
        0.11702787486,
        0.11887280386,
        0.11919821386,
        0.11865713486,
        0.15010340286,
        0.12923171186000001,
        0.12068670586000001,
        0.11636098686,
        0.11821827686,
        0.11904379186,
        0.14920952586,
        0.12323653486,
        0.11816614286,
        0.11896462386000001,
        0.11781027986,
        0.11750197986000001,
        0.11648174986,
        0.11928092786,
        0.11783756986,
        0.11698314286,
        0.11609482086,
        0.11791460186000001,
        0.11862827786,
        0.11680981086,
        0.11769350786,
        0.11647955986,
        0.11917038386,
        0.11804980586000001,
        0.11447806686,
        0.12713276986,
        0.12380199586000001,
        0.11392698086,
        0.11337240886000001,
        0.11361849286,
        0.11579998886000001,
        0.11554452086,
        0.11325458086000001,
        0.11271704486,
        0.11484761586,
        0.11540202286000001,
        0.11488960686000001,
        0.11433545186,
        0.11413781186000001,
        0.11510621986,
        0.11339810586,
        0.11654363986,
        0.11323609486,
        0.11394030086,
        0.11237145886000001,
        0.11324942686,
        0.11246478886,
        0.11485641986,
        0.11436475186,
        0.11363739986,
        0.11787820986,
        0.11851757986,
        0.11836910986
      ],
      "exit_codes": [
        0,
        0,
        0,
        0,
        0,
        0,
        0,
        0,
        0,
        0,
        0,
        0,
        0,
        0,
        0,
        0,
        0,
        0,
        0,
        0,
        0,
        0,
        0,
        0,
        0,
        0,
        0,
        0,
        0,
        0,
        0,
        0,
        0,
        0,
        0,
        0,
        0,
        0,
        0,
        0,
        0,
        0,
        0,
        0,
        0,
        0,
        0,
        0,
        0,
        0,
        0,
        0,
        0,
        0,
        0,
        0,
        0,
        0,
        0,
        0,
        0,
        0,
        0,
        0,
        0,
        0,
        0,
        0,
        0,
        0,
        0,
        0,
        0,
        0,
        0,
        0,
        0,
        0,
        0,
        0,
        0,
        0,
        0,
        0,
        0,
        0,
        0,
        0,
        0,
        0,
        0,
        0,
        0,
        0,
        0,
        0,
        0,
        0,
        0,
        0
      ]
    }
  ]
}
