{
  "results": [
    {
      "command": "out/20220731101132/contention 128 1000",
      "mean": 0.00485240038,
      "stddev": 0.0004118895252689061,
      "median": 0.00474465262,
      "user": 0.0026120700000000015,
      "system": 0.0043865499999999995,
      "min": 0.00423735662,
      "max": 0.007181998620000001,
      "times": [
        0.004608144620000001,
        0.00466809462,
        0.00475581562,
        0.00448614162,
        0.004827628620000001,
        0.004724572620000001,
        0.00467857862,
        0.004617860620000001,
        0.004611041620000001,
        0.005101603620000001,
        0.00481913762,
        0.00518813362,
        0.00446064762,
        0.00440883862,
        0.00473364062,
        0.0046618556200000005,
        0.00469845362,
        0.0046796706200000005,
        0.00470233262,
        0.00487600762,
        0.0049974936200000005,
        0.00498118062,
        0.0054246706200000005,
        0.00534036362,
        0.004894699620000001,
        0.00433504562,
        0.00501625062,
        0.00490753562,
        0.00462832562,
        0.0047137006200000005,
        0.00472222062,
        0.00495416662,
        0.00473791162,
        0.00484840262,
        0.004764574620000001,
        0.0047029466200000005,
        0.00481719062,
        0.00620210962,
        0.006102531620000001,
        0.00544102162,
        0.00531524662,
        0.00483972762,
        0.00522969462,
        0.00484218862,
        0.0047700246200000004,
        0.00481455862,
        0.00471144662,
        0.004599984620000001,
        0.004818489620000001,
        0.00503022062,
        0.0043675376200000005,
        0.00578774862,
        0.007181998620000001,
        0.005969294620000001,
        0.00475573362,
        0.00522787862,
        0.00502811662,
        0.00479112062,
        0.00449360662,
        0.00438456062,
        0.004758960620000001,
        0.00493080162,
        0.00471426162,
        0.00476795062,
        0.00468662362,
        0.00486129662,
        0.004801717620000001,
        0.00463840662,
        0.004600292620000001,
        0.00469053362,
        0.00477648262,
        0.00459286062,
        0.0048599566200000005,
        0.004728471620000001,
        0.0047084076200000005,
        0.00454307362,
        0.00456365862,
        0.004831660620000001,
        0.004711147620000001,
        0.00423735662,
        0.00473324462,
        0.00482889862,
        0.004809063620000001,
        0.00465190262,
        0.00474395962,
        0.004827089620000001,
        0.004677496620000001,
        0.004669718620000001,
        0.004689489620000001,
        0.004650679620000001,
        0.00466996862,
        0.00502573662,
        0.005714020620000001,
        0.00471633262,
        0.004668479620000001,
        0.00459330662,
        0.0046364026200000005,
        0.004745345620000001,
        0.00454562262,
        0.004839636620000001
      ],
      "exit_codes": [
        0,
        0,
        0,
        0,
        0,
        0,
        0,
        0,
        0,
        0,
        0,
        0,
        0,
        0,
        0,
        0,
        0,
        0,
        0,
        0,
        0,
        0,
        0,
        0,
        0,
        0,
        0,
        0,
        0,
        0,
        0,
        0,
        0,
        0,
        0,
        0,
        0,
        0,
        0,
        0,
        0,
        0,
        0,
        0,
        0,
        0,
        0,
        0,
        0,
        0,
        0,
        0,
        0,
        0,
        0,
        0,
        0,
        0,
        0,
        0,
        0,
        0,
        0,
        0,
        0,
        0,
        0,
        0,
        0,
        0,
        0,
        0,
        0,
        0,
        0,
        0,
        0,
        0,
        0,
        0,
        0,
        0,
        0,
        0,
        0,
        0,
        0,
        0,
        0,
        0,
        0,
        0,
        0,
        0,
        0,
        0,
        0,
        0,
        0,
        0
      ]
    }
  ]
}
