{
  "results": [
    {
      "command": "out/20220731101132/contention 16 1000",
      "mean": 0.0020461194599999994,
      "stddev": 0.00018296053639024027,
      "median": 0.00201897822,
      "user": 0.0019055499999999998,
      "system": 0.0013911899999999996,
      "min": 0.00180428722,
      "max": 0.00320530422,
      "times": [
        0.00223277722,
        0.0020981512199999995,
        0.0019451142199999995,
        0.0019128232200000001,
        0.00194404222,
        0.0019056912200000001,
        0.0018420102199999998,
        0.00213059522,
        0.00205739722,
        0.00217582022,
        0.0021429202199999995,
        0.0019946652199999996,
        0.00189761522,
        0.00203627122,
        0.0019959262200000003,
        0.00193486022,
        0.00320530422,
        0.0023937922199999996,
        0.0024384392199999997,
        0.0020558352199999998,
        0.0020628292199999995,
        0.00201974022,
        0.0019090962199999999,
        0.00202882122,
        0.00198749322,
        0.0019121062200000002,
        0.0018312512199999999,
        0.00209384122,
        0.0019480792200000001,
        0.00184690222,
        0.0021505432199999995,
        0.00216270222,
        0.00197406922,
        0.00191672722,
        0.0020279192199999995,
        0.0019670682199999998,
        0.00214339922,
        0.0020183172199999995,
        0.0019893212199999996,
        0.0019281152200000002,
        0.0019189462199999995,
        0.00202092322,
        0.0019120102199999996,
        0.0019050952199999999,
        0.00206462322,
        0.0019204092199999996,
        0.00202048122,
        0.00189341822,
        0.0019700362199999997,
        0.0018883012200000002,
        0.0018566432199999998,
        0.0020876492199999996,
        0.0019313402200000001,
        0.0018838862199999995,
        0.00197062222,
        0.0022812892199999997,
        0.0020131562200000003,
        0.0019124072199999996,
        0.00213055222,
        0.0018286082199999998,
        0.0018348892200000001,
        0.00180428722,
        0.00202583222,
        0.0019594522199999995,
        0.0022966702199999998,
        0.0023882142199999996,
        0.00203495122,
        0.0018693112200000002,
        0.00196276222,
        0.00198097422,
        0.0019587602199999995,
        0.0021018092199999996,
        0.0020336882199999996,
        0.00202594222,
        0.0019940602199999997,
        0.00198092822,
        0.0021425562200000003,
        0.0019747062199999997,
        0.00202722422,
        0.00208084122,
        0.0018595982199999996,
        0.0019227752199999998,
        0.00232699522,
        0.0021793492199999997,
        0.0019720152199999997,
        0.0020324342199999996,
        0.0020327902199999996,
        0.00197941722,
        0.0023170132199999997,
        0.0024321662199999995,
        0.00199546022,
        0.00234296022,
        0.0022105022199999996,
        0.00210898122,
        0.00201963922,
        0.00210112322,
        0.0021507492199999995,
        0.00215195122,
        0.0022179092199999997,
        0.00211146322
      ],
      "exit_codes": [
        0,
        0,
        0,
        0,
        0,
        0,
        0,
        0,
        0,
        0,
        0,
        0,
        0,
        0,
        0,
        0,
        0,
        0,
        0,
        0,
        0,
        0,
        0,
        0,
        0,
        0,
        0,
        0,
        0,
        0,
        0,
        0,
        0,
        0,
        0,
        0,
        0,
        0,
        0,
        0,
        0,
        0,
        0,
        0,
        0,
        0,
        0,
        0,
        0,
        0,
        0,
        0,
        0,
        0,
        0,
        0,
        0,
        0,
        0,
        0,
        0,
        0,
        0,
        0,
        0,
        0,
        0,
        0,
        0,
        0,
        0,
        0,
        0,
        0,
        0,
        0,
        0,
        0,
        0,
        0,
        0,
        0,
        0,
        0,
        0,
        0,
        0,
        0,
        0,
        0,
        0,
        0,
        0,
        0,
        0,
        0,
        0,
        0,
        0,
        0
      ]
    }
  ]
}
