{
  "results": [
    {
      "command": "out/20220731101132/contention 4096 1000",
      "mean": 0.19285415954000007,
      "stddev": 0.0034875259000942283,
      "median": 0.19270757744,
      "user": 0.02857059000000001,
      "system": 0.31706985,
      "min": 0.18540746894000001,
      "max": 0.20333654494,
      "times": [
        0.18809510194,
        0.18721548694,
        0.19119481794,
        0.18960225594000002,
        0.19037667394000002,
        0.20329208494,
        0.19999845994,
        0.19433195094000003,
        0.19633422894000002,
        0.19593779594000002,
        0.19811154194000002,
        0.19864707194,
        0.19781931494000002,
        0.19822147994000003,
        0.19322650494000002,
        0.19514433594000002,
        0.19726492994000003,
        0.19181992494000003,
        0.18839573194,
        0.18935241394000002,
        0.18935444494,
        0.19234373794,
        0.19231768694,
        0.19476509594000002,
        0.19762458894,
        0.19885909394,
        0.19743962694000003,
        0.19148728194,
        0.19452367794000003,
        0.18788568594000002,
        0.19162407494000003,
        0.19394308694,
        0.19110589794000002,
        0.18613504594000002,
        0.18901416194,
        0.18540746894000001,
        0.18964036394000003,
        0.19036113394,
        0.19058478494,
        0.19661293394,
        0.19699774994000002,
        0.20333654494,
        0.19798674194000002,
        0.19539267894,
        0.19399000094000002,
        0.19206203094000002,
        0.19308988394,
        0.19289076994,
        0.19172908794000001,
        0.19532645194,
        0.18888050094000003,
        0.18846956594000003,
        0.18914925494,
        0.19107477694000002,
        0.19172144394,
        0.19268502894,
        0.19416361094,
        0.19605971794000002,
        0.19454913094,
        0.19570760694000003,
        0.19302896594000002,
        0.19474258194000002,
        0.19337028694000002,
        0.19273012594000002,
        0.19488491094000002,
        0.18929070794000002,
        0.19000463794000003,
        0.18897288194,
        0.19275044794,
        0.18743953394,
        0.19129798994000002,
        0.19471238394,
        0.19742373894,
        0.19424716594000002,
        0.19329913294,
        0.19176239294000003,
        0.18958442394000002,
        0.19504131194000002,
        0.19063735194,
        0.19062098894,
        0.19000304894,
        0.19163649494,
        0.18860146194000002,
        0.18824017394,
        0.19009873394000001,
        0.18984201494000003,
        0.18921745394,
        0.19317620994,
        0.19279052794,
        0.19581920494000002,
        0.19669933494000003,
        0.19213541894000002,
        0.19444153894000002,
        0.19343521494000002,
        0.19242166694,
        0.19164018994,
        0.19397017994000001,
        0.19137554894000003,
        0.19295581994000002,
        0.19039918994000002
      ],
      "exit_codes": [
        0,
        0,
        0,
        0,
        0,
        0,
        0,
        0,
        0,
        0,
        0,
        0,
        0,
        0,
        0,
        0,
        0,
        0,
        0,
        0,
        0,
        0,
        0,
        0,
        0,
        0,
        0,
        0,
        0,
        0,
        0,
        0,
        0,
        0,
        0,
        0,
        0,
        0,
        0,
        0,
        0,
        0,
        0,
        0,
        0,
        0,
        0,
        0,
        0,
        0,
        0,
        0,
        0,
        0,
        0,
        0,
        0,
        0,
        0,
        0,
        0,
        0,
        0,
        0,
        0,
        0,
        0,
        0,
        0,
        0,
        0,
        0,
        0,
        0,
        0,
        0,
        0,
        0,
        0,
        0,
        0,
        0,
        0,
        0,
        0,
        0,
        0,
        0,
        0,
        0,
        0,
        0,
        0,
        0,
        0,
        0,
        0,
        0,
        0,
        0
      ]
    }
  ]
}
