{
  "results": [
    {
      "command": "out/20220731101132/contention 32 1000000",
      "mean": 0.11558426510000004,
      "stddev": 0.003241901349068761,
      "median": 0.11501888907999999,
      "user": 0.78017285,
      "system": 0.0055534300000000016,
      "min": 0.10695902008,
      "max": 0.12661530608000002,
      "times": [
        0.10695902008,
        0.11519934308,
        0.11103295608,
        0.11038306208,
        0.11016789008,
        0.11202557008,
        0.11234981408,
        0.11003376508,
        0.11213412408,
        0.11381879208,
        0.11256448108,
        0.11264799908,
        0.11067716208,
        0.11154680808,
        0.11146931208,
        0.11219383308,
        0.11176573008,
        0.11009172807999999,
        0.11274363608,
        0.11279650108,
        0.11291792208,
        0.11361096508,
        0.11309499808,
        0.11345517708,
        0.11322567107999999,
        0.11343319308,
        0.11335638408,
        0.11446041408,
        0.11768688508,
        0.11695984908,
        0.11620679008,
        0.11834771008,
        0.12193180908,
        0.11655112008,
        0.11886289008,
        0.11854430208,
        0.11886499408,
        0.12661530608000002,
        0.12018021808,
        0.12156442408,
        0.11888731108,
        0.11786282608,
        0.12040801908,
        0.11850627108,
        0.11807613608,
        0.11681428408,
        0.11681988908,
        0.11907658608,
        0.11840311308,
        0.11635843408,
        0.11734742608,
        0.11682095308,
        0.11926380908,
        0.11714997408,
        0.11762440008,
        0.11378691508,
        0.11402336208,
        0.11426343508,
        0.11468556308,
        0.11299108008,
        0.11483843508,
        0.11413289508,
        0.11289008808,
        0.11254990908,
        0.11434004108,
        0.11458700508,
        0.11368278408,
        0.11376524208,
        0.11743925908,
        0.11383059908,
        0.11463294308,
        0.11922547408,
        0.11648000508,
        0.11862110008,
        0.11892230208,
        0.11690430108,
        0.11712803408,
        0.11918068708,
        0.11940110508,
        0.11685909308,
        0.11737771108,
        0.11762238208,
        0.11796936708,
        0.11871683008,
        0.11684966408,
        0.11860242408,
        0.11832741008,
        0.12289238307999999,
        0.11728740408,
        0.11944598008,
        0.11673262008,
        0.11639071708,
        0.11355973208,
        0.11281941408,
        0.11469834808,
        0.11306778608,
        0.11337235808,
        0.11270515108,
        0.11436629208,
        0.11456889508
      ],
      "exit_codes": [
        0,
        0,
        0,
        0,
        0,
        0,
        0,
        0,
        0,
        0,
        0,
        0,
        0,
        0,
        0,
        0,
        0,
        0,
        0,
        0,
        0,
        0,
        0,
        0,
        0,
        0,
        0,
        0,
        0,
        0,
        0,
        0,
        0,
        0,
        0,
        0,
        0,
        0,
        0,
        0,
        0,
        0,
        0,
        0,
        0,
        0,
        0,
        0,
        0,
        0,
        0,
        0,
        0,
        0,
        0,
        0,
        0,
        0,
        0,
        0,
        0,
        0,
        0,
        0,
        0,
        0,
        0,
        0,
        0,
        0,
        0,
        0,
        0,
        0,
        0,
        0,
        0,
        0,
        0,
        0,
        0,
        0,
        0,
        0,
        0,
        0,
        0,
        0,
        0,
        0,
        0,
        0,
        0,
        0,
        0,
        0,
        0,
        0,
        0,
        0
      ]
    }
  ]
}
