{
  "results": [
    {
      "command": "out/20220731101132/contention 4 1",
      "mean": 0.0027318234100000005,
      "stddev": 0.00016224013482178768,
      "median": 0.0027525405000000005,
      "user": 0.0009569399999999998,
      "system": 0.0008361199999999998,
      "min": 0.002395171,
      "max": 0.0035027540000000007,
      "times": [
        0.0026348210000000003,
        0.002439914000000001,
        0.0025991790000000005,
        0.0027388120000000006,
        0.0028887230000000006,
        0.0027536200000000005,
        0.002500987,
        0.00269233,
        0.0028741310000000007,
        0.0026658350000000005,
        0.0024848650000000006,
        0.002443948000000001,
        0.0026540500000000002,
        0.0027729720000000007,
        0.002810978000000001,
        0.0028378470000000005,
        0.0027040270000000008,
        0.0027957130000000005,
        0.0025783400000000006,
        0.0027745280000000005,
        0.0026035820000000006,
        0.0024858180000000003,
        0.0027827160000000006,
        0.0029759350000000003,
        0.002672121000000001,
        0.0026962150000000005,
        0.002626218000000001,
        0.0025132840000000006,
        0.0025979600000000003,
        0.002781753000000001,
        0.003071200000000001,
        0.0026184140000000008,
        0.0027173360000000003,
        0.002776272,
        0.003136162000000001,
        0.0025501160000000003,
        0.002450854,
        0.002772540000000001,
        0.0027237470000000008,
        0.002779614,
        0.002779324,
        0.0027280100000000008,
        0.002893427000000001,
        0.002842292,
        0.002894203,
        0.0028133800000000003,
        0.002816332000000001,
        0.0028465250000000004,
        0.0029037020000000006,
        0.002962667000000001,
        0.0035027540000000007,
        0.0027514610000000006,
        0.0026654450000000002,
        0.0027790460000000007,
        0.002728542000000001,
        0.0024817210000000005,
        0.0026865370000000006,
        0.0027308600000000003,
        0.0028304190000000003,
        0.0027356630000000006,
        0.002854567,
        0.0029016160000000005,
        0.00263595,
        0.0026271090000000003,
        0.002784103000000001,
        0.0027774930000000002,
        0.0024218280000000004,
        0.0025579120000000003,
        0.0028499600000000008,
        0.0028710520000000002,
        0.002855017000000001,
        0.0027702480000000008,
        0.0026782810000000007,
        0.0025553490000000006,
        0.002629077000000001,
        0.0027258800000000004,
        0.0025133910000000007,
        0.002632394,
        0.0027649160000000005,
        0.0029179970000000007,
        0.0029432530000000003,
        0.0026078440000000002,
        0.0026422000000000004,
        0.0028348360000000007,
        0.0027807320000000006,
        0.0028515090000000008,
        0.0027578670000000002,
        0.0027967210000000007,
        0.0027651370000000004,
        0.002761995,
        0.002738068,
        0.0025519630000000004,
        0.0025478170000000004,
        0.0028307650000000003,
        0.002765754000000001,
        0.002721563,
        0.002611275,
        0.002395171,
        0.0027585220000000007,
        0.0028454220000000007
      ],
      "exit_codes": [
        0,
        0,
        0,
        0,
        0,
        0,
        0,
        0,
        0,
        0,
        0,
        0,
        0,
        0,
        0,
        0,
        0,
        0,
        0,
        0,
        0,
        0,
        0,
        0,
        0,
        0,
        0,
        0,
        0,
        0,
        0,
        0,
        0,
        0,
        0,
        0,
        0,
        0,
        0,
        0,
        0,
        0,
        0,
        0,
        0,
        0,
        0,
        0,
        0,
        0,
        0,
        0,
        0,
        0,
        0,
        0,
        0,
        0,
        0,
        0,
        0,
        0,
        0,
        0,
        0,
        0,
        0,
        0,
        0,
        0,
        0,
        0,
        0,
        0,
        0,
        0,
        0,
        0,
        0,
        0,
        0,
        0,
        0,
        0,
        0,
        0,
        0,
        0,
        0,
        0,
        0,
        0,
        0,
        0,
        0,
        0,
        0,
        0,
        0,
        0
      ]
    }
  ]
}
