{
  "results": [
    {
      "command": "out/20220731101132/contention 512 1000000",
      "mean": 0.12205235319000009,
      "stddev": 0.0031912034268131535,
      "median": 0.12176072164000001,
      "user": 0.8082126899999998,
      "system": 0.02378346,
      "min": 0.11675543464000002,
      "max": 0.13507421964000002,
      "times": [
        0.11675543464000002,
        0.12124315264000002,
        0.11807587864,
        0.11719824764000002,
        0.11757160564000001,
        0.11763609964000002,
        0.12390162064000002,
        0.12650479164,
        0.12991503364,
        0.12318602264,
        0.12197538964000001,
        0.12272455864000001,
        0.12128455164000002,
        0.12388765464000001,
        0.13507421964000002,
        0.13317515164000002,
        0.12733285364000002,
        0.12607872064,
        0.12601259364,
        0.12520573564,
        0.12638453764000002,
        0.12569827064000003,
        0.12492000964000002,
        0.12457451764000002,
        0.12743204964000002,
        0.12148304164000001,
        0.12097233864000001,
        0.12150001564000001,
        0.12327886964000001,
        0.12060737864000001,
        0.12108813464000001,
        0.12367983664000001,
        0.12476934364,
        0.12147777164000001,
        0.12082816164000001,
        0.12272395264000002,
        0.12471481464,
        0.12222913264000002,
        0.12202906864000002,
        0.12276059664000002,
        0.12252792564000001,
        0.12209373464,
        0.12193586764000001,
        0.12104221164000001,
        0.12243165064,
        0.12077487264000002,
        0.12318531264000002,
        0.12974017464,
        0.12487892664000003,
        0.12472289264000003,
        0.12320136364,
        0.12083326464000001,
        0.12326665464,
        0.12153398864,
        0.12073075264000001,
        0.12167376664000001,
        0.12274324564000003,
        0.12176564164000002,
        0.12087075264000001,
        0.12031013264000001,
        0.12181230764000002,
        0.12058455364000001,
        0.12207126564000001,
        0.11998241664000002,
        0.12222336964000002,
        0.12211622664000002,
        0.12109257164000001,
        0.12080897264000001,
        0.12209540464000002,
        0.12098235064000001,
        0.12125581364000002,
        0.12135936464000001,
        0.11830517164000001,
        0.11749470464000002,
        0.11695877064000001,
        0.11766743964000001,
        0.11742758464000001,
        0.11796521864000001,
        0.11715633164000001,
        0.11684337064000001,
        0.11800270864000001,
        0.11796887364000001,
        0.11732346964000001,
        0.11921749364000002,
        0.12261793264000001,
        0.12204828664000002,
        0.12115183064000001,
        0.12127722764000001,
        0.12213344164,
        0.12291342964000002,
        0.12175580164000001,
        0.12114739164000002,
        0.12114743064000001,
        0.12361233964000001,
        0.12076530664000001,
        0.12121819264000001,
        0.12186392464000001,
        0.12248492064000002,
        0.12126995464000001,
        0.12095785964000001
      ],
      "exit_codes": [
        0,
        0,
        0,
        0,
        0,
        0,
        0,
        0,
        0,
        0,
        0,
        0,
        0,
        0,
        0,
        0,
        0,
        0,
        0,
        0,
        0,
        0,
        0,
        0,
        0,
        0,
        0,
        0,
        0,
        0,
        0,
        0,
        0,
        0,
        0,
        0,
        0,
        0,
        0,
        0,
        0,
        0,
        0,
        0,
        0,
        0,
        0,
        0,
        0,
        0,
        0,
        0,
        0,
        0,
        0,
        0,
        0,
        0,
        0,
        0,
        0,
        0,
        0,
        0,
        0,
        0,
        0,
        0,
        0,
        0,
        0,
        0,
        0,
        0,
        0,
        0,
        0,
        0,
        0,
        0,
        0,
        0,
        0,
        0,
        0,
        0,
        0,
        0,
        0,
        0,
        0,
        0,
        0,
        0,
        0,
        0,
        0,
        0,
        0,
        0
      ]
    }
  ]
}
