{
  "results": [
    {
      "command": "out/20220731101132/contention 256 1",
      "mean": 0.007554294159999999,
      "stddev": 0.0004382232488542562,
      "median": 0.007576406040000001,
      "user": 0.0028647600000000014,
      "system": 0.007555610000000001,
      "min": 0.00664247154,
      "max": 0.00903116454,
      "times": [
        0.00788580954,
        0.00783574354,
        0.00783735254,
        0.008440758540000001,
        0.00828042254,
        0.00801714654,
        0.00797926554,
        0.007966704540000001,
        0.008092436540000001,
        0.00781657854,
        0.00810789454,
        0.007813608540000001,
        0.00832651354,
        0.00903116454,
        0.00800753254,
        0.00779227754,
        0.007684966540000001,
        0.00762749754,
        0.007882752540000001,
        0.007576461540000001,
        0.00762279454,
        0.007520714540000001,
        0.00792916054,
        0.0076424525400000005,
        0.00764846754,
        0.0076329345400000005,
        0.00752869554,
        0.007843282540000001,
        0.00753940554,
        0.00788656354,
        0.00757947254,
        0.007554079540000001,
        0.00817986254,
        0.00816786754,
        0.00791525354,
        0.00853733654,
        0.00791622454,
        0.007777417540000001,
        0.00780564054,
        0.00757635054,
        0.0076359535400000005,
        0.00785176054,
        0.007705927540000001,
        0.00763942854,
        0.00744001954,
        0.007656095540000001,
        0.00785488954,
        0.00771545054,
        0.007291163540000001,
        0.0075982735400000005,
        0.007675563540000001,
        0.007427622540000001,
        0.007388957540000001,
        0.007296871540000001,
        0.007434115540000001,
        0.0074770995400000005,
        0.00744754454,
        0.007289704540000001,
        0.007402892540000001,
        0.007659042540000001,
        0.00851219154,
        0.007573858540000001,
        0.00725967554,
        0.007225410540000001,
        0.007333632540000001,
        0.007305685540000001,
        0.00695697254,
        0.007072799540000001,
        0.007035659540000001,
        0.00698463654,
        0.007296740540000001,
        0.00686990554,
        0.006881225540000001,
        0.006974761540000001,
        0.00695966454,
        0.007198435540000001,
        0.00698945254,
        0.00706931354,
        0.00699536054,
        0.00698913254,
        0.007178888540000001,
        0.00719358654,
        0.00706396754,
        0.007092668540000001,
        0.00700596654,
        0.00720711854,
        0.00688835954,
        0.007085793540000001,
        0.00721619854,
        0.007758118540000001,
        0.00756078854,
        0.0072579175400000005,
        0.00755854754,
        0.007744081540000001,
        0.0075857925400000005,
        0.00816884954,
        0.00747394354,
        0.006744307540000001,
        0.00664247154,
        0.00682229354
      ],
      "exit_codes": [
        0,
        0,
        0,
        0,
        0,
        0,
        0,
        0,
        0,
        0,
        0,
        0,
        0,
        0,
        0,
        0,
        0,
        0,
        0,
        0,
        0,
        0,
        0,
        0,
        0,
        0,
        0,
        0,
        0,
        0,
        0,
        0,
        0,
        0,
        0,
        0,
        0,
        0,
        0,
        0,
        0,
        0,
        0,
        0,
        0,
        0,
        0,
        0,
        0,
        0,
        0,
        0,
        0,
        0,
        0,
        0,
        0,
        0,
        0,
        0,
        0,
        0,
        0,
        0,
        0,
        0,
        0,
        0,
        0,
        0,
        0,
        0,
        0,
        0,
        0,
        0,
        0,
        0,
        0,
        0,
        0,
        0,
        0,
        0,
        0,
        0,
        0,
        0,
        0,
        0,
        0,
        0,
        0,
        0,
        0,
        0,
        0,
        0,
        0,
        0
      ]
    }
  ]
}
