{
  "results": [
    {
      "command": "out/20220731101132/contention 8 1",
      "mean": 0.00278068285,
      "stddev": 0.0002170796511358393,
      "median": 0.0027417787799999998,
      "user": 0.0010047399999999996,
      "system": 0.00099086,
      "min": 0.0024711902799999996,
      "max": 0.00349336828,
      "times": [
        0.00258789928,
        0.0025815752799999998,
        0.0029259622799999996,
        0.00282252228,
        0.0028977182799999994,
        0.00291506228,
        0.00290089428,
        0.0027320102799999997,
        0.00274345428,
        0.00297470228,
        0.0029244302799999993,
        0.00276462128,
        0.0027772562799999994,
        0.00307028328,
        0.00349336828,
        0.00275622528,
        0.0028345622799999994,
        0.00303446028,
        0.0030211152799999993,
        0.0029434692799999995,
        0.00304374228,
        0.00282734828,
        0.00278317428,
        0.00277965128,
        0.00288659228,
        0.00276634328,
        0.00281376528,
        0.0030965732799999998,
        0.00308955928,
        0.0028153632799999993,
        0.00278592328,
        0.00284090728,
        0.00285756028,
        0.0027989322799999994,
        0.0028398402799999995,
        0.00326220128,
        0.0030066232799999997,
        0.0027805502799999994,
        0.00272867628,
        0.0027401032799999996,
        0.00265914128,
        0.00255618128,
        0.0026337022799999997,
        0.0027234232799999997,
        0.0026373192799999997,
        0.00271626928,
        0.0032904102799999994,
        0.0027950162799999997,
        0.00265669728,
        0.00294332828,
        0.0028029742799999995,
        0.0027576872799999997,
        0.00262199528,
        0.00272583528,
        0.0032915302799999997,
        0.00302355628,
        0.0026747522799999996,
        0.0026494032799999996,
        0.0033011012799999996,
        0.00261060228,
        0.00256652028,
        0.0026970922799999996,
        0.0025954572799999995,
        0.00264468328,
        0.0027103232799999995,
        0.00270477228,
        0.00259728528,
        0.00344375928,
        0.0027847902799999994,
        0.00263895528,
        0.0028256222799999996,
        0.0027341992799999994,
        0.00271962128,
        0.00335827628,
        0.0026408342799999996,
        0.0024755722799999994,
        0.0028803212799999997,
        0.00253257728,
        0.0025090282799999997,
        0.00253204828,
        0.0026923132799999997,
        0.0025802232799999993,
        0.00272899728,
        0.00257791528,
        0.00258133928,
        0.0025530742799999995,
        0.0025695362799999996,
        0.00258582128,
        0.00252236728,
        0.0025342652799999997,
        0.0025131732799999994,
        0.00276269628,
        0.00283638728,
        0.00258949428,
        0.0025786592799999994,
        0.0026750092799999996,
        0.0024899972799999996,
        0.0024711902799999996,
        0.0026464902799999994,
        0.00267164528
      ],
      "exit_codes": [
        0,
        0,
        0,
        0,
        0,
        0,
        0,
        0,
        0,
        0,
        0,
        0,
        0,
        0,
        0,
        0,
        0,
        0,
        0,
        0,
        0,
        0,
        0,
        0,
        0,
        0,
        0,
        0,
        0,
        0,
        0,
        0,
        0,
        0,
        0,
        0,
        0,
        0,
        0,
        0,
        0,
        0,
        0,
        0,
        0,
        0,
        0,
        0,
        0,
        0,
        0,
        0,
        0,
        0,
        0,
        0,
        0,
        0,
        0,
        0,
        0,
        0,
        0,
        0,
        0,
        0,
        0,
        0,
        0,
        0,
        0,
        0,
        0,
        0,
        0,
        0,
        0,
        0,
        0,
        0,
        0,
        0,
        0,
        0,
        0,
        0,
        0,
        0,
        0,
        0,
        0,
        0,
        0,
        0,
        0,
        0,
        0,
        0,
        0,
        0
      ]
    }
  ]
}
