{
  "results": [
    {
      "command": "out/20220731101132/contention 1 10",
      "mean": 0.002663855939999999,
      "stddev": 0.00017902560598609713,
      "median": 0.00262331268,
      "user": 0.0009496700000000002,
      "system": 0.0007057099999999998,
      "min": 0.00236160118,
      "max": 0.00324323718,
      "times": [
        0.0027156271799999997,
        0.0024916321800000003,
        0.0026437591800000004,
        0.00287604618,
        0.0026759931800000004,
        0.00257311118,
        0.00279299218,
        0.00259925818,
        0.00260232618,
        0.00259167918,
        0.00301555218,
        0.0028583521800000003,
        0.0027877231800000003,
        0.00285468118,
        0.00275354518,
        0.00324323718,
        0.0025857431800000003,
        0.00267418118,
        0.00259319018,
        0.00264436618,
        0.0028792811799999997,
        0.0031712361799999997,
        0.00282143418,
        0.00267499018,
        0.0027008331800000003,
        0.00261652918,
        0.00265137318,
        0.00273251018,
        0.0029477171800000005,
        0.0026706411800000002,
        0.0030506851799999997,
        0.00309811518,
        0.00257115818,
        0.00254581918,
        0.0025884551800000005,
        0.0027116591800000005,
        0.0028405241800000002,
        0.0025538321800000004,
        0.00271117418,
        0.00265354518,
        0.0028184521800000005,
        0.0025725881800000004,
        0.00268305018,
        0.0026099651800000003,
        0.0025805671800000003,
        0.00252107518,
        0.0026950241800000004,
        0.00259406518,
        0.0025431271799999998,
        0.00291514818,
        0.00266247018,
        0.00252450618,
        0.0025422411800000004,
        0.0027116761800000003,
        0.0026098441799999998,
        0.0026401171799999997,
        0.0027485631800000005,
        0.00263530518,
        0.00259012518,
        0.0026705711799999998,
        0.0028727951799999998,
        0.0026640621799999997,
        0.0025928601800000004,
        0.0031435971800000003,
        0.0029169531800000005,
        0.00263009618,
        0.00251881418,
        0.00259301718,
        0.00275834418,
        0.0025276461800000003,
        0.0025839421800000002,
        0.0026924981800000003,
        0.0025790031800000004,
        0.0024897531800000005,
        0.00263282118,
        0.0027051291800000003,
        0.00258488318,
        0.00312305918,
        0.0025427551800000004,
        0.0025708611800000004,
        0.0025373911800000005,
        0.00263532118,
        0.0024404391799999997,
        0.0024634301799999997,
        0.00245146918,
        0.00240141218,
        0.0028437021799999997,
        0.0026079361800000005,
        0.00236160118,
        0.00237898618,
        0.00244934718,
        0.00240814018,
        0.0023714421800000002,
        0.0025370191800000003,
        0.0024671461800000005,
        0.00255636718,
        0.0025890701800000003,
        0.0025022391800000004,
        0.0024825621800000004,
        0.00254468718
      ],
      "exit_codes": [
        0,
        0,
        0,
        0,
        0,
        0,
        0,
        0,
        0,
        0,
        0,
        0,
        0,
        0,
        0,
        0,
        0,
        0,
        0,
        0,
        0,
        0,
        0,
        0,
        0,
        0,
        0,
        0,
        0,
        0,
        0,
        0,
        0,
        0,
        0,
        0,
        0,
        0,
        0,
        0,
        0,
        0,
        0,
        0,
        0,
        0,
        0,
        0,
        0,
        0,
        0,
        0,
        0,
        0,
        0,
        0,
        0,
        0,
        0,
        0,
        0,
        0,
        0,
        0,
        0,
        0,
        0,
        0,
        0,
        0,
        0,
        0,
        0,
        0,
        0,
        0,
        0,
        0,
        0,
        0,
        0,
        0,
        0,
        0,
        0,
        0,
        0,
        0,
        0,
        0,
        0,
        0,
        0,
        0,
        0,
        0,
        0,
        0,
        0,
        0
      ]
    }
  ]
}
