{
  "results": [
    {
      "command": "out/20220731101132/contention 2 1",
      "mean": 0.0027087305400000017,
      "stddev": 0.00018690341240865563,
      "median": 0.0027001736400000006,
      "user": 0.0009358,
      "system": 0.0007681999999999995,
      "min": 0.0022478381400000006,
      "max": 0.0033288871400000003,
      "times": [
        0.002603294140000001,
        0.002722311140000001,
        0.0025307411400000007,
        0.002591156140000001,
        0.002505179140000001,
        0.002691674140000001,
        0.0027021621400000004,
        0.002667676140000001,
        0.0029708801400000007,
        0.0028219661400000007,
        0.003159169140000001,
        0.0028429341400000004,
        0.002517403140000001,
        0.0026428211400000004,
        0.002781072140000001,
        0.003102272140000001,
        0.0027105211400000008,
        0.0022478381400000006,
        0.0023453501400000007,
        0.0027160011400000003,
        0.0027509441400000003,
        0.002484686140000001,
        0.0026751371400000005,
        0.0030491371400000007,
        0.0026656011400000004,
        0.0025302721400000004,
        0.0025688431400000006,
        0.0024886781400000006,
        0.0026062041400000003,
        0.0028740441400000004,
        0.002933188140000001,
        0.002707167140000001,
        0.0027474671400000003,
        0.0025482581400000006,
        0.002573356140000001,
        0.0026820151400000006,
        0.0027244031400000005,
        0.0026379271400000003,
        0.0024900721400000006,
        0.0028374231400000007,
        0.0025536221400000005,
        0.002568249140000001,
        0.0025293751400000007,
        0.002689685140000001,
        0.0026591671400000008,
        0.0027219201400000004,
        0.0027995091400000007,
        0.002656888140000001,
        0.002589174140000001,
        0.0027908451400000004,
        0.002709133140000001,
        0.0025562021400000008,
        0.002550418140000001,
        0.0027166301400000006,
        0.0026322101400000006,
        0.0025467851400000005,
        0.002711905140000001,
        0.002535399140000001,
        0.002515735140000001,
        0.0025644731400000006,
        0.0026240911400000006,
        0.0027399341400000006,
        0.0026991221400000003,
        0.0027662361400000004,
        0.0027387301400000003,
        0.002754611140000001,
        0.0027524361400000008,
        0.0027205141400000006,
        0.0027729771400000006,
        0.002701225140000001,
        0.0028334171400000007,
        0.002740889140000001,
        0.0027871271400000007,
        0.0027895881400000003,
        0.002748550140000001,
        0.0027649191400000005,
        0.0028973921400000007,
        0.0030566681400000005,
        0.002890454140000001,
        0.002841766140000001,
        0.002838757140000001,
        0.002647839140000001,
        0.0025893991400000003,
        0.0025239161400000005,
        0.002522831140000001,
        0.003027284140000001,
        0.0033288871400000003,
        0.0031602711400000004,
        0.002872662140000001,
        0.0029456301400000006,
        0.0029409271400000006,
        0.002580755140000001,
        0.0025376291400000008,
        0.002459266140000001,
        0.0026280461400000005,
        0.0025934671400000006,
        0.0033188051400000005,
        0.0025569571400000006,
        0.0025574041400000004,
        0.0025770961400000004
      ],
      "exit_codes": [
        0,
        0,
        0,
        0,
        0,
        0,
        0,
        0,
        0,
        0,
        0,
        0,
        0,
        0,
        0,
        0,
        0,
        0,
        0,
        0,
        0,
        0,
        0,
        0,
        0,
        0,
        0,
        0,
        0,
        0,
        0,
        0,
        0,
        0,
        0,
        0,
        0,
        0,
        0,
        0,
        0,
        0,
        0,
        0,
        0,
        0,
        0,
        0,
        0,
        0,
        0,
        0,
        0,
        0,
        0,
        0,
        0,
        0,
        0,
        0,
        0,
        0,
        0,
        0,
        0,
        0,
        0,
        0,
        0,
        0,
        0,
        0,
        0,
        0,
        0,
        0,
        0,
        0,
        0,
        0,
        0,
        0,
        0,
        0,
        0,
        0,
        0,
        0,
        0,
        0,
        0,
        0,
        0,
        0,
        0,
        0,
        0,
        0,
        0,
        0
      ]
    }
  ]
}
