{
  "results": [
    {
      "command": "out/20220731101132/contention 4 100000",
      "mean": 0.017272684650000005,
      "stddev": 0.0010016966047205068,
      "median": 0.01716531722,
      "user": 0.04880603999999999,
      "system": 0.0012812200000000007,
      "min": 0.015213126720000001,
      "max": 0.020951559720000002,
      "times": [
        0.01634710272,
        0.01797632672,
        0.01777742172,
        0.01694112272,
        0.01743681272,
        0.01725694972,
        0.01573050672,
        0.01680390372,
        0.01728977772,
        0.01700411972,
        0.01819773372,
        0.01729381872,
        0.01730306672,
        0.01702267972,
        0.01769822072,
        0.01780883972,
        0.01813081172,
        0.01657661572,
        0.01617684972,
        0.01647903472,
        0.01718630372,
        0.01713485972,
        0.01825758872,
        0.017064945720000002,
        0.01654398272,
        0.016561596720000002,
        0.01671471472,
        0.01616200872,
        0.016426570720000002,
        0.01665740772,
        0.017220200720000002,
        0.01794660772,
        0.01677993072,
        0.01781422972,
        0.01807363172,
        0.01779231672,
        0.01843592272,
        0.01790556872,
        0.01712747872,
        0.01734136572,
        0.01719863972,
        0.016655781720000002,
        0.017593757720000002,
        0.01628382472,
        0.01605885772,
        0.01649974872,
        0.017232124720000002,
        0.01617858172,
        0.01855910472,
        0.01793672972,
        0.020951559720000002,
        0.02078143272,
        0.01888074272,
        0.01642817972,
        0.017466701720000002,
        0.01656864372,
        0.01707353172,
        0.02030485072,
        0.019064520720000002,
        0.01831563872,
        0.01753699872,
        0.01810527272,
        0.015213126720000001,
        0.01608733972,
        0.01593808372,
        0.01827623372,
        0.01578094072,
        0.01699063672,
        0.01767114872,
        0.01592570772,
        0.016211208720000002,
        0.01654403772,
        0.01585428972,
        0.01821884772,
        0.01682770972,
        0.01658579572,
        0.017067140720000002,
        0.01645826372,
        0.01652806272,
        0.017902758720000002,
        0.01801577472,
        0.01572494472,
        0.01691285272,
        0.01636006872,
        0.01818188272,
        0.01727104372,
        0.01698537572,
        0.01747468872,
        0.01706324372,
        0.017783973720000002,
        0.01714920272,
        0.01845051772,
        0.01718143172,
        0.01718405172,
        0.01677790472,
        0.01722469972,
        0.01842436372,
        0.01695238872,
        0.01908412972,
        0.01691041972
      ],
      "exit_codes": [
        0,
        0,
        0,
        0,
        0,
        0,
        0,
        0,
        0,
        0,
        0,
        0,
        0,
        0,
        0,
        0,
        0,
        0,
        0,
        0,
        0,
        0,
        0,
        0,
        0,
        0,
        0,
        0,
        0,
        0,
        0,
        0,
        0,
        0,
        0,
        0,
        0,
        0,
        0,
        0,
        0,
        0,
        0,
        0,
        0,
        0,
        0,
        0,
        0,
        0,
        0,
        0,
        0,
        0,
        0,
        0,
        0,
        0,
        0,
        0,
        0,
        0,
        0,
        0,
        0,
        0,
        0,
        0,
        0,
        0,
        0,
        0,
        0,
        0,
        0,
        0,
        0,
        0,
        0,
        0,
        0,
        0,
        0,
        0,
        0,
        0,
        0,
        0,
        0,
        0,
        0,
        0,
        0,
        0,
        0,
        0,
        0,
        0,
        0,
        0
      ]
    }
  ]
}
