{
  "results": [
    {
      "command": "out/20220731101132/contention 1024 10",
      "mean": 0.023706474860000003,
      "stddev": 0.0007678194545558204,
      "median": 0.023671928780000004,
      "user": 0.007780329999999999,
      "system": 0.03634371999999999,
      "min": 0.02187946878,
      "max": 0.02580164478,
      "times": [
        0.02443381878,
        0.02333148678,
        0.02391513778,
        0.025502276780000003,
        0.024344041780000002,
        0.02465551078,
        0.024559416780000003,
        0.024847783780000004,
        0.023519778780000004,
        0.02497364578,
        0.022621644780000002,
        0.023745794780000003,
        0.023674124780000003,
        0.024084800780000002,
        0.023418891780000003,
        0.022457218780000003,
        0.022338705780000002,
        0.02320032178,
        0.024959483780000003,
        0.023026436780000003,
        0.02399455178,
        0.023767353780000004,
        0.02580164478,
        0.023096423780000003,
        0.022975082780000003,
        0.024634975780000002,
        0.023856746780000004,
        0.022165330780000003,
        0.022387598780000004,
        0.02333314078,
        0.025664967780000002,
        0.023160850780000002,
        0.023691297780000002,
        0.023374070780000002,
        0.02338212178,
        0.024081047780000003,
        0.022502285780000002,
        0.024225414780000003,
        0.023151751780000004,
        0.024418258780000004,
        0.02259421278,
        0.024582854780000003,
        0.023486257780000002,
        0.023528024780000004,
        0.023554127780000003,
        0.02356836878,
        0.023240334780000003,
        0.02445557878,
        0.023938938780000002,
        0.022812696780000002,
        0.02346704578,
        0.02373071678,
        0.023906594780000002,
        0.023269727780000003,
        0.02351207078,
        0.024009253780000003,
        0.024058083780000003,
        0.022759445780000002,
        0.02396536578,
        0.02402171578,
        0.024767034780000002,
        0.02411143978,
        0.023665436780000004,
        0.023658403780000004,
        0.02339694478,
        0.024162473780000002,
        0.02366973278,
        0.023577197780000003,
        0.024149390780000002,
        0.02322586378,
        0.023511048780000002,
        0.024109148780000002,
        0.02355761878,
        0.024091212780000003,
        0.02367800378,
        0.023647336780000004,
        0.023662437780000004,
        0.023097111780000002,
        0.022557105780000003,
        0.025167795780000002,
        0.022639714780000004,
        0.023891163780000002,
        0.02226409978,
        0.02475453878,
        0.02322912178,
        0.024028871780000002,
        0.02401895478,
        0.023355143780000004,
        0.02350661378,
        0.023713870780000004,
        0.022195880780000003,
        0.023940063780000003,
        0.02187946878,
        0.023371908780000002,
        0.02400174978,
        0.024001992780000002,
        0.02354967678,
        0.023944994780000003,
        0.025152415780000003,
        0.024007844780000002
      ],
      "exit_codes": [
        0,
        0,
        0,
        0,
        0,
        0,
        0,
        0,
        0,
        0,
        0,
        0,
        0,
        0,
        0,
        0,
        0,
        0,
        0,
        0,
        0,
        0,
        0,
        0,
        0,
        0,
        0,
        0,
        0,
        0,
        0,
        0,
        0,
        0,
        0,
        0,
        0,
        0,
        0,
        0,
        0,
        0,
        0,
        0,
        0,
        0,
        0,
        0,
        0,
        0,
        0,
        0,
        0,
        0,
        0,
        0,
        0,
        0,
        0,
        0,
        0,
        0,
        0,
        0,
        0,
        0,
        0,
        0,
        0,
        0,
        0,
        0,
        0,
        0,
        0,
        0,
        0,
        0,
        0,
        0,
        0,
        0,
        0,
        0,
        0,
        0,
        0,
        0,
        0,
        0,
        0,
        0,
        0,
        0,
        0,
        0,
        0,
        0,
        0,
        0
      ]
    }
  ]
}
