{
  "results": [
    {
      "command": "out/20220731101132/contention 2048 100",
      "mean": 0.06060358468000002,
      "stddev": 0.0020814820016903093,
      "median": 0.06028074184,
      "user": 0.01450403,
      "system": 0.10801641999999999,
      "min": 0.05577022634,
      "max": 0.06894204834,
      "times": [
        0.060039778339999995,
        0.05955495934,
        0.060249860339999996,
        0.05908786034,
        0.059535635340000004,
        0.060296503339999995,
        0.05795608534,
        0.058595390340000005,
        0.060774231340000005,
        0.05911104234,
        0.06234627534,
        0.05985434134,
        0.062232569339999995,
        0.05933197734,
        0.06192526734,
        0.06894204834,
        0.06731406834,
        0.05900556934,
        0.06467740634000001,
        0.05577022634,
        0.061155320340000006,
        0.05925259134,
        0.05993723234,
        0.05871604934,
        0.06015045734,
        0.06252866134000001,
        0.061759566339999995,
        0.06233958334,
        0.05901398434,
        0.06295161034,
        0.059145170340000004,
        0.06429065534,
        0.05891411234,
        0.06108987234,
        0.056887995340000004,
        0.058664048340000004,
        0.05686087634,
        0.060250634340000005,
        0.05950289634,
        0.06086046034,
        0.061488795340000006,
        0.059151300340000004,
        0.06284183134000002,
        0.05953917934,
        0.06205922734,
        0.05973580634,
        0.06138951534,
        0.05827253134,
        0.06038448834000001,
        0.05683309934,
        0.06099423334,
        0.05889841534,
        0.05947624034,
        0.05938850634,
        0.05972791234,
        0.06117264134000001,
        0.06196455334,
        0.06381667534,
        0.06135811234,
        0.062323847339999995,
        0.05882757334,
        0.06186898634000001,
        0.05759016134,
        0.059427100340000004,
        0.05900642434,
        0.060300752340000006,
        0.060933237339999995,
        0.05969635934,
        0.05971454434,
        0.060991898339999996,
        0.061105149340000005,
        0.060395458340000006,
        0.06145534534,
        0.061869624340000005,
        0.06279373434,
        0.05744532434,
        0.06184580134,
        0.06317023534,
        0.06455657134000001,
        0.06026498034,
        0.060557498339999995,
        0.06100913934,
        0.060019223340000004,
        0.05986530834,
        0.06305017534000001,
        0.06125235434,
        0.06183714534,
        0.06327110634000001,
        0.060364024339999996,
        0.06418167034000001,
        0.06006828334000001,
        0.061200225340000004,
        0.059030559340000004,
        0.06010622534000001,
        0.05730487034,
        0.05975358334,
        0.05909663734,
        0.061668050339999995,
        0.05910937534,
        0.06266396534
      ],
      "exit_codes": [
        0,
        0,
        0,
        0,
        0,
        0,
        0,
        0,
        0,
        0,
        0,
        0,
        0,
        0,
        0,
        0,
        0,
        0,
        0,
        0,
        0,
        0,
        0,
        0,
        0,
        0,
        0,
        0,
        0,
        0,
        0,
        0,
        0,
        0,
        0,
        0,
        0,
        0,
        0,
        0,
        0,
        0,
        0,
        0,
        0,
        0,
        0,
        0,
        0,
        0,
        0,
        0,
        0,
        0,
        0,
        0,
        0,
        0,
        0,
        0,
        0,
        0,
        0,
        0,
        0,
        0,
        0,
        0,
        0,
        0,
        0,
        0,
        0,
        0,
        0,
        0,
        0,
        0,
        0,
        0,
        0,
        0,
        0,
        0,
        0,
        0,
        0,
        0,
        0,
        0,
        0,
        0,
        0,
        0,
        0,
        0,
        0,
        0,
        0,
        0
      ]
    }
  ]
}
