{
  "results": [
    {
      "command": "out/20220731101132/contention 4096 10000",
      "mean": 0.19744925031000007,
      "stddev": 0.0033417619035666455,
      "median": 0.19724234704,
      "user": 0.03542611000000001,
      "system": 0.3231826399999998,
      "min": 0.19016556704,
      "max": 0.21214151904,
      "times": [
        0.19530293904,
        0.19016556704,
        0.19508481804,
        0.19442422704,
        0.20293971804000002,
        0.21214151904,
        0.19867287704,
        0.19749590204,
        0.19682862004,
        0.19538576504000002,
        0.19650517504,
        0.19429673204,
        0.19847518304,
        0.19633589504,
        0.19274239404000001,
        0.19810952704,
        0.19882171704,
        0.19897905904000002,
        0.20073052104,
        0.20422793004,
        0.19800732904,
        0.19810012104000002,
        0.19942923004000002,
        0.19512102404,
        0.19668861004000002,
        0.19746914804000001,
        0.19475459804,
        0.19934089704000002,
        0.19769076604000002,
        0.19794234304000002,
        0.19567984504000002,
        0.19259414604,
        0.19733713304,
        0.19758654004,
        0.19655135104000002,
        0.19701268704000002,
        0.20075992804,
        0.19913854304,
        0.20067366704,
        0.19875838504,
        0.19654245604,
        0.19762382804,
        0.19396005704000002,
        0.19156571104,
        0.19457116504000002,
        0.19425260704,
        0.19601029804,
        0.19404622204000002,
        0.19370180304,
        0.20069765204,
        0.19993106204000002,
        0.19686771904,
        0.20161800804000002,
        0.20234706304,
        0.20257539404000002,
        0.20285107504000002,
        0.19865717004,
        0.19759885304000002,
        0.19438116104,
        0.19676317904,
        0.19487315104,
        0.19449331404,
        0.19697804904000002,
        0.19397390304,
        0.19611941604000002,
        0.19988633004,
        0.19887453004,
        0.19838508204000002,
        0.19814767404,
        0.20092614604,
        0.20105124504000002,
        0.20097962904000002,
        0.20306160504,
        0.19991679404,
        0.20015267804,
        0.19356807604,
        0.19714756104,
        0.19425872904000002,
        0.19424519104000001,
        0.19436500104,
        0.19503267204000002,
        0.19104602004000001,
        0.19905681804,
        0.19631267304000002,
        0.19701693104,
        0.20050908304,
        0.19933184804,
        0.20256269804000002,
        0.20209387104,
        0.20207731204,
        0.19834686504000001,
        0.19971032404,
        0.19623669604000002,
        0.19509168004000002,
        0.19350698604000002,
        0.19408809504000002,
        0.19507619604,
        0.19219778204000001,
        0.19362019604,
        0.19574131804
      ],
      "exit_codes": [
        0,
        0,
        0,
        0,
        0,
        0,
        0,
        0,
        0,
        0,
        0,
        0,
        0,
        0,
        0,
        0,
        0,
        0,
        0,
        0,
        0,
        0,
        0,
        0,
        0,
        0,
        0,
        0,
        0,
        0,
        0,
        0,
        0,
        0,
        0,
        0,
        0,
        0,
        0,
        0,
        0,
        0,
        0,
        0,
        0,
        0,
        0,
        0,
        0,
        0,
        0,
        0,
        0,
        0,
        0,
        0,
        0,
        0,
        0,
        0,
        0,
        0,
        0,
        0,
        0,
        0,
        0,
        0,
        0,
        0,
        0,
        0,
        0,
        0,
        0,
        0,
        0,
        0,
        0,
        0,
        0,
        0,
        0,
        0,
        0,
        0,
        0,
        0,
        0,
        0,
        0,
        0,
        0,
        0,
        0,
        0,
        0,
        0,
        0,
        0
      ]
    }
  ]
}
