{
  "results": [
    {
      "command": "out/20220731101132/contention 64 1",
      "mean": 0.003930544669999999,
      "stddev": 0.0002789710147039557,
      "median": 0.00398791824,
      "user": 0.0014999600000000003,
      "system": 0.0023650699999999995,
      "min": 0.0034474842399999997,
      "max": 0.00478987324,
      "times": [
        0.00395352224,
        0.00409730524,
        0.00412987624,
        0.00398790124,
        0.00419012724,
        0.00407204524,
        0.00402845624,
        0.00402291024,
        0.00403652424,
        0.00398793524,
        0.00392670024,
        0.00403643124,
        0.00429580724,
        0.00398871724,
        0.00404186424,
        0.00403426424,
        0.00399675524,
        0.00409952824,
        0.00395927724,
        0.00415013524,
        0.0040880282399999995,
        0.00405210124,
        0.00421883024,
        0.00398253824,
        0.00419519024,
        0.00423853224,
        0.00435839524,
        0.0042011242399999996,
        0.00404571224,
        0.00405629424,
        0.00413032924,
        0.00407846324,
        0.00417331524,
        0.00423732324,
        0.00418109524,
        0.00420083524,
        0.00402361624,
        0.00431271124,
        0.0039953212399999995,
        0.00437006124,
        0.00478987324,
        0.00428842124,
        0.0046202332399999995,
        0.0037827552399999995,
        0.00376053424,
        0.00410658124,
        0.00443041124,
        0.00446905924,
        0.0041444362399999995,
        0.00420486524,
        0.0038853822399999996,
        0.0037670622399999997,
        0.00372541824,
        0.0038474172399999996,
        0.00391090824,
        0.00401107224,
        0.0040787392399999995,
        0.00402051724,
        0.00424834424,
        0.00410408224,
        0.0034474842399999997,
        0.00373591524,
        0.00411585524,
        0.00388690124,
        0.00402878624,
        0.00357506124,
        0.0037097512399999998,
        0.00360731124,
        0.00356793224,
        0.00376780624,
        0.00381063324,
        0.00358034124,
        0.00365274624,
        0.00356433724,
        0.0036889832399999998,
        0.00364398624,
        0.00347877824,
        0.0037402802400000002,
        0.00384412924,
        0.00360554824,
        0.00368311124,
        0.00354736224,
        0.00360531724,
        0.0035666992399999995,
        0.0036089272399999995,
        0.0039221512399999995,
        0.00370757524,
        0.00357527724,
        0.0035826752399999995,
        0.0034630502399999995,
        0.0035754542399999995,
        0.00358056824,
        0.00352084824,
        0.00381792924,
        0.00360999924,
        0.00354801024,
        0.00353599724,
        0.0036732732400000002,
        0.0036391502399999998,
        0.00386650724
      ],
      "exit_codes": [
        0,
        0,
        0,
        0,
        0,
        0,
        0,
        0,
        0,
        0,
        0,
        0,
        0,
        0,
        0,
        0,
        0,
        0,
        0,
        0,
        0,
        0,
        0,
        0,
        0,
        0,
        0,
        0,
        0,
        0,
        0,
        0,
        0,
        0,
        0,
        0,
        0,
        0,
        0,
        0,
        0,
        0,
        0,
        0,
        0,
        0,
        0,
        0,
        0,
        0,
        0,
        0,
        0,
        0,
        0,
        0,
        0,
        0,
        0,
        0,
        0,
        0,
        0,
        0,
        0,
        0,
        0,
        0,
        0,
        0,
        0,
        0,
        0,
        0,
        0,
        0,
        0,
        0,
        0,
        0,
        0,
        0,
        0,
        0,
        0,
        0,
        0,
        0,
        0,
        0,
        0,
        0,
        0,
        0,
        0,
        0,
        0,
        0,
        0,
        0
      ]
    }
  ]
}
