{
  "results": [
    {
      "command": "out/20220731101132/contention 1024 1000000",
      "mean": 0.12766122069999997,
      "stddev": 0.0033346945397791455,
      "median": 0.12812671798000003,
      "user": 0.8123539900000002,
      "system": 0.048332139999999975,
      "min": 0.11802293648,
      "max": 0.13892718348000002,
      "times": [
        0.11802293648,
        0.12126893148000001,
        0.12346453448,
        0.11903901348000001,
        0.12137449348000001,
        0.12012634248000001,
        0.12320163548000002,
        0.12030776348000001,
        0.13491981948,
        0.13122512448,
        0.12378072048000002,
        0.12076402348000001,
        0.12259548648000002,
        0.12120891448000001,
        0.12676876248000002,
        0.12776582248,
        0.12794266648000002,
        0.12813922348,
        0.12623902448000002,
        0.12771980448,
        0.12955521448,
        0.12966142848,
        0.12814218448,
        0.12848995948,
        0.13892718348000002,
        0.13614982148000002,
        0.13266997448,
        0.12820125248,
        0.12701870848000002,
        0.13171307448000003,
        0.12668716148,
        0.12805715848000002,
        0.12885488848,
        0.12917817048000002,
        0.12736958848000002,
        0.12833699248000002,
        0.13053770748000001,
        0.12820472648,
        0.12998476548000001,
        0.12744743848,
        0.12934607748000002,
        0.12659236148,
        0.13637367448,
        0.12851279348,
        0.12873999948,
        0.12746188148,
        0.12777773348000002,
        0.12890034248,
        0.12772264748,
        0.12722244648,
        0.12947542648000002,
        0.12843553548,
        0.12894408948000002,
        0.12760063048,
        0.12785524648000002,
        0.13229466648000002,
        0.12766450948000002,
        0.12811932148000002,
        0.12777525248000002,
        0.12992737148,
        0.12761289848000001,
        0.12479884148,
        0.12848081948,
        0.12509110048000002,
        0.12570684848000002,
        0.12358380248,
        0.12436625048000002,
        0.12441880448,
        0.12372374248000001,
        0.12816129648000002,
        0.12903291948,
        0.12920951748,
        0.12667504148,
        0.12709455048,
        0.12900257748000002,
        0.12856836348,
        0.12885759248,
        0.13062999248,
        0.12928065048,
        0.12824646348000002,
        0.12848238648000002,
        0.12747546248000002,
        0.13077588248000002,
        0.12789701148000002,
        0.12888429048000002,
        0.12859586248000002,
        0.12886971648,
        0.12717214448,
        0.12737443848000002,
        0.12823574148,
        0.12960568348,
        0.12949102548000002,
        0.12664411748,
        0.12771551948,
        0.12895711848000002,
        0.12706168548000002,
        0.12855348948,
        0.12850293748000002,
        0.12813411448,
        0.12734691748000002
      ],
      "exit_codes": [
        0,
        0,
        0,
        0,
        0,
        0,
        0,
        0,
        0,
        0,
        0,
        0,
        0,
        0,
        0,
        0,
        0,
        0,
        0,
        0,
        0,
        0,
        0,
        0,
        0,
        0,
        0,
        0,
        0,
        0,
        0,
        0,
        0,
        0,
        0,
        0,
        0,
        0,
        0,
        0,
        0,
        0,
        0,
        0,
        0,
        0,
        0,
        0,
        0,
        0,
        0,
        0,
        0,
        0,
        0,
        0,
        0,
        0,
        0,
        0,
        0,
        0,
        0,
        0,
        0,
        0,
        0,
        0,
        0,
        0,
        0,
        0,
        0,
        0,
        0,
        0,
        0,
        0,
        0,
        0,
        0,
        0,
        0,
        0,
        0,
        0,
        0,
        0,
        0,
        0,
        0,
        0,
        0,
        0,
        0,
        0,
        0,
        0,
        0,
        0
      ]
    }
  ]
}
