{
  "results": [
    {
      "command": "out/20220731101132/contention 1024 100",
      "mean": 0.02465031605000001,
      "stddev": 0.0009569296119322024,
      "median": 0.024672495080000002,
      "user": 0.008189090000000003,
      "system": 0.03778253999999998,
      "min": 0.02293437758,
      "max": 0.027824412580000003,
      "times": [
        0.024298581580000003,
        0.024046043580000002,
        0.02311724658,
        0.02366285358,
        0.02397816758,
        0.023900372580000002,
        0.02372191958,
        0.02474200558,
        0.024280567580000002,
        0.02336089158,
        0.023108892580000002,
        0.023267013580000002,
        0.02651834658,
        0.026095673580000003,
        0.02600814458,
        0.02533872158,
        0.025714043580000002,
        0.02508450958,
        0.02379798658,
        0.027824412580000003,
        0.02594883358,
        0.02493788858,
        0.02479551658,
        0.02557370158,
        0.02686173058,
        0.02487704358,
        0.025524392580000003,
        0.023075321580000002,
        0.02488340358,
        0.02525198458,
        0.02654773758,
        0.02293437758,
        0.02506745958,
        0.02533622358,
        0.02526861758,
        0.02464691158,
        0.024323226580000003,
        0.02405597858,
        0.02302414658,
        0.02445601558,
        0.02455340358,
        0.024909364580000003,
        0.02524248258,
        0.025226209580000002,
        0.024106434580000002,
        0.02454534758,
        0.02496913858,
        0.02397573158,
        0.02660772658,
        0.02606896158,
        0.02439149958,
        0.024430278580000003,
        0.02519084358,
        0.02407453058,
        0.02462597458,
        0.023492711580000002,
        0.02549262658,
        0.02309756958,
        0.02369008358,
        0.025240664580000002,
        0.02415250358,
        0.023549786580000003,
        0.024962696580000002,
        0.025123660580000002,
        0.02462525858,
        0.02507305358,
        0.02439159758,
        0.02524886058,
        0.025063960580000003,
        0.02481477258,
        0.023983768580000002,
        0.023384130580000002,
        0.02586242658,
        0.02425642158,
        0.02423662658,
        0.024491367580000003,
        0.023751003580000003,
        0.02374182458,
        0.02540078158,
        0.02442538958,
        0.02357781258,
        0.02484761458,
        0.02538779358,
        0.02324027458,
        0.02481125458,
        0.02685889358,
        0.023334740580000003,
        0.024772104580000003,
        0.024620541580000002,
        0.025209928580000002,
        0.02401876058,
        0.02532831358,
        0.023385231580000002,
        0.02469807858,
        0.02447148658,
        0.02472830158,
        0.023645455580000002,
        0.02477491658,
        0.02483554958,
        0.02475617058
      ],
      "exit_codes": [
        0,
        0,
        0,
        0,
        0,
        0,
        0,
        0,
        0,
        0,
        0,
        0,
        0,
        0,
        0,
        0,
        0,
        0,
        0,
        0,
        0,
        0,
        0,
        0,
        0,
        0,
        0,
        0,
        0,
        0,
        0,
        0,
        0,
        0,
        0,
        0,
        0,
        0,
        0,
        0,
        0,
        0,
        0,
        0,
        0,
        0,
        0,
        0,
        0,
        0,
        0,
        0,
        0,
        0,
        0,
        0,
        0,
        0,
        0,
        0,
        0,
        0,
        0,
        0,
        0,
        0,
        0,
        0,
        0,
        0,
        0,
        0,
        0,
        0,
        0,
        0,
        0,
        0,
        0,
        0,
        0,
        0,
        0,
        0,
        0,
        0,
        0,
        0,
        0,
        0,
        0,
        0,
        0,
        0,
        0,
        0,
        0,
        0,
        0,
        0
      ]
    }
  ]
}
