{
  "results": [
    {
      "command": "out/20220731101132/contention 16 100000",
      "mean": 0.013887577610000002,
      "stddev": 0.0010268115680416097,
      "median": 0.013694388259999999,
      "user": 0.07170044,
      "system": 0.0018747900000000005,
      "min": 0.01208781576,
      "max": 0.017504970760000002,
      "times": [
        0.01208781576,
        0.013978378759999998,
        0.01397519876,
        0.012691169759999999,
        0.01264630376,
        0.013531295760000001,
        0.01303231876,
        0.014763221759999999,
        0.01362030676,
        0.01310551076,
        0.01295527076,
        0.01386254276,
        0.01293537376,
        0.013780845759999999,
        0.01425355376,
        0.01368161676,
        0.013410658760000001,
        0.013909736760000001,
        0.01286184076,
        0.01352548976,
        0.01383220376,
        0.01303627276,
        0.01307466476,
        0.01348983776,
        0.013151684759999999,
        0.01290856276,
        0.01317970276,
        0.013767543759999999,
        0.013312642759999998,
        0.01302252576,
        0.014451577759999999,
        0.01351738176,
        0.013086857759999999,
        0.014911919760000001,
        0.014925259759999998,
        0.013339713759999998,
        0.014837357760000001,
        0.01284751176,
        0.01591479176,
        0.014738690760000001,
        0.013203876759999999,
        0.012747526759999999,
        0.014141905759999998,
        0.013384099759999999,
        0.01259767476,
        0.01391859076,
        0.014362012759999999,
        0.013232464760000002,
        0.013873825760000002,
        0.01399091276,
        0.01331128676,
        0.01423426376,
        0.013385727759999999,
        0.01304246276,
        0.01396552076,
        0.01326923576,
        0.01295939276,
        0.01284459676,
        0.01384989476,
        0.013166549759999998,
        0.01597646176,
        0.01411336876,
        0.01508296376,
        0.017504970760000002,
        0.015783165760000002,
        0.01592899676,
        0.017140542760000002,
        0.01329583076,
        0.01447316976,
        0.01448045276,
        0.013347115759999998,
        0.01295048276,
        0.01429248476,
        0.016113620760000003,
        0.01381498676,
        0.01481024276,
        0.016278431760000003,
        0.014144608759999998,
        0.017011112760000002,
        0.01307532576,
        0.01358358076,
        0.013457965760000001,
        0.013501072759999998,
        0.01340592776,
        0.014107938759999999,
        0.013707159759999999,
        0.013007130759999999,
        0.013874695760000002,
        0.01394556376,
        0.01400640176,
        0.013533812760000001,
        0.01443763376,
        0.013149209759999999,
        0.014464629759999998,
        0.013723508760000001,
        0.01309402976,
        0.013900783759999999,
        0.01408673876,
        0.01310068276,
        0.015613980759999998
      ],
      "exit_codes": [
        0,
        0,
        0,
        0,
        0,
        0,
        0,
        0,
        0,
        0,
        0,
        0,
        0,
        0,
        0,
        0,
        0,
        0,
        0,
        0,
        0,
        0,
        0,
        0,
        0,
        0,
        0,
        0,
        0,
        0,
        0,
        0,
        0,
        0,
        0,
        0,
        0,
        0,
        0,
        0,
        0,
        0,
        0,
        0,
        0,
        0,
        0,
        0,
        0,
        0,
        0,
        0,
        0,
        0,
        0,
        0,
        0,
        0,
        0,
        0,
        0,
        0,
        0,
        0,
        0,
        0,
        0,
        0,
        0,
        0,
        0,
        0,
        0,
        0,
        0,
        0,
        0,
        0,
        0,
        0,
        0,
        0,
        0,
        0,
        0,
        0,
        0,
        0,
        0,
        0,
        0,
        0,
        0,
        0,
        0,
        0,
        0,
        0,
        0,
        0
      ]
    }
  ]
}
