{
  "results": [
    {
      "command": "out/20220731101132/contention 32 10000",
      "mean": 0.003990939860000001,
      "stddev": 0.00015807315234103457,
      "median": 0.00395055058,
      "user": 0.008322320000000003,
      "system": 0.0019402199999999997,
      "min": 0.00373627158,
      "max": 0.00477375658,
      "times": [
        0.00373627158,
        0.003961672580000001,
        0.0038035845800000003,
        0.004087328580000001,
        0.004033960580000001,
        0.003918175580000001,
        0.0042500635799999995,
        0.00439507758,
        0.00422813558,
        0.0038874125800000005,
        0.0039099165800000005,
        0.00417833458,
        0.0041532285799999995,
        0.004028621580000001,
        0.00383499658,
        0.0038683735800000003,
        0.004035206580000001,
        0.0038565665800000004,
        0.00391682258,
        0.004201538580000001,
        0.0038549165800000006,
        0.0038936495800000006,
        0.004053583580000001,
        0.0039680815799999995,
        0.00391138758,
        0.00395976158,
        0.00394944058,
        0.0039444905799999996,
        0.00417626558,
        0.00401517258,
        0.00389805558,
        0.004077015580000001,
        0.003981403580000001,
        0.004275991580000001,
        0.00432176458,
        0.0039517295800000005,
        0.003994088580000001,
        0.00389978058,
        0.00387657358,
        0.0038451645800000006,
        0.00400052758,
        0.0039170715800000006,
        0.004173695580000001,
        0.00395166058,
        0.00383067258,
        0.0038394865800000003,
        0.0038786875800000003,
        0.0038675775800000004,
        0.0045314175800000005,
        0.00477375658,
        0.00408973258,
        0.003946926580000001,
        0.00413445158,
        0.00389415958,
        0.0038815745800000003,
        0.00398188558,
        0.003927884580000001,
        0.00410462558,
        0.00391235958,
        0.0040708995800000005,
        0.0039258085800000005,
        0.00385676358,
        0.00410675158,
        0.00386733758,
        0.00396567458,
        0.00403306958,
        0.004020899580000001,
        0.00397390358,
        0.003979702580000001,
        0.00389543558,
        0.003906587580000001,
        0.0040102945800000005,
        0.0039008625800000005,
        0.00407376458,
        0.00425349958,
        0.0039231455800000006,
        0.003991069580000001,
        0.003978018580000001,
        0.0038795455800000006,
        0.0038916325800000006,
        0.00419271058,
        0.004043718580000001,
        0.003948960580000001,
        0.00406879858,
        0.0038696765800000006,
        0.0038830825800000002,
        0.0040347835799999995,
        0.0038217185800000007,
        0.003932346580000001,
        0.00406302458,
        0.0038164275800000006,
        0.00385811758,
        0.003930085580000001,
        0.0037799555800000005,
        0.0038768975800000005,
        0.003998501580000001,
        0.0039036815800000007,
        0.0038690965800000005,
        0.004044694580000001,
        0.0038812795800000004
      ],
      "exit_codes": [
        0,
        0,
        0,
        0,
        0,
        0,
        0,
        0,
        0,
        0,
        0,
        0,
        0,
        0,
        0,
        0,
        0,
        0,
        0,
        0,
        0,
        0,
        0,
        0,
        0,
        0,
        0,
        0,
        0,
        0,
        0,
        0,
        0,
        0,
        0,
        0,
        0,
        0,
        0,
        0,
        0,
        0,
        0,
        0,
        0,
        0,
        0,
        0,
        0,
        0,
        0,
        0,
        0,
        0,
        0,
        0,
        0,
        0,
        0,
        0,
        0,
        0,
        0,
        0,
        0,
        0,
        0,
        0,
        0,
        0,
        0,
        0,
        0,
        0,
        0,
        0,
        0,
        0,
        0,
        0,
        0,
        0,
        0,
        0,
        0,
        0,
        0,
        0,
        0,
        0,
        0,
        0,
        0,
        0,
        0,
        0,
        0,
        0,
        0,
        0
      ]
    }
  ]
}
