{
  "results": [
    {
      "command": "out/20220731101132/contention 128 100",
      "mean": 0.0046996565300000005,
      "stddev": 0.00024743816210802877,
      "median": 0.0046783541000000005,
      "user": 0.00207256,
      "system": 0.003930210000000001,
      "min": 0.004191872100000001,
      "max": 0.005722258100000001,
      "times": [
        0.0047441831,
        0.005215278100000001,
        0.0055644381,
        0.004674723100000001,
        0.004834114100000001,
        0.005722258100000001,
        0.0048462221,
        0.004647166100000001,
        0.0047459051,
        0.004678437100000001,
        0.0047633561,
        0.004639543100000001,
        0.005115831100000001,
        0.0049880221,
        0.0047288681,
        0.0046179601,
        0.004778642100000001,
        0.004707303100000001,
        0.004682959100000001,
        0.0050641471,
        0.004814577100000001,
        0.004814262100000001,
        0.0047225651,
        0.0047233361,
        0.0047627641000000005,
        0.004553488100000001,
        0.0048986321000000005,
        0.004738359100000001,
        0.004743617100000001,
        0.0051160541000000006,
        0.005091802100000001,
        0.0044777091,
        0.0047771071000000005,
        0.0047653761000000005,
        0.004700451100000001,
        0.0047073811000000005,
        0.0046802361,
        0.004729612100000001,
        0.004770421100000001,
        0.004966508100000001,
        0.0049024011,
        0.0046974221,
        0.0049086561,
        0.004541004100000001,
        0.004681741100000001,
        0.0045046991000000005,
        0.004985759100000001,
        0.004678271100000001,
        0.0046200461000000005,
        0.0049621111,
        0.0046463691000000005,
        0.0044357101,
        0.0044606951,
        0.004634608100000001,
        0.004623237100000001,
        0.004594780100000001,
        0.004600698100000001,
        0.004472412100000001,
        0.0047890591000000005,
        0.0047167361000000005,
        0.004928283100000001,
        0.004355834100000001,
        0.004191872100000001,
        0.004655570100000001,
        0.004784762100000001,
        0.004411874100000001,
        0.004634080100000001,
        0.004654786100000001,
        0.0045445181000000005,
        0.0044356441,
        0.004545915100000001,
        0.004512262100000001,
        0.005044660100000001,
        0.005471378100000001,
        0.0048298831000000006,
        0.0046251351,
        0.0045213181,
        0.0045057851000000005,
        0.004553127100000001,
        0.0044202381,
        0.004437911100000001,
        0.004713993100000001,
        0.0046348191000000006,
        0.004451619100000001,
        0.004484423100000001,
        0.004469179100000001,
        0.004567899100000001,
        0.004385863100000001,
        0.0046669491000000006,
        0.0046358431,
        0.0045250341,
        0.004541754100000001,
        0.0047348581,
        0.0043755431000000004,
        0.004401659100000001,
        0.004736485100000001,
        0.004534739100000001,
        0.0044621551,
        0.004461973100000001,
        0.0043459951000000005
      ],
      "exit_codes": [
        0,
        0,
        0,
        0,
        0,
        0,
        0,
        0,
        0,
        0,
        0,
        0,
        0,
        0,
        0,
        0,
        0,
        0,
        0,
        0,
        0,
        0,
        0,
        0,
        0,
        0,
        0,
        0,
        0,
        0,
        0,
        0,
        0,
        0,
        0,
        0,
        0,
        0,
        0,
        0,
        0,
        0,
        0,
        0,
        0,
        0,
        0,
        0,
        0,
        0,
        0,
        0,
        0,
        0,
        0,
        0,
        0,
        0,
        0,
        0,
        0,
        0,
        0,
        0,
        0,
        0,
        0,
        0,
        0,
        0,
        0,
        0,
        0,
        0,
        0,
        0,
        0,
        0,
        0,
        0,
        0,
        0,
        0,
        0,
        0,
        0,
        0,
        0,
        0,
        0,
        0,
        0,
        0,
        0,
        0,
        0,
        0,
        0,
        0,
        0
      ]
    }
  ]
}
