{
  "results": [
    {
      "command": "out/20220731101132/contention 32 1000",
      "mean": 0.0031984120200000007,
      "stddev": 0.00016595399966800467,
      "median": 0.00315806742,
      "user": 0.001987599999999999,
      "system": 0.0019083699999999993,
      "min": 0.0029701169200000003,
      "max": 0.0039016269200000003,
      "times": [
        0.00302387892,
        0.0031232769199999997,
        0.00303680492,
        0.00356141292,
        0.00382980692,
        0.0034993139199999998,
        0.00323984092,
        0.0032515549200000005,
        0.00316379692,
        0.00310321392,
        0.00321863192,
        0.0030092979200000004,
        0.0030549599199999997,
        0.0031432689199999996,
        0.0030938399200000004,
        0.0032769829199999997,
        0.00359256092,
        0.00304321792,
        0.00311466792,
        0.0031801299199999996,
        0.0031778609200000005,
        0.00310641392,
        0.0032513229200000003,
        0.0032862029200000004,
        0.00316502492,
        0.00313515592,
        0.0030197369199999997,
        0.0030610189199999998,
        0.00312547592,
        0.0030461589200000004,
        0.00311614092,
        0.00315645092,
        0.0035322599200000005,
        0.00332069192,
        0.00350099092,
        0.00315586292,
        0.00305438292,
        0.0033144159200000005,
        0.0031872209200000004,
        0.0030445189199999998,
        0.00330797492,
        0.00332344192,
        0.00348087192,
        0.00321785692,
        0.0031475599199999997,
        0.00300871392,
        0.00312049492,
        0.0029701169200000003,
        0.0029853229199999997,
        0.00314560292,
        0.00324486392,
        0.00309497792,
        0.0031832119200000003,
        0.00315968392,
        0.0030481049199999996,
        0.00300887692,
        0.00313656292,
        0.0030407919200000004,
        0.0032656489199999997,
        0.0032059949200000004,
        0.00304545292,
        0.00317729292,
        0.00333161892,
        0.00310068392,
        0.0034616869199999996,
        0.00319762292,
        0.0031262549200000004,
        0.00332217992,
        0.0032012029200000004,
        0.0031463229200000002,
        0.00317787492,
        0.00316755292,
        0.0030354079199999997,
        0.00318223892,
        0.00336467292,
        0.00323561592,
        0.0032078409200000002,
        0.0032087949200000003,
        0.00321410192,
        0.0031147559199999997,
        0.00305307592,
        0.0030884579200000004,
        0.00313678592,
        0.00319342092,
        0.0033446789200000005,
        0.0032316999200000004,
        0.0031262349199999997,
        0.0031375709200000003,
        0.00314420392,
        0.00311496092,
        0.00325172892,
        0.0035735969200000003,
        0.0039016269200000003,
        0.0032621339199999998,
        0.0030329659199999997,
        0.00314959592,
        0.0033575209200000003,
        0.00315349692,
        0.0030695499199999998,
        0.0030842759200000003
      ],
      "exit_codes": [
        0,
        0,
        0,
        0,
        0,
        0,
        0,
        0,
        0,
        0,
        0,
        0,
        0,
        0,
        0,
        0,
        0,
        0,
        0,
        0,
        0,
        0,
        0,
        0,
        0,
        0,
        0,
        0,
        0,
        0,
        0,
        0,
        0,
        0,
        0,
        0,
        0,
        0,
        0,
        0,
        0,
        0,
        0,
        0,
        0,
        0,
        0,
        0,
        0,
        0,
        0,
        0,
        0,
        0,
        0,
        0,
        0,
        0,
        0,
        0,
        0,
        0,
        0,
        0,
        0,
        0,
        0,
        0,
        0,
        0,
        0,
        0,
        0,
        0,
        0,
        0,
        0,
        0,
        0,
        0,
        0,
        0,
        0,
        0,
        0,
        0,
        0,
        0,
        0,
        0,
        0,
        0,
        0,
        0,
        0,
        0,
        0,
        0,
        0,
        0
      ]
    }
  ]
}
