{
  "results": [
    {
      "command": "out/20220731101132/contention 8 10",
      "mean": 0.0027185344,
      "stddev": 0.000207180819578931,
      "median": 0.0026990968199999995,
      "user": 0.0011328599999999994,
      "system": 0.0010949799999999997,
      "min": 0.0022583568199999998,
      "max": 0.0035245658199999997,
      "times": [
        0.0026342098199999995,
        0.0027288398199999996,
        0.00275361482,
        0.0029012738199999995,
        0.00281768882,
        0.00272575282,
        0.0026826208199999995,
        0.0028417578199999996,
        0.0028888688199999995,
        0.00274101382,
        0.0026490868199999995,
        0.0028516088199999996,
        0.0030918888199999994,
        0.00275845282,
        0.00283330882,
        0.0027614228199999997,
        0.0027180478199999997,
        0.0028220098199999996,
        0.0029610978199999995,
        0.0027039158199999996,
        0.00285172982,
        0.00339119082,
        0.0029317178199999997,
        0.0024767858199999998,
        0.0022583568199999998,
        0.00276978682,
        0.00265996182,
        0.0025303898199999994,
        0.0025897538199999995,
        0.00271691182,
        0.00253601782,
        0.00275211382,
        0.0026560108199999996,
        0.00254742282,
        0.0025531528199999997,
        0.0025776948199999995,
        0.00268378982,
        0.0026981948199999994,
        0.0028648708199999996,
        0.00295189182,
        0.00285851582,
        0.00351948482,
        0.0027243378199999996,
        0.0028223298199999995,
        0.0026666938199999997,
        0.00265857082,
        0.0026235318199999995,
        0.00269454082,
        0.00259094782,
        0.00270717482,
        0.0028971488199999998,
        0.0027271438199999998,
        0.0025326188199999997,
        0.00259724882,
        0.0027623148199999994,
        0.0026697538199999997,
        0.00265531782,
        0.0035245658199999997,
        0.00282154082,
        0.00283109882,
        0.0023439618199999996,
        0.0028116238199999994,
        0.00270982282,
        0.0026036088199999996,
        0.0025719548199999998,
        0.0026999988199999997,
        0.00253858982,
        0.0025393888199999994,
        0.0028155458199999994,
        0.00281033882,
        0.00269025282,
        0.0026165758199999996,
        0.0027399658199999998,
        0.00272891682,
        0.0026571398199999995,
        0.0029777578199999995,
        0.0026435598199999995,
        0.0025907128199999995,
        0.0028173778199999996,
        0.00282460982,
        0.0025927778199999994,
        0.00259150782,
        0.0026098958199999994,
        0.00256690882,
        0.00258355682,
        0.0027201918199999996,
        0.0025987408199999998,
        0.00257314282,
        0.00325467482,
        0.00285120082,
        0.0025567318199999998,
        0.00245523982,
        0.00237975082,
        0.00248852982,
        0.0026648698199999996,
        0.0025949548199999993,
        0.0023609068199999996,
        0.00235447982,
        0.00291317182,
        0.0026613958199999998
      ],
      "exit_codes": [
        0,
        0,
        0,
        0,
        0,
        0,
        0,
        0,
        0,
        0,
        0,
        0,
        0,
        0,
        0,
        0,
        0,
        0,
        0,
        0,
        0,
        0,
        0,
        0,
        0,
        0,
        0,
        0,
        0,
        0,
        0,
        0,
        0,
        0,
        0,
        0,
        0,
        0,
        0,
        0,
        0,
        0,
        0,
        0,
        0,
        0,
        0,
        0,
        0,
        0,
        0,
        0,
        0,
        0,
        0,
        0,
        0,
        0,
        0,
        0,
        0,
        0,
        0,
        0,
        0,
        0,
        0,
        0,
        0,
        0,
        0,
        0,
        0,
        0,
        0,
        0,
        0,
        0,
        0,
        0,
        0,
        0,
        0,
        0,
        0,
        0,
        0,
        0,
        0,
        0,
        0,
        0,
        0,
        0,
        0,
        0,
        0,
        0,
        0,
        0
      ]
    }
  ]
}
