{
  "results": [
    {
      "command": "out/20220731101132/contention 512 10000",
      "mean": 0.012903921229999999,
      "stddev": 0.0004814173851904289,
      "median": 0.012887046539999999,
      "user": 0.010572849999999993,
      "system": 0.01772037,
      "min": 0.01212919504,
      "max": 0.01462251304,
      "times": [
        0.01227938304,
        0.01462251304,
        0.01295712804,
        0.01252755504,
        0.01258609404,
        0.01265686304,
        0.01294872804,
        0.013130738040000001,
        0.01226364404,
        0.01236502704,
        0.01285061204,
        0.01255263004,
        0.01223311704,
        0.01446926104,
        0.013580950040000001,
        0.012353435040000001,
        0.01241663904,
        0.01258541704,
        0.01231284604,
        0.01279859804,
        0.01264535404,
        0.01276032704,
        0.01288405904,
        0.012345654040000001,
        0.01310771604,
        0.01262648104,
        0.01212919504,
        0.01270388704,
        0.01265677104,
        0.01251191704,
        0.01257098604,
        0.01246765004,
        0.01269376704,
        0.01246472004,
        0.01259170004,
        0.01247881304,
        0.01237559904,
        0.01336543704,
        0.01249751004,
        0.01257422404,
        0.013371065040000001,
        0.013836658040000002,
        0.01260191704,
        0.01327866704,
        0.01236781404,
        0.01244579904,
        0.01424802804,
        0.01241223804,
        0.01227181704,
        0.01245106504,
        0.01258393904,
        0.01238532404,
        0.01225700604,
        0.01303562404,
        0.013120877040000001,
        0.01298390104,
        0.013369338040000001,
        0.012797435040000001,
        0.01293388204,
        0.01305454804,
        0.01303022604,
        0.01295583104,
        0.013231338039999999,
        0.01291226504,
        0.013218392039999999,
        0.01304593404,
        0.013166458039999999,
        0.01287487904,
        0.01290112404,
        0.01290296604,
        0.01313830404,
        0.012928773040000001,
        0.01369146304,
        0.01298491104,
        0.01296033204,
        0.013187940040000002,
        0.01312901904,
        0.01287288104,
        0.014129271039999999,
        0.01407088204,
        0.01289011104,
        0.01297247304,
        0.013232592040000001,
        0.01299713104,
        0.01277496404,
        0.01334439904,
        0.01282662404,
        0.01273007004,
        0.01289003404,
        0.01365812504,
        0.01288274604,
        0.01293276904,
        0.013407996040000002,
        0.01264510204,
        0.01300522504,
        0.01298717604,
        0.012720325040000001,
        0.01304983204,
        0.01331192204,
        0.01304942704
      ],
      "exit_codes": [
        0,
        0,
        0,
        0,
        0,
        0,
        0,
        0,
        0,
        0,
        0,
        0,
        0,
        0,
        0,
        0,
        0,
        0,
        0,
        0,
        0,
        0,
        0,
        0,
        0,
        0,
        0,
        0,
        0,
        0,
        0,
        0,
        0,
        0,
        0,
        0,
        0,
        0,
        0,
        0,
        0,
        0,
        0,
        0,
        0,
        0,
        0,
        0,
        0,
        0,
        0,
        0,
        0,
        0,
        0,
        0,
        0,
        0,
        0,
        0,
        0,
        0,
        0,
        0,
        0,
        0,
        0,
        0,
        0,
        0,
        0,
        0,
        0,
        0,
        0,
        0,
        0,
        0,
        0,
        0,
        0,
        0,
        0,
        0,
        0,
        0,
        0,
        0,
        0,
        0,
        0,
        0,
        0,
        0,
        0,
        0,
        0,
        0,
        0,
        0
      ]
    }
  ]
}
