{
  "results": [
    {
      "command": "out/20220731101132/contention 2 1000000",
      "mean": 0.20985770278999996,
      "stddev": 0.0028238497566106294,
      "median": 0.20937425988000002,
      "user": 0.3996461200000001,
      "system": 0.0034242699999999992,
      "min": 0.20792255938,
      "max": 0.23330642338000002,
      "times": [
        0.20940613438000003,
        0.20936470338000002,
        0.21034460038000002,
        0.20973693538000002,
        0.20823769238000003,
        0.20907972738000002,
        0.20967355938,
        0.21085769438000002,
        0.20818763638,
        0.20885648638,
        0.20924156938000002,
        0.20879058938000003,
        0.21483016538000002,
        0.20832176738000002,
        0.20910323038000003,
        0.21318641438000002,
        0.21039696338000002,
        0.21047572538000003,
        0.20945495438000003,
        0.20907438238000003,
        0.20792255938,
        0.21061098338000003,
        0.20849026338,
        0.20933102538000004,
        0.20906874238000003,
        0.20826655838000002,
        0.20950463838000002,
        0.20878681338000002,
        0.21053511438000003,
        0.20805459638,
        0.20869276338000003,
        0.20895638538000003,
        0.20838863238000002,
        0.20984593838,
        0.20991288338000003,
        0.20847782638000004,
        0.20960764238000001,
        0.20862702338000003,
        0.20998030838000004,
        0.21083193538000003,
        0.20990814938000002,
        0.20812934438000003,
        0.20823042638000003,
        0.23330642338000002,
        0.20854275138000003,
        0.20963551238000003,
        0.20800351538000003,
        0.20957490538,
        0.20878566138000001,
        0.20891423438000004,
        0.20995124938,
        0.20857228638000003,
        0.20950331638000003,
        0.21243031538,
        0.21556727738000003,
        0.21544629938,
        0.21586275138000002,
        0.21036970638000002,
        0.20974598838000003,
        0.20920058338000003,
        0.20857989438000002,
        0.21034308738000002,
        0.20883595038000002,
        0.20842668538000003,
        0.20970029238000001,
        0.20871081538000003,
        0.21083684338000003,
        0.20886458738000002,
        0.20984237438000003,
        0.20824143938000003,
        0.20818525938000002,
        0.20939620938000003,
        0.20980119838000003,
        0.21054808738000003,
        0.20856552138000004,
        0.21068140038000002,
        0.20850689938000003,
        0.20918146438000002,
        0.21058410938000002,
        0.20852085438000004,
        0.21267921138,
        0.21013087438000003,
        0.21003125138000003,
        0.20858924038,
        0.20840045138000002,
        0.20948612038000003,
        0.20853219838000003,
        0.21005037038000002,
        0.20957924038000003,
        0.20809286738000002,
        0.20973197938000002,
        0.20873315838000003,
        0.20886740838000004,
        0.20911473738000003,
        0.20938381638000003,
        0.20950541838000003,
        0.20976482838000002,
        0.20935056238000002,
        0.20859548438000003,
        0.21060382338000003
      ],
      "exit_codes": [
        0,
        0,
        0,
        0,
        0,
        0,
        0,
        0,
        0,
        0,
        0,
        0,
        0,
        0,
        0,
        0,
        0,
        0,
        0,
        0,
        0,
        0,
        0,
        0,
        0,
        0,
        0,
        0,
        0,
        0,
        0,
        0,
        0,
        0,
        0,
        0,
        0,
        0,
        0,
        0,
        0,
        0,
        0,
        0,
        0,
        0,
        0,
        0,
        0,
        0,
        0,
        0,
        0,
        0,
        0,
        0,
        0,
        0,
        0,
        0,
        0,
        0,
        0,
        0,
        0,
        0,
        0,
        0,
        0,
        0,
        0,
        0,
        0,
        0,
        0,
        0,
        0,
        0,
        0,
        0,
        0,
        0,
        0,
        0,
        0,
        0,
        0,
        0,
        0,
        0,
        0,
        0,
        0,
        0,
        0,
        0,
        0,
        0,
        0,
        0
      ]
    }
  ]
}
