{
  "results": [
    {
      "command": "out/20220731101132/contention 256 10",
      "mean": 0.007041675329999998,
      "stddev": 0.0002837594938873303,
      "median": 0.00702438442,
      "user": 0.0028403699999999983,
      "system": 0.007154199999999999,
      "min": 0.006536531419999999,
      "max": 0.00802823942,
      "times": [
        0.007173406419999999,
        0.006897387419999999,
        0.007030590419999999,
        0.007218149419999999,
        0.007386314419999999,
        0.007540955419999999,
        0.00716875442,
        0.00705345442,
        0.00699575342,
        0.00710431642,
        0.00708381042,
        0.00718564942,
        0.00707533142,
        0.007348199419999999,
        0.0071241254199999994,
        0.00702053242,
        0.00706760342,
        0.007240606419999999,
        0.007028236419999999,
        0.00695279342,
        0.006955506419999999,
        0.007188425419999999,
        0.006952834419999999,
        0.007042339419999999,
        0.006949996419999999,
        0.00715183442,
        0.00706107342,
        0.007075833419999999,
        0.007165101419999999,
        0.007165164419999999,
        0.007003684419999999,
        0.007439223419999999,
        0.0071944164199999995,
        0.007827551419999999,
        0.0071121914199999995,
        0.00795565242,
        0.007160999419999999,
        0.00751508542,
        0.00721527142,
        0.0067997404199999995,
        0.00688573142,
        0.00740540142,
        0.006937802419999999,
        0.00715432942,
        0.007039396419999999,
        0.007812339419999999,
        0.00802823942,
        0.00726900742,
        0.007117837419999999,
        0.00690470842,
        0.007131917419999999,
        0.007310463419999999,
        0.00685332742,
        0.00752359842,
        0.006779231419999999,
        0.00677941742,
        0.006817996419999999,
        0.00683773542,
        0.007092612419999999,
        0.006957863419999999,
        0.0072923324199999995,
        0.007222420419999999,
        0.007359582419999999,
        0.006566292419999999,
        0.006801477419999999,
        0.006709523419999999,
        0.006742099419999999,
        0.006733049419999999,
        0.00676542442,
        0.00677275342,
        0.006999155419999999,
        0.00709327042,
        0.006536531419999999,
        0.006667035419999999,
        0.006862646419999999,
        0.00675868842,
        0.00687541542,
        0.006756162419999999,
        0.0068324604199999995,
        0.006833414419999999,
        0.00684097942,
        0.00673997542,
        0.007005038419999999,
        0.00692106542,
        0.00673239542,
        0.006886807419999999,
        0.006663894419999999,
        0.0071183874199999995,
        0.00705956042,
        0.00659642642,
        0.00688929042,
        0.006709154419999999,
        0.006793093419999999,
        0.006927473419999999,
        0.00687504742,
        0.00676053642,
        0.006719094419999999,
        0.00734681242,
        0.006833373419999999,
        0.0073025394199999994
      ],
      "exit_codes": [
        0,
        0,
        0,
        0,
        0,
        0,
        0,
        0,
        0,
        0,
        0,
        0,
        0,
        0,
        0,
        0,
        0,
        0,
        0,
        0,
        0,
        0,
        0,
        0,
        0,
        0,
        0,
        0,
        0,
        0,
        0,
        0,
        0,
        0,
        0,
        0,
        0,
        0,
        0,
        0,
        0,
        0,
        0,
        0,
        0,
        0,
        0,
        0,
        0,
        0,
        0,
        0,
        0,
        0,
        0,
        0,
        0,
        0,
        0,
        0,
        0,
        0,
        0,
        0,
        0,
        0,
        0,
        0,
        0,
        0,
        0,
        0,
        0,
        0,
        0,
        0,
        0,
        0,
        0,
        0,
        0,
        0,
        0,
        0,
        0,
        0,
        0,
        0,
        0,
        0,
        0,
        0,
        0,
        0,
        0,
        0,
        0,
        0,
        0,
        0
      ]
    }
  ]
}
