{
  "results": [
    {
      "command": "out/20220731101132/contention 64 10000",
      "mean": 0.004250108370000002,
      "stddev": 0.0001919789020752744,
      "median": 0.00421589862,
      "user": 0.00899515,
      "system": 0.003244529999999999,
      "min": 0.00374745112,
      "max": 0.005102566120000001,
      "times": [
        0.00411986812,
        0.0046292971200000005,
        0.00443379912,
        0.00420974512,
        0.00421844812,
        0.00411082912,
        0.00413672912,
        0.00426905912,
        0.00424520112,
        0.00448233512,
        0.00418235012,
        0.00463247112,
        0.004210519120000001,
        0.004228642120000001,
        0.00449798112,
        0.004626744120000001,
        0.005102566120000001,
        0.00431249112,
        0.00411669112,
        0.00416610812,
        0.00426199412,
        0.00414977612,
        0.00406072612,
        0.004183649120000001,
        0.00446626312,
        0.00418746612,
        0.0041543801200000004,
        0.00406889312,
        0.00412191612,
        0.00430302912,
        0.00421302812,
        0.00432345312,
        0.0042177321200000005,
        0.00409058512,
        0.004273548120000001,
        0.004605579120000001,
        0.00391511612,
        0.00374745112,
        0.0043424011200000005,
        0.0042175441200000005,
        0.00410740712,
        0.00416810612,
        0.00414666012,
        0.0041215101200000005,
        0.00412106212,
        0.0041235551200000005,
        0.00413919112,
        0.00427189612,
        0.004077792120000001,
        0.00407221312,
        0.0042352191200000005,
        0.004141739120000001,
        0.00430489812,
        0.0043491391200000005,
        0.00427202612,
        0.004110614120000001,
        0.004291536120000001,
        0.004102477120000001,
        0.00409155412,
        0.00440796712,
        0.00406833212,
        0.00428847912,
        0.00432360012,
        0.004214253120000001,
        0.00410706612,
        0.0041408231200000005,
        0.004247647120000001,
        0.00414885012,
        0.00446752012,
        0.0043511941200000005,
        0.00417075012,
        0.00428136012,
        0.004066196120000001,
        0.00410990512,
        0.004687664120000001,
        0.004301481120000001,
        0.00424314412,
        0.004229036120000001,
        0.00424978012,
        0.004285780120000001,
        0.0042355371200000005,
        0.00418221512,
        0.00407096912,
        0.00423622512,
        0.004151692120000001,
        0.00405675612,
        0.0042115871200000005,
        0.004115439120000001,
        0.00432601912,
        0.0046158851200000005,
        0.00494625912,
        0.00443010712,
        0.00447415012,
        0.0041406351200000005,
        0.0041130451200000005,
        0.00425646612,
        0.00416444612,
        0.0041714221200000005,
        0.00440465112,
        0.00423149712
      ],
      "exit_codes": [
        0,
        0,
        0,
        0,
        0,
        0,
        0,
        0,
        0,
        0,
        0,
        0,
        0,
        0,
        0,
        0,
        0,
        0,
        0,
        0,
        0,
        0,
        0,
        0,
        0,
        0,
        0,
        0,
        0,
        0,
        0,
        0,
        0,
        0,
        0,
        0,
        0,
        0,
        0,
        0,
        0,
        0,
        0,
        0,
        0,
        0,
        0,
        0,
        0,
        0,
        0,
        0,
        0,
        0,
        0,
        0,
        0,
        0,
        0,
        0,
        0,
        0,
        0,
        0,
        0,
        0,
        0,
        0,
        0,
        0,
        0,
        0,
        0,
        0,
        0,
        0,
        0,
        0,
        0,
        0,
        0,
        0,
        0,
        0,
        0,
        0,
        0,
        0,
        0,
        0,
        0,
        0,
        0,
        0,
        0,
        0,
        0,
        0,
        0,
        0
      ]
    }
  ]
}
