{
  "results": [
    {
      "command": "out/20220731101132/contention 2 10000",
      "mean": 0.004933839220000002,
      "stddev": 0.000226173376474166,
      "median": 0.00489643704,
      "user": 0.005029909999999998,
      "system": 0.0008697699999999994,
      "min": 0.00441507404,
      "max": 0.005796985039999999,
      "times": [
        0.0046830740400000005,
        0.00486446904,
        0.004755058039999999,
        0.00479653704,
        0.005187793039999999,
        0.0050573430400000004,
        0.004822970039999999,
        0.0051023130400000005,
        0.0046736500399999995,
        0.004882989040000001,
        0.00489671004,
        0.00466756904,
        0.00504021204,
        0.0050746540399999995,
        0.004738632039999999,
        0.0048354570399999994,
        0.00477570404,
        0.00478153804,
        0.004890954039999999,
        0.005146692039999999,
        0.00501399804,
        0.00492185704,
        0.00496364604,
        0.004929089039999999,
        0.004813518039999999,
        0.0049043850400000005,
        0.005040518040000001,
        0.004919185039999999,
        0.004994143039999999,
        0.00487788204,
        0.00492338304,
        0.00498250504,
        0.005119031039999999,
        0.004876858039999999,
        0.0048994910400000004,
        0.00491094804,
        0.0050381900399999995,
        0.004819987039999999,
        0.0050612120400000005,
        0.00525821904,
        0.004957647040000001,
        0.004836282040000001,
        0.00469636904,
        0.0048509450400000004,
        0.00518856904,
        0.0056533370399999994,
        0.004948089039999999,
        0.005063202039999999,
        0.00560562104,
        0.00575021304,
        0.004747781039999999,
        0.00441507404,
        0.004639945039999999,
        0.00467249904,
        0.005101007039999999,
        0.00464087304,
        0.004903679039999999,
        0.004928565039999999,
        0.00484058704,
        0.00502044804,
        0.004840012039999999,
        0.004982045040000001,
        0.004723841039999999,
        0.004699904039999999,
        0.00485370504,
        0.004777113039999999,
        0.00487198304,
        0.00491686304,
        0.00482131004,
        0.0048070740399999996,
        0.00479876204,
        0.004789403039999999,
        0.0050965210399999995,
        0.005050352039999999,
        0.005000814039999999,
        0.0048782090399999995,
        0.0047521390400000005,
        0.00482067504,
        0.004758034039999999,
        0.00486426704,
        0.005064316039999999,
        0.005796985039999999,
        0.005549411039999999,
        0.0048961640399999996,
        0.00500216304,
        0.0049521750399999995,
        0.005008902040000001,
        0.0048086740400000005,
        0.004793701040000001,
        0.00475749304,
        0.0046760080400000004,
        0.004681317040000001,
        0.004820910039999999,
        0.005128279039999999,
        0.00490379004,
        0.00484404204,
        0.00484240704,
        0.005020855039999999,
        0.00505065004,
        0.00527955504
      ],
      "exit_codes": [
        0,
        0,
        0,
        0,
        0,
        0,
        0,
        0,
        0,
        0,
        0,
        0,
        0,
        0,
        0,
        0,
        0,
        0,
        0,
        0,
        0,
        0,
        0,
        0,
        0,
        0,
        0,
        0,
        0,
        0,
        0,
        0,
        0,
        0,
        0,
        0,
        0,
        0,
        0,
        0,
        0,
        0,
        0,
        0,
        0,
        0,
        0,
        0,
        0,
        0,
        0,
        0,
        0,
        0,
        0,
        0,
        0,
        0,
        0,
        0,
        0,
        0,
        0,
        0,
        0,
        0,
        0,
        0,
        0,
        0,
        0,
        0,
        0,
        0,
        0,
        0,
        0,
        0,
        0,
        0,
        0,
        0,
        0,
        0,
        0,
        0,
        0,
        0,
        0,
        0,
        0,
        0,
        0,
        0,
        0,
        0,
        0,
        0,
        0,
        0
      ]
    }
  ]
}
