{
  "results": [
    {
      "command": "out/20220731101132/contention 8 1000",
      "mean": 0.0021632171700000005,
      "stddev": 0.000146304023555938,
      "median": 0.0021512681600000002,
      "user": 0.0017762999999999998,
      "system": 0.0010853000000000006,
      "min": 0.00185063766,
      "max": 0.0027446696600000003,
      "times": [
        0.0019419896600000003,
        0.0021287896600000003,
        0.0021421006600000005,
        0.0022167276600000003,
        0.0022902266599999998,
        0.0021001116600000004,
        0.00185063766,
        0.00198753566,
        0.0022041046600000005,
        0.0020305816600000005,
        0.0020778436599999998,
        0.0021317356600000005,
        0.0021756476600000006,
        0.00231523266,
        0.0021787576600000003,
        0.0020355826599999997,
        0.0020383616600000002,
        0.0021608696600000006,
        0.00215109366,
        0.00213286666,
        0.0020022236600000004,
        0.00209066166,
        0.0023648356600000004,
        0.0024047416600000006,
        0.0021117406600000004,
        0.0023693636600000006,
        0.0022741896599999998,
        0.0020564386600000002,
        0.0019519716599999998,
        0.0023166126600000004,
        0.00214096166,
        0.00237547166,
        0.0024159836600000004,
        0.00233796166,
        0.0022170716600000005,
        0.0021812046600000004,
        0.0024864166600000004,
        0.00206759866,
        0.00207070266,
        0.00225771566,
        0.0019417716600000005,
        0.00222305966,
        0.0023219036600000006,
        0.00226451966,
        0.00213373066,
        0.0021719766600000003,
        0.0021578096600000005,
        0.0020376546600000003,
        0.0019171746600000002,
        0.0020258246600000003,
        0.0021122546600000004,
        0.0022146986600000006,
        0.00229013066,
        0.00220518466,
        0.0021450686600000004,
        0.00187579066,
        0.00217515466,
        0.00220451766,
        0.00212316466,
        0.0027446696600000003,
        0.00210511366,
        0.0018664236600000003,
        0.0019259226600000004,
        0.0019734306600000004,
        0.00187578566,
        0.0020060516600000004,
        0.00215487266,
        0.0020724996599999997,
        0.00220547166,
        0.00231754466,
        0.00212386666,
        0.00214267466,
        0.0021063336600000006,
        0.00221214266,
        0.00228551866,
        0.00227686366,
        0.0022038526600000005,
        0.00240473966,
        0.00222870166,
        0.0021729106600000005,
        0.00222917266,
        0.00210365666,
        0.0020878596600000005,
        0.00215132766,
        0.0021321956600000003,
        0.0021375016600000004,
        0.0021512086600000003,
        0.0021425556600000004,
        0.0021523386600000006,
        0.0024297316600000005,
        0.0023203516600000004,
        0.00212094666,
        0.0021766906599999998,
        0.00211243866,
        0.00220316966,
        0.0023168466600000004,
        0.00217650366,
        0.00239666966,
        0.0020343766600000005,
        0.0020147276600000004
      ],
      "exit_codes": [
        0,
        0,
        0,
        0,
        0,
        0,
        0,
        0,
        0,
        0,
        0,
        0,
        0,
        0,
        0,
        0,
        0,
        0,
        0,
        0,
        0,
        0,
        0,
        0,
        0,
        0,
        0,
        0,
        0,
        0,
        0,
        0,
        0,
        0,
        0,
        0,
        0,
        0,
        0,
        0,
        0,
        0,
        0,
        0,
        0,
        0,
        0,
        0,
        0,
        0,
        0,
        0,
        0,
        0,
        0,
        0,
        0,
        0,
        0,
        0,
        0,
        0,
        0,
        0,
        0,
        0,
        0,
        0,
        0,
        0,
        0,
        0,
        0,
        0,
        0,
        0,
        0,
        0,
        0,
        0,
        0,
        0,
        0,
        0,
        0,
        0,
        0,
        0,
        0,
        0,
        0,
        0,
        0,
        0,
        0,
        0,
        0,
        0,
        0,
        0
      ]
    }
  ]
}
