{
  "results": [
    {
      "command": "out/20220731101132/contention 64 100000",
      "mean": 0.014161647889999997,
      "stddev": 0.0006133893583238492,
      "median": 0.0140408537,
      "user": 0.07374321999999998,
      "system": 0.0034044900000000013,
      "min": 0.0124746862,
      "max": 0.016113729200000003,
      "times": [
        0.0124746862,
        0.012830998199999999,
        0.0135942612,
        0.0134775732,
        0.0135615352,
        0.013401085200000001,
        0.0140480052,
        0.0135869672,
        0.0141212042,
        0.0134691042,
        0.0140445512,
        0.013447653200000001,
        0.014338145200000001,
        0.0154542642,
        0.0137725812,
        0.0138610302,
        0.0139275452,
        0.0143049342,
        0.0144035922,
        0.0139661402,
        0.013718547199999999,
        0.0139835932,
        0.0135967602,
        0.013661122199999999,
        0.013965774200000001,
        0.0139416722,
        0.014130182199999999,
        0.0140363392,
        0.014221666199999998,
        0.0138365182,
        0.014532276200000001,
        0.013809337199999999,
        0.013843746200000001,
        0.014225944199999998,
        0.014271123200000001,
        0.0135506522,
        0.014324981200000001,
        0.013504511200000001,
        0.013955866199999998,
        0.0152707702,
        0.013996673199999999,
        0.0131413182,
        0.0142263612,
        0.014117263199999999,
        0.0137645842,
        0.014536171200000001,
        0.013860119200000002,
        0.0147340232,
        0.0142645472,
        0.0138572092,
        0.014312734200000002,
        0.013850752199999998,
        0.013748895200000001,
        0.0138936062,
        0.014262782199999999,
        0.013662077199999999,
        0.0136391432,
        0.015021216200000001,
        0.015679142200000003,
        0.0142395532,
        0.015452851200000001,
        0.015329623200000001,
        0.014410451199999999,
        0.016113729200000003,
        0.0147819902,
        0.0149875372,
        0.014171465199999999,
        0.0140371562,
        0.0137851632,
        0.014266218200000002,
        0.0137119722,
        0.0155801522,
        0.014876466199999999,
        0.014738349199999999,
        0.014714502199999998,
        0.014117019199999999,
        0.0148417062,
        0.015475661199999999,
        0.014389826199999999,
        0.013503990200000001,
        0.014265643199999999,
        0.014003746199999998,
        0.015197562199999999,
        0.014435441200000001,
        0.013650657200000001,
        0.0137549872,
        0.0144383122,
        0.0139667402,
        0.013659197199999999,
        0.014354476199999999,
        0.0139157882,
        0.013606182199999999,
        0.0141515302,
        0.0139745942,
        0.015231982199999999,
        0.0145776472,
        0.013955406200000001,
        0.013891895199999999,
        0.0144410262,
        0.014130732200000001
      ],
      "exit_codes": [
        0,
        0,
        0,
        0,
        0,
        0,
        0,
        0,
        0,
        0,
        0,
        0,
        0,
        0,
        0,
        0,
        0,
        0,
        0,
        0,
        0,
        0,
        0,
        0,
        0,
        0,
        0,
        0,
        0,
        0,
        0,
        0,
        0,
        0,
        0,
        0,
        0,
        0,
        0,
        0,
        0,
        0,
        0,
        0,
        0,
        0,
        0,
        0,
        0,
        0,
        0,
        0,
        0,
        0,
        0,
        0,
        0,
        0,
        0,
        0,
        0,
        0,
        0,
        0,
        0,
        0,
        0,
        0,
        0,
        0,
        0,
        0,
        0,
        0,
        0,
        0,
        0,
        0,
        0,
        0,
        0,
        0,
        0,
        0,
        0,
        0,
        0,
        0,
        0,
        0,
        0,
        0,
        0,
        0,
        0,
        0,
        0,
        0,
        0,
        0
      ]
    }
  ]
}
