{
  "results": [
    {
      "command": "out/20220731101132/contention 2048 1",
      "mean": 0.061347663190000026,
      "stddev": 0.003944393844367626,
      "median": 0.060179644000000004,
      "user": 0.014462769999999998,
      "system": 0.10917542000000006,
      "min": 0.0556027725,
      "max": 0.0774202935,
      "times": [
        0.0719085195,
        0.0703338475,
        0.07260269550000001,
        0.0662227435,
        0.0707231505,
        0.0680552365,
        0.0687699685,
        0.0680227915,
        0.0657612015,
        0.06461111950000001,
        0.0637731025,
        0.0661842665,
        0.06561792150000001,
        0.0774202935,
        0.06730002950000001,
        0.0678805445,
        0.0635796715,
        0.0670749285,
        0.0648651925,
        0.0639241925,
        0.06440503950000001,
        0.0644680885,
        0.0640895555,
        0.058689908500000006,
        0.061225573500000005,
        0.05949835950000001,
        0.061120398500000006,
        0.06040619950000001,
        0.0595222175,
        0.0598946055,
        0.062205275500000004,
        0.06239886850000001,
        0.0641693195,
        0.062394103500000006,
        0.06226928450000001,
        0.0625058255,
        0.058615043500000005,
        0.0591433955,
        0.0585708585,
        0.060556674500000005,
        0.055853306500000005,
        0.059747058500000005,
        0.059209397500000004,
        0.058166746500000005,
        0.057692489500000006,
        0.0589106385,
        0.06003027350000001,
        0.06191948450000001,
        0.05982952050000001,
        0.06076181850000001,
        0.06100504250000001,
        0.0593970605,
        0.0597348635,
        0.057519073500000004,
        0.06114878750000001,
        0.057060677500000004,
        0.0605567065,
        0.058611183500000004,
        0.05844727550000001,
        0.05669505650000001,
        0.058810837500000004,
        0.05729047650000001,
        0.0621839845,
        0.059061035500000005,
        0.0620093895,
        0.0575912245,
        0.06001667050000001,
        0.060579271500000004,
        0.05990853850000001,
        0.058384858500000004,
        0.059605752500000005,
        0.0599504325,
        0.05827308850000001,
        0.058242839500000004,
        0.056513239500000007,
        0.060196862500000003,
        0.060753625500000005,
        0.061482402500000005,
        0.0605177085,
        0.060290539500000004,
        0.0574059395,
        0.060360301500000005,
        0.05966652850000001,
        0.05713673750000001,
        0.06029567150000001,
        0.057601043500000004,
        0.0597240475,
        0.0587562895,
        0.0582333535,
        0.0556027725,
        0.060162425500000005,
        0.058256970500000005,
        0.06157792250000001,
        0.05956747850000001,
        0.06204999550000001,
        0.0567818105,
        0.05893667650000001,
        0.06014759750000001,
        0.0581986665,
        0.0595648395
      ],
      "exit_codes": [
        0,
        0,
        0,
        0,
        0,
        0,
        0,
        0,
        0,
        0,
        0,
        0,
        0,
        0,
        0,
        0,
        0,
        0,
        0,
        0,
        0,
        0,
        0,
        0,
        0,
        0,
        0,
        0,
        0,
        0,
        0,
        0,
        0,
        0,
        0,
        0,
        0,
        0,
        0,
        0,
        0,
        0,
        0,
        0,
        0,
        0,
        0,
        0,
        0,
        0,
        0,
        0,
        0,
        0,
        0,
        0,
        0,
        0,
        0,
        0,
        0,
        0,
        0,
        0,
        0,
        0,
        0,
        0,
        0,
        0,
        0,
        0,
        0,
        0,
        0,
        0,
        0,
        0,
        0,
        0,
        0,
        0,
        0,
        0,
        0,
        0,
        0,
        0,
        0,
        0,
        0,
        0,
        0,
        0,
        0,
        0,
        0,
        0,
        0,
        0
      ]
    }
  ]
}
