{
  "results": [
    {
      "command": "out/20220731101132/contention 32 10",
      "mean": 0.0031957840100000014,
      "stddev": 0.00017463570457019496,
      "median": 0.00317628568,
      "user": 0.00135254,
      "system": 0.0017320700000000003,
      "min": 0.00287489218,
      "max": 0.003988383180000001,
      "times": [
        0.0031865381799999998,
        0.0035642351800000004,
        0.00376390718,
        0.00320936918,
        0.0033686421800000004,
        0.0031087821799999998,
        0.00313167518,
        0.0031475371800000003,
        0.0030716991800000004,
        0.0031419971800000003,
        0.00320104718,
        0.00322321918,
        0.00326616418,
        0.00330045418,
        0.0031494121799999996,
        0.00318316118,
        0.00328120118,
        0.00312927118,
        0.0030874061799999997,
        0.00333960418,
        0.00339474318,
        0.0031342851800000003,
        0.00317873818,
        0.0032091271799999997,
        0.00312303218,
        0.0031704291800000004,
        0.0032052911799999996,
        0.0033860301799999997,
        0.003988383180000001,
        0.00305208018,
        0.0029705101799999997,
        0.00312511018,
        0.0033068031800000002,
        0.00321861818,
        0.0032293091800000002,
        0.00319288018,
        0.0032807911799999996,
        0.00348730418,
        0.0032787761800000003,
        0.00315720718,
        0.00328798318,
        0.0031938021799999996,
        0.0032466921800000004,
        0.0030684761800000003,
        0.0031627171800000004,
        0.00323743318,
        0.00315122218,
        0.0031879671799999996,
        0.00313540118,
        0.0031371241800000004,
        0.0032244671799999997,
        0.0030935131799999997,
        0.00316642218,
        0.0031904831799999997,
        0.00328470118,
        0.00311811718,
        0.0033150651799999996,
        0.00327409818,
        0.0031147411799999996,
        0.00325884918,
        0.0032298511800000003,
        0.00313385918,
        0.00334132118,
        0.00336287018,
        0.00302133118,
        0.0031833401800000004,
        0.00314838618,
        0.0031738331799999998,
        0.0031602581799999997,
        0.00347994918,
        0.00324304918,
        0.0034389131799999998,
        0.0034801101800000004,
        0.00339342318,
        0.0031153211799999996,
        0.0030832701799999996,
        0.0029644761800000003,
        0.00297251318,
        0.00304987218,
        0.0030271391799999996,
        0.0032456751799999997,
        0.00313534018,
        0.00304164418,
        0.0029448931800000002,
        0.00308330418,
        0.00287489218,
        0.00356884518,
        0.00352387518,
        0.0032155791800000002,
        0.00300927218,
        0.00301495918,
        0.0030035831800000004,
        0.00293513518,
        0.0030393331799999997,
        0.00301934218,
        0.0029376551799999997,
        0.00292095318,
        0.00326443518,
        0.0029535691800000002,
        0.00304897718
      ],
      "exit_codes": [
        0,
        0,
        0,
        0,
        0,
        0,
        0,
        0,
        0,
        0,
        0,
        0,
        0,
        0,
        0,
        0,
        0,
        0,
        0,
        0,
        0,
        0,
        0,
        0,
        0,
        0,
        0,
        0,
        0,
        0,
        0,
        0,
        0,
        0,
        0,
        0,
        0,
        0,
        0,
        0,
        0,
        0,
        0,
        0,
        0,
        0,
        0,
        0,
        0,
        0,
        0,
        0,
        0,
        0,
        0,
        0,
        0,
        0,
        0,
        0,
        0,
        0,
        0,
        0,
        0,
        0,
        0,
        0,
        0,
        0,
        0,
        0,
        0,
        0,
        0,
        0,
        0,
        0,
        0,
        0,
        0,
        0,
        0,
        0,
        0,
        0,
        0,
        0,
        0,
        0,
        0,
        0,
        0,
        0,
        0,
        0,
        0,
        0,
        0,
        0
      ]
    }
  ]
}
