{
  "results": [
    {
      "command": "out/20220731101132/contention 64 1000000",
      "mean": 0.1169514939,
      "stddev": 0.0036890768113897548,
      "median": 0.11721145764000002,
      "user": 0.7874651400000002,
      "system": 0.006873209999999999,
      "min": 0.10623653364,
      "max": 0.13268061564,
      "times": [
        0.10623653364,
        0.10939079864000001,
        0.11415200664000001,
        0.11274328264000001,
        0.11118492764,
        0.11057336864,
        0.11290760064000001,
        0.11529745764,
        0.11591239364,
        0.11330939264,
        0.11190994064000001,
        0.11444290264000001,
        0.11377611164000001,
        0.11314839664000001,
        0.11280532664000001,
        0.11287132564,
        0.11401550864000001,
        0.12327811964,
        0.11721432064000001,
        0.11678756464000001,
        0.11867631264,
        0.11761875464,
        0.11944336764,
        0.11741369564000001,
        0.12135726564,
        0.11909840264,
        0.11793876064,
        0.13231856964,
        0.12612265464,
        0.12099998464,
        0.11662326864000001,
        0.11623011764,
        0.11837870364000001,
        0.11997496464,
        0.11730420864,
        0.11706475864,
        0.13268061564,
        0.11970482664000001,
        0.11838677264000001,
        0.11935970364000001,
        0.11744722864000001,
        0.11980882364,
        0.11724452864000001,
        0.11589312064000001,
        0.11737239364,
        0.11824340364000001,
        0.11723912464000001,
        0.11623273764,
        0.11749413964000001,
        0.11841332364000001,
        0.11661579764,
        0.11755934864,
        0.11690313364,
        0.12022023364000001,
        0.11380797264,
        0.11521244064000001,
        0.11669775964000001,
        0.11488203164,
        0.11388297264000001,
        0.11498860364,
        0.11269276664000001,
        0.11326711064,
        0.11366095464,
        0.11350790464,
        0.11351764464000001,
        0.11506598664,
        0.11857106964000001,
        0.11743296364000001,
        0.11715616964,
        0.11849958364,
        0.11925986464,
        0.11750984164,
        0.11674166064000001,
        0.11684990764,
        0.11802176664000001,
        0.11777248364000001,
        0.11779894864000001,
        0.11654127164000001,
        0.11744929864,
        0.11763747564,
        0.11720859464000001,
        0.11863526564,
        0.11738122464,
        0.11813569664000001,
        0.11700615564000001,
        0.11704838864,
        0.12184613964,
        0.11787978164,
        0.11673957464000001,
        0.11633605164000001,
        0.11840190764000001,
        0.11842310664000001,
        0.12224367064000001,
        0.11821040464,
        0.12046633764,
        0.11851213064,
        0.11653385964,
        0.11455018064000001,
        0.11298183564,
        0.11284230164
      ],
      "exit_codes": [
        0,
        0,
        0,
        0,
        0,
        0,
        0,
        0,
        0,
        0,
        0,
        0,
        0,
        0,
        0,
        0,
        0,
        0,
        0,
        0,
        0,
        0,
        0,
        0,
        0,
        0,
        0,
        0,
        0,
        0,
        0,
        0,
        0,
        0,
        0,
        0,
        0,
        0,
        0,
        0,
        0,
        0,
        0,
        0,
        0,
        0,
        0,
        0,
        0,
        0,
        0,
        0,
        0,
        0,
        0,
        0,
        0,
        0,
        0,
        0,
        0,
        0,
        0,
        0,
        0,
        0,
        0,
        0,
        0,
        0,
        0,
        0,
        0,
        0,
        0,
        0,
        0,
        0,
        0,
        0,
        0,
        0,
        0,
        0,
        0,
        0,
        0,
        0,
        0,
        0,
        0,
        0,
        0,
        0,
        0,
        0,
        0,
        0,
        0,
        0
      ]
    }
  ]
}
