{
  "results": [
    {
      "command": "out/20220731101132/contention 4 10",
      "mean": 0.00279269983,
      "stddev": 0.00019513276247501134,
      "median": 0.0027881242200000008,
      "user": 0.00106602,
      "system": 0.0009275800000000002,
      "min": 0.002273265220000001,
      "max": 0.003416161220000001,
      "times": [
        0.0026841072200000007,
        0.002770156220000001,
        0.0027455922200000007,
        0.0029441942200000007,
        0.002815904220000001,
        0.0028968942200000005,
        0.002905192220000001,
        0.002761762220000001,
        0.0029951152200000013,
        0.002685070220000001,
        0.002816446220000001,
        0.002565139220000001,
        0.002697286220000001,
        0.002626538220000001,
        0.0024735732200000006,
        0.002672680220000001,
        0.0027941532200000006,
        0.003101365220000001,
        0.003338161220000001,
        0.0028476672200000008,
        0.0028510922200000012,
        0.0029693592200000013,
        0.0028898412200000006,
        0.0026910532200000005,
        0.0026498532200000006,
        0.0027567762200000007,
        0.0027515662200000013,
        0.0028564852200000006,
        0.002911941220000001,
        0.002867154220000001,
        0.0026783402200000013,
        0.002932413220000001,
        0.0025998472200000006,
        0.002578398220000001,
        0.003416161220000001,
        0.0029020142200000005,
        0.002738502220000001,
        0.002780501220000001,
        0.002535756220000001,
        0.002528899220000001,
        0.0025912682200000007,
        0.0028702892200000007,
        0.002931531220000001,
        0.003360091220000001,
        0.002763662220000001,
        0.002273265220000001,
        0.002281006220000001,
        0.002765829220000001,
        0.0028671252200000007,
        0.0026995712200000004,
        0.002595926220000001,
        0.0027755112200000005,
        0.002823237220000001,
        0.0025455602200000005,
        0.002811839220000001,
        0.0029137982200000013,
        0.002755864220000001,
        0.0029054532200000005,
        0.002649310220000001,
        0.003005481220000001,
        0.002833348220000001,
        0.002872305220000001,
        0.0029552022200000005,
        0.002765323220000001,
        0.0027690732200000012,
        0.002848723220000001,
        0.003061699220000001,
        0.0028535652200000006,
        0.0028498052200000012,
        0.002782095220000001,
        0.002623661220000001,
        0.0025636752200000005,
        0.0027445182200000005,
        0.0025656312200000005,
        0.0025658372200000005,
        0.0030776662200000006,
        0.0029241762200000005,
        0.002969018220000001,
        0.0031059072200000006,
        0.0028121032200000007,
        0.002858473220000001,
        0.0028145622200000005,
        0.002849509220000001,
        0.0028018372200000006,
        0.002809326220000001,
        0.0029098412200000007,
        0.0024865252200000007,
        0.002398318220000001,
        0.002449876220000001,
        0.002768810220000001,
        0.002715455220000001,
        0.0027763922200000008,
        0.002896237220000001,
        0.0031529402200000008,
        0.0030633002200000006,
        0.0027648342200000007,
        0.002685957220000001,
        0.0028479642200000006,
        0.0027594522200000008,
        0.002708462220000001
      ],
      "exit_codes": [
        0,
        0,
        0,
        0,
        0,
        0,
        0,
        0,
        0,
        0,
        0,
        0,
        0,
        0,
        0,
        0,
        0,
        0,
        0,
        0,
        0,
        0,
        0,
        0,
        0,
        0,
        0,
        0,
        0,
        0,
        0,
        0,
        0,
        0,
        0,
        0,
        0,
        0,
        0,
        0,
        0,
        0,
        0,
        0,
        0,
        0,
        0,
        0,
        0,
        0,
        0,
        0,
        0,
        0,
        0,
        0,
        0,
        0,
        0,
        0,
        0,
        0,
        0,
        0,
        0,
        0,
        0,
        0,
        0,
        0,
        0,
        0,
        0,
        0,
        0,
        0,
        0,
        0,
        0,
        0,
        0,
        0,
        0,
        0,
        0,
        0,
        0,
        0,
        0,
        0,
        0,
        0,
        0,
        0,
        0,
        0,
        0,
        0,
        0,
        0
      ]
    }
  ]
}
