{
  "results": [
    {
      "command": "out/20220731101132/contention 8 100",
      "mean": 0.0026948627199999985,
      "stddev": 0.00022371696963739023,
      "median": 0.002644502199999999,
      "user": 0.0011995699999999994,
      "system": 0.0011347500000000001,
      "min": 0.002265715699999999,
      "max": 0.0039307566999999995,
      "times": [
        0.002450976699999999,
        0.0027634946999999994,
        0.002621289699999999,
        0.002545049699999999,
        0.002535009699999999,
        0.0027084656999999987,
        0.0029735076999999987,
        0.0025743516999999993,
        0.0030629256999999987,
        0.003047962699999999,
        0.0025109996999999992,
        0.0026675426999999987,
        0.002799942699999999,
        0.002638781699999999,
        0.002643008699999999,
        0.002595070699999999,
        0.002689568699999999,
        0.0026213236999999994,
        0.0030863586999999994,
        0.002859288699999999,
        0.0025473366999999992,
        0.002860654699999999,
        0.0026459956999999993,
        0.0026012226999999988,
        0.0025296346999999987,
        0.0025600876999999993,
        0.0027792876999999994,
        0.0026375516999999986,
        0.0024908526999999994,
        0.002552460699999999,
        0.0039307566999999995,
        0.002823413699999999,
        0.0025480666999999992,
        0.0024896416999999993,
        0.002520636699999999,
        0.0025105166999999993,
        0.002921838699999999,
        0.002622538699999999,
        0.0023530206999999993,
        0.002442964699999999,
        0.0026893636999999987,
        0.0028472076999999994,
        0.0029343626999999988,
        0.0031065116999999987,
        0.0028093466999999993,
        0.002330638699999999,
        0.0024704226999999993,
        0.0026306256999999987,
        0.002624987699999999,
        0.002732278699999999,
        0.0027123086999999995,
        0.0024783926999999988,
        0.002521969699999999,
        0.002702707699999999,
        0.0025990886999999988,
        0.002961963699999999,
        0.0027379166999999993,
        0.0026747076999999995,
        0.002458034699999999,
        0.0025786476999999993,
        0.002607231699999999,
        0.0025354386999999995,
        0.0025675406999999995,
        0.002963219699999999,
        0.0030380166999999995,
        0.002674792699999999,
        0.0025585486999999993,
        0.0027283256999999987,
        0.0028403166999999992,
        0.0027630496999999994,
        0.0029401206999999994,
        0.002813420699999999,
        0.002770983699999999,
        0.0027205676999999995,
        0.0029416446999999987,
        0.002543929699999999,
        0.0025762446999999995,
        0.002655235699999999,
        0.0026202936999999995,
        0.002376587699999999,
        0.002623413699999999,
        0.0027824396999999988,
        0.003050168699999999,
        0.0029206926999999993,
        0.002286946699999999,
        0.002265715699999999,
        0.002543072699999999,
        0.0027880626999999994,
        0.0028419856999999994,
        0.002797848699999999,
        0.002410223699999999,
        0.0025612936999999994,
        0.0027774816999999994,
        0.002768471699999999,
        0.002534958699999999,
        0.0027959176999999987,
        0.0028716126999999993,
        0.002637305699999999,
        0.0026165446999999987,
        0.0030117206999999992
      ],
      "exit_codes": [
        0,
        0,
        0,
        0,
        0,
        0,
        0,
        0,
        0,
        0,
        0,
        0,
        0,
        0,
        0,
        0,
        0,
        0,
        0,
        0,
        0,
        0,
        0,
        0,
        0,
        0,
        0,
        0,
        0,
        0,
        0,
        0,
        0,
        0,
        0,
        0,
        0,
        0,
        0,
        0,
        0,
        0,
        0,
        0,
        0,
        0,
        0,
        0,
        0,
        0,
        0,
        0,
        0,
        0,
        0,
        0,
        0,
        0,
        0,
        0,
        0,
        0,
        0,
        0,
        0,
        0,
        0,
        0,
        0,
        0,
        0,
        0,
        0,
        0,
        0,
        0,
        0,
        0,
        0,
        0,
        0,
        0,
        0,
        0,
        0,
        0,
        0,
        0,
        0,
        0,
        0,
        0,
        0,
        0,
        0,
        0,
        0,
        0,
        0,
        0
      ]
    }
  ]
}
