{
  "results": [
    {
      "command": "out/20220731101132/contention 64 1000",
      "mean": 0.0028643370400000005,
      "stddev": 0.0001640031533841932,
      "median": 0.00282898652,
      "user": 0.0021365599999999983,
      "system": 0.0027212200000000003,
      "min": 0.0024680200200000004,
      "max": 0.00374104802,
      "times": [
        0.0031577390200000005,
        0.0027157300200000003,
        0.0024680200200000004,
        0.0028001250200000005,
        0.00285640002,
        0.00287652902,
        0.00281678402,
        0.0027823810200000004,
        0.00276932102,
        0.00282295002,
        0.0028588830200000004,
        0.00276972802,
        0.00341428102,
        0.00294052402,
        0.0027634070199999998,
        0.00272461902,
        0.0027804580200000003,
        0.0029265260200000004,
        0.0028682380200000003,
        0.00276886602,
        0.00279565202,
        0.00295837702,
        0.0026909920200000005,
        0.00282242502,
        0.00282668802,
        0.00292102002,
        0.00282903902,
        0.0028094190200000004,
        0.0028170880200000005,
        0.00295520602,
        0.00287195802,
        0.00284421102,
        0.00325514502,
        0.0027855890200000006,
        0.0027376530200000004,
        0.00280530502,
        0.00282830302,
        0.0028636630200000006,
        0.00269139002,
        0.0027360460200000006,
        0.0028606430200000003,
        0.0026717750200000003,
        0.0029739480200000005,
        0.00315067202,
        0.00298595402,
        0.00300451202,
        0.0028625460200000005,
        0.00282354702,
        0.00287833702,
        0.0027906200200000005,
        0.00273287502,
        0.0027827040200000003,
        0.0031241440200000005,
        0.00288404502,
        0.0027408220200000003,
        0.00270508702,
        0.00271764402,
        0.00267521302,
        0.0031348830200000006,
        0.0032435610200000006,
        0.00374104802,
        0.00289708902,
        0.00271771102,
        0.0027809420200000006,
        0.0028574360200000004,
        0.00286926202,
        0.0028737220200000003,
        0.0027143870200000003,
        0.0029341670200000005,
        0.00276225302,
        0.0027439760200000003,
        0.0028752760200000003,
        0.00277905302,
        0.0028550430200000006,
        0.00281363702,
        0.00274237502,
        0.0030312820200000005,
        0.00288055102,
        0.00296719902,
        0.0029572490200000003,
        0.0028393570200000006,
        0.0029591620200000003,
        0.00276630702,
        0.00282893402,
        0.0031086390199999998,
        0.00286261802,
        0.00283853402,
        0.00280207402,
        0.00303817902,
        0.0027815720200000003,
        0.0027094350200000004,
        0.0027961160200000003,
        0.0029223040200000005,
        0.0030207720200000005,
        0.0028908660200000005,
        0.00282332602,
        0.0028556170200000003,
        0.00284950602,
        0.00273337602,
        0.0027431400200000006
      ],
      "exit_codes": [
        0,
        0,
        0,
        0,
        0,
        0,
        0,
        0,
        0,
        0,
        0,
        0,
        0,
        0,
        0,
        0,
        0,
        0,
        0,
        0,
        0,
        0,
        0,
        0,
        0,
        0,
        0,
        0,
        0,
        0,
        0,
        0,
        0,
        0,
        0,
        0,
        0,
        0,
        0,
        0,
        0,
        0,
        0,
        0,
        0,
        0,
        0,
        0,
        0,
        0,
        0,
        0,
        0,
        0,
        0,
        0,
        0,
        0,
        0,
        0,
        0,
        0,
        0,
        0,
        0,
        0,
        0,
        0,
        0,
        0,
        0,
        0,
        0,
        0,
        0,
        0,
        0,
        0,
        0,
        0,
        0,
        0,
        0,
        0,
        0,
        0,
        0,
        0,
        0,
        0,
        0,
        0,
        0,
        0,
        0,
        0,
        0,
        0,
        0,
        0
      ]
    }
  ]
}
