{
  "results": [
    {
      "command": "out/20220731101132/contention 512 10",
      "mean": 0.011549121920000007,
      "stddev": 0.00038636415278905017,
      "median": 0.011446655980000001,
      "user": 0.004491850000000002,
      "system": 0.014110349999999999,
      "min": 0.010883793980000002,
      "max": 0.012917780980000002,
      "times": [
        0.011390412980000002,
        0.011549596980000002,
        0.011868808980000001,
        0.012237695980000001,
        0.011835915980000002,
        0.012148120980000001,
        0.011756340980000002,
        0.011408863980000001,
        0.011473630980000002,
        0.011834292980000001,
        0.011593501980000002,
        0.011363467980000002,
        0.011808510980000003,
        0.011877697980000003,
        0.011713179980000002,
        0.011449584980000002,
        0.011785173980000003,
        0.011728792980000001,
        0.012159942980000001,
        0.011828918980000002,
        0.011633488980000002,
        0.011387817980000001,
        0.011744477980000001,
        0.011529202980000002,
        0.011495998980000002,
        0.011580363980000001,
        0.012439471980000002,
        0.011675520980000001,
        0.011642303980000001,
        0.011435923980000002,
        0.012057275980000002,
        0.011505870980000001,
        0.011623535980000002,
        0.011972508980000001,
        0.011982262980000002,
        0.011234151980000003,
        0.011094733980000002,
        0.011696156980000002,
        0.011315395980000002,
        0.011443726980000003,
        0.011451251980000002,
        0.011182880980000002,
        0.011146000980000001,
        0.011819419980000002,
        0.012043681980000002,
        0.011217805980000002,
        0.011322473980000003,
        0.011553435980000002,
        0.011417895980000002,
        0.012741995980000002,
        0.011398584980000001,
        0.011528670980000003,
        0.012050308980000002,
        0.011360274980000001,
        0.011937433980000002,
        0.011168122980000002,
        0.011201822980000001,
        0.011293316980000002,
        0.011439406980000002,
        0.011465641980000002,
        0.010883793980000002,
        0.012661179980000001,
        0.011702834980000002,
        0.010968464980000002,
        0.011146102980000001,
        0.011155395980000002,
        0.011295476980000002,
        0.011209907980000001,
        0.011212266980000002,
        0.011697608980000001,
        0.011199777980000002,
        0.011131302980000002,
        0.011350100980000001,
        0.011558027980000002,
        0.011299772980000001,
        0.011382905980000002,
        0.011560358980000001,
        0.011172913980000001,
        0.011325248980000003,
        0.011052742980000002,
        0.011434065980000001,
        0.011430376980000002,
        0.011309973980000002,
        0.011511044980000001,
        0.011351267980000001,
        0.011228737980000002,
        0.011378332980000001,
        0.012663098980000002,
        0.011333055980000001,
        0.011266195980000001,
        0.011845717980000002,
        0.011265848980000001,
        0.011529479980000002,
        0.011064646980000002,
        0.011297182980000002,
        0.011251601980000001,
        0.011298522980000001,
        0.012917780980000002,
        0.011177717980000001,
        0.011348275980000001
      ],
      "exit_codes": [
        0,
        0,
        0,
        0,
        0,
        0,
        0,
        0,
        0,
        0,
        0,
        0,
        0,
        0,
        0,
        0,
        0,
        0,
        0,
        0,
        0,
        0,
        0,
        0,
        0,
        0,
        0,
        0,
        0,
        0,
        0,
        0,
        0,
        0,
        0,
        0,
        0,
        0,
        0,
        0,
        0,
        0,
        0,
        0,
        0,
        0,
        0,
        0,
        0,
        0,
        0,
        0,
        0,
        0,
        0,
        0,
        0,
        0,
        0,
        0,
        0,
        0,
        0,
        0,
        0,
        0,
        0,
        0,
        0,
        0,
        0,
        0,
        0,
        0,
        0,
        0,
        0,
        0,
        0,
        0,
        0,
        0,
        0,
        0,
        0,
        0,
        0,
        0,
        0,
        0,
        0,
        0,
        0,
        0,
        0,
        0,
        0,
        0,
        0,
        0
      ]
    }
  ]
}
