{
  "results": [
    {
      "command": "out/20220731101132/contention 16 10",
      "mean": 0.0029695868999999988,
      "stddev": 0.00020039670715025904,
      "median": 0.0029442581999999996,
      "user": 0.0012347899999999997,
      "system": 0.00141114,
      "min": 0.0025885706999999995,
      "max": 0.0037475116999999996,
      "times": [
        0.0029080396999999997,
        0.0031485996999999996,
        0.0029484716999999996,
        0.0029221217,
        0.0037475116999999996,
        0.0031164307,
        0.0033240037,
        0.0031141027,
        0.0030995517,
        0.0030606216999999997,
        0.0029832807,
        0.0029921006999999995,
        0.0029111036999999993,
        0.0030099746999999997,
        0.0031230587,
        0.0032551686999999995,
        0.0031024937,
        0.0034188026999999997,
        0.0030596127,
        0.0025885706999999995,
        0.0025987776999999994,
        0.0029245487,
        0.0028730446999999993,
        0.0029904587,
        0.0034567136999999995,
        0.0029476166999999995,
        0.0028932427,
        0.0029408996999999997,
        0.0030812716999999994,
        0.0028660906999999993,
        0.0029742876999999993,
        0.0031693876999999994,
        0.0032413416999999994,
        0.0030243747,
        0.0029529076999999996,
        0.0030322237,
        0.0028084357,
        0.0029603286999999993,
        0.0030079036999999995,
        0.0028157906999999997,
        0.0029015706999999994,
        0.0033774446999999997,
        0.0031267346999999993,
        0.0029642766999999994,
        0.0029758086999999993,
        0.0029169546999999996,
        0.0028816326999999997,
        0.0027941066999999996,
        0.0029560516999999997,
        0.0029274807,
        0.0029911457,
        0.0029231437,
        0.0030302176999999994,
        0.0032346756999999996,
        0.0030173246999999994,
        0.0028722206999999994,
        0.0028083456999999997,
        0.0027542486999999993,
        0.0028249576999999997,
        0.0030146286999999995,
        0.0028637777,
        0.0027943936999999994,
        0.0028319427,
        0.0028795017,
        0.0027302916999999995,
        0.0029069856999999993,
        0.0031349217,
        0.0031767866999999994,
        0.0027270846999999997,
        0.0028119746999999994,
        0.0032133317,
        0.0027137957,
        0.0027937897,
        0.0029120626999999994,
        0.0028182737,
        0.0033038236999999994,
        0.0030883847,
        0.0030400686999999993,
        0.0029131407,
        0.0028177477,
        0.0028393606999999993,
        0.0027227366999999993,
        0.0027466536999999993,
        0.0028114067,
        0.0027245456999999995,
        0.0027569947,
        0.0031541967,
        0.0028985646999999995,
        0.0028605777,
        0.0027277087,
        0.0030028776999999995,
        0.0027080736999999994,
        0.0026824007,
        0.0035268616999999994,
        0.0031984456999999997,
        0.0031238827,
        0.0027907716999999994,
        0.0029694287,
        0.0028428677,
        0.0027120136999999995
      ],
      "exit_codes": [
        0,
        0,
        0,
        0,
        0,
        0,
        0,
        0,
        0,
        0,
        0,
        0,
        0,
        0,
        0,
        0,
        0,
        0,
        0,
        0,
        0,
        0,
        0,
        0,
        0,
        0,
        0,
        0,
        0,
        0,
        0,
        0,
        0,
        0,
        0,
        0,
        0,
        0,
        0,
        0,
        0,
        0,
        0,
        0,
        0,
        0,
        0,
        0,
        0,
        0,
        0,
        0,
        0,
        0,
        0,
        0,
        0,
        0,
        0,
        0,
        0,
        0,
        0,
        0,
        0,
        0,
        0,
        0,
        0,
        0,
        0,
        0,
        0,
        0,
        0,
        0,
        0,
        0,
        0,
        0,
        0,
        0,
        0,
        0,
        0,
        0,
        0,
        0,
        0,
        0,
        0,
        0,
        0,
        0,
        0,
        0,
        0,
        0,
        0,
        0
      ]
    }
  ]
}
