{
  "results": [
    {
      "command": "out/20220731101132/contention 2048 100000",
      "mean": 0.07002175515999998,
      "stddev": 0.002786496938971262,
      "median": 0.06933065572000001,
      "user": 0.06971997000000002,
      "system": 0.12292207999999995,
      "min": 0.06414993922000001,
      "max": 0.08235367422,
      "times": [
        0.06745706922000001,
        0.06810427322000001,
        0.06884781922000001,
        0.06558358922000002,
        0.06921295322000001,
        0.06482035922000001,
        0.07028321922000001,
        0.06414993922000001,
        0.06840585222000001,
        0.06503197422000001,
        0.06800098622,
        0.07530433522,
        0.08235367422,
        0.07809900322,
        0.06857444122,
        0.07568161722000001,
        0.07690726122000001,
        0.07233025922000001,
        0.07030854622,
        0.07221719422000002,
        0.07270105222,
        0.07515646922000001,
        0.06910196522,
        0.07140304522000002,
        0.07260773222000001,
        0.07280449522000002,
        0.07022809022000001,
        0.06993272222000001,
        0.07530856722000001,
        0.07249116522000001,
        0.07346376122,
        0.07081858522000001,
        0.07194467022,
        0.06861903022000002,
        0.07387520822000002,
        0.06853517222000001,
        0.07569534022,
        0.06972802522,
        0.07098283622000001,
        0.07014615122000001,
        0.07179324122000001,
        0.07109191622000001,
        0.07103325322000001,
        0.07146934622000001,
        0.07165026722000001,
        0.07339364622000001,
        0.07014412722,
        0.07210950322000001,
        0.06919615422000001,
        0.07144979222000002,
        0.06759230622000001,
        0.07049949422000001,
        0.06864504022000001,
        0.06796602422,
        0.06915770222,
        0.07079651422000001,
        0.06849343922000001,
        0.06866410922,
        0.06941898922,
        0.06809040022000001,
        0.06965125122000002,
        0.06798474822000002,
        0.06919460122000001,
        0.06866139722,
        0.07076585822,
        0.06869032422000002,
        0.06872074122,
        0.06796565222,
        0.06997314922000002,
        0.06848313422,
        0.06933371122000001,
        0.06932760022000001,
        0.07018732622000001,
        0.06754469522,
        0.06827393422000001,
        0.06874201422000001,
        0.06706284222000002,
        0.07166682822,
        0.06852838522000002,
        0.06945777322,
        0.06831115422,
        0.07042887822,
        0.06796766922000001,
        0.06889502522000002,
        0.06858676022000001,
        0.06946608922000001,
        0.06944261822000002,
        0.06961787022000002,
        0.06731465122000001,
        0.06869459822000001,
        0.06849895222,
        0.06772985422000001,
        0.06993849922,
        0.06636140522000002,
        0.06926887122000001,
        0.06720848322,
        0.06923695422000001,
        0.06765392022000001,
        0.06892833622000001,
        0.06853524122000001
      ],
      "exit_codes": [
        0,
        0,
        0,
        0,
        0,
        0,
        0,
        0,
        0,
        0,
        0,
        0,
        0,
        0,
        0,
        0,
        0,
        0,
        0,
        0,
        0,
        0,
        0,
        0,
        0,
        0,
        0,
        0,
        0,
        0,
        0,
        0,
        0,
        0,
        0,
        0,
        0,
        0,
        0,
        0,
        0,
        0,
        0,
        0,
        0,
        0,
        0,
        0,
        0,
        0,
        0,
        0,
        0,
        0,
        0,
        0,
        0,
        0,
        0,
        0,
        0,
        0,
        0,
        0,
        0,
        0,
        0,
        0,
        0,
        0,
        0,
        0,
        0,
        0,
        0,
        0,
        0,
        0,
        0,
        0,
        0,
        0,
        0,
        0,
        0,
        0,
        0,
        0,
        0,
        0,
        0,
        0,
        0,
        0,
        0,
        0,
        0,
        0,
        0,
        0
      ]
    }
  ]
}
