{
  "results": [
    {
      "command": "out/20220731101132/contention 256 100",
      "mean": 0.007072483610000003,
      "stddev": 0.00024213243409635846,
      "median": 0.007039228980000001,
      "user": 0.002949689999999999,
      "system": 0.007282400000000003,
      "min": 0.006471645480000001,
      "max": 0.00805720748,
      "times": [
        0.00720908248,
        0.007018878480000001,
        0.007435293480000001,
        0.00719243648,
        0.00805720748,
        0.007076127480000001,
        0.006792481480000001,
        0.007040734480000001,
        0.00692576548,
        0.006905024480000001,
        0.00720265248,
        0.007059813480000001,
        0.00694542848,
        0.00700906848,
        0.007026102480000001,
        0.007182168480000001,
        0.007110822480000001,
        0.00705077548,
        0.00696751648,
        0.007154938480000001,
        0.00690376648,
        0.00705965148,
        0.00716543048,
        0.00691422048,
        0.006958639480000001,
        0.007194091480000001,
        0.007131874480000001,
        0.00684086448,
        0.00709073948,
        0.007125721480000001,
        0.00730358048,
        0.007230225480000001,
        0.00706254548,
        0.00713888648,
        0.00707128548,
        0.00712951748,
        0.00805122148,
        0.007130942480000001,
        0.00789019548,
        0.00676939948,
        0.0069531754800000005,
        0.0071981744800000014,
        0.007093024480000001,
        0.00697996448,
        0.007023231480000001,
        0.006899978480000001,
        0.00678404948,
        0.00724673648,
        0.006967111480000001,
        0.007037723480000001,
        0.007153093480000001,
        0.006963388480000001,
        0.00714552848,
        0.00693770348,
        0.00718308248,
        0.006987733480000001,
        0.007019402480000001,
        0.00714978648,
        0.007250719480000001,
        0.006983765480000001,
        0.007057280480000001,
        0.007270984480000001,
        0.006679547480000001,
        0.00669968848,
        0.00676683648,
        0.007076463480000001,
        0.006943349480000001,
        0.00746892448,
        0.0069212234800000005,
        0.006930085480000001,
        0.00717828048,
        0.006992028480000001,
        0.006880220480000001,
        0.00715882248,
        0.007048756480000001,
        0.00689440648,
        0.00693077248,
        0.007318776480000001,
        0.007101043480000001,
        0.006927929480000001,
        0.00700750648,
        0.0067977754800000005,
        0.006922923480000001,
        0.0071980444800000005,
        0.006894414480000001,
        0.00694931348,
        0.00699312748,
        0.007600781480000001,
        0.007434583480000001,
        0.00752950548,
        0.006471645480000001,
        0.007024837480000001,
        0.007217695480000001,
        0.006846705480000001,
        0.006884290480000001,
        0.006850456480000001,
        0.00704422348,
        0.00693296648,
        0.007012652480000001,
        0.00690699948
      ],
      "exit_codes": [
        0,
        0,
        0,
        0,
        0,
        0,
        0,
        0,
        0,
        0,
        0,
        0,
        0,
        0,
        0,
        0,
        0,
        0,
        0,
        0,
        0,
        0,
        0,
        0,
        0,
        0,
        0,
        0,
        0,
        0,
        0,
        0,
        0,
        0,
        0,
        0,
        0,
        0,
        0,
        0,
        0,
        0,
        0,
        0,
        0,
        0,
        0,
        0,
        0,
        0,
        0,
        0,
        0,
        0,
        0,
        0,
        0,
        0,
        0,
        0,
        0,
        0,
        0,
        0,
        0,
        0,
        0,
        0,
        0,
        0,
        0,
        0,
        0,
        0,
        0,
        0,
        0,
        0,
        0,
        0,
        0,
        0,
        0,
        0,
        0,
        0,
        0,
        0,
        0,
        0,
        0,
        0,
        0,
        0,
        0,
        0,
        0,
        0,
        0,
        0
      ]
    }
  ]
}
