{
  "results": [
    {
      "command": "out/20220731101132/contention 4096 10",
      "mean": 0.1924189508800001,
      "stddev": 0.0037866246687695347,
      "median": 0.19187923734,
      "user": 0.02713128999999999,
      "system": 0.3153060400000001,
      "min": 0.18517613384,
      "max": 0.20975187084000002,
      "times": [
        0.18828698684,
        0.18799540284000002,
        0.19110089084,
        0.19414953284,
        0.19493382184000002,
        0.20975187084000002,
        0.19120673984,
        0.18952545584000002,
        0.19323614584,
        0.19586510384,
        0.19255648284000002,
        0.18805725784000002,
        0.19035460684000002,
        0.18958467484000002,
        0.20075371984,
        0.19476180684000002,
        0.19637135584,
        0.19688483984000002,
        0.19510804184000002,
        0.19282426484,
        0.19755676684,
        0.18946384584,
        0.18867269184000002,
        0.18849223884000002,
        0.19018404884,
        0.19141491184,
        0.19407741084000002,
        0.19185078084,
        0.18838689284000001,
        0.19039531684000002,
        0.18933370384,
        0.19142696984000002,
        0.19586739484000001,
        0.19557134184000002,
        0.19102115484,
        0.19335314584000002,
        0.18970556684,
        0.18621505884,
        0.18792922484000002,
        0.19001182284,
        0.19135637584,
        0.19197950284,
        0.18891309184000002,
        0.19009185984000002,
        0.18925477084,
        0.19217684084,
        0.19492064484000002,
        0.19620708084000002,
        0.19592990884,
        0.19248313484000001,
        0.19760027484,
        0.19370431784,
        0.18902098284000002,
        0.19046656184000002,
        0.18517613384,
        0.18705145984000002,
        0.19190769384,
        0.19080432384,
        0.18937879684,
        0.19072402584,
        0.19065152784,
        0.19531912284,
        0.19637399684,
        0.19242138684,
        0.19327936884000002,
        0.19157702084,
        0.19377840184,
        0.19141886184,
        0.19350175684,
        0.19017596384000002,
        0.18819919684,
        0.18976411684,
        0.19026675284,
        0.19229228084,
        0.19408522484000001,
        0.19143512684,
        0.18969545484,
        0.19208800984000002,
        0.19230048184,
        0.19367239084,
        0.19409275584000002,
        0.19378984584,
        0.19812790484,
        0.20796133784,
        0.19966485384000002,
        0.19230195084,
        0.19252773684000002,
        0.18925444984,
        0.19019597484,
        0.19114548684000002,
        0.18869696384,
        0.18966340384000002,
        0.19253608584,
        0.19064573684,
        0.19515758884,
        0.19665915084000002,
        0.19273182684,
        0.19632641784000002,
        0.19110379584,
        0.19362829984000002
      ],
      "exit_codes": [
        0,
        0,
        0,
        0,
        0,
        0,
        0,
        0,
        0,
        0,
        0,
        0,
        0,
        0,
        0,
        0,
        0,
        0,
        0,
        0,
        0,
        0,
        0,
        0,
        0,
        0,
        0,
        0,
        0,
        0,
        0,
        0,
        0,
        0,
        0,
        0,
        0,
        0,
        0,
        0,
        0,
        0,
        0,
        0,
        0,
        0,
        0,
        0,
        0,
        0,
        0,
        0,
        0,
        0,
        0,
        0,
        0,
        0,
        0,
        0,
        0,
        0,
        0,
        0,
        0,
        0,
        0,
        0,
        0,
        0,
        0,
        0,
        0,
        0,
        0,
        0,
        0,
        0,
        0,
        0,
        0,
        0,
        0,
        0,
        0,
        0,
        0,
        0,
        0,
        0,
        0,
        0,
        0,
        0,
        0,
        0,
        0,
        0,
        0,
        0
      ]
    }
  ]
}
