{
  "results": [
    {
      "command": "out/20220731101132/contention 4096 100",
      "mean": 0.19254015365000002,
      "stddev": 0.0038577046111241404,
      "median": 0.19235477522000002,
      "user": 0.027250340000000005,
      "system": 0.3156274100000001,
      "min": 0.18607076222000002,
      "max": 0.20213445622,
      "times": [
        0.19040894322000002,
        0.18892754422000002,
        0.18607623222,
        0.18607076222000002,
        0.18787641822,
        0.20135780622000002,
        0.19615122222,
        0.19090358422,
        0.19499440922,
        0.19213505922000002,
        0.19222331522000002,
        0.19012596522,
        0.19041328522,
        0.18963058822,
        0.19856664522,
        0.19507541222000002,
        0.19653384722,
        0.19337666922000002,
        0.18889115022,
        0.18656263022,
        0.19234792022000002,
        0.19706013422000002,
        0.19389055022,
        0.19297887322,
        0.20213445622,
        0.19586614822,
        0.19584441722,
        0.19571041122000002,
        0.19098529922000002,
        0.19653200722,
        0.19124936722000002,
        0.19416438522,
        0.19495337522,
        0.19021016022,
        0.18999760222,
        0.18753856322,
        0.18898876022000002,
        0.19179542722,
        0.19192629022000002,
        0.19600931522,
        0.19358296722,
        0.19370370122000002,
        0.19512213122000002,
        0.19495382822000001,
        0.19354479222,
        0.19370216622,
        0.19180318222,
        0.19222555922,
        0.18831840722,
        0.18695112622,
        0.19175029122,
        0.18656627422000002,
        0.19282925122000003,
        0.18611564422000001,
        0.19033755522,
        0.19691017522,
        0.19273174222,
        0.19710728722,
        0.19310976222,
        0.19291898122,
        0.19478668422,
        0.19126423622000002,
        0.19254268622,
        0.19255556822,
        0.18719146622000002,
        0.18963495422,
        0.18670994422,
        0.19395145522,
        0.18808862922,
        0.18662021222,
        0.18872429622,
        0.19321522422,
        0.19175459122000002,
        0.19339906922000002,
        0.19236163022000002,
        0.19591709922,
        0.19932721922000002,
        0.19863679322000002,
        0.19709170822000002,
        0.19802562322,
        0.19225696622000002,
        0.19292264722000002,
        0.18945084922000002,
        0.18872386222,
        0.18668823522,
        0.18944542922000002,
        0.18827067222000002,
        0.18823562022,
        0.19109116922000002,
        0.18824984622000002,
        0.18953271922,
        0.19765516022000001,
        0.20024995822000002,
        0.19998977722000003,
        0.20037932322000002,
        0.19869158122000002,
        0.19619635222,
        0.19282340222000002,
        0.19100729022000001,
        0.18958563522000002
      ],
      "exit_codes": [
        0,
        0,
        0,
        0,
        0,
        0,
        0,
        0,
        0,
        0,
        0,
        0,
        0,
        0,
        0,
        0,
        0,
        0,
        0,
        0,
        0,
        0,
        0,
        0,
        0,
        0,
        0,
        0,
        0,
        0,
        0,
        0,
        0,
        0,
        0,
        0,
        0,
        0,
        0,
        0,
        0,
        0,
        0,
        0,
        0,
        0,
        0,
        0,
        0,
        0,
        0,
        0,
        0,
        0,
        0,
        0,
        0,
        0,
        0,
        0,
        0,
        0,
        0,
        0,
        0,
        0,
        0,
        0,
        0,
        0,
        0,
        0,
        0,
        0,
        0,
        0,
        0,
        0,
        0,
        0,
        0,
        0,
        0,
        0,
        0,
        0,
        0,
        0,
        0,
        0,
        0,
        0,
        0,
        0,
        0,
        0,
        0,
        0,
        0,
        0
      ]
    }
  ]
}
