{
  "results": [
    {
      "command": "out/20220731101132/contention 4 10000",
      "mean": 0.00432950265,
      "stddev": 0.00024188111571266815,
      "median": 0.004287632479999999,
      "user": 0.005727129999999998,
      "system": 0.0009239999999999999,
      "min": 0.0035911599799999996,
      "max": 0.00521721598,
      "times": [
        0.00434280798,
        0.00427992198,
        0.00445647998,
        0.00505385398,
        0.00433513898,
        0.00424259098,
        0.00437272998,
        0.0043258559799999995,
        0.00424475098,
        0.00411923098,
        0.00418658498,
        0.00484865398,
        0.00465117398,
        0.00404842398,
        0.0038083329799999998,
        0.00428744998,
        0.00428700698,
        0.00450382298,
        0.00434341998,
        0.00427073298,
        0.00424013398,
        0.00429974498,
        0.00412945898,
        0.00437727498,
        0.00437854298,
        0.0045036339799999995,
        0.00435864198,
        0.00430431398,
        0.00415174698,
        0.0043493989799999995,
        0.00429643498,
        0.00439171398,
        0.00418888098,
        0.00442539198,
        0.00426316598,
        0.00442455698,
        0.00428781498,
        0.00437559898,
        0.00432175798,
        0.00427712698,
        0.00441910098,
        0.00412467598,
        0.0041884769799999996,
        0.00440563898,
        0.00403565498,
        0.00425981898,
        0.00417979398,
        0.00461601898,
        0.00423151998,
        0.00427294998,
        0.00385261698,
        0.00428289798,
        0.00417915398,
        0.00433568798,
        0.00414081298,
        0.00433376098,
        0.00459656898,
        0.00421934298,
        0.0035911599799999996,
        0.00508505198,
        0.00442597798,
        0.00404444698,
        0.00427894198,
        0.00423600198,
        0.00477966298,
        0.00411613398,
        0.00431475698,
        0.00440111698,
        0.00440106198,
        0.00511874398,
        0.00435070398,
        0.0041777329799999995,
        0.0042526529799999995,
        0.00437456098,
        0.00422094298,
        0.00424033598,
        0.00521721598,
        0.0042401919799999995,
        0.00414192398,
        0.00426603298,
        0.00427512598,
        0.0042833229799999996,
        0.00399536098,
        0.0042597619799999995,
        0.00441452498,
        0.00447174798,
        0.00425860798,
        0.00410701698,
        0.00434101698,
        0.00431439098,
        0.00418327198,
        0.00432616198,
        0.00457290698,
        0.00425095298,
        0.00427579198,
        0.00426320998,
        0.00437240598,
        0.00484814898,
        0.00448543898,
        0.0043469519799999995
      ],
      "exit_codes": [
        0,
        0,
        0,
        0,
        0,
        0,
        0,
        0,
        0,
        0,
        0,
        0,
        0,
        0,
        0,
        0,
        0,
        0,
        0,
        0,
        0,
        0,
        0,
        0,
        0,
        0,
        0,
        0,
        0,
        0,
        0,
        0,
        0,
        0,
        0,
        0,
        0,
        0,
        0,
        0,
        0,
        0,
        0,
        0,
        0,
        0,
        0,
        0,
        0,
        0,
        0,
        0,
        0,
        0,
        0,
        0,
        0,
        0,
        0,
        0,
        0,
        0,
        0,
        0,
        0,
        0,
        0,
        0,
        0,
        0,
        0,
        0,
        0,
        0,
        0,
        0,
        0,
        0,
        0,
        0,
        0,
        0,
        0,
        0,
        0,
        0,
        0,
        0,
        0,
        0,
        0,
        0,
        0,
        0,
        0,
        0,
        0,
        0,
        0,
        0
      ]
    }
  ]
}
