{
  "results": [
    {
      "command": "out/20220731101132/contention 1024 100000",
      "mean": 0.03283915306999999,
      "stddev": 0.0013044344205214043,
      "median": 0.032957964160000006,
      "user": 0.07846558999999999,
      "system": 0.05338582000000001,
      "min": 0.030270474660000005,
      "max": 0.036007737660000004,
      "times": [
        0.03061593866,
        0.03089181766,
        0.03103365366,
        0.031440429660000005,
        0.03143110366,
        0.031155509660000004,
        0.031512542660000004,
        0.03098922866,
        0.031714491660000003,
        0.032391628660000005,
        0.03158510566,
        0.03138143466,
        0.03150280166,
        0.030270474660000005,
        0.032719647660000004,
        0.03104172066,
        0.032088080660000004,
        0.03100151466,
        0.031778781660000005,
        0.03138701066,
        0.031598849660000004,
        0.03215998866,
        0.03071929366,
        0.031717931660000004,
        0.03073721366,
        0.03154549466,
        0.03057529966,
        0.03160329966,
        0.03161771266,
        0.03116150166,
        0.03086065766,
        0.03163822866,
        0.03200317166,
        0.03281520666,
        0.03429364966,
        0.03185656566,
        0.03295853866,
        0.03230882966,
        0.03215349566,
        0.03167291466,
        0.03326358166,
        0.03183412766,
        0.03244232866,
        0.033031593660000004,
        0.032887095660000004,
        0.032444927660000004,
        0.03230681466,
        0.03254691266,
        0.03340611166,
        0.03557031166,
        0.03473606866,
        0.03305665566,
        0.03231842766,
        0.03381611466,
        0.03556868866,
        0.034293208660000005,
        0.03268096166,
        0.036007737660000004,
        0.03356942066,
        0.03327498366,
        0.033949413660000004,
        0.03348042266,
        0.03360488566,
        0.033500996660000004,
        0.03373932066,
        0.033352992660000004,
        0.034667100660000005,
        0.03351202666,
        0.03402677166,
        0.03287270466,
        0.03515084066,
        0.03342356766,
        0.03364604166,
        0.033952918660000005,
        0.03316937366,
        0.03398308866,
        0.03311782766,
        0.03422143466,
        0.032578562660000004,
        0.03469128866,
        0.03371974366,
        0.03441860966,
        0.03295738966,
        0.03458057266,
        0.03484312466,
        0.03334340366,
        0.03359027766,
        0.033545079660000005,
        0.03423250566,
        0.03338406166,
        0.03354222166,
        0.03254898866,
        0.03442194966,
        0.03318541666,
        0.03384966366,
        0.03402571166,
        0.034153023660000004,
        0.03319355166,
        0.03450388766,
        0.03424770866
      ],
      "exit_codes": [
        0,
        0,
        0,
        0,
        0,
        0,
        0,
        0,
        0,
        0,
        0,
        0,
        0,
        0,
        0,
        0,
        0,
        0,
        0,
        0,
        0,
        0,
        0,
        0,
        0,
        0,
        0,
        0,
        0,
        0,
        0,
        0,
        0,
        0,
        0,
        0,
        0,
        0,
        0,
        0,
        0,
        0,
        0,
        0,
        0,
        0,
        0,
        0,
        0,
        0,
        0,
        0,
        0,
        0,
        0,
        0,
        0,
        0,
        0,
        0,
        0,
        0,
        0,
        0,
        0,
        0,
        0,
        0,
        0,
        0,
        0,
        0,
        0,
        0,
        0,
        0,
        0,
        0,
        0,
        0,
        0,
        0,
        0,
        0,
        0,
        0,
        0,
        0,
        0,
        0,
        0,
        0,
        0,
        0,
        0,
        0,
        0,
        0,
        0,
        0
      ]
    }
  ]
}
