{
  "results": [
    {
      "command": "out/20220731101132/contention 128 10",
      "mean": 0.0046238786999999995,
      "stddev": 0.000192316386722301,
      "median": 0.004612686939999999,
      "user": 0.0019389300000000002,
      "system": 0.0038206699999999995,
      "min": 0.00427156894,
      "max": 0.00524885494,
      "times": [
        0.004751759939999999,
        0.004917689939999999,
        0.0051493819399999995,
        0.00524885494,
        0.00466946494,
        0.00461863094,
        0.00463948694,
        0.00487393394,
        0.004638891939999999,
        0.004805668939999999,
        0.005002136939999999,
        0.004664881939999999,
        0.00473177694,
        0.00505612494,
        0.004491071939999999,
        0.0043819099399999995,
        0.00495280494,
        0.004645222939999999,
        0.004548084939999999,
        0.004769227939999999,
        0.00470490294,
        0.00464496094,
        0.004678330939999999,
        0.004682644939999999,
        0.004976366939999999,
        0.004694957939999999,
        0.004614215939999999,
        0.0047837179399999995,
        0.0046433729399999995,
        0.00480811194,
        0.004680589939999999,
        0.00466844994,
        0.00464225494,
        0.00494663794,
        0.00435724694,
        0.0045458689399999995,
        0.00468585094,
        0.00474152894,
        0.004557790939999999,
        0.004525801939999999,
        0.004464877939999999,
        0.004669617939999999,
        0.004744884939999999,
        0.00463358694,
        0.00479082994,
        0.00451411094,
        0.00442307594,
        0.004568063939999999,
        0.004536035939999999,
        0.004876035939999999,
        0.00440748694,
        0.004650350939999999,
        0.004550446939999999,
        0.004594550939999999,
        0.004867878939999999,
        0.00519813794,
        0.00495480494,
        0.00471727194,
        0.004450771939999999,
        0.004347726939999999,
        0.004433458939999999,
        0.004425885939999999,
        0.004470011939999999,
        0.004660029939999999,
        0.004571988939999999,
        0.004525604939999999,
        0.004354836939999999,
        0.0046390309399999986,
        0.00453624194,
        0.004550526939999999,
        0.00468470394,
        0.00453374694,
        0.0043699959399999995,
        0.004508829939999999,
        0.00441847794,
        0.004523972939999999,
        0.004478442939999999,
        0.004516854939999999,
        0.00442140494,
        0.00444492294,
        0.004313399939999999,
        0.00456702294,
        0.004460727939999999,
        0.004550605939999999,
        0.00463735394,
        0.004531661939999999,
        0.0044175169399999995,
        0.00461452194,
        0.004456861939999999,
        0.00460862494,
        0.00446376894,
        0.00454539994,
        0.004611157939999999,
        0.004426670939999999,
        0.00427156894,
        0.00442809594,
        0.004443559939999999,
        0.00473288694,
        0.004488497939999999,
        0.0046478319399999996
      ],
      "exit_codes": [
        0,
        0,
        0,
        0,
        0,
        0,
        0,
        0,
        0,
        0,
        0,
        0,
        0,
        0,
        0,
        0,
        0,
        0,
        0,
        0,
        0,
        0,
        0,
        0,
        0,
        0,
        0,
        0,
        0,
        0,
        0,
        0,
        0,
        0,
        0,
        0,
        0,
        0,
        0,
        0,
        0,
        0,
        0,
        0,
        0,
        0,
        0,
        0,
        0,
        0,
        0,
        0,
        0,
        0,
        0,
        0,
        0,
        0,
        0,
        0,
        0,
        0,
        0,
        0,
        0,
        0,
        0,
        0,
        0,
        0,
        0,
        0,
        0,
        0,
        0,
        0,
        0,
        0,
        0,
        0,
        0,
        0,
        0,
        0,
        0,
        0,
        0,
        0,
        0,
        0,
        0,
        0,
        0,
        0,
        0,
        0,
        0,
        0,
        0,
        0
      ]
    }
  ]
}
