{
  "results": [
    {
      "command": "out/20220731101132/contention 128 1000000",
      "mean": 0.11874164756999997,
      "stddev": 0.004959452066899136,
      "median": 0.11823140566000001,
      "user": 0.7906393400000004,
      "system": 0.00904497,
      "min": 0.10950585816000001,
      "max": 0.13981382716000001,
      "times": [
        0.10950585816000001,
        0.11041797516000001,
        0.11066938116000001,
        0.11157557016000001,
        0.11482812116000002,
        0.11410762616000002,
        0.11398173116000002,
        0.11499648616000001,
        0.11647198816000001,
        0.11499511016000001,
        0.11451305116000002,
        0.11510714716,
        0.11516989616000001,
        0.11701724616000002,
        0.11880120316000001,
        0.12237661616,
        0.11969298516000001,
        0.11833259816000001,
        0.11774938016000001,
        0.11971738116000001,
        0.11997425516000002,
        0.11776386416000001,
        0.11725885416000001,
        0.11745210116000002,
        0.12047014616000001,
        0.11736077016000002,
        0.11945341116000001,
        0.11816512316000001,
        0.12142552916000002,
        0.11875583316000002,
        0.11893977516000001,
        0.11768000316000002,
        0.12027454116000001,
        0.11862554116000001,
        0.11888876916000002,
        0.12738773216000002,
        0.12148094316000001,
        0.11930586316000001,
        0.12236491016,
        0.11749858116000002,
        0.12030399016000001,
        0.11964320716000001,
        0.11802448616000001,
        0.13981382716000001,
        0.13357159016,
        0.12170927716000002,
        0.11902524716000001,
        0.11901666716,
        0.11922425116000002,
        0.13211353416000002,
        0.13242644716000002,
        0.12580479616,
        0.12196390016000001,
        0.11897962716000002,
        0.11997636516000001,
        0.12299163616,
        0.13537134316000002,
        0.13114789016,
        0.12006709016000001,
        0.11872916116000001,
        0.11971272716000002,
        0.11718861816000001,
        0.12009865716000001,
        0.11708344416000001,
        0.12040102616000001,
        0.11829768816000001,
        0.11784297216000002,
        0.11725021216,
        0.11983136816,
        0.11784912316000001,
        0.11916841116000002,
        0.11742970716000001,
        0.11441804116000001,
        0.11751704216000002,
        0.11469476416000002,
        0.11443879316000001,
        0.11660083016000002,
        0.11556861316000001,
        0.11396274916000002,
        0.11411934216000001,
        0.11642645216000001,
        0.11584201916000002,
        0.11351454616000001,
        0.11342291216000001,
        0.11414718016000001,
        0.11526927716000002,
        0.11329901216000002,
        0.11426809416000001,
        0.11446750416000001,
        0.11598325016000001,
        0.12043814316000001,
        0.11719264916000001,
        0.11717111016000001,
        0.12016957816000001,
        0.12015570616000001,
        0.11952918516000001,
        0.12053498816000001,
        0.11900025716000001,
        0.12138252616000002,
        0.11801800216000001
      ],
      "exit_codes": [
        0,
        0,
        0,
        0,
        0,
        0,
        0,
        0,
        0,
        0,
        0,
        0,
        0,
        0,
        0,
        0,
        0,
        0,
        0,
        0,
        0,
        0,
        0,
        0,
        0,
        0,
        0,
        0,
        0,
        0,
        0,
        0,
        0,
        0,
        0,
        0,
        0,
        0,
        0,
        0,
        0,
        0,
        0,
        0,
        0,
        0,
        0,
        0,
        0,
        0,
        0,
        0,
        0,
        0,
        0,
        0,
        0,
        0,
        0,
        0,
        0,
        0,
        0,
        0,
        0,
        0,
        0,
        0,
        0,
        0,
        0,
        0,
        0,
        0,
        0,
        0,
        0,
        0,
        0,
        0,
        0,
        0,
        0,
        0,
        0,
        0,
        0,
        0,
        0,
        0,
        0,
        0,
        0,
        0,
        0,
        0,
        0,
        0,
        0,
        0
      ]
    }
  ]
}
