{
  "results": [
    {
      "command": "out/20220731101132/contention 4096 100000",
      "mean": 0.20245143859999995,
      "stddev": 0.003100413564785176,
      "median": 0.20238813366000002,
      "user": 0.0756427,
      "system": 0.34198077999999993,
      "min": 0.19558458966,
      "max": 0.21296901266,
      "times": [
        0.19904082966,
        0.20296275766000002,
        0.20339155466,
        0.20388628166,
        0.21296901266,
        0.20965602666,
        0.20523298866,
        0.19864995366000002,
        0.19640544066,
        0.19779615166,
        0.19856641766,
        0.19757865466000002,
        0.19690084466000002,
        0.20383248866,
        0.20505559666,
        0.20561906166000002,
        0.20411949566,
        0.20551416166,
        0.20446987766,
        0.20642913366,
        0.20467194566,
        0.20418305766,
        0.20012689366,
        0.20193037766,
        0.20424732366,
        0.20136481266,
        0.20390371366,
        0.19816914866000002,
        0.19952487166000002,
        0.19871479766,
        0.20322043566,
        0.20233132866,
        0.20410971766,
        0.20101251166,
        0.20177940666,
        0.19934854366000002,
        0.20505343266,
        0.20212605366,
        0.20506981466000002,
        0.20233245966000002,
        0.20232051866,
        0.20112297466,
        0.20088084866,
        0.20247991666,
        0.19840991466000002,
        0.20361621266000002,
        0.20040047466,
        0.20213150766000001,
        0.20254843566,
        0.20524515666,
        0.20457219566,
        0.20384884666,
        0.20191855866,
        0.20198199666,
        0.20169791466,
        0.19804865866000002,
        0.19919496466,
        0.20574984666,
        0.20282576766000002,
        0.20244380766,
        0.20461247966,
        0.20285532166,
        0.20453443266000002,
        0.20211208466,
        0.20191052566,
        0.20131013366,
        0.20634403566,
        0.20311689066,
        0.20195139366,
        0.20159016966,
        0.20079933966000002,
        0.19558458966,
        0.19693166066,
        0.19996215466,
        0.20153934866,
        0.20222533366,
        0.20304148166,
        0.20621608366,
        0.20403752266,
        0.20587888166,
        0.20473758366,
        0.20615170866000002,
        0.20320818966,
        0.20194675666,
        0.20135879566,
        0.19955646866,
        0.19668742966,
        0.19675013166,
        0.19869581066,
        0.20255254166,
        0.19904158666000002,
        0.20114540566,
        0.20093056166,
        0.20313001066,
        0.20847884066,
        0.20499007366,
        0.20941790066000002,
        0.20811632666000002,
        0.20461297466,
        0.20434500266
      ],
      "exit_codes": [
        0,
        0,
        0,
        0,
        0,
        0,
        0,
        0,
        0,
        0,
        0,
        0,
        0,
        0,
        0,
        0,
        0,
        0,
        0,
        0,
        0,
        0,
        0,
        0,
        0,
        0,
        0,
        0,
        0,
        0,
        0,
        0,
        0,
        0,
        0,
        0,
        0,
        0,
        0,
        0,
        0,
        0,
        0,
        0,
        0,
        0,
        0,
        0,
        0,
        0,
        0,
        0,
        0,
        0,
        0,
        0,
        0,
        0,
        0,
        0,
        0,
        0,
        0,
        0,
        0,
        0,
        0,
        0,
        0,
        0,
        0,
        0,
        0,
        0,
        0,
        0,
        0,
        0,
        0,
        0,
        0,
        0,
        0,
        0,
        0,
        0,
        0,
        0,
        0,
        0,
        0,
        0,
        0,
        0,
        0,
        0,
        0,
        0,
        0,
        0
      ]
    }
  ]
}
