{
  "results": [
    {
      "command": "out/20220731101132/contention 1024 1",
      "mean": 0.025045616520000005,
      "stddev": 0.0013096827714179065,
      "median": 0.02465589222,
      "user": 0.00802346,
      "system": 0.03856594999999998,
      "min": 0.02237199572,
      "max": 0.02877276772,
      "times": [
        0.02752585272,
        0.02758383872,
        0.02692620772,
        0.02673748172,
        0.02760468172,
        0.02808373372,
        0.02636409372,
        0.026298397719999998,
        0.02611891572,
        0.02761926272,
        0.02717545672,
        0.02593024872,
        0.026889380719999998,
        0.02556269272,
        0.02651627772,
        0.02547236872,
        0.02613502072,
        0.02746603872,
        0.02619684872,
        0.02617340472,
        0.02504181872,
        0.02427762272,
        0.02438579672,
        0.02520374372,
        0.02430385372,
        0.02479993572,
        0.02428658172,
        0.02580063872,
        0.023279376719999998,
        0.02517643872,
        0.02440027672,
        0.02575417472,
        0.02572321972,
        0.02588383672,
        0.027219249719999998,
        0.02767262872,
        0.02424217072,
        0.024808348719999998,
        0.02425405472,
        0.02877276772,
        0.02606948972,
        0.02359367272,
        0.025898982719999998,
        0.02650825472,
        0.02437442972,
        0.02598620672,
        0.02505099872,
        0.02417311372,
        0.02465126472,
        0.02462123472,
        0.02477396172,
        0.02464456872,
        0.025192682719999998,
        0.02621922672,
        0.02617941872,
        0.02523888972,
        0.02516102972,
        0.02454119572,
        0.02340512272,
        0.02306630772,
        0.02387171172,
        0.02438787572,
        0.02237199572,
        0.023853115719999998,
        0.023960431719999998,
        0.02438954672,
        0.02477248972,
        0.02442176272,
        0.02435937172,
        0.02432256472,
        0.024727115719999998,
        0.02544377472,
        0.02305925672,
        0.02327021772,
        0.02359373172,
        0.02364807372,
        0.023649789719999998,
        0.02393948872,
        0.02373202072,
        0.02514500972,
        0.02422498272,
        0.02427407372,
        0.024126568719999998,
        0.02465370872,
        0.02324102272,
        0.02409684372,
        0.02434383772,
        0.02605083172,
        0.02419330772,
        0.02497304372,
        0.024059045719999998,
        0.023968037719999998,
        0.02399946672,
        0.02390617572,
        0.02419364672,
        0.02410433072,
        0.02465807572,
        0.02436379172,
        0.02406844672,
        0.02312627572
      ],
      "exit_codes": [
        0,
        0,
        0,
        0,
        0,
        0,
        0,
        0,
        0,
        0,
        0,
        0,
        0,
        0,
        0,
        0,
        0,
        0,
        0,
        0,
        0,
        0,
        0,
        0,
        0,
        0,
        0,
        0,
        0,
        0,
        0,
        0,
        0,
        0,
        0,
        0,
        0,
        0,
        0,
        0,
        0,
        0,
        0,
        0,
        0,
        0,
        0,
        0,
        0,
        0,
        0,
        0,
        0,
        0,
        0,
        0,
        0,
        0,
        0,
        0,
        0,
        0,
        0,
        0,
        0,
        0,
        0,
        0,
        0,
        0,
        0,
        0,
        0,
        0,
        0,
        0,
        0,
        0,
        0,
        0,
        0,
        0,
        0,
        0,
        0,
        0,
        0,
        0,
        0,
        0,
        0,
        0,
        0,
        0,
        0,
        0,
        0,
        0,
        0,
        0
      ]
    }
  ]
}
