{
  "results": [
    {
      "command": "out/20220731101132/contention 128 1",
      "mean": 0.0050367183,
      "stddev": 0.0002611001621184151,
      "median": 0.005005518800000001,
      "user": 0.00194778,
      "system": 0.003881,
      "min": 0.0045895903,
      "max": 0.0059455092999999995,
      "times": [
        0.005327697300000001,
        0.005400331300000001,
        0.0051936613,
        0.005326240300000001,
        0.0056009923000000005,
        0.0053097143,
        0.005516673300000001,
        0.0053772953,
        0.0051537103,
        0.0052074283,
        0.005171443300000001,
        0.0050942272999999995,
        0.0051377453000000005,
        0.0053886293,
        0.005153772300000001,
        0.005165366300000001,
        0.005113218300000001,
        0.005137118300000001,
        0.0051413913,
        0.0054239273,
        0.005209838300000001,
        0.0052129443,
        0.0052193822999999995,
        0.005156978300000001,
        0.0051176353,
        0.005080072299999999,
        0.005140786300000001,
        0.005035613300000001,
        0.0048665943,
        0.0050058563,
        0.0051022292999999995,
        0.005540212300000001,
        0.005047989300000001,
        0.0052207843000000006,
        0.0048808143,
        0.0049217373,
        0.0049341883000000005,
        0.0049396093,
        0.005005181300000001,
        0.005029951300000001,
        0.0049649073,
        0.0049022863,
        0.004874204300000001,
        0.0059455092999999995,
        0.005407707300000001,
        0.0049585883,
        0.0049255053,
        0.0049229633,
        0.0048661823,
        0.0049511563000000005,
        0.0048703093,
        0.0052353953,
        0.0048679083,
        0.005066583300000001,
        0.0049787373,
        0.0049458513,
        0.0050582933,
        0.005131519300000001,
        0.0050545233,
        0.0052311013,
        0.0049558203,
        0.005080976300000001,
        0.004876061300000001,
        0.005202466300000001,
        0.0051153393,
        0.0053480923,
        0.0051764713,
        0.0056264823,
        0.0048951093000000005,
        0.0057112383,
        0.0048343693,
        0.0049910283,
        0.0046622593,
        0.0046811153,
        0.0046169083,
        0.0047353443,
        0.0047666883,
        0.0047835963,
        0.0047120603,
        0.0048471383000000005,
        0.0046423203,
        0.0047031993000000005,
        0.0045936503,
        0.0052923953,
        0.0048510093,
        0.0048285623,
        0.0047235163,
        0.0048277073,
        0.0045895903,
        0.0049374283,
        0.0047994903000000005,
        0.0046734273000000005,
        0.0046218703,
        0.0047084753,
        0.0049272563,
        0.004891462300000001,
        0.0048574403,
        0.0047116273,
        0.004793902300000001,
        0.0049107213
      ],
      "exit_codes": [
        0,
        0,
        0,
        0,
        0,
        0,
        0,
        0,
        0,
        0,
        0,
        0,
        0,
        0,
        0,
        0,
        0,
        0,
        0,
        0,
        0,
        0,
        0,
        0,
        0,
        0,
        0,
        0,
        0,
        0,
        0,
        0,
        0,
        0,
        0,
        0,
        0,
        0,
        0,
        0,
        0,
        0,
        0,
        0,
        0,
        0,
        0,
        0,
        0,
        0,
        0,
        0,
        0,
        0,
        0,
        0,
        0,
        0,
        0,
        0,
        0,
        0,
        0,
        0,
        0,
        0,
        0,
        0,
        0,
        0,
        0,
        0,
        0,
        0,
        0,
        0,
        0,
        0,
        0,
        0,
        0,
        0,
        0,
        0,
        0,
        0,
        0,
        0,
        0,
        0,
        0,
        0,
        0,
        0,
        0,
        0,
        0,
        0,
        0,
        0
      ]
    }
  ]
}
