{
  "results": [
    {
      "command": "out/20220731101132/contention 16 100",
      "mean": 0.0028796099099999994,
      "stddev": 0.00022414805098296557,
      "median": 0.0028269804599999992,
      "user": 0.0012683599999999994,
      "system": 0.0014710499999999994,
      "min": 0.00249416046,
      "max": 0.003849508459999999,
      "times": [
        0.0026905274599999993,
        0.00276977546,
        0.00277497946,
        0.0026997224599999993,
        0.0028616574599999996,
        0.0030587584599999994,
        0.0028882044599999996,
        0.0028115374599999997,
        0.00292032246,
        0.0027149084599999997,
        0.0027513624599999997,
        0.00285102146,
        0.00271631546,
        0.0027444764599999995,
        0.00340106946,
        0.0030366534599999997,
        0.00284416646,
        0.0028854544599999994,
        0.0027502954599999993,
        0.002666040459999999,
        0.0027970594599999996,
        0.00307540446,
        0.0027965484599999997,
        0.002863912459999999,
        0.0029389064599999993,
        0.0029926604599999997,
        0.0028503464599999996,
        0.0028503164599999998,
        0.00283666046,
        0.0028129714599999995,
        0.00288261946,
        0.00310794446,
        0.0032265504599999994,
        0.0027115684599999996,
        0.0027085344599999998,
        0.002676944459999999,
        0.0030642254599999997,
        0.00325305546,
        0.00272124246,
        0.0025701354599999998,
        0.0025528404599999993,
        0.0029693984599999993,
        0.00315898046,
        0.00331549946,
        0.0030705404599999995,
        0.00277662546,
        0.0029520274599999998,
        0.00289995646,
        0.0028076174599999996,
        0.0038007884599999997,
        0.0029097934599999994,
        0.002615599459999999,
        0.0027655474599999996,
        0.00299156446,
        0.00279230646,
        0.0027420214599999993,
        0.00266427446,
        0.00289230546,
        0.0031505974599999992,
        0.0028346874599999993,
        0.002819273459999999,
        0.00280483846,
        0.0029352564599999993,
        0.00280863346,
        0.0027394714599999997,
        0.00279204946,
        0.0027990194599999993,
        0.0027816354599999996,
        0.0028844394599999994,
        0.0030209434599999994,
        0.0028404954599999996,
        0.0028673314599999993,
        0.002949151459999999,
        0.0026478804599999995,
        0.0027366324599999996,
        0.0028109314599999995,
        0.0032133924599999993,
        0.003849508459999999,
        0.0032862064599999993,
        0.00276552046,
        0.002614803459999999,
        0.0026457624599999998,
        0.0030032894599999996,
        0.002791238459999999,
        0.0028648114599999996,
        0.0028596834599999995,
        0.0034102554599999995,
        0.0029422904599999996,
        0.00263483346,
        0.00249416046,
        0.00277728146,
        0.0027052124599999997,
        0.0027105554599999994,
        0.00278438846,
        0.0027584244599999992,
        0.00289044646,
        0.002734835459999999,
        0.0031056234599999995,
        0.0027615784599999992,
        0.0028810764599999992
      ],
      "exit_codes": [
        0,
        0,
        0,
        0,
        0,
        0,
        0,
        0,
        0,
        0,
        0,
        0,
        0,
        0,
        0,
        0,
        0,
        0,
        0,
        0,
        0,
        0,
        0,
        0,
        0,
        0,
        0,
        0,
        0,
        0,
        0,
        0,
        0,
        0,
        0,
        0,
        0,
        0,
        0,
        0,
        0,
        0,
        0,
        0,
        0,
        0,
        0,
        0,
        0,
        0,
        0,
        0,
        0,
        0,
        0,
        0,
        0,
        0,
        0,
        0,
        0,
        0,
        0,
        0,
        0,
        0,
        0,
        0,
        0,
        0,
        0,
        0,
        0,
        0,
        0,
        0,
        0,
        0,
        0,
        0,
        0,
        0,
        0,
        0,
        0,
        0,
        0,
        0,
        0,
        0,
        0,
        0,
        0,
        0,
        0,
        0,
        0,
        0,
        0,
        0
      ]
    }
  ]
}
