{
  "results": [
    {
      "command": "out/20220731101132/contention 128 1000",
      "mean": 0.0038497358299999984,
      "stddev": 0.0002134199529835694,
      "median": 0.003807141019999999,
      "user": 0.0025006100000000003,
      "system": 0.004185220000000001,
      "min": 0.0035719220199999986,
      "max": 0.005108502019999999,
      "times": [
        0.0035861860199999994,
        0.003745332019999999,
        0.003835103019999999,
        0.0037573840199999994,
        0.003877082019999999,
        0.003996611019999999,
        0.0038443220199999993,
        0.0038421270199999994,
        0.003789175019999999,
        0.0038087710199999993,
        0.00404034002,
        0.004818473019999998,
        0.004221776019999998,
        0.003796447019999999,
        0.003754104019999999,
        0.0037178680199999987,
        0.003693405019999999,
        0.003754605019999999,
        0.0038282830199999987,
        0.0039187370199999984,
        0.003934855019999999,
        0.003707547019999999,
        0.0037198640199999993,
        0.003754376019999999,
        0.0038738860199999986,
        0.0038905260199999987,
        0.0038228910199999988,
        0.003929246019999999,
        0.003707270019999999,
        0.0038257030199999992,
        0.003731797019999999,
        0.0037493900199999986,
        0.003867767019999999,
        0.0038812750199999986,
        0.0039466320199999985,
        0.003739326019999999,
        0.0035719220199999986,
        0.0038471790199999987,
        0.0036403960199999992,
        0.003831324019999999,
        0.0038685540199999992,
        0.0037819620199999993,
        0.0037968070199999988,
        0.0036901790199999986,
        0.003762332019999999,
        0.0037523400199999993,
        0.0037347030199999993,
        0.0038504680199999987,
        0.004174333019999999,
        0.0038055110199999988,
        0.0036619630199999993,
        0.003780349019999999,
        0.003643206019999999,
        0.0037696460199999992,
        0.003952479019999998,
        0.003797271019999999,
        0.0037232900199999992,
        0.003664740019999999,
        0.003667942019999999,
        0.003769131019999999,
        0.0038269190199999993,
        0.004116863019999998,
        0.003913189019999999,
        0.003789314019999999,
        0.003645350019999999,
        0.0037736140199999993,
        0.00394729202,
        0.004534308019999999,
        0.004049052019999999,
        0.003827384019999999,
        0.003841203019999999,
        0.003856645019999999,
        0.0038478960199999986,
        0.0037360110199999986,
        0.0038424280199999988,
        0.003926540019999999,
        0.003779598019999999,
        0.003749861019999999,
        0.0036925750199999986,
        0.0038013470199999987,
        0.005108502019999999,
        0.004060004019999999,
        0.003835375019999999,
        0.003740290019999999,
        0.0037485350199999994,
        0.003796551019999999,
        0.003704701019999999,
        0.004008312019999998,
        0.004043338019999999,
        0.003850502019999999,
        0.0038830830199999993,
        0.0038318260199999986,
        0.0037261320199999987,
        0.003725733019999999,
        0.0036849570199999986,
        0.00411556202,
        0.003940814019999999,
        0.003731779019999999,
        0.0038442210199999987,
        0.003849466019999999
      ],
      "exit_codes": [
        0,
        0,
        0,
        0,
        0,
        0,
        0,
        0,
        0,
        0,
        0,
        0,
        0,
        0,
        0,
        0,
        0,
        0,
        0,
        0,
        0,
        0,
        0,
        0,
        0,
        0,
        0,
        0,
        0,
        0,
        0,
        0,
        0,
        0,
        0,
        0,
        0,
        0,
        0,
        0,
        0,
        0,
        0,
        0,
        0,
        0,
        0,
        0,
        0,
        0,
        0,
        0,
        0,
        0,
        0,
        0,
        0,
        0,
        0,
        0,
        0,
        0,
        0,
        0,
        0,
        0,
        0,
        0,
        0,
        0,
        0,
        0,
        0,
        0,
        0,
        0,
        0,
        0,
        0,
        0,
        0,
        0,
        0,
        0,
        0,
        0,
        0,
        0,
        0,
        0,
        0,
        0,
        0,
        0,
        0,
        0,
        0,
        0,
        0,
        0
      ]
    }
  ]
}
