{
  "results": [
    {
      "command": "out/20220731101132/contention 128 100",
      "mean": 0.004703038420000001,
      "stddev": 0.00020294459655138407,
      "median": 0.00465568532,
      "user": 0.0020706399999999995,
      "system": 0.003949839999999998,
      "min": 0.004332227320000001,
      "max": 0.005503398320000001,
      "times": [
        0.004844552320000001,
        0.00517671432,
        0.005291968320000001,
        0.005503398320000001,
        0.004332227320000001,
        0.0045259403200000005,
        0.004853503320000001,
        0.004651856320000001,
        0.00469327432,
        0.00474203932,
        0.004663150320000001,
        0.00459466832,
        0.0046453903200000006,
        0.00505360432,
        0.00482882232,
        0.00468650332,
        0.004678039320000001,
        0.004627146320000001,
        0.004662333320000001,
        0.004609667320000001,
        0.0048943313200000005,
        0.004622677320000001,
        0.004604572320000001,
        0.004545841320000001,
        0.00461157332,
        0.00458344432,
        0.0046589753200000006,
        0.00477370632,
        0.004652395320000001,
        0.00472119932,
        0.004631872320000001,
        0.004719016320000001,
        0.00467380532,
        0.004646891320000001,
        0.0049625743200000004,
        0.004569303320000001,
        0.00475273432,
        0.00455060932,
        0.004599909320000001,
        0.004629699320000001,
        0.00467063932,
        0.004800854320000001,
        0.00460884432,
        0.00461894632,
        0.0046859543200000004,
        0.004494968320000001,
        0.00460838832,
        0.00453864432,
        0.00473422532,
        0.004669104320000001,
        0.0046640903200000005,
        0.00455804732,
        0.00468070632,
        0.004837140320000001,
        0.00515110132,
        0.004884671320000001,
        0.00480171832,
        0.004548148320000001,
        0.004650653320000001,
        0.004851059320000001,
        0.004717935320000001,
        0.00491737732,
        0.00484334532,
        0.00456480532,
        0.00464182032,
        0.00461303332,
        0.00494446432,
        0.005324980320000001,
        0.00489354732,
        0.004695831320000001,
        0.004636598320000001,
        0.00463813032,
        0.004781472320000001,
        0.00489562832,
        0.00464201132,
        0.0047278263200000005,
        0.00472768032,
        0.00467765432,
        0.00457297232,
        0.00459257732,
        0.004642069320000001,
        0.00495879132,
        0.0047120283200000005,
        0.0044793453200000005,
        0.00459194732,
        0.00445823632,
        0.00455588232,
        0.00440440232,
        0.0045676393200000005,
        0.00448795732,
        0.00451693532,
        0.0047856283200000006,
        0.00530890932,
        0.00445242432,
        0.00451533332,
        0.004393473320000001,
        0.00458843232,
        0.00449030432,
        0.004807437320000001,
        0.00440913732
      ],
      "exit_codes": [
        0,
        0,
        0,
        0,
        0,
        0,
        0,
        0,
        0,
        0,
        0,
        0,
        0,
        0,
        0,
        0,
        0,
        0,
        0,
        0,
        0,
        0,
        0,
        0,
        0,
        0,
        0,
        0,
        0,
        0,
        0,
        0,
        0,
        0,
        0,
        0,
        0,
        0,
        0,
        0,
        0,
        0,
        0,
        0,
        0,
        0,
        0,
        0,
        0,
        0,
        0,
        0,
        0,
        0,
        0,
        0,
        0,
        0,
        0,
        0,
        0,
        0,
        0,
        0,
        0,
        0,
        0,
        0,
        0,
        0,
        0,
        0,
        0,
        0,
        0,
        0,
        0,
        0,
        0,
        0,
        0,
        0,
        0,
        0,
        0,
        0,
        0,
        0,
        0,
        0,
        0,
        0,
        0,
        0,
        0,
        0,
        0,
        0,
        0,
        0
      ]
    }
  ]
}
