{
  "results": [
    {
      "command": "out/20220731101132/contention 128 1000000",
      "mean": 0.11741065455999995,
      "stddev": 0.0029725310542434466,
      "median": 0.11790196376,
      "user": 0.78752851,
      "system": 0.008951839999999999,
      "min": 0.10738930876000001,
      "max": 0.12826318376,
      "times": [
        0.10738930876000001,
        0.11191336276000001,
        0.11190184476000001,
        0.11474416976,
        0.11345965576,
        0.11375345776000001,
        0.11316266476,
        0.11938533576,
        0.12102212376,
        0.11619093576,
        0.11191167076,
        0.11474998176000001,
        0.11599670976000001,
        0.11496190776000001,
        0.11667389776,
        0.11737674976000001,
        0.11673156676,
        0.11503457476000001,
        0.11474109076000001,
        0.11840951476,
        0.11492002376,
        0.11513389476000001,
        0.11835678376,
        0.11815310576,
        0.12029222776000001,
        0.11824880876,
        0.11885495176000001,
        0.11823493476000001,
        0.12057254976000001,
        0.11894291576,
        0.11773044276,
        0.11785411276,
        0.12056431776000001,
        0.12013548276000001,
        0.11835867676,
        0.12826318376,
        0.12623645376,
        0.11900462876000001,
        0.12281422376000001,
        0.11863018576,
        0.12216788576000001,
        0.12097228776,
        0.11868344076000001,
        0.11733664376,
        0.12029531676,
        0.12116431376,
        0.11794981476000001,
        0.11741434576000001,
        0.12068803376000001,
        0.11630703976000001,
        0.11415583076000001,
        0.11359049676,
        0.11574401676,
        0.11500672176,
        0.11480583176,
        0.11438974776000001,
        0.11388160776,
        0.11781344776000001,
        0.11902487576000001,
        0.11765018776000001,
        0.11858370576,
        0.11937583776,
        0.11832311576,
        0.11727279876,
        0.11997770176,
        0.12114450976,
        0.11796891376,
        0.11828304776000001,
        0.11863095176,
        0.11863177376,
        0.11951129376,
        0.11769718476,
        0.11796483076,
        0.11830469676000001,
        0.11915868976,
        0.11868780876,
        0.11815274176,
        0.12138334476000001,
        0.11877137276000001,
        0.11819529776,
        0.11864997376,
        0.11986110176,
        0.11981421576000001,
        0.11811426576,
        0.11910184176000001,
        0.11515211376000001,
        0.11638952276,
        0.11411114776,
        0.11432174676000001,
        0.11496384876,
        0.11688786676,
        0.11402462476,
        0.11384543476,
        0.11423309676,
        0.11608087676,
        0.11603573976,
        0.11442648476,
        0.11565585376000001,
        0.11651378676,
        0.11700797776
      ],
      "exit_codes": [
        0,
        0,
        0,
        0,
        0,
        0,
        0,
        0,
        0,
        0,
        0,
        0,
        0,
        0,
        0,
        0,
        0,
        0,
        0,
        0,
        0,
        0,
        0,
        0,
        0,
        0,
        0,
        0,
        0,
        0,
        0,
        0,
        0,
        0,
        0,
        0,
        0,
        0,
        0,
        0,
        0,
        0,
        0,
        0,
        0,
        0,
        0,
        0,
        0,
        0,
        0,
        0,
        0,
        0,
        0,
        0,
        0,
        0,
        0,
        0,
        0,
        0,
        0,
        0,
        0,
        0,
        0,
        0,
        0,
        0,
        0,
        0,
        0,
        0,
        0,
        0,
        0,
        0,
        0,
        0,
        0,
        0,
        0,
        0,
        0,
        0,
        0,
        0,
        0,
        0,
        0,
        0,
        0,
        0,
        0,
        0,
        0,
        0,
        0,
        0
      ]
    }
  ]
}
