{
  "results": [
    {
      "command": "out/20220731101132/contention 16 1",
      "mean": 0.0030126586400000023,
      "stddev": 0.00020690377742080398,
      "median": 0.002979522320000001,
      "user": 0.0011022499999999995,
      "system": 0.001213899999999999,
      "min": 0.002599934820000001,
      "max": 0.0035643848200000014,
      "times": [
        0.0030624918200000007,
        0.0033223338200000013,
        0.003274272820000001,
        0.003191467820000001,
        0.003219505820000001,
        0.0032693418200000013,
        0.0032063568200000007,
        0.0032001118200000013,
        0.0031381288200000006,
        0.0035643848200000014,
        0.003405519820000001,
        0.003186706820000001,
        0.0032445658200000007,
        0.0032296838200000007,
        0.0030574888200000008,
        0.0031045588200000005,
        0.0033343428200000007,
        0.0032204168200000013,
        0.003258199820000001,
        0.0030981828200000007,
        0.003275404820000001,
        0.0030591088200000007,
        0.003106787820000001,
        0.0032485288200000007,
        0.0031754318200000013,
        0.0031626158200000008,
        0.003261552820000001,
        0.003328434820000001,
        0.0034366388200000007,
        0.003049212820000001,
        0.003223589820000001,
        0.0029229018200000005,
        0.003101354820000001,
        0.003201697820000001,
        0.0031330798200000006,
        0.0028992238200000013,
        0.002829127820000001,
        0.0029088108200000006,
        0.0027829258200000005,
        0.0029109428200000008,
        0.003120187820000001,
        0.0030749898200000013,
        0.0030715288200000006,
        0.0030842738200000013,
        0.0028352928200000007,
        0.002744244820000001,
        0.002870831820000001,
        0.002963729820000001,
        0.002766610820000001,
        0.002916060820000001,
        0.002902951820000001,
        0.0031139898200000012,
        0.0028018578200000007,
        0.0029647248200000012,
        0.002845955820000001,
        0.0028977178200000012,
        0.002831165820000001,
        0.0029516188200000007,
        0.003558027820000001,
        0.003222007820000001,
        0.003035904820000001,
        0.0028310368200000005,
        0.0027441848200000013,
        0.002980719820000001,
        0.0030550898200000006,
        0.0028221498200000006,
        0.002852016820000001,
        0.002903228820000001,
        0.002978324820000001,
        0.0029180968200000013,
        0.002934224820000001,
        0.0027924968200000013,
        0.0027976178200000007,
        0.002940104820000001,
        0.0027601388200000007,
        0.002957467820000001,
        0.0027875478200000007,
        0.0030304478200000005,
        0.0029702648200000013,
        0.002865291820000001,
        0.0030219118200000006,
        0.002842122820000001,
        0.002783651820000001,
        0.0027481258200000008,
        0.0028852978200000013,
        0.0029862178200000013,
        0.0030567178200000007,
        0.0033973838200000005,
        0.002994826820000001,
        0.002974933820000001,
        0.002707602820000001,
        0.002863837820000001,
        0.0027733418200000005,
        0.0026637208200000007,
        0.0029559608200000007,
        0.0027311188200000005,
        0.002695925820000001,
        0.0026833028200000004,
        0.0028003668200000005,
        0.002599934820000001
      ],
      "exit_codes": [
        0,
        0,
        0,
        0,
        0,
        0,
        0,
        0,
        0,
        0,
        0,
        0,
        0,
        0,
        0,
        0,
        0,
        0,
        0,
        0,
        0,
        0,
        0,
        0,
        0,
        0,
        0,
        0,
        0,
        0,
        0,
        0,
        0,
        0,
        0,
        0,
        0,
        0,
        0,
        0,
        0,
        0,
        0,
        0,
        0,
        0,
        0,
        0,
        0,
        0,
        0,
        0,
        0,
        0,
        0,
        0,
        0,
        0,
        0,
        0,
        0,
        0,
        0,
        0,
        0,
        0,
        0,
        0,
        0,
        0,
        0,
        0,
        0,
        0,
        0,
        0,
        0,
        0,
        0,
        0,
        0,
        0,
        0,
        0,
        0,
        0,
        0,
        0,
        0,
        0,
        0,
        0,
        0,
        0,
        0,
        0,
        0,
        0,
        0,
        0
      ]
    }
  ]
}
