{
  "results": [
    {
      "command": "out/20220731101132/contention 1024 1",
      "mean": 0.02599482063,
      "stddev": 0.00190166651252088,
      "median": 0.02571634514,
      "user": 0.008160770000000001,
      "system": 0.03974791999999999,
      "min": 0.02279307664,
      "max": 0.032483604640000004,
      "times": [
        0.028605338640000002,
        0.031377940640000004,
        0.030770901640000004,
        0.02933481464,
        0.030374149640000004,
        0.032483604640000004,
        0.02813859464,
        0.02786664464,
        0.02819475864,
        0.03045567964,
        0.028525435640000003,
        0.026642319640000002,
        0.02707707264,
        0.026668149640000003,
        0.02652664964,
        0.025720558640000002,
        0.02581981364,
        0.026330819640000003,
        0.02688451864,
        0.026122766640000003,
        0.02600126464,
        0.02693921364,
        0.02642195564,
        0.026827220640000003,
        0.026437870640000003,
        0.024243130640000003,
        0.02850717964,
        0.02680606164,
        0.026739127640000002,
        0.024272508640000003,
        0.02761415064,
        0.029444097640000003,
        0.028347710640000003,
        0.02762534264,
        0.02632074464,
        0.02717941864,
        0.027513799640000003,
        0.02782090064,
        0.02720796764,
        0.02812421164,
        0.026900893640000003,
        0.026172559640000002,
        0.02603757064,
        0.025986253640000002,
        0.02528934964,
        0.02412956964,
        0.02503512164,
        0.02571213164,
        0.02680563064,
        0.02510240164,
        0.02533114364,
        0.025836230640000003,
        0.026896318640000003,
        0.02583565964,
        0.02462349464,
        0.023816032640000002,
        0.02567031964,
        0.027311700640000002,
        0.02457343264,
        0.023528696640000003,
        0.02517697864,
        0.02627523164,
        0.02619021964,
        0.02393786564,
        0.02443084464,
        0.02499678064,
        0.02374996964,
        0.02329555464,
        0.023709968640000002,
        0.02346823664,
        0.02527322664,
        0.02389223264,
        0.02386354464,
        0.02469159464,
        0.02558355164,
        0.02515813064,
        0.022795853640000002,
        0.024777847640000003,
        0.02522896364,
        0.02599736364,
        0.022826951640000002,
        0.02464970864,
        0.02503903064,
        0.025499527640000002,
        0.02318522464,
        0.02279307664,
        0.02467165164,
        0.02493582764,
        0.02457373964,
        0.025273161640000003,
        0.02491306764,
        0.02494135764,
        0.02521636864,
        0.02464479664,
        0.02473636064,
        0.02487824764,
        0.025442754640000002,
        0.02537187964,
        0.02396387464,
        0.02452257364
      ],
      "exit_codes": [
        0,
        0,
        0,
        0,
        0,
        0,
        0,
        0,
        0,
        0,
        0,
        0,
        0,
        0,
        0,
        0,
        0,
        0,
        0,
        0,
        0,
        0,
        0,
        0,
        0,
        0,
        0,
        0,
        0,
        0,
        0,
        0,
        0,
        0,
        0,
        0,
        0,
        0,
        0,
        0,
        0,
        0,
        0,
        0,
        0,
        0,
        0,
        0,
        0,
        0,
        0,
        0,
        0,
        0,
        0,
        0,
        0,
        0,
        0,
        0,
        0,
        0,
        0,
        0,
        0,
        0,
        0,
        0,
        0,
        0,
        0,
        0,
        0,
        0,
        0,
        0,
        0,
        0,
        0,
        0,
        0,
        0,
        0,
        0,
        0,
        0,
        0,
        0,
        0,
        0,
        0,
        0,
        0,
        0,
        0,
        0,
        0,
        0,
        0,
        0
      ]
    }
  ]
}
