{
  "results": [
    {
      "command": "out/20220731101132/contention 16 1000000",
      "mean": 0.11714521147000002,
      "stddev": 0.008350530953169368,
      "median": 0.11582564512000001,
      "user": 0.7808403999999999,
      "system": 0.00491232,
      "min": 0.10777049862000002,
      "max": 0.17089059562,
      "times": [
        0.10777049862000002,
        0.11050043862000002,
        0.11103248062000001,
        0.11400116462000001,
        0.11154732762000001,
        0.11251863362000002,
        0.11177446262000001,
        0.11333504262,
        0.11248981462,
        0.11100638062000001,
        0.11951980362,
        0.11690092362000001,
        0.11410246862000001,
        0.13564442962,
        0.11464666062000001,
        0.11524216862000002,
        0.11450895262,
        0.11279881562,
        0.11240899662,
        0.11286218862000001,
        0.11444494762000001,
        0.11168582362000001,
        0.11208752962000001,
        0.11192201162000001,
        0.11322700262,
        0.11460790362,
        0.11267343362000001,
        0.11250186362,
        0.11508267662,
        0.11311582062000002,
        0.11080520762000001,
        0.11715838262000002,
        0.11256236962,
        0.11358958662000002,
        0.11184107362000001,
        0.11249377662000001,
        0.11664337562,
        0.12613640462,
        0.12032288562000001,
        0.11749609662,
        0.17089059562,
        0.11865642862,
        0.11273144162000001,
        0.11315737662000001,
        0.11677104462000001,
        0.11777078862000001,
        0.15379447262,
        0.12489016062000002,
        0.11850771362000001,
        0.11937778362000001,
        0.11874693362000001,
        0.12137075562,
        0.14953126562000002,
        0.12312222462,
        0.11649149662000001,
        0.11683146162000001,
        0.11971821062000002,
        0.11819221962000001,
        0.11862021462000001,
        0.11760529862,
        0.11777127062000001,
        0.11904012762,
        0.11757872362,
        0.11672250162000002,
        0.11794961862000002,
        0.12070685862000001,
        0.11895430062000001,
        0.11626937262,
        0.11717864062000001,
        0.11959565162,
        0.11950677062000001,
        0.11685128362000001,
        0.11773624862000001,
        0.11796176862,
        0.11886792462000001,
        0.11888390562000001,
        0.11922965162000002,
        0.11959462962,
        0.11870043162,
        0.11692089862,
        0.11680847862000002,
        0.12029308162,
        0.11783714262000002,
        0.11374866662000001,
        0.11242079162000002,
        0.11304633562000001,
        0.11428026162,
        0.11311753562000001,
        0.11218616962000001,
        0.11267728162000001,
        0.11557159662000001,
        0.11479898462000002,
        0.11287907162000001,
        0.11368150562000001,
        0.11332110962000001,
        0.11500489762,
        0.11328281762,
        0.11286884562,
        0.11280858762000001,
        0.11607969362000001
      ],
      "exit_codes": [
        0,
        0,
        0,
        0,
        0,
        0,
        0,
        0,
        0,
        0,
        0,
        0,
        0,
        0,
        0,
        0,
        0,
        0,
        0,
        0,
        0,
        0,
        0,
        0,
        0,
        0,
        0,
        0,
        0,
        0,
        0,
        0,
        0,
        0,
        0,
        0,
        0,
        0,
        0,
        0,
        0,
        0,
        0,
        0,
        0,
        0,
        0,
        0,
        0,
        0,
        0,
        0,
        0,
        0,
        0,
        0,
        0,
        0,
        0,
        0,
        0,
        0,
        0,
        0,
        0,
        0,
        0,
        0,
        0,
        0,
        0,
        0,
        0,
        0,
        0,
        0,
        0,
        0,
        0,
        0,
        0,
        0,
        0,
        0,
        0,
        0,
        0,
        0,
        0,
        0,
        0,
        0,
        0,
        0,
        0,
        0,
        0,
        0,
        0,
        0
      ]
    }
  ]
}
