{
  "results": [
    {
      "command": "out/20220731101132/contention 128 10000",
      "mean": 0.005247262049999996,
      "stddev": 0.00018133142160040472,
      "median": 0.005213448599999999,
      "user": 0.008847100000000004,
      "system": 0.005127499999999999,
      "min": 0.0049855865999999995,
      "max": 0.0061612785999999985,
      "times": [
        0.005045778599999999,
        0.0050980235999999995,
        0.0050789626,
        0.005140888599999999,
        0.0052739905999999994,
        0.005213794599999999,
        0.005507976599999999,
        0.0059369066,
        0.005161984599999999,
        0.005251211599999999,
        0.005285563599999999,
        0.005411069599999999,
        0.005181849599999999,
        0.0053396395999999995,
        0.005355961599999999,
        0.005515151599999999,
        0.005334414599999999,
        0.005170116599999999,
        0.005304315599999999,
        0.0052107056,
        0.0051583615999999995,
        0.0049919636,
        0.005153739599999999,
        0.0052730065999999996,
        0.0053008636,
        0.005145195599999999,
        0.005163497599999999,
        0.005112131599999999,
        0.0061612785999999985,
        0.005320439599999999,
        0.005273701599999999,
        0.005099513599999999,
        0.005231922599999999,
        0.005238926599999999,
        0.0050206185999999995,
        0.005073266599999999,
        0.005270944599999999,
        0.0051028895999999995,
        0.0051719415999999995,
        0.005170244599999999,
        0.005240049599999999,
        0.005086293599999999,
        0.005344984599999999,
        0.005200969599999999,
        0.0052529586,
        0.0049855865999999995,
        0.005194109599999999,
        0.005109592599999999,
        0.0053812966,
        0.0053218506,
        0.005248904599999999,
        0.0051787505999999995,
        0.0053070546,
        0.0052993625999999995,
        0.005062532599999999,
        0.005178729599999999,
        0.005265173599999999,
        0.005184467599999999,
        0.0050942366,
        0.0051137506,
        0.005131027599999999,
        0.0051921295999999995,
        0.0053971895999999995,
        0.0053498465999999995,
        0.005298985599999999,
        0.005131960599999999,
        0.0050980285999999994,
        0.005263937599999999,
        0.0053883366,
        0.005276077599999999,
        0.005171991599999999,
        0.0053001336,
        0.005131885599999999,
        0.005113151599999999,
        0.0051114846,
        0.0055020616,
        0.005173922599999999,
        0.005137717599999999,
        0.0052273625999999995,
        0.005170572599999999,
        0.0053939565999999994,
        0.0054908835999999996,
        0.005259407599999999,
        0.005127912599999999,
        0.005213102599999999,
        0.0053843725999999995,
        0.005039182599999999,
        0.0053376325999999995,
        0.005297830599999999,
        0.005386014599999999,
        0.005225985599999999,
        0.005124078599999999,
        0.005208045599999999,
        0.006004790599999999,
        0.0054320576,
        0.0051388755999999996,
        0.0051036096,
        0.0052305146,
        0.005293407599999999,
        0.005163330599999999
      ],
      "exit_codes": [
        0,
        0,
        0,
        0,
        0,
        0,
        0,
        0,
        0,
        0,
        0,
        0,
        0,
        0,
        0,
        0,
        0,
        0,
        0,
        0,
        0,
        0,
        0,
        0,
        0,
        0,
        0,
        0,
        0,
        0,
        0,
        0,
        0,
        0,
        0,
        0,
        0,
        0,
        0,
        0,
        0,
        0,
        0,
        0,
        0,
        0,
        0,
        0,
        0,
        0,
        0,
        0,
        0,
        0,
        0,
        0,
        0,
        0,
        0,
        0,
        0,
        0,
        0,
        0,
        0,
        0,
        0,
        0,
        0,
        0,
        0,
        0,
        0,
        0,
        0,
        0,
        0,
        0,
        0,
        0,
        0,
        0,
        0,
        0,
        0,
        0,
        0,
        0,
        0,
        0,
        0,
        0,
        0,
        0,
        0,
        0,
        0,
        0,
        0,
        0
      ]
    }
  ]
}
