{
  "results": [
    {
      "command": "out/20220731101132/contention 128 1",
      "mean": 0.0049078870499999995,
      "stddev": 0.00031734134703416075,
      "median": 0.0049159033799999995,
      "user": 0.0018953099999999992,
      "system": 0.0038013399999999985,
      "min": 0.004348909379999999,
      "max": 0.00592789938,
      "times": [
        0.004976584379999999,
        0.00530609438,
        0.005122521379999999,
        0.005268370379999999,
        0.00516749338,
        0.005160617379999999,
        0.0053779753799999995,
        0.0050910053799999985,
        0.00512650438,
        0.005167896379999999,
        0.005233600379999999,
        0.005081269379999999,
        0.005555471379999999,
        0.005135233379999999,
        0.005186472379999999,
        0.005111962379999999,
        0.005138851379999999,
        0.005004016379999999,
        0.005147314379999999,
        0.00531039938,
        0.005423213379999999,
        0.00592789938,
        0.00532289938,
        0.005881935379999999,
        0.00515424738,
        0.005007714379999999,
        0.004912493379999999,
        0.004968055379999999,
        0.004982463379999999,
        0.00482179538,
        0.005248408379999999,
        0.0050684593799999985,
        0.004985394379999999,
        0.00483297438,
        0.004913198379999999,
        0.005491711379999999,
        0.00535260438,
        0.005089070379999999,
        0.004876520379999999,
        0.005021233379999999,
        0.00501472938,
        0.004925560379999999,
        0.00495592138,
        0.004900506379999999,
        0.0052007443799999995,
        0.004989922379999999,
        0.004968095379999999,
        0.004824963379999999,
        0.0049424273799999995,
        0.004918608379999999,
        0.004923709379999999,
        0.00527144038,
        0.004867163379999999,
        0.0046684703799999994,
        0.004699568379999999,
        0.004689707379999999,
        0.004752044379999999,
        0.004790714379999999,
        0.004870808379999999,
        0.004692409379999999,
        0.004811319379999999,
        0.00462255738,
        0.00477359538,
        0.004976350379999999,
        0.004963756379999999,
        0.004948085379999999,
        0.004387204379999999,
        0.004497835379999999,
        0.0047354623799999995,
        0.004903861379999999,
        0.004863805379999999,
        0.004598352379999999,
        0.0047673403799999995,
        0.0045470113799999995,
        0.004575520379999999,
        0.0046643143799999995,
        0.00527465338,
        0.00495374138,
        0.004598866379999999,
        0.00443248138,
        0.004414748379999999,
        0.0043966043799999995,
        0.0047743353799999996,
        0.004543727379999999,
        0.004458064379999999,
        0.004447481379999999,
        0.004474619379999999,
        0.004732339379999999,
        0.0047723793799999996,
        0.004653434379999999,
        0.004680256379999999,
        0.004622342379999999,
        0.004449461379999999,
        0.004389057379999999,
        0.004437730379999999,
        0.004508823379999999,
        0.004840680379999999,
        0.00453976538,
        0.004588370379999999,
        0.004348909379999999
      ],
      "exit_codes": [
        0,
        0,
        0,
        0,
        0,
        0,
        0,
        0,
        0,
        0,
        0,
        0,
        0,
        0,
        0,
        0,
        0,
        0,
        0,
        0,
        0,
        0,
        0,
        0,
        0,
        0,
        0,
        0,
        0,
        0,
        0,
        0,
        0,
        0,
        0,
        0,
        0,
        0,
        0,
        0,
        0,
        0,
        0,
        0,
        0,
        0,
        0,
        0,
        0,
        0,
        0,
        0,
        0,
        0,
        0,
        0,
        0,
        0,
        0,
        0,
        0,
        0,
        0,
        0,
        0,
        0,
        0,
        0,
        0,
        0,
        0,
        0,
        0,
        0,
        0,
        0,
        0,
        0,
        0,
        0,
        0,
        0,
        0,
        0,
        0,
        0,
        0,
        0,
        0,
        0,
        0,
        0,
        0,
        0,
        0,
        0,
        0,
        0,
        0,
        0
      ]
    }
  ]
}
