{
  "results": [
    {
      "command": "out/20220731101132/contention 1024 1000000",
      "mean": 0.12980195391999996,
      "stddev": 0.004967353414078673,
      "median": 0.12978074228,
      "user": 0.81718095,
      "system": 0.04922155,
      "min": 0.12023151178000001,
      "max": 0.14878764978,
      "times": [
        0.12023151178000001,
        0.12170480478000001,
        0.12301107878000002,
        0.12128360578000001,
        0.12177178978000001,
        0.12210167578,
        0.12292061178000001,
        0.12181656878000001,
        0.12258819478,
        0.12380224178,
        0.12356347778,
        0.12389268778,
        0.12307226078000001,
        0.12412828278,
        0.12219055678,
        0.12447346278,
        0.12424165878,
        0.12510224877999998,
        0.12318424578000002,
        0.12663176478,
        0.12318722878,
        0.12736650678,
        0.14276520078,
        0.13585819378,
        0.13239569878,
        0.13044611777999998,
        0.13079070378,
        0.13083610778,
        0.12705600477999998,
        0.13002824278,
        0.12798250478,
        0.12881877978,
        0.13085758878,
        0.12791653077999998,
        0.12855999178,
        0.12789331878,
        0.12916009477999998,
        0.12873016478,
        0.12843120278,
        0.12950397178,
        0.13087860378,
        0.12809494478,
        0.12870729377999998,
        0.12959825478,
        0.13018737478,
        0.13061937178,
        0.12790248778,
        0.13014765277999998,
        0.12904235678,
        0.12896807878,
        0.12886134078,
        0.13508466978,
        0.13152013078,
        0.12725535578,
        0.13139614078,
        0.13263512778,
        0.13033668578,
        0.13102259578,
        0.13207530577999999,
        0.13147407878,
        0.13040257078,
        0.13087426178,
        0.13479874478,
        0.13367343778,
        0.13029537278,
        0.13741267778,
        0.13274468277999998,
        0.12756020278,
        0.13134005178,
        0.13187854478,
        0.13266636078,
        0.13617994278,
        0.13692428578,
        0.13848222978,
        0.13402231577999998,
        0.13748824978,
        0.13468967878,
        0.13407602878,
        0.14529004178,
        0.13498954078,
        0.13561490878,
        0.12996322978,
        0.12773549078,
        0.12911664377999998,
        0.13034884278,
        0.12900766278,
        0.13565608078,
        0.14878764978,
        0.13246082078,
        0.12884748778,
        0.13081339678,
        0.13047614978,
        0.13117149077999998,
        0.12869183877999998,
        0.12867862778,
        0.13202276678,
        0.12924976278,
        0.12943356077999998,
        0.12829506078,
        0.13192995978
      ],
      "exit_codes": [
        0,
        0,
        0,
        0,
        0,
        0,
        0,
        0,
        0,
        0,
        0,
        0,
        0,
        0,
        0,
        0,
        0,
        0,
        0,
        0,
        0,
        0,
        0,
        0,
        0,
        0,
        0,
        0,
        0,
        0,
        0,
        0,
        0,
        0,
        0,
        0,
        0,
        0,
        0,
        0,
        0,
        0,
        0,
        0,
        0,
        0,
        0,
        0,
        0,
        0,
        0,
        0,
        0,
        0,
        0,
        0,
        0,
        0,
        0,
        0,
        0,
        0,
        0,
        0,
        0,
        0,
        0,
        0,
        0,
        0,
        0,
        0,
        0,
        0,
        0,
        0,
        0,
        0,
        0,
        0,
        0,
        0,
        0,
        0,
        0,
        0,
        0,
        0,
        0,
        0,
        0,
        0,
        0,
        0,
        0,
        0,
        0,
        0,
        0,
        0
      ]
    }
  ]
}
