{
  "results": [
    {
      "command": "out/20220731101132/contention 16 100000",
      "mean": 0.013985521449999996,
      "stddev": 0.0010264887260219547,
      "median": 0.01369079314,
      "user": 0.07293529,
      "system": 0.0018385200000000002,
      "min": 0.01219335464,
      "max": 0.01748151864,
      "times": [
        0.01219335464,
        0.01281400364,
        0.01372177264,
        0.01294815764,
        0.01310517964,
        0.013586939639999998,
        0.013630543640000001,
        0.01317114164,
        0.014894894639999998,
        0.013574014639999998,
        0.01291341564,
        0.013881536639999999,
        0.01331159164,
        0.013225004640000001,
        0.01462780664,
        0.014034181639999999,
        0.013440900639999998,
        0.013722024639999999,
        0.01382133664,
        0.013541933639999998,
        0.012922850639999999,
        0.01395320964,
        0.014828769640000001,
        0.01337938664,
        0.01437518664,
        0.01333007964,
        0.013125981640000001,
        0.014350566640000001,
        0.01380787564,
        0.01347985764,
        0.01341440564,
        0.01402228264,
        0.014455857639999998,
        0.014222837640000001,
        0.013575640639999999,
        0.01402660064,
        0.01373985264,
        0.01321849564,
        0.01369749364,
        0.01403492564,
        0.014081523640000001,
        0.013355704639999999,
        0.014104376640000001,
        0.01299274364,
        0.013514837640000001,
        0.014944190639999999,
        0.013352876639999999,
        0.013682128640000001,
        0.01354004664,
        0.01362872564,
        0.01342307464,
        0.013759386640000001,
        0.013495706639999999,
        0.01310878664,
        0.01356384664,
        0.01338600164,
        0.013196001639999998,
        0.013073972639999999,
        0.014822724639999998,
        0.016049106639999998,
        0.014627769639999998,
        0.015225495640000001,
        0.01622226264,
        0.01671728864,
        0.01597065364,
        0.017293599639999997,
        0.014298004639999999,
        0.01320475664,
        0.01342102864,
        0.014179288640000001,
        0.013774960639999998,
        0.013269509639999998,
        0.017421856639999997,
        0.01428947864,
        0.01748151864,
        0.01393198064,
        0.013693931639999999,
        0.015410279639999998,
        0.016709257640000003,
        0.013069599639999999,
        0.013023122639999999,
        0.01335815964,
        0.013579965639999999,
        0.01329208964,
        0.01405235964,
        0.01335670564,
        0.014090921639999998,
        0.014641979639999999,
        0.01343621064,
        0.01337654364,
        0.01368765464,
        0.01404564064,
        0.01332737864,
        0.01425798664,
        0.01638349764,
        0.014117064640000001,
        0.013657962639999998,
        0.013945005639999999,
        0.013893869639999999,
        0.01361784964
      ],
      "exit_codes": [
        0,
        0,
        0,
        0,
        0,
        0,
        0,
        0,
        0,
        0,
        0,
        0,
        0,
        0,
        0,
        0,
        0,
        0,
        0,
        0,
        0,
        0,
        0,
        0,
        0,
        0,
        0,
        0,
        0,
        0,
        0,
        0,
        0,
        0,
        0,
        0,
        0,
        0,
        0,
        0,
        0,
        0,
        0,
        0,
        0,
        0,
        0,
        0,
        0,
        0,
        0,
        0,
        0,
        0,
        0,
        0,
        0,
        0,
        0,
        0,
        0,
        0,
        0,
        0,
        0,
        0,
        0,
        0,
        0,
        0,
        0,
        0,
        0,
        0,
        0,
        0,
        0,
        0,
        0,
        0,
        0,
        0,
        0,
        0,
        0,
        0,
        0,
        0,
        0,
        0,
        0,
        0,
        0,
        0,
        0,
        0,
        0,
        0,
        0,
        0
      ]
    }
  ]
}
