{
  "results": [
    {
      "command": "out/20220731101132/contention 1024 100000",
      "mean": 0.03332599864000001,
      "stddev": 0.001245978166509069,
      "median": 0.033486557460000003,
      "user": 0.07863908999999998,
      "system": 0.054043899999999985,
      "min": 0.03028740246,
      "max": 0.036200321460000004,
      "times": [
        0.03028740246,
        0.031147555460000004,
        0.030962164460000004,
        0.03067909246,
        0.03119638046,
        0.03161782046,
        0.03152415646,
        0.03139973246,
        0.031284262460000004,
        0.03251988846,
        0.03253846446,
        0.03368148646,
        0.03295972546,
        0.030875778460000003,
        0.032773849460000004,
        0.03199927846,
        0.03171698246,
        0.03115382546,
        0.03243697646,
        0.03223138946,
        0.03242011646,
        0.03113189846,
        0.03243916846,
        0.032167540460000005,
        0.032746731460000005,
        0.03246999946,
        0.032147885460000004,
        0.03191644146,
        0.03331824446,
        0.03178403646,
        0.03147396646,
        0.03342735846,
        0.03317000246,
        0.03275741946,
        0.03309228046,
        0.03343872646,
        0.032508820460000004,
        0.03358412946,
        0.03284422146,
        0.033494031460000004,
        0.03374157246,
        0.036200321460000004,
        0.03431242946,
        0.03283191646,
        0.03409587646,
        0.03506796746,
        0.033466043460000004,
        0.03206191246,
        0.03420077146,
        0.03278052246,
        0.03363547846,
        0.03259890646,
        0.03289561046,
        0.03375213646,
        0.03347794246,
        0.03330530746,
        0.034940061460000005,
        0.03479168646,
        0.033965043460000004,
        0.03397771646,
        0.033785991460000005,
        0.03452936746,
        0.03370192146,
        0.03425392846,
        0.03336695746,
        0.03539572446,
        0.03462553946,
        0.03498145046,
        0.034070017460000004,
        0.03411062646,
        0.035060449460000004,
        0.03457278146,
        0.03354935546,
        0.03339156546,
        0.03423796246,
        0.03462286046,
        0.034500372460000005,
        0.03338126246,
        0.03412832346,
        0.03416001446,
        0.03512102146,
        0.03393245246,
        0.03434789346,
        0.035700281460000004,
        0.035114618460000004,
        0.033819635460000004,
        0.033837050460000004,
        0.03373066746,
        0.034120388460000005,
        0.033287875460000005,
        0.03354546346,
        0.034100706460000005,
        0.034101657460000004,
        0.034648139460000005,
        0.033846726460000004,
        0.03433864846,
        0.03443680746,
        0.03550811946,
        0.03373770046,
        0.03347908346
      ],
      "exit_codes": [
        0,
        0,
        0,
        0,
        0,
        0,
        0,
        0,
        0,
        0,
        0,
        0,
        0,
        0,
        0,
        0,
        0,
        0,
        0,
        0,
        0,
        0,
        0,
        0,
        0,
        0,
        0,
        0,
        0,
        0,
        0,
        0,
        0,
        0,
        0,
        0,
        0,
        0,
        0,
        0,
        0,
        0,
        0,
        0,
        0,
        0,
        0,
        0,
        0,
        0,
        0,
        0,
        0,
        0,
        0,
        0,
        0,
        0,
        0,
        0,
        0,
        0,
        0,
        0,
        0,
        0,
        0,
        0,
        0,
        0,
        0,
        0,
        0,
        0,
        0,
        0,
        0,
        0,
        0,
        0,
        0,
        0,
        0,
        0,
        0,
        0,
        0,
        0,
        0,
        0,
        0,
        0,
        0,
        0,
        0,
        0,
        0,
        0,
        0,
        0
      ]
    }
  ]
}
