{
  "results": [
    {
      "command": "out/20220731101132/contention 1 1000000",
      "mean": 0.39747166602999995,
      "stddev": 0.005437149013803419,
      "median": 0.39646605788,
      "user": 0.39208677999999997,
      "system": 0.0032938199999999977,
      "min": 0.39284030838000006,
      "max": 0.44513199138000004,
      "times": [
        0.40610521138000005,
        0.39898514438000005,
        0.39737342938000003,
        0.39581751038,
        0.39659693438000004,
        0.39813500438000005,
        0.39594503838000006,
        0.39865357338,
        0.39562371638000005,
        0.39584980938000003,
        0.39556041638000006,
        0.40164883938,
        0.39513103938000005,
        0.40134216538000006,
        0.39798585438000006,
        0.39961399138000003,
        0.39530854438,
        0.39722509538000006,
        0.39716396838,
        0.39439707438000005,
        0.39572451038000006,
        0.39718845038000006,
        0.39687800238000004,
        0.39582636938000004,
        0.39548344438000005,
        0.39938617838,
        0.40867215838000004,
        0.39585374638000004,
        0.39451050338000004,
        0.39512757038,
        0.39471436638,
        0.39700804538,
        0.39544516738,
        0.39641723938,
        0.39846712438000004,
        0.39621241138,
        0.39693565938,
        0.39758623938000004,
        0.39286914638000003,
        0.39690909838000005,
        0.39799869038,
        0.39505443038000004,
        0.40078134638,
        0.39814368538000006,
        0.39567750838000004,
        0.39637007638000005,
        0.44513199138000004,
        0.39465799738,
        0.39466341038,
        0.39648493438000004,
        0.39608048938,
        0.39570300838000005,
        0.39513996238000004,
        0.39284030838000006,
        0.39623783738,
        0.39438660938000003,
        0.39968247938,
        0.39602400838,
        0.39374270138000006,
        0.39462949138000003,
        0.39712358138000003,
        0.39751766838,
        0.39636197438000004,
        0.39691728738000004,
        0.39992202338000005,
        0.39536643938000005,
        0.39740916338000004,
        0.39729414738,
        0.39701718438000005,
        0.39684261538000004,
        0.39510818738000003,
        0.39514861338,
        0.39704292338,
        0.39402563938,
        0.39679408038,
        0.39519503038000003,
        0.40579287238000006,
        0.39914130738000003,
        0.39516818338000004,
        0.39670065138000005,
        0.39764337738000005,
        0.39494691438,
        0.39551955238000003,
        0.39786973638000006,
        0.39621100238,
        0.39536753538,
        0.39881276438,
        0.40059620938,
        0.39819590338000005,
        0.39644718138,
        0.39530304238,
        0.40154206938000003,
        0.40097011138000005,
        0.39775053238,
        0.39490949938000003,
        0.39748355838000005,
        0.39486723138,
        0.39751785838000003,
        0.39638063938,
        0.39583355138000004
      ],
      "exit_codes": [
        0,
        0,
        0,
        0,
        0,
        0,
        0,
        0,
        0,
        0,
        0,
        0,
        0,
        0,
        0,
        0,
        0,
        0,
        0,
        0,
        0,
        0,
        0,
        0,
        0,
        0,
        0,
        0,
        0,
        0,
        0,
        0,
        0,
        0,
        0,
        0,
        0,
        0,
        0,
        0,
        0,
        0,
        0,
        0,
        0,
        0,
        0,
        0,
        0,
        0,
        0,
        0,
        0,
        0,
        0,
        0,
        0,
        0,
        0,
        0,
        0,
        0,
        0,
        0,
        0,
        0,
        0,
        0,
        0,
        0,
        0,
        0,
        0,
        0,
        0,
        0,
        0,
        0,
        0,
        0,
        0,
        0,
        0,
        0,
        0,
        0,
        0,
        0,
        0,
        0,
        0,
        0,
        0,
        0,
        0,
        0,
        0,
        0,
        0,
        0
      ]
    }
  ]
}
