{
  "results": [
    {
      "command": "out/20220731101132/contention 1 100",
      "mean": 0.002736942150000002,
      "stddev": 0.00021396707650356847,
      "median": 0.0026813476200000007,
      "user": 0.00096636,
      "system": 0.0007885200000000002,
      "min": 0.002375771620000001,
      "max": 0.0035551506200000005,
      "times": [
        0.0026100396200000003,
        0.0025847066200000005,
        0.002673632620000001,
        0.002656384620000001,
        0.002724912620000001,
        0.002677788620000001,
        0.0025619386200000003,
        0.0027003796200000007,
        0.0026837756200000008,
        0.0026410636200000005,
        0.002602212620000001,
        0.0027950416200000004,
        0.002791873620000001,
        0.0028446666200000006,
        0.0027754216200000007,
        0.0027932486200000005,
        0.0026416896200000006,
        0.002582250620000001,
        0.0028886286200000004,
        0.0027008296200000006,
        0.0026607046200000004,
        0.0027549326200000004,
        0.0028815196200000005,
        0.002825585620000001,
        0.0027960286200000004,
        0.002910468620000001,
        0.002551796620000001,
        0.002533366620000001,
        0.002518634620000001,
        0.0028716936200000004,
        0.003032561620000001,
        0.0034786556200000003,
        0.0028163086200000006,
        0.002375771620000001,
        0.0025652686200000004,
        0.002630247620000001,
        0.0029563046200000004,
        0.002650966620000001,
        0.0030280196200000004,
        0.0028617186200000006,
        0.0029038486200000002,
        0.0029045286200000005,
        0.0025712976200000007,
        0.0026369566200000008,
        0.0028806516200000003,
        0.0026278626200000005,
        0.0025642966200000003,
        0.0026315836200000004,
        0.0028517216200000003,
        0.0025659446200000002,
        0.002752024620000001,
        0.0028126786200000004,
        0.002725853620000001,
        0.0026221906200000005,
        0.0026196846200000003,
        0.0028018616200000007,
        0.0026581656200000002,
        0.0034885626200000003,
        0.0033134666200000007,
        0.003455289620000001,
        0.002447745620000001,
        0.002407733620000001,
        0.002735786620000001,
        0.0026163456200000005,
        0.002674413620000001,
        0.002728626620000001,
        0.0026148136200000002,
        0.0025782376200000003,
        0.0029818166200000005,
        0.0028688396200000003,
        0.0026857386200000006,
        0.0035551506200000005,
        0.002884372620000001,
        0.0026783466200000004,
        0.0028504986200000005,
        0.0026083566200000006,
        0.002611572620000001,
        0.0025887866200000006,
        0.0028399356200000006,
        0.002606935620000001,
        0.002720499620000001,
        0.0027862516200000006,
        0.0026506246200000004,
        0.002502678620000001,
        0.0026691166200000006,
        0.002769004620000001,
        0.0027136966200000004,
        0.002707746620000001,
        0.0028109776200000007,
        0.0028919836200000004,
        0.0024967566200000007,
        0.0025362266200000005,
        0.002623280620000001,
        0.0024709546200000006,
        0.002680082620000001,
        0.0026162266200000007,
        0.002614739620000001,
        0.0026289106200000005,
        0.002538280620000001,
        0.0026826126200000006
      ],
      "exit_codes": [
        0,
        0,
        0,
        0,
        0,
        0,
        0,
        0,
        0,
        0,
        0,
        0,
        0,
        0,
        0,
        0,
        0,
        0,
        0,
        0,
        0,
        0,
        0,
        0,
        0,
        0,
        0,
        0,
        0,
        0,
        0,
        0,
        0,
        0,
        0,
        0,
        0,
        0,
        0,
        0,
        0,
        0,
        0,
        0,
        0,
        0,
        0,
        0,
        0,
        0,
        0,
        0,
        0,
        0,
        0,
        0,
        0,
        0,
        0,
        0,
        0,
        0,
        0,
        0,
        0,
        0,
        0,
        0,
        0,
        0,
        0,
        0,
        0,
        0,
        0,
        0,
        0,
        0,
        0,
        0,
        0,
        0,
        0,
        0,
        0,
        0,
        0,
        0,
        0,
        0,
        0,
        0,
        0,
        0,
        0,
        0,
        0,
        0,
        0,
        0
      ]
    }
  ]
}
