{
  "results": [
    {
      "command": "out/20220731101132/contention 1 10000",
      "mean": 0.0070399286900000016,
      "stddev": 0.0003813199700767725,
      "median": 0.0069516149600000006,
      "user": 0.0050796,
      "system": 0.0008357999999999998,
      "min": 0.006573297960000001,
      "max": 0.00901764696,
      "times": [
        0.006767679960000001,
        0.00669541896,
        0.006603851960000001,
        0.006697549960000001,
        0.006631677960000001,
        0.0067191609600000006,
        0.00692290996,
        0.006686476960000001,
        0.006733215960000001,
        0.006573297960000001,
        0.006720740960000002,
        0.006821109960000001,
        0.006835505960000001,
        0.0067380139600000015,
        0.006856522960000001,
        0.00685811596,
        0.008107001960000002,
        0.0068986079600000015,
        0.0067332979600000014,
        0.006652678960000001,
        0.007039293960000001,
        0.0070353969600000016,
        0.006904666960000001,
        0.00901764696,
        0.006710748960000001,
        0.007103440960000001,
        0.006943604960000001,
        0.008132233960000002,
        0.00691401796,
        0.00689172296,
        0.007056398960000001,
        0.0070065449600000005,
        0.007174833960000001,
        0.007071089960000001,
        0.007004566960000001,
        0.006877851960000001,
        0.007152738960000001,
        0.007189575960000001,
        0.00687128296,
        0.00715957596,
        0.00678984496,
        0.006949880960000001,
        0.0069645489600000015,
        0.00692962696,
        0.007104175960000001,
        0.008524061960000003,
        0.007155592960000001,
        0.0077038179600000005,
        0.00687769296,
        0.007149050960000001,
        0.00687288696,
        0.00706079696,
        0.0070824059600000005,
        0.007104331960000001,
        0.0068801189600000015,
        0.00670706596,
        0.00704292396,
        0.00698470196,
        0.0072141109600000015,
        0.00689315296,
        0.006994022960000001,
        0.006883778960000001,
        0.007275020960000001,
        0.006829285960000001,
        0.007094440960000001,
        0.00688406996,
        0.007024479960000001,
        0.006949029960000001,
        0.00714204296,
        0.006907968960000001,
        0.006868837960000001,
        0.00695334896,
        0.00692062296,
        0.006906096960000001,
        0.006979046960000001,
        0.007203574960000001,
        0.00697080996,
        0.006894907960000001,
        0.007153433960000001,
        0.00691616696,
        0.007119623960000001,
        0.006937758960000001,
        0.007073114960000001,
        0.00685958896,
        0.006976255960000001,
        0.006978338960000001,
        0.0069215429600000015,
        0.007107131960000001,
        0.007193203960000001,
        0.0071447789600000014,
        0.007178468960000001,
        0.006988888960000001,
        0.006873478960000001,
        0.006865948960000001,
        0.007009714960000001,
        0.00844612296,
        0.00730923496,
        0.006855250960000001,
        0.007303149960000001,
        0.00759941696
      ],
      "exit_codes": [
        0,
        0,
        0,
        0,
        0,
        0,
        0,
        0,
        0,
        0,
        0,
        0,
        0,
        0,
        0,
        0,
        0,
        0,
        0,
        0,
        0,
        0,
        0,
        0,
        0,
        0,
        0,
        0,
        0,
        0,
        0,
        0,
        0,
        0,
        0,
        0,
        0,
        0,
        0,
        0,
        0,
        0,
        0,
        0,
        0,
        0,
        0,
        0,
        0,
        0,
        0,
        0,
        0,
        0,
        0,
        0,
        0,
        0,
        0,
        0,
        0,
        0,
        0,
        0,
        0,
        0,
        0,
        0,
        0,
        0,
        0,
        0,
        0,
        0,
        0,
        0,
        0,
        0,
        0,
        0,
        0,
        0,
        0,
        0,
        0,
        0,
        0,
        0,
        0,
        0,
        0,
        0,
        0,
        0,
        0,
        0,
        0,
        0,
        0,
        0
      ]
    }
  ]
}
