{
  "results": [
    {
      "command": "out/20220731101132/contention 1024 100",
      "mean": 0.02507116,
      "stddev": 0.0010394789952102303,
      "median": 0.024966953680000004,
      "user": 0.008180989999999999,
      "system": 0.038411439999999984,
      "min": 0.022942134680000004,
      "max": 0.02923804268,
      "times": [
        0.024971429680000004,
        0.023475775679999998,
        0.02474564268,
        0.02429769668,
        0.025051898680000004,
        0.02394501568,
        0.02582456868,
        0.025817391680000003,
        0.02923804268,
        0.025953282680000002,
        0.02485292368,
        0.025530321680000002,
        0.026454877680000002,
        0.02712769468,
        0.02462123668,
        0.024969399680000004,
        0.02681908868,
        0.02667893968,
        0.02452820168,
        0.023285064680000002,
        0.02577412068,
        0.02621310468,
        0.024884091679999998,
        0.024342686680000003,
        0.02458359368,
        0.025712732680000003,
        0.02497730168,
        0.02333529268,
        0.026470297680000004,
        0.02478987268,
        0.025677269680000003,
        0.02444358368,
        0.025624286680000004,
        0.02401869368,
        0.02694517968,
        0.02400532668,
        0.024713218680000003,
        0.024789955680000003,
        0.025519933680000002,
        0.02419895868,
        0.02401007668,
        0.025088320679999998,
        0.024577221680000004,
        0.025152407680000002,
        0.02304506368,
        0.02550451268,
        0.025146843680000003,
        0.02812675168,
        0.025934679680000003,
        0.02498820668,
        0.025734889680000005,
        0.02508177768,
        0.025710135680000003,
        0.02401836968,
        0.025382933680000004,
        0.024851560680000002,
        0.02481478368,
        0.02305341968,
        0.02399157668,
        0.02513036768,
        0.02647249768,
        0.024964507680000005,
        0.022942134680000004,
        0.02450632168,
        0.02537766968,
        0.024655975680000004,
        0.02411018868,
        0.02588595968,
        0.02472454768,
        0.02495191368,
        0.02513826868,
        0.02579312968,
        0.02550790368,
        0.025109075680000002,
        0.02473823468,
        0.024221603680000002,
        0.024082492679999998,
        0.02544511368,
        0.02472256968,
        0.02389610968,
        0.02476542668,
        0.02401383468,
        0.02482555668,
        0.02425137468,
        0.024928534680000003,
        0.025856662680000003,
        0.02640241568,
        0.024874341680000002,
        0.02445739368,
        0.027335268680000004,
        0.02627998368,
        0.02498219768,
        0.02363517668,
        0.025197992680000003,
        0.02422687968,
        0.025141897680000004,
        0.024707220680000003,
        0.02440984568,
        0.02529550968,
        0.025730372680000002
      ],
      "exit_codes": [
        0,
        0,
        0,
        0,
        0,
        0,
        0,
        0,
        0,
        0,
        0,
        0,
        0,
        0,
        0,
        0,
        0,
        0,
        0,
        0,
        0,
        0,
        0,
        0,
        0,
        0,
        0,
        0,
        0,
        0,
        0,
        0,
        0,
        0,
        0,
        0,
        0,
        0,
        0,
        0,
        0,
        0,
        0,
        0,
        0,
        0,
        0,
        0,
        0,
        0,
        0,
        0,
        0,
        0,
        0,
        0,
        0,
        0,
        0,
        0,
        0,
        0,
        0,
        0,
        0,
        0,
        0,
        0,
        0,
        0,
        0,
        0,
        0,
        0,
        0,
        0,
        0,
        0,
        0,
        0,
        0,
        0,
        0,
        0,
        0,
        0,
        0,
        0,
        0,
        0,
        0,
        0,
        0,
        0,
        0,
        0,
        0,
        0,
        0,
        0
      ]
    }
  ]
}
