{
  "results": [
    {
      "command": "out/20220731101132/contention 16 1000",
      "mean": 0.0020384380000000005,
      "stddev": 0.00014588299138772802,
      "median": 0.0019992845200000006,
      "user": 0.0018951800000000004,
      "system": 0.0013867599999999995,
      "min": 0.0018263825200000002,
      "max": 0.0026569325200000004,
      "times": [
        0.002059016520000001,
        0.0020747015200000005,
        0.002016417520000001,
        0.0019869185200000004,
        0.0021152665200000007,
        0.0020931015200000005,
        0.0019591795200000007,
        0.0021418105200000006,
        0.001886516520000001,
        0.0022289295200000007,
        0.0021224915200000003,
        0.0019852915200000007,
        0.0019746365200000006,
        0.002032894520000001,
        0.0019767315200000003,
        0.0018931155200000004,
        0.0020667965200000006,
        0.002253320520000001,
        0.0025079935200000006,
        0.00218569052,
        0.002242164520000001,
        0.002003987520000001,
        0.0019176295200000002,
        0.0020522985200000007,
        0.002057551520000001,
        0.0019977995200000003,
        0.0019608635200000007,
        0.0020748305200000003,
        0.002123958520000001,
        0.002000769520000001,
        0.002101374520000001,
        0.0018934245200000008,
        0.0018588755200000008,
        0.0019047195200000006,
        0.002340367520000001,
        0.0026569325200000004,
        0.0023531075200000006,
        0.0022944865200000006,
        0.0021040005200000005,
        0.0019537735200000003,
        0.0020461245200000004,
        0.0021876695200000002,
        0.0019933365200000006,
        0.001891308520000001,
        0.001932628520000001,
        0.0019853805200000007,
        0.0020564775200000007,
        0.0019410835200000002,
        0.002121483520000001,
        0.0019346475200000008,
        0.001867208520000001,
        0.0018814325200000002,
        0.0018855165200000008,
        0.0021091875200000007,
        0.0019480505200000003,
        0.0021538165200000008,
        0.0020474985200000006,
        0.0019176455200000005,
        0.0020071075200000007,
        0.0019419855200000008,
        0.001899562520000001,
        0.0019611505200000006,
        0.0020882105200000006,
        0.0019242835200000002,
        0.0019634275200000008,
        0.0020780565200000005,
        0.0022192515200000007,
        0.0020717815200000005,
        0.001886590520000001,
        0.0019540775200000008,
        0.0018263825200000002,
        0.0019245035200000007,
        0.0020428105200000005,
        0.001976674520000001,
        0.002591356520000001,
        0.0020395825200000004,
        0.002088905520000001,
        0.001883932520000001,
        0.0019832745200000007,
        0.0020342495200000007,
        0.0019426265200000008,
        0.001955560520000001,
        0.0020598095200000006,
        0.0020875615200000005,
        0.0019295145200000008,
        0.001949082520000001,
        0.0020720505200000003,
        0.0019785765200000006,
        0.001944641520000001,
        0.002023590520000001,
        0.001951595520000001,
        0.0019539935200000007,
        0.002200302520000001,
        0.0022190495200000004,
        0.0019730645200000006,
        0.0019437165200000004,
        0.0020518655200000005,
        0.0019528285200000007,
        0.001994672520000001,
        0.0019183075200000007
      ],
      "exit_codes": [
        0,
        0,
        0,
        0,
        0,
        0,
        0,
        0,
        0,
        0,
        0,
        0,
        0,
        0,
        0,
        0,
        0,
        0,
        0,
        0,
        0,
        0,
        0,
        0,
        0,
        0,
        0,
        0,
        0,
        0,
        0,
        0,
        0,
        0,
        0,
        0,
        0,
        0,
        0,
        0,
        0,
        0,
        0,
        0,
        0,
        0,
        0,
        0,
        0,
        0,
        0,
        0,
        0,
        0,
        0,
        0,
        0,
        0,
        0,
        0,
        0,
        0,
        0,
        0,
        0,
        0,
        0,
        0,
        0,
        0,
        0,
        0,
        0,
        0,
        0,
        0,
        0,
        0,
        0,
        0,
        0,
        0,
        0,
        0,
        0,
        0,
        0,
        0,
        0,
        0,
        0,
        0,
        0,
        0,
        0,
        0,
        0,
        0,
        0,
        0
      ]
    }
  ]
}
