{
  "results": [
    {
      "command": "out/20220731101132/contention 1 1000",
      "mean": 0.00308055445,
      "stddev": 0.00022404157002763923,
      "median": 0.0030139048800000004,
      "user": 0.0013391100000000003,
      "system": 0.00075478,
      "min": 0.00266978088,
      "max": 0.00424942388,
      "times": [
        0.0032901948800000006,
        0.0030746398800000005,
        0.00324212088,
        0.00298780688,
        0.00299997788,
        0.0029485668800000005,
        0.00295451788,
        0.0032663718800000005,
        0.00308093588,
        0.00321604388,
        0.0029720158800000005,
        0.0030167638800000004,
        0.00303699188,
        0.00312089788,
        0.0030380258800000006,
        0.00295252788,
        0.00305146488,
        0.0031055408800000003,
        0.0031420408800000004,
        0.0032492278800000003,
        0.00296922888,
        0.0030726148800000004,
        0.00299133988,
        0.0028758398799999998,
        0.0033079128800000005,
        0.00321031788,
        0.00399680888,
        0.00310999888,
        0.00296672688,
        0.0029765918800000006,
        0.0029922648800000005,
        0.0029443798800000004,
        0.0031863848800000004,
        0.0029834738800000003,
        0.00289963588,
        0.0031137038800000006,
        0.0030700388800000006,
        0.0028953918800000006,
        0.0031241518800000003,
        0.00288597888,
        0.00291829488,
        0.0030172268800000004,
        0.00296362088,
        0.00340761288,
        0.00366819888,
        0.0031270238800000004,
        0.00266978088,
        0.00424942388,
        0.0037656888800000005,
        0.00316180788,
        0.00298754488,
        0.0029422408800000004,
        0.0029592138800000004,
        0.00300822188,
        0.0030316128800000003,
        0.0030332108800000005,
        0.0030108838800000006,
        0.0030110458800000003,
        0.0029088868800000002,
        0.0029711148800000003,
        0.00309452688,
        0.0029019288799999998,
        0.00318849688,
        0.0031688188800000003,
        0.0029208898800000003,
        0.00311722188,
        0.0029642598800000003,
        0.00372195088,
        0.0029793558800000003,
        0.0029370648800000005,
        0.00299841088,
        0.0031978558800000003,
        0.00306204488,
        0.00297758688,
        0.0030074908799999998,
        0.00303621888,
        0.0029504128800000003,
        0.00291850588,
        0.00306502188,
        0.00300310588,
        0.0029656318799999998,
        0.0030175248800000005,
        0.0030518998800000002,
        0.0029803298800000003,
        0.00293605388,
        0.0029082028800000003,
        0.0029238028800000005,
        0.00296012588,
        0.0029414628800000005,
        0.00334661088,
        0.0031928248800000003,
        0.0030707228800000005,
        0.0030027008800000005,
        0.00291938588,
        0.0029165838800000003,
        0.0031476188800000004,
        0.0029802188800000006,
        0.00329122888,
        0.0031180598800000002,
        0.00304116788
      ],
      "exit_codes": [
        0,
        0,
        0,
        0,
        0,
        0,
        0,
        0,
        0,
        0,
        0,
        0,
        0,
        0,
        0,
        0,
        0,
        0,
        0,
        0,
        0,
        0,
        0,
        0,
        0,
        0,
        0,
        0,
        0,
        0,
        0,
        0,
        0,
        0,
        0,
        0,
        0,
        0,
        0,
        0,
        0,
        0,
        0,
        0,
        0,
        0,
        0,
        0,
        0,
        0,
        0,
        0,
        0,
        0,
        0,
        0,
        0,
        0,
        0,
        0,
        0,
        0,
        0,
        0,
        0,
        0,
        0,
        0,
        0,
        0,
        0,
        0,
        0,
        0,
        0,
        0,
        0,
        0,
        0,
        0,
        0,
        0,
        0,
        0,
        0,
        0,
        0,
        0,
        0,
        0,
        0,
        0,
        0,
        0,
        0,
        0,
        0,
        0,
        0,
        0
      ]
    }
  ]
}
