{
  "results": [
    {
      "command": "out/20220731101132/contention 16 10",
      "mean": 0.0029671662000000003,
      "stddev": 0.00017868490858395558,
      "median": 0.0029704398,
      "user": 0.0012258200000000007,
      "system": 0.00138308,
      "min": 0.0026397487999999998,
      "max": 0.0037531208000000003,
      "times": [
        0.0029134038,
        0.0029616578,
        0.0032729638,
        0.0030593108,
        0.0031221448,
        0.0029524668,
        0.0030919237999999997,
        0.0030277067999999996,
        0.0029767688,
        0.0030134288,
        0.0029949177999999996,
        0.0028616797999999996,
        0.0030532218,
        0.0031836047999999994,
        0.0031428097999999997,
        0.0030549657999999996,
        0.0029690538,
        0.0030519817999999995,
        0.0029637667999999995,
        0.0029762338,
        0.0037531208000000003,
        0.0034041948,
        0.0030603488,
        0.0031697857999999995,
        0.0031017617999999996,
        0.0029676748,
        0.0030688148000000003,
        0.0029775127999999997,
        0.0029951897999999995,
        0.0034259917999999996,
        0.0031902808,
        0.0026397487999999998,
        0.0027003008,
        0.0031357997999999997,
        0.0030340327999999997,
        0.0028923538,
        0.0029947418000000003,
        0.0031627657999999995,
        0.0029442277999999996,
        0.0031660478,
        0.0031605307999999998,
        0.0030389728,
        0.0030998307999999994,
        0.0030115238,
        0.0029718258,
        0.0029065117999999995,
        0.0029638848,
        0.0030957478,
        0.0031433678,
        0.0029242357999999997,
        0.0030875498,
        0.0029666678,
        0.0031043887999999994,
        0.0027674298,
        0.0027896217999999998,
        0.0027607727999999997,
        0.0027639237999999996,
        0.0031152777999999995,
        0.0029986428,
        0.0029941807999999998,
        0.0029719117999999997,
        0.0028420717999999997,
        0.0029044777999999998,
        0.0027983678000000002,
        0.0029727487999999997,
        0.0029101678,
        0.0029438127999999995,
        0.0029932098,
        0.0028765808,
        0.0027337588,
        0.0028713788,
        0.0028660718000000003,
        0.0028420988,
        0.0028578107999999995,
        0.0029262998,
        0.0028927767999999995,
        0.0028550227999999994,
        0.0029304847999999995,
        0.0028880487999999997,
        0.0027909107999999996,
        0.0029638168,
        0.0028346608,
        0.0030322708,
        0.0027744667999999996,
        0.0030973018,
        0.0029859578,
        0.0028999328,
        0.0030877117999999998,
        0.0026824178,
        0.0027192028000000003,
        0.0027551127999999995,
        0.0026657108,
        0.0030132728,
        0.0032516538,
        0.0027257718,
        0.0027834448,
        0.0026461108,
        0.0027327957999999995,
        0.0026572208,
        0.0026461778000000003
      ],
      "exit_codes": [
        0,
        0,
        0,
        0,
        0,
        0,
        0,
        0,
        0,
        0,
        0,
        0,
        0,
        0,
        0,
        0,
        0,
        0,
        0,
        0,
        0,
        0,
        0,
        0,
        0,
        0,
        0,
        0,
        0,
        0,
        0,
        0,
        0,
        0,
        0,
        0,
        0,
        0,
        0,
        0,
        0,
        0,
        0,
        0,
        0,
        0,
        0,
        0,
        0,
        0,
        0,
        0,
        0,
        0,
        0,
        0,
        0,
        0,
        0,
        0,
        0,
        0,
        0,
        0,
        0,
        0,
        0,
        0,
        0,
        0,
        0,
        0,
        0,
        0,
        0,
        0,
        0,
        0,
        0,
        0,
        0,
        0,
        0,
        0,
        0,
        0,
        0,
        0,
        0,
        0,
        0,
        0,
        0,
        0,
        0,
        0,
        0,
        0,
        0,
        0
      ]
    }
  ]
}
