{
  "results": [
    {
      "command": "out/20220731101132/contention 1 100000",
      "mean": 0.04322855296,
      "stddev": 0.0008100529720640813,
      "median": 0.04299397172,
      "user": 0.04081405999999998,
      "system": 0.0010987900000000007,
      "min": 0.04236122122,
      "max": 0.04694714622,
      "times": [
        0.04428218822,
        0.04418610622,
        0.04298648522,
        0.04397278822,
        0.04430410922,
        0.04346378022,
        0.04287514522,
        0.04428700922,
        0.04273976522,
        0.04250205322,
        0.04357852722,
        0.04317218922,
        0.04298311822,
        0.04247633122,
        0.04251655822,
        0.04286864022,
        0.04316952222,
        0.04325823222,
        0.04441521522,
        0.04276549822,
        0.04272419222,
        0.04271230122,
        0.04282713822,
        0.04279442222,
        0.04302878522,
        0.04262382422,
        0.04288854522,
        0.04392084622,
        0.04287020422,
        0.04488354322,
        0.04694714622,
        0.04277596722,
        0.04297720122,
        0.04304563822,
        0.04321554822,
        0.04260193322,
        0.04236122122,
        0.04257039422,
        0.04322048522,
        0.04277529022,
        0.044306301220000004,
        0.04287854222,
        0.04345545822,
        0.04265408222,
        0.04294849422,
        0.04254484422,
        0.04292467922,
        0.04244354322,
        0.04420631022,
        0.04318678422,
        0.04309431322,
        0.04436558322,
        0.04332975122,
        0.04274824622,
        0.04645873922,
        0.04359383322,
        0.04252445222,
        0.04295596122,
        0.04411442822,
        0.04343451022,
        0.04276354522,
        0.04288741722,
        0.04363193822,
        0.04271592522,
        0.04323730422,
        0.04263044222,
        0.04324278922,
        0.04262627722,
        0.04291969422,
        0.04300948622,
        0.04313738822,
        0.04240257322,
        0.04266217922,
        0.04356167122,
        0.04291621822,
        0.04674684222,
        0.04269105522,
        0.04304275422,
        0.04309777922,
        0.04378827222,
        0.04295992922,
        0.04302830822,
        0.042883524220000004,
        0.04329306822,
        0.04373346622,
        0.04290921922,
        0.04313546522,
        0.043001458220000004,
        0.04315487122,
        0.04285229722,
        0.04280918022,
        0.04281930422,
        0.04335065822,
        0.04287353622,
        0.04305154622,
        0.04306945922,
        0.04306144022,
        0.04246799322,
        0.04318713822,
        0.04276513322
      ],
      "exit_codes": [
        0,
        0,
        0,
        0,
        0,
        0,
        0,
        0,
        0,
        0,
        0,
        0,
        0,
        0,
        0,
        0,
        0,
        0,
        0,
        0,
        0,
        0,
        0,
        0,
        0,
        0,
        0,
        0,
        0,
        0,
        0,
        0,
        0,
        0,
        0,
        0,
        0,
        0,
        0,
        0,
        0,
        0,
        0,
        0,
        0,
        0,
        0,
        0,
        0,
        0,
        0,
        0,
        0,
        0,
        0,
        0,
        0,
        0,
        0,
        0,
        0,
        0,
        0,
        0,
        0,
        0,
        0,
        0,
        0,
        0,
        0,
        0,
        0,
        0,
        0,
        0,
        0,
        0,
        0,
        0,
        0,
        0,
        0,
        0,
        0,
        0,
        0,
        0,
        0,
        0,
        0,
        0,
        0,
        0,
        0,
        0,
        0,
        0,
        0,
        0
      ]
    }
  ]
}
