{
  "results": [
    {
      "command": "out/20220731101132/contention 1 1",
      "mean": 0.00291137576,
      "stddev": 0.0002044725880259451,
      "median": 0.00287264644,
      "user": 0.00099433,
      "system": 0.0008313600000000003,
      "min": 0.0024816639399999996,
      "max": 0.00359175494,
      "times": [
        0.00295148294,
        0.0028980789400000003,
        0.00287208294,
        0.00288554094,
        0.0027797009399999997,
        0.00288020994,
        0.00275952694,
        0.0028483589399999998,
        0.00297289394,
        0.00279027294,
        0.00294161894,
        0.0028659419399999996,
        0.0030424279399999996,
        0.0029987959399999996,
        0.00276553494,
        0.00278388094,
        0.00299396394,
        0.0031160169400000002,
        0.0028605189399999995,
        0.0030734609400000002,
        0.0029620339400000003,
        0.0027434429399999997,
        0.0027567779400000003,
        0.00296900694,
        0.0028641429400000002,
        0.0032207479399999996,
        0.0031630649400000003,
        0.00287320994,
        0.0028136489400000003,
        0.0029032779400000003,
        0.00281031894,
        0.0027474739399999996,
        0.0027850649399999996,
        0.0028460719399999996,
        0.00291440494,
        0.0033151279400000003,
        0.0028951139399999997,
        0.00282801894,
        0.00280984494,
        0.00295059194,
        0.0027176589399999997,
        0.0028084729400000004,
        0.0032004579399999996,
        0.00359175494,
        0.0032007429399999996,
        0.00260196894,
        0.0026180279400000003,
        0.0030198789400000003,
        0.00311340194,
        0.0032358849399999998,
        0.00290239194,
        0.00264474194,
        0.00262574094,
        0.00281370094,
        0.0028801119399999996,
        0.0032943449399999995,
        0.00349852694,
        0.0025478669400000003,
        0.0024816639399999996,
        0.00318453694,
        0.0032544089399999996,
        0.00277590994,
        0.0027588589399999996,
        0.00263447394,
        0.00315586794,
        0.00328210994,
        0.00282698094,
        0.0027064239399999996,
        0.00293270594,
        0.0028654079399999997,
        0.00312250494,
        0.0032277629399999996,
        0.0025541669400000002,
        0.00268728994,
        0.0030066349400000004,
        0.0032920479400000003,
        0.0026287209400000003,
        0.00264099194,
        0.0028537449400000002,
        0.00294843994,
        0.00311549194,
        0.00291142894,
        0.0030646069400000002,
        0.0029109339400000002,
        0.0027919329399999997,
        0.0028631949399999996,
        0.00291576094,
        0.0028367019399999998,
        0.00275424394,
        0.0031514079400000003,
        0.00282859394,
        0.00279024694,
        0.00274312594,
        0.0029372599400000004,
        0.00286239194,
        0.0027954979400000002,
        0.0027753539399999996,
        0.0029688839399999996,
        0.0029482279399999996,
        0.00278325994
      ],
      "exit_codes": [
        0,
        0,
        0,
        0,
        0,
        0,
        0,
        0,
        0,
        0,
        0,
        0,
        0,
        0,
        0,
        0,
        0,
        0,
        0,
        0,
        0,
        0,
        0,
        0,
        0,
        0,
        0,
        0,
        0,
        0,
        0,
        0,
        0,
        0,
        0,
        0,
        0,
        0,
        0,
        0,
        0,
        0,
        0,
        0,
        0,
        0,
        0,
        0,
        0,
        0,
        0,
        0,
        0,
        0,
        0,
        0,
        0,
        0,
        0,
        0,
        0,
        0,
        0,
        0,
        0,
        0,
        0,
        0,
        0,
        0,
        0,
        0,
        0,
        0,
        0,
        0,
        0,
        0,
        0,
        0,
        0,
        0,
        0,
        0,
        0,
        0,
        0,
        0,
        0,
        0,
        0,
        0,
        0,
        0,
        0,
        0,
        0,
        0,
        0,
        0
      ]
    }
  ]
}
