{
  "results": [
    {
      "command": "out/20220731101132/contention 1 10",
      "mean": 0.0017225690400000007,
      "stddev": 0.00019758328189294218,
      "median": 0.0017065077399999995,
      "user": 0.0008956600000000002,
      "system": 0.0006765700000000003,
      "min": 0.0012044417399999998,
      "max": 0.00256321174,
      "times": [
        0.0015708067399999993,
        0.00175637274,
        0.00178583674,
        0.0017437937399999996,
        0.0018647617399999996,
        0.0018267617399999997,
        0.0017585567399999997,
        0.00256321174,
        0.00228503674,
        0.0017615607399999998,
        0.00177744574,
        0.0017678577399999995,
        0.0017327467399999995,
        0.0017078967399999996,
        0.00168568774,
        0.0018217047399999996,
        0.0017408997399999998,
        0.0019129417399999997,
        0.0017584167399999997,
        0.0017297837399999996,
        0.00191658474,
        0.0019344977399999995,
        0.0020219377399999998,
        0.0017753617399999997,
        0.0019059867399999993,
        0.0017051187399999995,
        0.0020266707399999996,
        0.0018152747399999996,
        0.0017645217399999999,
        0.0015614087399999995,
        0.0016118347399999996,
        0.0018871367399999994,
        0.0017025477399999996,
        0.0016297277400000002,
        0.0019431937399999994,
        0.00207538274,
        0.00182559274,
        0.0016853167400000001,
        0.0016668307399999994,
        0.0016078217399999998,
        0.0016293197399999998,
        0.00172332674,
        0.0015695627400000001,
        0.0014794107399999997,
        0.0017834937399999998,
        0.0017421857399999995,
        0.0016432317399999994,
        0.0016144017399999998,
        0.0016577757399999994,
        0.00171363374,
        0.00152575474,
        0.0015937557399999997,
        0.00166361974,
        0.00173928774,
        0.0016977067399999994,
        0.0015308237399999998,
        0.0018292057399999996,
        0.0016383657399999993,
        0.0016182167399999997,
        0.00160127774,
        0.0018165847399999996,
        0.00163036574,
        0.0015885887399999994,
        0.0020037757399999994,
        0.00169622274,
        0.0016835087399999994,
        0.00169081574,
        0.0017240737399999997,
        0.0015811847399999994,
        0.0015905157399999999,
        0.0022130007399999998,
        0.0017373427399999994,
        0.00194545674,
        0.0017556927399999997,
        0.0018421547399999996,
        0.0016346217399999994,
        0.00159647274,
        0.0018316467399999994,
        0.00205794474,
        0.0014119247399999994,
        0.0013905357400000001,
        0.0018348417399999995,
        0.0016116737400000002,
        0.00148126874,
        0.00163612174,
        0.0016174327399999995,
        0.0014507507399999999,
        0.00145445174,
        0.0015902177399999998,
        0.0018702477399999994,
        0.00200458374,
        0.0019195987399999999,
        0.0013654107400000001,
        0.0016705317399999995,
        0.0012044417399999998,
        0.00156525374,
        0.00155179574,
        0.0015292747399999998,
        0.0014056017399999995,
        0.00146178774
      ],
      "exit_codes": [
        0,
        0,
        0,
        0,
        0,
        0,
        0,
        0,
        0,
        0,
        0,
        0,
        0,
        0,
        0,
        0,
        0,
        0,
        0,
        0,
        0,
        0,
        0,
        0,
        0,
        0,
        0,
        0,
        0,
        0,
        0,
        0,
        0,
        0,
        0,
        0,
        0,
        0,
        0,
        0,
        0,
        0,
        0,
        0,
        0,
        0,
        0,
        0,
        0,
        0,
        0,
        0,
        0,
        0,
        0,
        0,
        0,
        0,
        0,
        0,
        0,
        0,
        0,
        0,
        0,
        0,
        0,
        0,
        0,
        0,
        0,
        0,
        0,
        0,
        0,
        0,
        0,
        0,
        0,
        0,
        0,
        0,
        0,
        0,
        0,
        0,
        0,
        0,
        0,
        0,
        0,
        0,
        0,
        0,
        0,
        0,
        0,
        0,
        0,
        0
      ]
    }
  ]
}
