{
  "results": [
    {
      "command": "out/20220731101132/contention 256 1",
      "mean": 0.007522442760000001,
      "stddev": 0.00036840614375111355,
      "median": 0.0074495259,
      "user": 0.0028645499999999996,
      "system": 0.007477549999999999,
      "min": 0.0067489424,
      "max": 0.008997754400000002,
      "times": [
        0.007362314400000001,
        0.007587840400000001,
        0.0076628604000000015,
        0.0076794074,
        0.0076962164000000015,
        0.007616500400000001,
        0.007695719400000001,
        0.0077714304,
        0.007477315400000001,
        0.0080156984,
        0.007678595400000001,
        0.007615389400000001,
        0.008997754400000002,
        0.0081454714,
        0.0075669154000000015,
        0.007741234400000001,
        0.0076910054,
        0.0078103144000000015,
        0.007755144400000001,
        0.007726633400000001,
        0.007734883400000001,
        0.0075192974000000004,
        0.008022056400000002,
        0.007706012400000001,
        0.0076049314000000015,
        0.0076907844,
        0.0079672654,
        0.008350566400000002,
        0.0078301084,
        0.007572419400000001,
        0.0077341034,
        0.007685895400000001,
        0.007965289400000002,
        0.007612282400000001,
        0.007216280400000001,
        0.0073704994,
        0.007219712400000001,
        0.007808707400000001,
        0.0078383884,
        0.0074537854,
        0.0073221734000000005,
        0.0072348804,
        0.007390730400000001,
        0.007435783400000001,
        0.007313234400000001,
        0.007143362400000001,
        0.007411146400000001,
        0.007654506400000001,
        0.007368369400000001,
        0.0074750734000000015,
        0.007325794400000001,
        0.0074452664,
        0.008027545400000002,
        0.0072077504,
        0.007264639400000001,
        0.0074244314000000014,
        0.007428943400000001,
        0.0074417324000000005,
        0.0072717994,
        0.007345625400000001,
        0.0072160974000000004,
        0.007697535400000001,
        0.0072645844,
        0.0073430984,
        0.007340826400000001,
        0.007877177400000001,
        0.007611339400000001,
        0.0074732834,
        0.0072487914,
        0.007381456400000001,
        0.0073688654000000015,
        0.007609474400000001,
        0.0071563624000000004,
        0.0069563854,
        0.007017937400000001,
        0.0084855894,
        0.0071644504,
        0.0072781044000000015,
        0.0073849404000000006,
        0.0067489424,
        0.007057401400000001,
        0.0072271254,
        0.0071527414,
        0.007188574400000001,
        0.0069196744,
        0.007117528400000001,
        0.0070522244,
        0.007009605400000001,
        0.0073110484000000016,
        0.0073158954,
        0.007025230400000001,
        0.008277059400000002,
        0.007602450400000001,
        0.007181880400000001,
        0.0073794874000000015,
        0.0072153234,
        0.008058630399999999,
        0.0080253684,
        0.008350440399999999,
        0.007021526400000001
      ],
      "exit_codes": [
        0,
        0,
        0,
        0,
        0,
        0,
        0,
        0,
        0,
        0,
        0,
        0,
        0,
        0,
        0,
        0,
        0,
        0,
        0,
        0,
        0,
        0,
        0,
        0,
        0,
        0,
        0,
        0,
        0,
        0,
        0,
        0,
        0,
        0,
        0,
        0,
        0,
        0,
        0,
        0,
        0,
        0,
        0,
        0,
        0,
        0,
        0,
        0,
        0,
        0,
        0,
        0,
        0,
        0,
        0,
        0,
        0,
        0,
        0,
        0,
        0,
        0,
        0,
        0,
        0,
        0,
        0,
        0,
        0,
        0,
        0,
        0,
        0,
        0,
        0,
        0,
        0,
        0,
        0,
        0,
        0,
        0,
        0,
        0,
        0,
        0,
        0,
        0,
        0,
        0,
        0,
        0,
        0,
        0,
        0,
        0,
        0,
        0,
        0,
        0
      ]
    }
  ]
}
