{
  "results": [
    {
      "command": "out/20220731101132/contention 2 10",
      "mean": 0.0027104447600000002,
      "stddev": 0.00016311128207396487,
      "median": 0.0027108696000000005,
      "user": 0.00095753,
      "system": 0.0008083600000000005,
      "min": 0.0024245476000000006,
      "max": 0.0034805226000000004,
      "times": [
        0.0026078336,
        0.0024526776,
        0.0026612296,
        0.0028714246000000007,
        0.0026872996000000004,
        0.0028798876,
        0.0028822156000000002,
        0.0024975546000000006,
        0.0025817096000000004,
        0.0025198226000000003,
        0.0026634456,
        0.0027145036,
        0.0025712196000000002,
        0.0024245476000000006,
        0.0025554206,
        0.0030445996,
        0.0025494556000000006,
        0.0025139216000000003,
        0.0027590286,
        0.0028420376,
        0.0026859296,
        0.0027892236,
        0.0026900886,
        0.0024966376,
        0.0026504716000000004,
        0.0028468686000000004,
        0.0027182206,
        0.0027259106000000004,
        0.0027129036000000007,
        0.0027286166000000003,
        0.0028090716000000004,
        0.0026894026000000002,
        0.0028227036,
        0.0026524656000000003,
        0.0028723006,
        0.0025622386000000003,
        0.0026254646,
        0.0027841906000000004,
        0.0026024356,
        0.0029421376,
        0.0027245506,
        0.0025281766,
        0.0026672026000000002,
        0.0028931236,
        0.0029222776,
        0.0027912616000000004,
        0.0025541726,
        0.0025485406,
        0.0025342916,
        0.0026274806000000004,
        0.0027776426,
        0.0029171036000000005,
        0.0027397576000000004,
        0.0030105726,
        0.0028643336,
        0.0027754186000000006,
        0.0027902166000000005,
        0.0026224516000000002,
        0.0025833526000000003,
        0.0028705036000000006,
        0.0028812536,
        0.0028712346,
        0.0025978246,
        0.0034805226000000004,
        0.0027696686,
        0.0025457566000000004,
        0.0024703316,
        0.0025100046000000003,
        0.0026803676,
        0.0029093116,
        0.0029445356000000005,
        0.0027415996000000006,
        0.0028079986000000006,
        0.0027453006000000006,
        0.0024817466000000006,
        0.0028230536000000005,
        0.0025189356000000006,
        0.0025328686000000004,
        0.0027206216,
        0.0025233016,
        0.0025179986000000002,
        0.0026604826000000002,
        0.0028881346000000003,
        0.0026296356000000006,
        0.0025881386,
        0.0029039946000000007,
        0.0025509566,
        0.0026604716,
        0.0027997636,
        0.0027638096000000005,
        0.0025259216,
        0.0028640366,
        0.0028437036,
        0.0027088356000000004,
        0.0028694616,
        0.0027639216000000006,
        0.0026632196000000003,
        0.0025235296,
        0.0025893456000000005,
        0.0027433286000000004
      ],
      "exit_codes": [
        0,
        0,
        0,
        0,
        0,
        0,
        0,
        0,
        0,
        0,
        0,
        0,
        0,
        0,
        0,
        0,
        0,
        0,
        0,
        0,
        0,
        0,
        0,
        0,
        0,
        0,
        0,
        0,
        0,
        0,
        0,
        0,
        0,
        0,
        0,
        0,
        0,
        0,
        0,
        0,
        0,
        0,
        0,
        0,
        0,
        0,
        0,
        0,
        0,
        0,
        0,
        0,
        0,
        0,
        0,
        0,
        0,
        0,
        0,
        0,
        0,
        0,
        0,
        0,
        0,
        0,
        0,
        0,
        0,
        0,
        0,
        0,
        0,
        0,
        0,
        0,
        0,
        0,
        0,
        0,
        0,
        0,
        0,
        0,
        0,
        0,
        0,
        0,
        0,
        0,
        0,
        0,
        0,
        0,
        0,
        0,
        0,
        0,
        0,
        0
      ]
    }
  ]
}
