{
  "results": [
    {
      "command": "out/20220731101132/contention 2048 1",
      "mean": 0.06169287655999999,
      "stddev": 0.0033753103747831666,
      "median": 0.060845503880000006,
      "user": 0.014347749999999994,
      "system": 0.10948449999999997,
      "min": 0.055998497880000005,
      "max": 0.07875588388,
      "times": [
        0.06995102488,
        0.06787316288,
        0.06801791988,
        0.06665390288,
        0.06690694688,
        0.06319804488,
        0.06760286988,
        0.06271759188,
        0.06432895388000001,
        0.062313193880000006,
        0.06531520988,
        0.06606205888000001,
        0.06529258088,
        0.06896812688000001,
        0.07875588388,
        0.06424839588,
        0.07131719888,
        0.06468496088,
        0.06357356788,
        0.06248961688,
        0.06014097688,
        0.059590190880000005,
        0.06039934788000001,
        0.06150249088000001,
        0.06199732588000001,
        0.06431351888,
        0.06267671588000001,
        0.06337438788000001,
        0.06221103888,
        0.06277610288,
        0.06224200488000001,
        0.06575679888000001,
        0.06384683788,
        0.06377658588,
        0.06200115288000001,
        0.05976031788000001,
        0.06047303688000001,
        0.058923979880000005,
        0.06128617288,
        0.06080952188000001,
        0.06051613988,
        0.060058971880000006,
        0.06235455088,
        0.06207359988000001,
        0.05992847688,
        0.05912526388000001,
        0.06012902088000001,
        0.06126973388000001,
        0.06035766188000001,
        0.05894969188,
        0.06038995788,
        0.06157403588,
        0.05668025488,
        0.05987089488000001,
        0.058213686880000004,
        0.06066730488000001,
        0.05990219388000001,
        0.06021937988000001,
        0.06218941288,
        0.06170705088,
        0.057975430880000005,
        0.06139302688000001,
        0.05845506688,
        0.062059661880000005,
        0.05850531388000001,
        0.05864901988000001,
        0.06356918488,
        0.05742233288,
        0.06040913388000001,
        0.05908742388,
        0.06009226988000001,
        0.058196730880000005,
        0.06187753188,
        0.05853519588,
        0.06295580588000001,
        0.060926036880000006,
        0.06045716388,
        0.060103613880000004,
        0.06031320788000001,
        0.062016688880000004,
        0.05881625488,
        0.06150315288000001,
        0.057162123880000006,
        0.060763334880000006,
        0.05764284888000001,
        0.060253869880000005,
        0.058835968880000006,
        0.06088614388000001,
        0.06043200188,
        0.06055502988,
        0.06025743788,
        0.06050614488,
        0.06247747588000001,
        0.059506304880000006,
        0.06088148588,
        0.059189996880000005,
        0.05970887488,
        0.05676971988000001,
        0.05983414188000001,
        0.055998497880000005
      ],
      "exit_codes": [
        0,
        0,
        0,
        0,
        0,
        0,
        0,
        0,
        0,
        0,
        0,
        0,
        0,
        0,
        0,
        0,
        0,
        0,
        0,
        0,
        0,
        0,
        0,
        0,
        0,
        0,
        0,
        0,
        0,
        0,
        0,
        0,
        0,
        0,
        0,
        0,
        0,
        0,
        0,
        0,
        0,
        0,
        0,
        0,
        0,
        0,
        0,
        0,
        0,
        0,
        0,
        0,
        0,
        0,
        0,
        0,
        0,
        0,
        0,
        0,
        0,
        0,
        0,
        0,
        0,
        0,
        0,
        0,
        0,
        0,
        0,
        0,
        0,
        0,
        0,
        0,
        0,
        0,
        0,
        0,
        0,
        0,
        0,
        0,
        0,
        0,
        0,
        0,
        0,
        0,
        0,
        0,
        0,
        0,
        0,
        0,
        0,
        0,
        0,
        0
      ]
    }
  ]
}
