{
  "results": [
    {
      "command": "out/20220731101132/contention 2 10000",
      "mean": 0.004890471610000001,
      "stddev": 0.00023202006616249374,
      "median": 0.004841951860000001,
      "user": 0.005045550000000002,
      "system": 0.0008146599999999996,
      "min": 0.00455537936,
      "max": 0.005804462359999999,
      "times": [
        0.0047410603599999995,
        0.00489367936,
        0.00481296136,
        0.00469039036,
        0.00516215336,
        0.00465824836,
        0.00477864236,
        0.00462111636,
        0.00478760036,
        0.00490863036,
        0.005336549360000001,
        0.00500967636,
        0.00498925336,
        0.00488186336,
        0.00470063536,
        0.00457646236,
        0.00479510736,
        0.00504582036,
        0.00478714336,
        0.00477878836,
        0.00490098836,
        0.00521394836,
        0.00500378236,
        0.00497291036,
        0.00463569736,
        0.00455537936,
        0.00475377636,
        0.00491583036,
        0.00496636936,
        0.00465636636,
        0.0055612783600000005,
        0.00516213636,
        0.00473727936,
        0.00493640436,
        0.00491812236,
        0.005360291359999999,
        0.00493955236,
        0.0054848063599999995,
        0.00492155336,
        0.00464343136,
        0.0047484393599999996,
        0.00497685236,
        0.00492118936,
        0.00544395836,
        0.005804462359999999,
        0.0053370853599999995,
        0.00486640936,
        0.00483855136,
        0.00484156136,
        0.00474842736,
        0.00535864836,
        0.00496077236,
        0.00456314136,
        0.00468345236,
        0.00480397336,
        0.00493117136,
        0.00459661736,
        0.00484200736,
        0.00478666236,
        0.00483176536,
        0.00470736936,
        0.00464944136,
        0.00484464836,
        0.0052144563599999996,
        0.00484189636,
        0.00489728136,
        0.00480211236,
        0.00478822936,
        0.00482105136,
        0.00472714936,
        0.00489477636,
        0.00516284836,
        0.00478563736,
        0.00495879336,
        0.00490705336,
        0.00463266736,
        0.00470012136,
        0.00533751936,
        0.00506973936,
        0.00489391536,
        0.00474322636,
        0.00469907236,
        0.00472838236,
        0.00463355336,
        0.00481529736,
        0.00485662036,
        0.00490254836,
        0.00484183836,
        0.00459989236,
        0.00506638136,
        0.00501733436,
        0.00475927236,
        0.00464350636,
        0.00477201736,
        0.00500261936,
        0.00481837736,
        0.00484789336,
        0.00490672436,
        0.00504590436,
        0.0046291573599999995
      ],
      "exit_codes": [
        0,
        0,
        0,
        0,
        0,
        0,
        0,
        0,
        0,
        0,
        0,
        0,
        0,
        0,
        0,
        0,
        0,
        0,
        0,
        0,
        0,
        0,
        0,
        0,
        0,
        0,
        0,
        0,
        0,
        0,
        0,
        0,
        0,
        0,
        0,
        0,
        0,
        0,
        0,
        0,
        0,
        0,
        0,
        0,
        0,
        0,
        0,
        0,
        0,
        0,
        0,
        0,
        0,
        0,
        0,
        0,
        0,
        0,
        0,
        0,
        0,
        0,
        0,
        0,
        0,
        0,
        0,
        0,
        0,
        0,
        0,
        0,
        0,
        0,
        0,
        0,
        0,
        0,
        0,
        0,
        0,
        0,
        0,
        0,
        0,
        0,
        0,
        0,
        0,
        0,
        0,
        0,
        0,
        0,
        0,
        0,
        0,
        0,
        0,
        0
      ]
    }
  ]
}
