{
  "results": [
    {
      "command": "out/20220731101132/contention 2048 1000000",
      "mean": 0.14743494201999993,
      "stddev": 0.004050394502503446,
      "median": 0.14779948308000002,
      "user": 0.8237947899999998,
      "system": 0.13548026999999987,
      "min": 0.13621149458,
      "max": 0.15726953858,
      "times": [
        0.13621149458,
        0.13841274058,
        0.13929724758,
        0.14337285358,
        0.14043502058,
        0.13978104358,
        0.14643527858,
        0.15482206258,
        0.14825127758,
        0.14258924058,
        0.14346679158,
        0.14174911258,
        0.14120085558,
        0.14528119958,
        0.14508362258,
        0.14440747258,
        0.14407282558,
        0.14670319658,
        0.14365090957999999,
        0.14476998358,
        0.15726953858,
        0.15338268658,
        0.15534685558,
        0.15478700558,
        0.15580050458,
        0.15340489958,
        0.15507288658,
        0.14960033558,
        0.14950132258,
        0.14934359858,
        0.15069532258,
        0.15002379258,
        0.15150517257999999,
        0.15106541758,
        0.14911784258,
        0.14850949458,
        0.14929333558,
        0.14882151958,
        0.14957148658,
        0.14958143058,
        0.14636179358,
        0.14461571758,
        0.14491754258,
        0.14605303358,
        0.14375993458,
        0.14444606058,
        0.14497723558,
        0.14438585858,
        0.14435291058,
        0.14323132658,
        0.14536835158,
        0.14272163358,
        0.14426601858,
        0.14541855058,
        0.14956114558,
        0.14767630758,
        0.15084743558,
        0.15067253158,
        0.15028048258,
        0.14903977058,
        0.14907330358,
        0.14844980958,
        0.14804173958,
        0.15193411258,
        0.14775949158,
        0.15162014458,
        0.14759061958,
        0.15067779158,
        0.14814760258,
        0.15058861758,
        0.14939134758,
        0.14958612858,
        0.15023863758,
        0.14742196958,
        0.14324669858,
        0.14433637758,
        0.14384598658,
        0.14456175558,
        0.14470108058,
        0.14465694258,
        0.14783947458,
        0.14244236558,
        0.14398775758,
        0.14569310458,
        0.14394106958,
        0.14530779858,
        0.14411820058,
        0.14696557458,
        0.14959007758,
        0.14998603758,
        0.14967114058,
        0.14999424858,
        0.14772065758,
        0.15367501558,
        0.14805333558,
        0.14892769858,
        0.14994118158,
        0.15082414858,
        0.14908710558,
        0.15521573158
      ],
      "exit_codes": [
        0,
        0,
        0,
        0,
        0,
        0,
        0,
        0,
        0,
        0,
        0,
        0,
        0,
        0,
        0,
        0,
        0,
        0,
        0,
        0,
        0,
        0,
        0,
        0,
        0,
        0,
        0,
        0,
        0,
        0,
        0,
        0,
        0,
        0,
        0,
        0,
        0,
        0,
        0,
        0,
        0,
        0,
        0,
        0,
        0,
        0,
        0,
        0,
        0,
        0,
        0,
        0,
        0,
        0,
        0,
        0,
        0,
        0,
        0,
        0,
        0,
        0,
        0,
        0,
        0,
        0,
        0,
        0,
        0,
        0,
        0,
        0,
        0,
        0,
        0,
        0,
        0,
        0,
        0,
        0,
        0,
        0,
        0,
        0,
        0,
        0,
        0,
        0,
        0,
        0,
        0,
        0,
        0,
        0,
        0,
        0,
        0,
        0,
        0,
        0
      ]
    }
  ]
}
