{
  "results": [
    {
      "command": "out/20220731101132/contention 256 100000",
      "mean": 0.01610006091,
      "stddev": 0.0006805292428678487,
      "median": 0.01590366134,
      "user": 0.07990521,
      "system": 0.010272759999999999,
      "min": 0.014214788840000001,
      "max": 0.018864324840000002,
      "times": [
        0.014214788840000001,
        0.014933324840000003,
        0.01590659684,
        0.015473449840000002,
        0.01565092784,
        0.01611403284,
        0.01586717184,
        0.01543179484,
        0.01603349084,
        0.01624373284,
        0.016352686840000002,
        0.01564847584,
        0.01614440684,
        0.01581346584,
        0.01553093684,
        0.015300597840000001,
        0.01577166084,
        0.01585535784,
        0.01575319584,
        0.015573553840000002,
        0.015557201840000002,
        0.015910202840000002,
        0.015407611840000003,
        0.015442020840000003,
        0.01671751784,
        0.01588242584,
        0.01688116184,
        0.01734173884,
        0.01598152384,
        0.01814977584,
        0.01743942684,
        0.01713625084,
        0.015546167840000001,
        0.01627757484,
        0.01661660884,
        0.01564494684,
        0.01609808684,
        0.01747622784,
        0.016777465840000002,
        0.01652348784,
        0.01703015084,
        0.01609316884,
        0.01575713184,
        0.015482268840000002,
        0.01611360784,
        0.01612753684,
        0.015458901840000002,
        0.01791821284,
        0.01629821984,
        0.01575533584,
        0.01687541884,
        0.01589593784,
        0.01653401284,
        0.01622140984,
        0.015755013840000002,
        0.015320520840000003,
        0.01698460184,
        0.01586134984,
        0.015919608840000002,
        0.01618280584,
        0.01580372584,
        0.018864324840000002,
        0.01592451984,
        0.01729129484,
        0.01646233784,
        0.01576466684,
        0.01573821684,
        0.01572462984,
        0.01565280984,
        0.01618066784,
        0.01576004084,
        0.01574384284,
        0.01578092184,
        0.01591044484,
        0.016037430840000002,
        0.01599748884,
        0.01568536084,
        0.01613265184,
        0.01614081984,
        0.01585519484,
        0.01589847884,
        0.01581861884,
        0.01574621484,
        0.01588389184,
        0.01577411384,
        0.01606688284,
        0.01589651584,
        0.01583847684,
        0.01636153484,
        0.01575802384,
        0.01775277484,
        0.01735174684,
        0.01576845484,
        0.01602617384,
        0.01590072584,
        0.01573399684,
        0.01597176884,
        0.01576211184,
        0.01618713884,
        0.01605076284
      ],
      "exit_codes": [
        0,
        0,
        0,
        0,
        0,
        0,
        0,
        0,
        0,
        0,
        0,
        0,
        0,
        0,
        0,
        0,
        0,
        0,
        0,
        0,
        0,
        0,
        0,
        0,
        0,
        0,
        0,
        0,
        0,
        0,
        0,
        0,
        0,
        0,
        0,
        0,
        0,
        0,
        0,
        0,
        0,
        0,
        0,
        0,
        0,
        0,
        0,
        0,
        0,
        0,
        0,
        0,
        0,
        0,
        0,
        0,
        0,
        0,
        0,
        0,
        0,
        0,
        0,
        0,
        0,
        0,
        0,
        0,
        0,
        0,
        0,
        0,
        0,
        0,
        0,
        0,
        0,
        0,
        0,
        0,
        0,
        0,
        0,
        0,
        0,
        0,
        0,
        0,
        0,
        0,
        0,
        0,
        0,
        0,
        0,
        0,
        0,
        0,
        0,
        0
      ]
    }
  ]
}
