{
  "results": [
    {
      "command": "out/20220731101132/contention 2048 1000",
      "mean": 0.06137955848999998,
      "stddev": 0.0025081769266748883,
      "median": 0.06104220476,
      "user": 0.01570647999999999,
      "system": 0.10954773999999996,
      "min": 0.05762210576000001,
      "max": 0.07506936776,
      "times": [
        0.06338645276,
        0.061987548760000004,
        0.06275069476,
        0.06041043676000001,
        0.06369339576,
        0.06124917576,
        0.06419493876,
        0.06239636476000001,
        0.06058830576000001,
        0.06237593376000001,
        0.059568485760000005,
        0.06443967676,
        0.05941546276000001,
        0.06327489176,
        0.06478765076,
        0.07506936776,
        0.06081879476000001,
        0.07001221776,
        0.06101779476,
        0.06517015976,
        0.06150819976,
        0.06480874276,
        0.06128265076000001,
        0.06148418176000001,
        0.06173193476,
        0.05869664076000001,
        0.06082134576000001,
        0.060407759760000006,
        0.06368970676,
        0.06270410176,
        0.06250073376,
        0.06038157276000001,
        0.06301197576,
        0.061395186760000005,
        0.06391355176,
        0.062048638760000004,
        0.06295466176,
        0.061441669760000005,
        0.059248591760000004,
        0.06096143576000001,
        0.05898252876000001,
        0.060839419760000006,
        0.05942089976000001,
        0.06365183676,
        0.06012516476000001,
        0.06322189276,
        0.06200219476000001,
        0.06177943276000001,
        0.059254602760000004,
        0.06308290576,
        0.06001808176,
        0.06345313776,
        0.06211954076,
        0.06109532376000001,
        0.06057419076,
        0.06096018376,
        0.06236916876,
        0.05844441576000001,
        0.06253461076,
        0.06021694076000001,
        0.06420824576,
        0.06062206876,
        0.06306526276,
        0.06016797076,
        0.06321905376,
        0.059171165760000005,
        0.06302876576,
        0.05762210576000001,
        0.06135247776,
        0.05879383676000001,
        0.05923239176000001,
        0.05885375576000001,
        0.058147766760000004,
        0.05963015976000001,
        0.058468058760000004,
        0.05986097876000001,
        0.059865733760000005,
        0.061066614760000006,
        0.058916936760000004,
        0.060154094760000006,
        0.057705541760000006,
        0.05995079576000001,
        0.058030175760000004,
        0.06321101376,
        0.05866412976,
        0.05967501076000001,
        0.05875149376000001,
        0.05936868076000001,
        0.06046069976000001,
        0.05804508876000001,
        0.06378420976,
        0.05836356476000001,
        0.06202510376000001,
        0.060577503760000005,
        0.06431488576,
        0.060387483760000006,
        0.06224098976000001,
        0.058944525760000005,
        0.06350992676,
        0.05875007276000001
      ],
      "exit_codes": [
        0,
        0,
        0,
        0,
        0,
        0,
        0,
        0,
        0,
        0,
        0,
        0,
        0,
        0,
        0,
        0,
        0,
        0,
        0,
        0,
        0,
        0,
        0,
        0,
        0,
        0,
        0,
        0,
        0,
        0,
        0,
        0,
        0,
        0,
        0,
        0,
        0,
        0,
        0,
        0,
        0,
        0,
        0,
        0,
        0,
        0,
        0,
        0,
        0,
        0,
        0,
        0,
        0,
        0,
        0,
        0,
        0,
        0,
        0,
        0,
        0,
        0,
        0,
        0,
        0,
        0,
        0,
        0,
        0,
        0,
        0,
        0,
        0,
        0,
        0,
        0,
        0,
        0,
        0,
        0,
        0,
        0,
        0,
        0,
        0,
        0,
        0,
        0,
        0,
        0,
        0,
        0,
        0,
        0,
        0,
        0,
        0,
        0,
        0,
        0
      ]
    }
  ]
}
