{
  "results": [
    {
      "command": "out/20220731101132/contention 256 1000000",
      "mean": 0.11919919392,
      "stddev": 0.0031644962970085416,
      "median": 0.11956675642,
      "user": 0.7971396199999999,
      "system": 0.013890210000000004,
      "min": 0.11029733592,
      "max": 0.13081894992,
      "times": [
        0.11029733592,
        0.11472461092,
        0.11424225692000001,
        0.11426086692000001,
        0.11400969292,
        0.11412864692000001,
        0.11286267692,
        0.11339905692,
        0.11697748792,
        0.11696166792,
        0.11961238392000001,
        0.12038773092,
        0.11873488892,
        0.12225771792000001,
        0.12012717492000001,
        0.11949296592,
        0.11953676992000001,
        0.12056750592,
        0.12131498892,
        0.11929726392000001,
        0.11946025392000001,
        0.12265267092000001,
        0.11951902892,
        0.11951556592,
        0.11988305792000001,
        0.12045761692,
        0.12071844592,
        0.12009873492,
        0.12563828392,
        0.12389609692,
        0.12969942992,
        0.12068329292,
        0.12143049492,
        0.12000309192,
        0.12086240792,
        0.11961621392,
        0.12017539692,
        0.12050567292,
        0.12032418992,
        0.11959581392,
        0.12004996592,
        0.12046678692,
        0.12025340192,
        0.11994425992,
        0.13081894992,
        0.13024000992,
        0.12058070192,
        0.11864922592,
        0.11986067592,
        0.11738993292000001,
        0.11609681092,
        0.11606203992,
        0.11549841892,
        0.11632941492,
        0.11654949792000001,
        0.11559453892,
        0.11504065692,
        0.11510509792,
        0.11703436092,
        0.11523176592,
        0.11552619292,
        0.11576299792,
        0.11593866792,
        0.11576382592000001,
        0.11684975092000001,
        0.12068071492,
        0.12023315892,
        0.12059045692,
        0.11958972292,
        0.11873964092,
        0.11999524592000001,
        0.11993026992,
        0.11860869292000001,
        0.11940772492,
        0.12072488592,
        0.12048078192,
        0.11864414392,
        0.11941049992,
        0.11890584492,
        0.12117203692,
        0.11942283892,
        0.11836455492,
        0.12049276192,
        0.12155266692,
        0.11913071292,
        0.11910146092,
        0.12019038492,
        0.12004061792000001,
        0.11895186192,
        0.11976000492,
        0.11963214292,
        0.12088605792,
        0.11937152492,
        0.12006461492,
        0.11954378992,
        0.12090809292,
        0.11916029992,
        0.11930346292,
        0.11943889692000001,
        0.12292141792
      ],
      "exit_codes": [
        0,
        0,
        0,
        0,
        0,
        0,
        0,
        0,
        0,
        0,
        0,
        0,
        0,
        0,
        0,
        0,
        0,
        0,
        0,
        0,
        0,
        0,
        0,
        0,
        0,
        0,
        0,
        0,
        0,
        0,
        0,
        0,
        0,
        0,
        0,
        0,
        0,
        0,
        0,
        0,
        0,
        0,
        0,
        0,
        0,
        0,
        0,
        0,
        0,
        0,
        0,
        0,
        0,
        0,
        0,
        0,
        0,
        0,
        0,
        0,
        0,
        0,
        0,
        0,
        0,
        0,
        0,
        0,
        0,
        0,
        0,
        0,
        0,
        0,
        0,
        0,
        0,
        0,
        0,
        0,
        0,
        0,
        0,
        0,
        0,
        0,
        0,
        0,
        0,
        0,
        0,
        0,
        0,
        0,
        0,
        0,
        0,
        0,
        0,
        0
      ]
    }
  ]
}
