{
  "results": [
    {
      "command": "out/20220731101132/contention 2048 100",
      "mean": 0.06061848262000002,
      "stddev": 0.002018859887558219,
      "median": 0.060747593800000006,
      "user": 0.014426050000000001,
      "system": 0.10790517000000001,
      "min": 0.0556199338,
      "max": 0.0663203638,
      "times": [
        0.059452414800000006,
        0.056856744800000004,
        0.059411379800000004,
        0.0556199338,
        0.0628065178,
        0.0585762108,
        0.059470228800000004,
        0.059319862800000005,
        0.0576490138,
        0.0596809128,
        0.058800665800000006,
        0.058357960800000004,
        0.0581146928,
        0.0600683528,
        0.057825016800000004,
        0.0659296758,
        0.0663203638,
        0.06148560680000001,
        0.0637498288,
        0.059491700800000005,
        0.0636895028,
        0.06172622180000001,
        0.0599213498,
        0.0597200628,
        0.0610542248,
        0.0605614288,
        0.061714413800000006,
        0.0572130688,
        0.0626234418,
        0.0594905348,
        0.0611971018,
        0.0589032488,
        0.0634113828,
        0.057575423800000004,
        0.061593334799999996,
        0.0641025738,
        0.0616259958,
        0.0606295778,
        0.0592772108,
        0.059756570800000006,
        0.060526005800000005,
        0.0634005068,
        0.0591380248,
        0.0629620528,
        0.0587780418,
        0.0634350788,
        0.058407461800000005,
        0.061036075800000006,
        0.0578316548,
        0.0628191858,
        0.0612607748,
        0.0628771508,
        0.06068791080000001,
        0.0619046308,
        0.0601711608,
        0.061364860800000004,
        0.0602581908,
        0.058930400800000005,
        0.0614441438,
        0.0606112318,
        0.0608950578,
        0.0592429228,
        0.0632350788,
        0.056765570800000005,
        0.061100592800000006,
        0.0590236758,
        0.0616684928,
        0.0599706828,
        0.060863779800000004,
        0.0618320968,
        0.0624963008,
        0.0600128418,
        0.061591752799999996,
        0.06175728180000001,
        0.058981366800000004,
        0.0628972428,
        0.0571429518,
        0.0643443898,
        0.0578046528,
        0.06211949280000001,
        0.0592772848,
        0.061458763799999996,
        0.06104653680000001,
        0.0632805178,
        0.0624236938,
        0.060807276800000004,
        0.0583566998,
        0.0616849958,
        0.0584813868,
        0.06087349780000001,
        0.0608945348,
        0.060616068800000006,
        0.0616891968,
        0.0580508618,
        0.06152612980000001,
        0.06038501980000001,
        0.0619706458,
        0.058775633800000004,
        0.0623344158,
        0.06155057480000001
      ],
      "exit_codes": [
        0,
        0,
        0,
        0,
        0,
        0,
        0,
        0,
        0,
        0,
        0,
        0,
        0,
        0,
        0,
        0,
        0,
        0,
        0,
        0,
        0,
        0,
        0,
        0,
        0,
        0,
        0,
        0,
        0,
        0,
        0,
        0,
        0,
        0,
        0,
        0,
        0,
        0,
        0,
        0,
        0,
        0,
        0,
        0,
        0,
        0,
        0,
        0,
        0,
        0,
        0,
        0,
        0,
        0,
        0,
        0,
        0,
        0,
        0,
        0,
        0,
        0,
        0,
        0,
        0,
        0,
        0,
        0,
        0,
        0,
        0,
        0,
        0,
        0,
        0,
        0,
        0,
        0,
        0,
        0,
        0,
        0,
        0,
        0,
        0,
        0,
        0,
        0,
        0,
        0,
        0,
        0,
        0,
        0,
        0,
        0,
        0,
        0,
        0,
        0
      ]
    }
  ]
}
