{
  "results": [
    {
      "command": "out/20220731101132/contention 2 100000",
      "mean": 0.02412350189,
      "stddev": 0.0005368778942897454,
      "median": 0.023929319060000002,
      "user": 0.041569369999999994,
      "system": 0.0011396499999999996,
      "min": 0.02358625706,
      "max": 0.026311546060000003,
      "times": [
        0.023683235060000002,
        0.024572664060000003,
        0.02402126706,
        0.02430915506,
        0.023894016060000002,
        0.02395092806,
        0.02384534006,
        0.02408966006,
        0.02393350606,
        0.02373313306,
        0.024151925060000003,
        0.024296836060000004,
        0.023752274060000002,
        0.02380599606,
        0.02442936206,
        0.024224378060000003,
        0.02382217706,
        0.023790587060000003,
        0.02382099706,
        0.02358625706,
        0.02393064606,
        0.02363928406,
        0.024211294060000003,
        0.023762758060000003,
        0.023808228060000002,
        0.023770219060000004,
        0.02375544506,
        0.02380500006,
        0.023804114060000003,
        0.025008174060000003,
        0.023866171060000003,
        0.023959930060000002,
        0.02361513506,
        0.024894708060000003,
        0.023694142060000003,
        0.023896408060000002,
        0.02429069706,
        0.02584975406,
        0.025489269060000003,
        0.023751463060000002,
        0.02387304406,
        0.024185687060000002,
        0.025186202060000003,
        0.02528403606,
        0.024521565060000004,
        0.023921455060000003,
        0.024099306060000002,
        0.02527509706,
        0.024736185060000002,
        0.023718946060000003,
        0.024248358060000003,
        0.024213936060000003,
        0.02487565706,
        0.02382380606,
        0.023845661060000002,
        0.023737139060000002,
        0.02403728906,
        0.02395746606,
        0.02431407206,
        0.02446070406,
        0.02386356006,
        0.023885142060000003,
        0.023695257060000002,
        0.02367901806,
        0.023694320060000003,
        0.02372537606,
        0.02368938106,
        0.024006161060000003,
        0.02379154106,
        0.02400039006,
        0.02440652206,
        0.02450857206,
        0.023675674060000002,
        0.023827078060000003,
        0.024178859060000002,
        0.023959091060000003,
        0.023927992060000004,
        0.023666266060000003,
        0.024004804060000003,
        0.023793187060000002,
        0.024326507060000002,
        0.02372161806,
        0.023711068060000003,
        0.02395614306,
        0.02491183106,
        0.025944833060000002,
        0.024678952060000002,
        0.024137027060000003,
        0.02472083706,
        0.024650582060000002,
        0.02414117706,
        0.024024875060000003,
        0.02370257706,
        0.02373141506,
        0.023767994060000002,
        0.023707755060000002,
        0.023804595060000003,
        0.026311546060000003,
        0.023692124060000003,
        0.023896393060000003
      ],
      "exit_codes": [
        0,
        0,
        0,
        0,
        0,
        0,
        0,
        0,
        0,
        0,
        0,
        0,
        0,
        0,
        0,
        0,
        0,
        0,
        0,
        0,
        0,
        0,
        0,
        0,
        0,
        0,
        0,
        0,
        0,
        0,
        0,
        0,
        0,
        0,
        0,
        0,
        0,
        0,
        0,
        0,
        0,
        0,
        0,
        0,
        0,
        0,
        0,
        0,
        0,
        0,
        0,
        0,
        0,
        0,
        0,
        0,
        0,
        0,
        0,
        0,
        0,
        0,
        0,
        0,
        0,
        0,
        0,
        0,
        0,
        0,
        0,
        0,
        0,
        0,
        0,
        0,
        0,
        0,
        0,
        0,
        0,
        0,
        0,
        0,
        0,
        0,
        0,
        0,
        0,
        0,
        0,
        0,
        0,
        0,
        0,
        0,
        0,
        0,
        0,
        0
      ]
    }
  ]
}
