{
  "results": [
    {
      "command": "out/20220731101132/contention 256 1000",
      "mean": 0.006926819089999998,
      "stddev": 0.00024418547495187314,
      "median": 0.00686625782,
      "user": 0.003445539999999999,
      "system": 0.00738988,
      "min": 0.00657801782,
      "max": 0.008151833820000001,
      "times": [
        0.00657801782,
        0.006823244820000001,
        0.00676907782,
        0.00675408982,
        0.0067582838200000005,
        0.0068470938200000005,
        0.00709963682,
        0.006957677820000001,
        0.00677023882,
        0.00681041082,
        0.00679839782,
        0.0070378818199999995,
        0.00699603782,
        0.00697948982,
        0.00685618682,
        0.00674694782,
        0.006822440820000001,
        0.00705117182,
        0.00689012682,
        0.00680104282,
        0.006898311820000001,
        0.00679977082,
        0.00698002382,
        0.006850088820000001,
        0.00688532482,
        0.00700261682,
        0.00671948382,
        0.00683259682,
        0.00693377282,
        0.0068901458200000005,
        0.006703409820000001,
        0.006856785820000001,
        0.00737514182,
        0.00690514482,
        0.00685340682,
        0.00687443882,
        0.00686581182,
        0.006734372820000001,
        0.007332051820000001,
        0.00672091182,
        0.0069492828199999995,
        0.00675198982,
        0.00760783082,
        0.007831976820000001,
        0.006646281820000001,
        0.00710011482,
        0.00704672282,
        0.0066294888199999995,
        0.006853285820000001,
        0.008151833820000001,
        0.006776854820000001,
        0.0069755018200000005,
        0.00664418382,
        0.006976660820000001,
        0.0071162688200000004,
        0.00667816182,
        0.0068220118199999995,
        0.00689621682,
        0.006972340820000001,
        0.00723733782,
        0.00671138682,
        0.00678723082,
        0.006798546820000001,
        0.00686670382,
        0.00697129682,
        0.00712848982,
        0.00676039782,
        0.006903545820000001,
        0.0070088268199999994,
        0.00673393582,
        0.00714697882,
        0.00694383682,
        0.006934729820000001,
        0.0068144318199999995,
        0.00669120082,
        0.00703386282,
        0.00677632282,
        0.00689171282,
        0.0069199688200000005,
        0.006843203820000001,
        0.006717155820000001,
        0.0069280498200000006,
        0.0067354728199999995,
        0.00688532582,
        0.00665658882,
        0.00717941882,
        0.007294325820000001,
        0.00684782582,
        0.00683534482,
        0.00686486482,
        0.00699874482,
        0.006836015820000001,
        0.00685081882,
        0.00682848682,
        0.00694410682,
        0.0074893398199999996,
        0.007595775820000001,
        0.00700851982,
        0.006893753820000001,
        0.00679990682
      ],
      "exit_codes": [
        0,
        0,
        0,
        0,
        0,
        0,
        0,
        0,
        0,
        0,
        0,
        0,
        0,
        0,
        0,
        0,
        0,
        0,
        0,
        0,
        0,
        0,
        0,
        0,
        0,
        0,
        0,
        0,
        0,
        0,
        0,
        0,
        0,
        0,
        0,
        0,
        0,
        0,
        0,
        0,
        0,
        0,
        0,
        0,
        0,
        0,
        0,
        0,
        0,
        0,
        0,
        0,
        0,
        0,
        0,
        0,
        0,
        0,
        0,
        0,
        0,
        0,
        0,
        0,
        0,
        0,
        0,
        0,
        0,
        0,
        0,
        0,
        0,
        0,
        0,
        0,
        0,
        0,
        0,
        0,
        0,
        0,
        0,
        0,
        0,
        0,
        0,
        0,
        0,
        0,
        0,
        0,
        0,
        0,
        0,
        0,
        0,
        0,
        0,
        0
      ]
    }
  ]
}
