{
  "results": [
    {
      "command": "out/20220731101132/contention 2 1",
      "mean": 0.0027430803300000023,
      "stddev": 0.0002836204771600792,
      "median": 0.0027094256200000002,
      "user": 0.0009477099999999999,
      "system": 0.0008025300000000003,
      "min": 0.00226637212,
      "max": 0.00364790012,
      "times": [
        0.0027131231200000004,
        0.0024612081200000003,
        0.0025272441200000005,
        0.0024919341200000003,
        0.00272004312,
        0.0027695181200000003,
        0.0027813211200000006,
        0.0027140241200000006,
        0.0030829691200000005,
        0.00276658212,
        0.00248459312,
        0.0026851271200000006,
        0.0029005921200000004,
        0.00254771512,
        0.0024721681200000002,
        0.00263965712,
        0.0028032201200000003,
        0.0026901061200000002,
        0.0027589191200000003,
        0.0027463951200000004,
        0.0027089091200000006,
        0.0029539461200000007,
        0.0029509371200000007,
        0.0027631241200000004,
        0.0027005781200000003,
        0.00330361712,
        0.00364687812,
        0.00316020212,
        0.0027837951200000003,
        0.0025725471200000005,
        0.0025240851200000005,
        0.0025575191200000002,
        0.0026785891200000003,
        0.00250737312,
        0.0024497191200000003,
        0.00253448712,
        0.0029031281200000004,
        0.00364790012,
        0.0030242001200000003,
        0.0024167201200000006,
        0.0025080071200000004,
        0.00255786712,
        0.0028526841200000003,
        0.00245442412,
        0.0024898871200000005,
        0.0024413481200000003,
        0.0034751191200000004,
        0.00258323112,
        0.0025031291200000006,
        0.00331270512,
        0.0028108641200000005,
        0.00259176212,
        0.00248134412,
        0.0034634061200000004,
        0.00281544312,
        0.0027876871200000005,
        0.00250625312,
        0.0024279011200000005,
        0.0028529161200000004,
        0.00270994212,
        0.0024650441200000004,
        0.00239678512,
        0.00249435512,
        0.00311292612,
        0.00313097912,
        0.0024974661200000002,
        0.00226637212,
        0.0026876491200000002,
        0.0027265831200000003,
        0.0025172931200000003,
        0.0025341421200000005,
        0.0025118651200000002,
        0.0025490091200000005,
        0.0025266111200000006,
        0.00283436012,
        0.0028944371200000005,
        0.0025356431200000006,
        0.0025030441200000002,
        0.00253716812,
        0.0025929101200000003,
        0.00245337812,
        0.0025181841200000005,
        0.00278886112,
        0.00284601912,
        0.0028248231200000006,
        0.00293650112,
        0.00274262212,
        0.00270459912,
        0.00279457412,
        0.00274494412,
        0.0028187561200000003,
        0.00295634812,
        0.0029273931200000003,
        0.00279966812,
        0.0034036311200000007,
        0.0025637821200000005,
        0.00331099812,
        0.0032734621200000004,
        0.0026749441200000002,
        0.0027392631200000004
      ],
      "exit_codes": [
        0,
        0,
        0,
        0,
        0,
        0,
        0,
        0,
        0,
        0,
        0,
        0,
        0,
        0,
        0,
        0,
        0,
        0,
        0,
        0,
        0,
        0,
        0,
        0,
        0,
        0,
        0,
        0,
        0,
        0,
        0,
        0,
        0,
        0,
        0,
        0,
        0,
        0,
        0,
        0,
        0,
        0,
        0,
        0,
        0,
        0,
        0,
        0,
        0,
        0,
        0,
        0,
        0,
        0,
        0,
        0,
        0,
        0,
        0,
        0,
        0,
        0,
        0,
        0,
        0,
        0,
        0,
        0,
        0,
        0,
        0,
        0,
        0,
        0,
        0,
        0,
        0,
        0,
        0,
        0,
        0,
        0,
        0,
        0,
        0,
        0,
        0,
        0,
        0,
        0,
        0,
        0,
        0,
        0,
        0,
        0,
        0,
        0,
        0,
        0
      ]
    }
  ]
}
