{
  "results": [
    {
      "command": "out/20220731101132/contention 256 100",
      "mean": 0.006894741800000001,
      "stddev": 0.00027578499928070967,
      "median": 0.006868814340000001,
      "user": 0.00290166,
      "system": 0.007081699999999999,
      "min": 0.006421937840000001,
      "max": 0.008237906840000002,
      "times": [
        0.006932299840000001,
        0.0067752778400000015,
        0.006858604840000001,
        0.006915861840000001,
        0.006968800840000001,
        0.006926953840000001,
        0.00683984984,
        0.006890579840000001,
        0.0068665218400000005,
        0.00774340884,
        0.0069531348400000016,
        0.006764877840000001,
        0.007136780840000001,
        0.006977593840000001,
        0.007004644840000001,
        0.006836134840000001,
        0.007023286840000002,
        0.006732325840000001,
        0.006849369840000001,
        0.006729399840000001,
        0.006978099840000002,
        0.006921455840000002,
        0.0068975148400000005,
        0.006883711840000001,
        0.006806574840000001,
        0.006939542840000002,
        0.00677027384,
        0.007231522840000001,
        0.0068250268400000015,
        0.006858482840000001,
        0.007051257840000002,
        0.00731651384,
        0.006940266840000001,
        0.006869397840000001,
        0.006720714840000001,
        0.0068087788400000016,
        0.007188351840000001,
        0.006892814840000001,
        0.006998775840000001,
        0.007254645840000001,
        0.006829674840000001,
        0.008237906840000002,
        0.006827173840000001,
        0.006968668840000001,
        0.0068684598400000005,
        0.0070382008400000015,
        0.006991253840000001,
        0.0069304868400000014,
        0.006988406840000001,
        0.006810469840000001,
        0.008008976840000001,
        0.007157264840000002,
        0.007310104840000001,
        0.007126137840000001,
        0.006687588840000001,
        0.006421937840000001,
        0.007176799840000001,
        0.00688938784,
        0.006927005840000002,
        0.0069811208400000005,
        0.0069898348400000004,
        0.006869168840000002,
        0.006973397840000001,
        0.006931798840000001,
        0.006811662840000001,
        0.006959392840000002,
        0.006779850840000001,
        0.007280401840000001,
        0.006774603840000001,
        0.00653489984,
        0.006620863840000001,
        0.006603205840000001,
        0.006925807840000001,
        0.006566059840000001,
        0.006539666840000001,
        0.006596090840000001,
        0.006633651840000001,
        0.0067312668400000015,
        0.0065795038400000005,
        0.006486882840000001,
        0.006605725840000002,
        0.006819773840000001,
        0.006547629840000001,
        0.006998453840000002,
        0.0066708298400000015,
        0.006561765840000001,
        0.006739869840000001,
        0.006582534840000001,
        0.006739305840000001,
        0.0067370078400000016,
        0.006708909840000001,
        0.006540590840000001,
        0.0069832038400000004,
        0.007335930840000001,
        0.006750732840000001,
        0.006826411840000001,
        0.006698180840000002,
        0.0066791468400000005,
        0.006748503840000001,
        0.00695519684
      ],
      "exit_codes": [
        0,
        0,
        0,
        0,
        0,
        0,
        0,
        0,
        0,
        0,
        0,
        0,
        0,
        0,
        0,
        0,
        0,
        0,
        0,
        0,
        0,
        0,
        0,
        0,
        0,
        0,
        0,
        0,
        0,
        0,
        0,
        0,
        0,
        0,
        0,
        0,
        0,
        0,
        0,
        0,
        0,
        0,
        0,
        0,
        0,
        0,
        0,
        0,
        0,
        0,
        0,
        0,
        0,
        0,
        0,
        0,
        0,
        0,
        0,
        0,
        0,
        0,
        0,
        0,
        0,
        0,
        0,
        0,
        0,
        0,
        0,
        0,
        0,
        0,
        0,
        0,
        0,
        0,
        0,
        0,
        0,
        0,
        0,
        0,
        0,
        0,
        0,
        0,
        0,
        0,
        0,
        0,
        0,
        0,
        0,
        0,
        0,
        0,
        0,
        0
      ]
    }
  ]
}
