{
  "results": [
    {
      "command": "out/20220731101132/contention 2 1000000",
      "mean": 0.22047408420999998,
      "stddev": 0.014725016720035905,
      "median": 0.21679233740000003,
      "user": 0.41678552,
      "system": 0.005371859999999998,
      "min": 0.20813076440000003,
      "max": 0.2955004154,
      "times": [
        0.20904169840000003,
        0.20868675940000003,
        0.21013167240000002,
        0.20944847840000003,
        0.20946403640000003,
        0.2091461424,
        0.20976831440000002,
        0.20909952940000004,
        0.20932830740000002,
        0.20927180940000004,
        0.20813076440000003,
        0.20862741440000002,
        0.20922205740000002,
        0.21685312640000004,
        0.23724311640000004,
        0.21729348040000002,
        0.21714846340000002,
        0.22952599240000002,
        0.20911577040000004,
        0.21052369740000001,
        0.23512028140000002,
        0.20940116240000003,
        0.2087039874,
        0.21015283040000002,
        0.20972299340000003,
        0.20963135140000003,
        0.20838482740000003,
        0.2084690154,
        0.20938365340000004,
        0.21285080940000004,
        0.21916282440000004,
        0.22399321240000003,
        0.21735124440000003,
        0.2193720604,
        0.21839338640000003,
        0.22944445640000002,
        0.21003853040000003,
        0.24126684540000004,
        0.21504206940000004,
        0.21118128240000003,
        0.21338724040000004,
        0.21772513340000002,
        0.21339402140000002,
        0.21607150640000003,
        0.21585241140000003,
        0.21784941940000002,
        0.21619304540000003,
        0.21492334640000002,
        0.21589217840000002,
        0.21468684340000002,
        0.21992561840000002,
        0.21627867640000004,
        0.21570533240000003,
        0.21595573340000002,
        0.21610519240000003,
        0.21770081040000003,
        0.21586481540000002,
        0.21575911540000003,
        0.21551154540000003,
        0.21643053840000004,
        0.2162473454,
        0.21972249040000003,
        0.21671996940000002,
        0.21457699740000002,
        0.21870283440000002,
        0.21624720340000003,
        0.2183205394,
        0.2165937384,
        0.21777325340000003,
        0.21725886240000003,
        0.21673154840000003,
        0.22217408540000003,
        0.21662093640000002,
        0.21764889340000002,
        0.21708193140000004,
        0.24902253040000003,
        0.2907152774,
        0.22243464440000002,
        0.24678189840000003,
        0.2224487884,
        0.22144507340000003,
        0.22328686640000003,
        0.22386409840000002,
        0.2645079874,
        0.2955004154,
        0.2634165184,
        0.23720110240000003,
        0.22942404640000003,
        0.22882843340000003,
        0.22926575640000002,
        0.2289784344,
        0.22593523540000002,
        0.22175453040000004,
        0.22373841040000003,
        0.22262034340000003,
        0.22077309340000004,
        0.22302279940000003,
        0.22104070640000004,
        0.22166720540000004,
        0.22196361740000004
      ],
      "exit_codes": [
        0,
        0,
        0,
        0,
        0,
        0,
        0,
        0,
        0,
        0,
        0,
        0,
        0,
        0,
        0,
        0,
        0,
        0,
        0,
        0,
        0,
        0,
        0,
        0,
        0,
        0,
        0,
        0,
        0,
        0,
        0,
        0,
        0,
        0,
        0,
        0,
        0,
        0,
        0,
        0,
        0,
        0,
        0,
        0,
        0,
        0,
        0,
        0,
        0,
        0,
        0,
        0,
        0,
        0,
        0,
        0,
        0,
        0,
        0,
        0,
        0,
        0,
        0,
        0,
        0,
        0,
        0,
        0,
        0,
        0,
        0,
        0,
        0,
        0,
        0,
        0,
        0,
        0,
        0,
        0,
        0,
        0,
        0,
        0,
        0,
        0,
        0,
        0,
        0,
        0,
        0,
        0,
        0,
        0,
        0,
        0,
        0,
        0,
        0,
        0
      ]
    }
  ]
}
