{
  "results": [
    {
      "command": "out/20220731101132/contention 2 1000",
      "mean": 0.0029680422800000008,
      "stddev": 0.00018454050667478914,
      "median": 0.0029684738800000005,
      "user": 0.00139129,
      "system": 0.00078942,
      "min": 0.00253545538,
      "max": 0.00364471538,
      "times": [
        0.00279944438,
        0.0030035163800000006,
        0.0030259223800000005,
        0.00271836938,
        0.00276556938,
        0.0030533413800000004,
        0.00300592338,
        0.0028458393800000004,
        0.00292486638,
        0.00274898338,
        0.0028095663800000005,
        0.0031084213800000003,
        0.0029864163800000006,
        0.0029490153800000004,
        0.0029800243800000006,
        0.0031026613800000007,
        0.0029880663800000004,
        0.00300247438,
        0.0032292633800000007,
        0.0030604553800000003,
        0.0031556023800000006,
        0.00312399438,
        0.00308138038,
        0.0030221423800000004,
        0.0030290453800000004,
        0.0028935383800000004,
        0.00271506938,
        0.00293449038,
        0.00303381138,
        0.0033108773800000005,
        0.0031413523800000002,
        0.0027377753800000007,
        0.00277488638,
        0.00293152038,
        0.0028942323800000003,
        0.00278149438,
        0.00277243138,
        0.00275644838,
        0.0030303143800000003,
        0.0032853813800000006,
        0.0029049003800000004,
        0.0027102733800000002,
        0.0028298133800000007,
        0.00307561138,
        0.00292388638,
        0.0029712723800000007,
        0.0029187633800000006,
        0.00288511838,
        0.0032054373800000004,
        0.00296107338,
        0.00308716438,
        0.0029189333800000005,
        0.00300077038,
        0.00301924438,
        0.0029622783800000007,
        0.0029274713800000003,
        0.00315152638,
        0.00297651738,
        0.00281350538,
        0.00325735538,
        0.0030522153800000007,
        0.00292655038,
        0.0029406403800000007,
        0.00275131038,
        0.0030024323800000004,
        0.00316689938,
        0.0031696263800000003,
        0.0028229273800000005,
        0.0028153353800000006,
        0.0027953403800000005,
        0.0031149483800000004,
        0.00301587438,
        0.0029642673800000007,
        0.00295501238,
        0.0031767463800000005,
        0.0031038503800000002,
        0.00280081738,
        0.0029252673800000007,
        0.00280359538,
        0.0027197483800000003,
        0.00276273338,
        0.00313907538,
        0.0032088513800000006,
        0.00298587838,
        0.00364471538,
        0.0034182093800000004,
        0.0025541823800000005,
        0.0025806553800000005,
        0.00253545538,
        0.0026883683800000002,
        0.0029448843800000003,
        0.00303486938,
        0.00298713938,
        0.0034637543800000005,
        0.00303988538,
        0.00285581438,
        0.00302172638,
        0.0029656753800000003,
        0.0029451823800000004,
        0.00298892038
      ],
      "exit_codes": [
        0,
        0,
        0,
        0,
        0,
        0,
        0,
        0,
        0,
        0,
        0,
        0,
        0,
        0,
        0,
        0,
        0,
        0,
        0,
        0,
        0,
        0,
        0,
        0,
        0,
        0,
        0,
        0,
        0,
        0,
        0,
        0,
        0,
        0,
        0,
        0,
        0,
        0,
        0,
        0,
        0,
        0,
        0,
        0,
        0,
        0,
        0,
        0,
        0,
        0,
        0,
        0,
        0,
        0,
        0,
        0,
        0,
        0,
        0,
        0,
        0,
        0,
        0,
        0,
        0,
        0,
        0,
        0,
        0,
        0,
        0,
        0,
        0,
        0,
        0,
        0,
        0,
        0,
        0,
        0,
        0,
        0,
        0,
        0,
        0,
        0,
        0,
        0,
        0,
        0,
        0,
        0,
        0,
        0,
        0,
        0,
        0,
        0,
        0,
        0
      ]
    }
  ]
}
