{
  "results": [
    {
      "command": "out/20220731101132/contention 2 100",
      "mean": 0.0018714546699999982,
      "stddev": 0.00019738218458295695,
      "median": 0.0018664583000000002,
      "user": 0.0009697700000000001,
      "system": 0.0007247099999999998,
      "min": 0.0015303913000000004,
      "max": 0.0027563983,
      "times": [
        0.0019488103000000001,
        0.0018664913000000002,
        0.0021535583000000004,
        0.0019691733,
        0.0021291073000000004,
        0.0018187853000000004,
        0.0017102493000000002,
        0.0017223422999999996,
        0.0018821943,
        0.0016879473,
        0.0019901013,
        0.0019334972999999998,
        0.0017098612999999997,
        0.0017334283,
        0.0020776983,
        0.0019363942999999998,
        0.0018942782999999998,
        0.0017393592999999999,
        0.0017648533,
        0.0017648943,
        0.0018954233,
        0.0023131343,
        0.0019398992999999998,
        0.0024934853,
        0.0019373582999999998,
        0.0018012803000000003,
        0.0018194443000000005,
        0.0016769193000000003,
        0.0017597932999999996,
        0.0019746263,
        0.0018664733,
        0.0017084893000000002,
        0.0019988953,
        0.0018450643,
        0.0016019182999999996,
        0.0018093542999999997,
        0.0018101933000000004,
        0.0018132152999999996,
        0.0019710783,
        0.0020333363,
        0.0018771493000000004,
        0.0019968282999999996,
        0.0022502663000000004,
        0.0019110172999999998,
        0.0017082892999999997,
        0.0017103773000000004,
        0.0018852653000000002,
        0.0016638253000000004,
        0.0016941882999999998,
        0.0017871922999999996,
        0.0017058533,
        0.0020083113,
        0.0020291653,
        0.0017327083,
        0.0016126693000000003,
        0.0017856032999999999,
        0.0019714642999999997,
        0.0018653033000000001,
        0.0018367862999999996,
        0.0018973122999999996,
        0.0018985403000000003,
        0.0017402903,
        0.0017654283,
        0.0020200833000000003,
        0.0019733933,
        0.0019550283,
        0.0019662163000000003,
        0.0017220402999999999,
        0.0016406012999999999,
        0.0016565783000000002,
        0.0018664433000000003,
        0.0020211683,
        0.0018511723000000004,
        0.0017342103000000005,
        0.0019019902999999998,
        0.0019003522999999998,
        0.0018536632999999999,
        0.0018031033,
        0.0016408313000000002,
        0.0016702282999999998,
        0.0019160743,
        0.0019996642999999996,
        0.0018420653,
        0.0020124653000000003,
        0.0019396723000000005,
        0.0016024333,
        0.0016208623000000004,
        0.0017424003000000004,
        0.0027563983,
        0.0018922812999999997,
        0.0026108663000000004,
        0.0018846282999999998,
        0.0016759363,
        0.0016961212999999998,
        0.0019781373,
        0.0019821153,
        0.0018861182999999997,
        0.0015919333,
        0.0015303913000000004,
        0.0019715563
      ],
      "exit_codes": [
        0,
        0,
        0,
        0,
        0,
        0,
        0,
        0,
        0,
        0,
        0,
        0,
        0,
        0,
        0,
        0,
        0,
        0,
        0,
        0,
        0,
        0,
        0,
        0,
        0,
        0,
        0,
        0,
        0,
        0,
        0,
        0,
        0,
        0,
        0,
        0,
        0,
        0,
        0,
        0,
        0,
        0,
        0,
        0,
        0,
        0,
        0,
        0,
        0,
        0,
        0,
        0,
        0,
        0,
        0,
        0,
        0,
        0,
        0,
        0,
        0,
        0,
        0,
        0,
        0,
        0,
        0,
        0,
        0,
        0,
        0,
        0,
        0,
        0,
        0,
        0,
        0,
        0,
        0,
        0,
        0,
        0,
        0,
        0,
        0,
        0,
        0,
        0,
        0,
        0,
        0,
        0,
        0,
        0,
        0,
        0,
        0,
        0,
        0,
        0
      ]
    }
  ]
}
