{
  "results": [
    {
      "command": "out/20220731101132/contention 2048 10",
      "mean": 0.06003495055000001,
      "stddev": 0.0022667892597301007,
      "median": 0.06021515444,
      "user": 0.01425797,
      "system": 0.10667124000000001,
      "min": 0.05600558894,
      "max": 0.06962692894,
      "times": [
        0.060151175939999996,
        0.05628023594,
        0.061627666940000006,
        0.05844967394,
        0.059739628940000004,
        0.056710859940000004,
        0.05796923894,
        0.05695699894,
        0.06029188094,
        0.05637170594,
        0.05814523894,
        0.05666305394,
        0.05831924494,
        0.05946487494,
        0.05600558894,
        0.06808022794,
        0.06962692894,
        0.06282808194,
        0.06334066294,
        0.06062293994000001,
        0.06020223194,
        0.060935568940000004,
        0.05788470994,
        0.061309143940000005,
        0.058498905940000005,
        0.061253008940000006,
        0.06106265594,
        0.06215678094,
        0.060948670940000005,
        0.06031078894,
        0.061393715939999996,
        0.059278897940000005,
        0.06063628194000001,
        0.057998536940000005,
        0.060794774940000004,
        0.05968309594,
        0.061438195939999996,
        0.056437405940000004,
        0.060763107940000005,
        0.05715886994,
        0.060924931939999996,
        0.05910195194,
        0.06094019294,
        0.06116730894,
        0.060571769940000006,
        0.06045894594000001,
        0.059414526940000004,
        0.05964411194,
        0.058093492940000005,
        0.06207208694000001,
        0.059270488940000005,
        0.06502545694,
        0.05690873094,
        0.06154726194,
        0.057449100940000004,
        0.05980631694,
        0.058463127940000005,
        0.060653001940000006,
        0.06185492594,
        0.06201995994000001,
        0.05955726294,
        0.06077442594,
        0.06164274294000001,
        0.05849004094,
        0.061217546940000006,
        0.05792282494,
        0.060445891939999996,
        0.06279136894000001,
        0.060877077939999996,
        0.05910596894,
        0.060934879940000006,
        0.057322742940000004,
        0.06061830094000001,
        0.05889987294,
        0.06120978994000001,
        0.06340943594000001,
        0.06025848194,
        0.05960111094,
        0.059098229940000004,
        0.060210509940000004,
        0.059496102940000004,
        0.06112312094,
        0.05971585694,
        0.06281045994000001,
        0.05751444494,
        0.060684881940000004,
        0.05744134594,
        0.06138553594,
        0.06299815394,
        0.060062504940000004,
        0.06291532894,
        0.062000430940000004,
        0.06091663294000001,
        0.058858482940000005,
        0.05775723194,
        0.05695612194,
        0.05825582094,
        0.05667923494,
        0.06021979894,
        0.058136101940000004
      ],
      "exit_codes": [
        0,
        0,
        0,
        0,
        0,
        0,
        0,
        0,
        0,
        0,
        0,
        0,
        0,
        0,
        0,
        0,
        0,
        0,
        0,
        0,
        0,
        0,
        0,
        0,
        0,
        0,
        0,
        0,
        0,
        0,
        0,
        0,
        0,
        0,
        0,
        0,
        0,
        0,
        0,
        0,
        0,
        0,
        0,
        0,
        0,
        0,
        0,
        0,
        0,
        0,
        0,
        0,
        0,
        0,
        0,
        0,
        0,
        0,
        0,
        0,
        0,
        0,
        0,
        0,
        0,
        0,
        0,
        0,
        0,
        0,
        0,
        0,
        0,
        0,
        0,
        0,
        0,
        0,
        0,
        0,
        0,
        0,
        0,
        0,
        0,
        0,
        0,
        0,
        0,
        0,
        0,
        0,
        0,
        0,
        0,
        0,
        0,
        0,
        0,
        0
      ]
    }
  ]
}
