{
  "results": [
    {
      "command": "out/20220731101132/contention 32 1",
      "mean": 0.0034247839899999998,
      "stddev": 0.0001823535456816228,
      "median": 0.003421655119999999,
      "user": 0.0012845999999999999,
      "system": 0.0016491699999999984,
      "min": 0.0030934691199999997,
      "max": 0.00407842512,
      "times": [
        0.003391595119999999,
        0.0033199811199999996,
        0.0033193751199999994,
        0.0033449591199999997,
        0.003525457119999999,
        0.003643050119999999,
        0.0034107751199999995,
        0.003428594119999999,
        0.0034500681199999997,
        0.0035360321199999997,
        0.0033564301199999996,
        0.0034938681199999998,
        0.0035247591199999997,
        0.003690329119999999,
        0.003454060119999999,
        0.0035198361199999992,
        0.003471661119999999,
        0.0033097381199999995,
        0.0035295461199999997,
        0.0032786071199999993,
        0.003445628119999999,
        0.003688561119999999,
        0.0033070401199999998,
        0.0034970701199999996,
        0.003641908119999999,
        0.0034993941199999994,
        0.003399946119999999,
        0.003476575119999999,
        0.0034843241199999995,
        0.0034933381199999994,
        0.003661755119999999,
        0.003434584119999999,
        0.0033772161199999997,
        0.0034626371199999993,
        0.00346611312,
        0.0036515901199999997,
        0.003675983119999999,
        0.003419704119999999,
        0.003393676119999999,
        0.0035636161199999994,
        0.0033404251199999993,
        0.0033188491199999995,
        0.0033861481199999994,
        0.0034614951199999993,
        0.0034710751199999996,
        0.003466187119999999,
        0.0035311151199999996,
        0.003373251119999999,
        0.003423606119999999,
        0.003446261119999999,
        0.0035398691199999993,
        0.003754167119999999,
        0.00407842512,
        0.0036485941199999997,
        0.0034058831199999993,
        0.003381538119999999,
        0.0031948291199999997,
        0.0032553981199999996,
        0.0032960721199999997,
        0.003157468119999999,
        0.003979323119999999,
        0.003292720119999999,
        0.0031645801199999993,
        0.0032032551199999994,
        0.003280669119999999,
        0.0031907031199999995,
        0.003177936119999999,
        0.0035514071199999994,
        0.003442499119999999,
        0.003168395119999999,
        0.0035585071199999998,
        0.0032204821199999993,
        0.0030934691199999997,
        0.003246555119999999,
        0.003215066119999999,
        0.0033226921199999994,
        0.0035368031199999998,
        0.0032645551199999997,
        0.0034909071199999996,
        0.003400294119999999,
        0.0032440911199999992,
        0.003917891119999999,
        0.0032406911199999995,
        0.00376066512,
        0.0034667681199999994,
        0.003314943119999999,
        0.003285446119999999,
        0.0031740001199999997,
        0.0032402461199999995,
        0.003317670119999999,
        0.0030973881199999995,
        0.003434202119999999,
        0.0034730671199999998,
        0.0031463311199999996,
        0.0032354461199999994,
        0.003358313119999999,
        0.003351568119999999,
        0.0035091471199999997,
        0.003371781119999999,
        0.0037678831199999996
      ],
      "exit_codes": [
        0,
        0,
        0,
        0,
        0,
        0,
        0,
        0,
        0,
        0,
        0,
        0,
        0,
        0,
        0,
        0,
        0,
        0,
        0,
        0,
        0,
        0,
        0,
        0,
        0,
        0,
        0,
        0,
        0,
        0,
        0,
        0,
        0,
        0,
        0,
        0,
        0,
        0,
        0,
        0,
        0,
        0,
        0,
        0,
        0,
        0,
        0,
        0,
        0,
        0,
        0,
        0,
        0,
        0,
        0,
        0,
        0,
        0,
        0,
        0,
        0,
        0,
        0,
        0,
        0,
        0,
        0,
        0,
        0,
        0,
        0,
        0,
        0,
        0,
        0,
        0,
        0,
        0,
        0,
        0,
        0,
        0,
        0,
        0,
        0,
        0,
        0,
        0,
        0,
        0,
        0,
        0,
        0,
        0,
        0,
        0,
        0,
        0,
        0,
        0
      ]
    }
  ]
}
