{
  "results": [
    {
      "command": "out/20220731101132/contention 32 100",
      "mean": 0.003176709359999999,
      "stddev": 0.0001844413953240849,
      "median": 0.0031447836999999998,
      "user": 0.00140481,
      "system": 0.0018390499999999996,
      "min": 0.0029081256999999995,
      "max": 0.0041007057,
      "times": [
        0.0029525126999999994,
        0.0031395337,
        0.0032121007,
        0.0030484096999999996,
        0.0032512457,
        0.0030993466999999996,
        0.0031277456999999997,
        0.0033194297,
        0.0030514147,
        0.0030549867000000002,
        0.0033214996999999997,
        0.0033670837,
        0.0029763896999999997,
        0.0035905897,
        0.0032777836999999996,
        0.0030895766999999995,
        0.0039209737,
        0.0031760287000000002,
        0.0031827357,
        0.0036621706999999996,
        0.0032498126999999997,
        0.0031328977,
        0.0032557416999999997,
        0.0031543007,
        0.0030437096999999997,
        0.0032014787,
        0.0032905746999999995,
        0.0031710687,
        0.0033696786999999995,
        0.0032378407,
        0.0031903006999999995,
        0.0030080127000000003,
        0.0030792526999999996,
        0.0032382047,
        0.0031198087,
        0.0030747476999999994,
        0.0036686097,
        0.0031239547,
        0.0031608726999999997,
        0.0032386377,
        0.0029935486999999998,
        0.0030033567,
        0.0033290946999999997,
        0.0034729527,
        0.0033126836999999997,
        0.0041007057,
        0.0031011606999999997,
        0.0031059266999999995,
        0.0034088846999999994,
        0.0032376497,
        0.0030314757,
        0.0029743107,
        0.0029405006999999998,
        0.0031391497,
        0.0032837087,
        0.0031381217,
        0.0030744736999999997,
        0.0030262676999999994,
        0.0030717427,
        0.0031039326999999996,
        0.0031332157,
        0.0031567327,
        0.0031532737,
        0.0032715207000000002,
        0.0032352567,
        0.0031236847,
        0.0031439077,
        0.0031456596999999997,
        0.0030776977,
        0.0031711986999999994,
        0.0031575936999999996,
        0.0033535226999999996,
        0.0030537456999999994,
        0.0032331926999999996,
        0.0031343447,
        0.0030631016999999997,
        0.0032475167,
        0.0030965436999999996,
        0.0030861786999999996,
        0.0032716106999999997,
        0.0031718307,
        0.0031927866999999998,
        0.0031239217000000002,
        0.0031942037,
        0.0030214977,
        0.0031113867,
        0.0031515007,
        0.0029686657,
        0.0031784847,
        0.0031906016999999997,
        0.0032094516999999997,
        0.0031072807,
        0.0031492087,
        0.0029081256999999995,
        0.0030157527000000003,
        0.0030078986999999995,
        0.0029865706999999994,
        0.0029536556999999997,
        0.0030520257,
        0.0029858746999999997
      ],
      "exit_codes": [
        0,
        0,
        0,
        0,
        0,
        0,
        0,
        0,
        0,
        0,
        0,
        0,
        0,
        0,
        0,
        0,
        0,
        0,
        0,
        0,
        0,
        0,
        0,
        0,
        0,
        0,
        0,
        0,
        0,
        0,
        0,
        0,
        0,
        0,
        0,
        0,
        0,
        0,
        0,
        0,
        0,
        0,
        0,
        0,
        0,
        0,
        0,
        0,
        0,
        0,
        0,
        0,
        0,
        0,
        0,
        0,
        0,
        0,
        0,
        0,
        0,
        0,
        0,
        0,
        0,
        0,
        0,
        0,
        0,
        0,
        0,
        0,
        0,
        0,
        0,
        0,
        0,
        0,
        0,
        0,
        0,
        0,
        0,
        0,
        0,
        0,
        0,
        0,
        0,
        0,
        0,
        0,
        0,
        0,
        0,
        0,
        0,
        0,
        0,
        0
      ]
    }
  ]
}
