{
  "results": [
    {
      "command": "out/20220731101132/contention 32 1000",
      "mean": 0.0032415186299999997,
      "stddev": 0.00022823975559209771,
      "median": 0.00318877026,
      "user": 0.00199971,
      "system": 0.0019431800000000005,
      "min": 0.00270093226,
      "max": 0.00432557926,
      "times": [
        0.00307635326,
        0.00305929226,
        0.0031213702600000003,
        0.00302918626,
        0.00324110626,
        0.0031606612599999998,
        0.0034415592599999997,
        0.00312068826,
        0.00432557926,
        0.0030615282600000003,
        0.00270093226,
        0.0028942152599999997,
        0.0032410792600000003,
        0.0031399822599999998,
        0.00307282026,
        0.0031620572599999996,
        0.00301628026,
        0.00325011526,
        0.0032902342599999998,
        0.0036042032599999997,
        0.00310490026,
        0.0031806452600000004,
        0.0030566712599999998,
        0.0030797862600000004,
        0.00311215126,
        0.00307762526,
        0.00323673626,
        0.0031281412600000003,
        0.0030715882600000004,
        0.00298900826,
        0.0031050152600000003,
        0.00317218626,
        0.0029908082600000004,
        0.0029958882599999998,
        0.00315967726,
        0.0034171412599999997,
        0.0031064862599999997,
        0.00318392026,
        0.0034432122600000004,
        0.00310715126,
        0.00317633326,
        0.0030076342599999997,
        0.00310566826,
        0.00341242126,
        0.0033998622600000003,
        0.00306071126,
        0.00323321426,
        0.00308830626,
        0.00299808426,
        0.00319587226,
        0.0030421922600000002,
        0.00305882626,
        0.0033994882600000003,
        0.0031473682599999996,
        0.00312602626,
        0.0033090182599999998,
        0.00350441926,
        0.00305920326,
        0.0031098132599999997,
        0.0033068652600000002,
        0.0030855552599999996,
        0.00341631326,
        0.00327926926,
        0.0031976032599999996,
        0.0032121342600000004,
        0.0031947032600000004,
        0.0030563042600000004,
        0.0032070882599999997,
        0.00313557526,
        0.00306697026,
        0.0037482252600000003,
        0.00349473226,
        0.00322102726,
        0.0031232452600000004,
        0.00336420926,
        0.00329763126,
        0.0032169672599999997,
        0.00332101226,
        0.00321949426,
        0.00337383826,
        0.00318586826,
        0.00349961126,
        0.0036159892600000003,
        0.0032622852600000004,
        0.0032097182599999997,
        0.0034334022599999997,
        0.0033287862599999996,
        0.00339490626,
        0.0033780742600000003,
        0.0035776182599999997,
        0.00334573026,
        0.00319167226,
        0.0036933712600000002,
        0.00378370626,
        0.0030860482600000004,
        0.00371715226,
        0.00314426926,
        0.0032128662600000002,
        0.00379637626,
        0.0035931992600000003
      ],
      "exit_codes": [
        0,
        0,
        0,
        0,
        0,
        0,
        0,
        0,
        0,
        0,
        0,
        0,
        0,
        0,
        0,
        0,
        0,
        0,
        0,
        0,
        0,
        0,
        0,
        0,
        0,
        0,
        0,
        0,
        0,
        0,
        0,
        0,
        0,
        0,
        0,
        0,
        0,
        0,
        0,
        0,
        0,
        0,
        0,
        0,
        0,
        0,
        0,
        0,
        0,
        0,
        0,
        0,
        0,
        0,
        0,
        0,
        0,
        0,
        0,
        0,
        0,
        0,
        0,
        0,
        0,
        0,
        0,
        0,
        0,
        0,
        0,
        0,
        0,
        0,
        0,
        0,
        0,
        0,
        0,
        0,
        0,
        0,
        0,
        0,
        0,
        0,
        0,
        0,
        0,
        0,
        0,
        0,
        0,
        0,
        0,
        0,
        0,
        0,
        0,
        0
      ]
    }
  ]
}
