{
  "results": [
    {
      "command": "out/20220731101132/contention 32 1000000",
      "mean": 0.11639628013999999,
      "stddev": 0.003769372496548766,
      "median": 0.11697129498000002,
      "user": 0.7848134,
      "system": 0.005548010000000001,
      "min": 0.11098207148000001,
      "max": 0.13441016548,
      "times": [
        0.13441016548,
        0.11347983048000002,
        0.11484018748000001,
        0.11331939648000001,
        0.11221467148000001,
        0.11312689548000002,
        0.11289501448000001,
        0.11098207148000001,
        0.11117416148,
        0.11319112848000001,
        0.11666909848000001,
        0.11231495248000001,
        0.11202769248000001,
        0.12593960348000002,
        0.12514167748000002,
        0.11310864248000001,
        0.11305676048000002,
        0.11427449748000001,
        0.11350215148000001,
        0.11138043448000001,
        0.11199528648000001,
        0.11226651848000001,
        0.11333196248,
        0.11330713248000002,
        0.11261842748,
        0.11274098748000001,
        0.11322773448000001,
        0.11541602348000002,
        0.11140229348000001,
        0.11208690848000001,
        0.11220487048000001,
        0.11368346648000001,
        0.11477174448000001,
        0.11287615548000002,
        0.11349721548000001,
        0.11517411048000001,
        0.11895404148000001,
        0.12795715948,
        0.12301953848000002,
        0.11883830448000002,
        0.11869860848000001,
        0.11649235548000002,
        0.11880003648000001,
        0.12048245148000002,
        0.11871516948000001,
        0.11736765948000001,
        0.11712176248000002,
        0.11855680548000001,
        0.11814672548,
        0.11739285748000002,
        0.11697229748000001,
        0.11949274848000001,
        0.11866697048000001,
        0.11697437248,
        0.11721095748000002,
        0.11887621348,
        0.11902534148000002,
        0.11746076648,
        0.11741004848000001,
        0.11789928748000002,
        0.11779420448000001,
        0.11815506248000002,
        0.11688922548000001,
        0.11977344348,
        0.11890030148000001,
        0.11852153148000001,
        0.11767877248000001,
        0.11764354348000002,
        0.11893831748000001,
        0.11499493148,
        0.11283961448000002,
        0.11285969748,
        0.11705048448000001,
        0.11452780748000001,
        0.11422254148000001,
        0.11386262648,
        0.11520526748000001,
        0.11769344448,
        0.11476164348000001,
        0.11240334848000001,
        0.11272839648,
        0.11452271548000001,
        0.11348591748000002,
        0.11324685348,
        0.11458339548000002,
        0.11984015548000002,
        0.11848903948000002,
        0.11749130248000002,
        0.11718913148000001,
        0.11925367348000002,
        0.11949263548000001,
        0.11770558548000001,
        0.11734735648000001,
        0.11921725648,
        0.11901565548000001,
        0.11697029248000002,
        0.11753516948,
        0.12218578248000002,
        0.11922815348000002,
        0.11720138548000002
      ],
      "exit_codes": [
        0,
        0,
        0,
        0,
        0,
        0,
        0,
        0,
        0,
        0,
        0,
        0,
        0,
        0,
        0,
        0,
        0,
        0,
        0,
        0,
        0,
        0,
        0,
        0,
        0,
        0,
        0,
        0,
        0,
        0,
        0,
        0,
        0,
        0,
        0,
        0,
        0,
        0,
        0,
        0,
        0,
        0,
        0,
        0,
        0,
        0,
        0,
        0,
        0,
        0,
        0,
        0,
        0,
        0,
        0,
        0,
        0,
        0,
        0,
        0,
        0,
        0,
        0,
        0,
        0,
        0,
        0,
        0,
        0,
        0,
        0,
        0,
        0,
        0,
        0,
        0,
        0,
        0,
        0,
        0,
        0,
        0,
        0,
        0,
        0,
        0,
        0,
        0,
        0,
        0,
        0,
        0,
        0,
        0,
        0,
        0,
        0,
        0,
        0,
        0
      ]
    }
  ]
}
