{
  "results": [
    {
      "command": "out/20220731101132/contention 32 100000",
      "mean": 0.014136275620000003,
      "stddev": 0.0008508708358266741,
      "median": 0.01392206222,
      "user": 0.07356072999999999,
      "system": 0.0023918900000000002,
      "min": 0.01241971822,
      "max": 0.01691167722,
      "times": [
        0.01241971822,
        0.013986479220000002,
        0.015370656220000002,
        0.013202348220000002,
        0.014809065220000002,
        0.01395945822,
        0.01377766522,
        0.01322901422,
        0.01366846522,
        0.01392358822,
        0.014641223220000001,
        0.01372479622,
        0.01337133622,
        0.01311172422,
        0.01401187922,
        0.01477201922,
        0.01320632522,
        0.01362258822,
        0.01372432722,
        0.013008274220000001,
        0.01350546722,
        0.014296858220000002,
        0.013362757220000002,
        0.01454671622,
        0.014770577220000003,
        0.013899881220000002,
        0.01367074622,
        0.013635256220000001,
        0.01332872122,
        0.01399109822,
        0.013340572220000001,
        0.012995477220000001,
        0.014810246220000002,
        0.014447260220000003,
        0.01347158022,
        0.013588997220000001,
        0.013236737220000001,
        0.013616068220000001,
        0.01368269722,
        0.014135994220000002,
        0.01315813722,
        0.01365145222,
        0.01691167722,
        0.013274418220000002,
        0.013739412220000002,
        0.01353392922,
        0.01335480422,
        0.013655141220000002,
        0.013945113220000001,
        0.01394144922,
        0.01353808022,
        0.014146948220000002,
        0.01393399522,
        0.01357500422,
        0.013778875220000002,
        0.014061792220000003,
        0.013470074220000001,
        0.014694321220000002,
        0.014444262220000002,
        0.015161551220000001,
        0.01462574722,
        0.014911410220000003,
        0.016113972219999998,
        0.01542743422,
        0.016642508219999998,
        0.01532744722,
        0.015250989220000002,
        0.013872699220000001,
        0.01370939122,
        0.01392053622,
        0.013839285220000002,
        0.01332124122,
        0.014021777220000002,
        0.01620274322,
        0.014878343220000001,
        0.01583295822,
        0.01421077122,
        0.01572994522,
        0.01385336122,
        0.015557084220000001,
        0.01445998522,
        0.014686736220000001,
        0.013828194220000001,
        0.014313390220000001,
        0.01407117022,
        0.014157580220000002,
        0.01442934822,
        0.013486406220000002,
        0.01367996722,
        0.01619010522,
        0.013382281220000002,
        0.01468934822,
        0.015362525220000001,
        0.013472098220000001,
        0.013630319220000001,
        0.01497139622,
        0.013595389220000002,
        0.01385825422,
        0.01429226122,
        0.01397606122
      ],
      "exit_codes": [
        0,
        0,
        0,
        0,
        0,
        0,
        0,
        0,
        0,
        0,
        0,
        0,
        0,
        0,
        0,
        0,
        0,
        0,
        0,
        0,
        0,
        0,
        0,
        0,
        0,
        0,
        0,
        0,
        0,
        0,
        0,
        0,
        0,
        0,
        0,
        0,
        0,
        0,
        0,
        0,
        0,
        0,
        0,
        0,
        0,
        0,
        0,
        0,
        0,
        0,
        0,
        0,
        0,
        0,
        0,
        0,
        0,
        0,
        0,
        0,
        0,
        0,
        0,
        0,
        0,
        0,
        0,
        0,
        0,
        0,
        0,
        0,
        0,
        0,
        0,
        0,
        0,
        0,
        0,
        0,
        0,
        0,
        0,
        0,
        0,
        0,
        0,
        0,
        0,
        0,
        0,
        0,
        0,
        0,
        0,
        0,
        0,
        0,
        0,
        0
      ]
    }
  ]
}
