{
  "results": [
    {
      "command": "out/20220731101132/contention 4096 10",
      "mean": 0.1919204309,
      "stddev": 0.0036022996402289014,
      "median": 0.19228890458,
      "user": 0.02698763,
      "system": 0.31475765999999994,
      "min": 0.18440291158,
      "max": 0.20281101058,
      "times": [
        0.19162035258000001,
        0.18711676558,
        0.19035381058,
        0.18662154858,
        0.18614670458,
        0.20281101058,
        0.19480668958,
        0.18868227458,
        0.18885256358,
        0.19062792758,
        0.19474633458,
        0.19971389358,
        0.19686504358,
        0.19887061958,
        0.19283288058,
        0.19090053658,
        0.19541457258,
        0.19329680758,
        0.19354330558,
        0.18779302858,
        0.18816753458,
        0.18919295658000002,
        0.18859497658,
        0.18815229658,
        0.18619792458,
        0.18997221758,
        0.19177117858,
        0.19429537758,
        0.19685674758,
        0.19456438658,
        0.19707152458,
        0.19434332058,
        0.19324740758,
        0.19592463258,
        0.19115227158,
        0.19182025358,
        0.19322457258,
        0.19317267958,
        0.18810968958,
        0.18926118858,
        0.18537266358,
        0.18461092458,
        0.18749247558,
        0.18952128758,
        0.19148777958,
        0.19382188958,
        0.19252723458,
        0.19574205658,
        0.19589707358,
        0.19593856558,
        0.19520857058,
        0.19562991058,
        0.19663419358,
        0.19491024058,
        0.19443057658000001,
        0.18755353858,
        0.18736546158,
        0.18849305958,
        0.18440291158,
        0.19131056758,
        0.19106835458,
        0.19062834758,
        0.19227997758,
        0.19109537758,
        0.19387297358,
        0.19558602958000001,
        0.19550805958,
        0.19375272258,
        0.19513036958,
        0.19480440858,
        0.19579990658000002,
        0.19367009658,
        0.19209573958,
        0.18875601458,
        0.18760168158,
        0.18501208458,
        0.18944285558,
        0.19065546358,
        0.19282622358,
        0.19229783158,
        0.19541507758,
        0.19290418558,
        0.19342376758,
        0.19350915858,
        0.19486346558,
        0.19374901858000002,
        0.19216643158,
        0.19116286258,
        0.19203707358,
        0.18824437658,
        0.18803187358,
        0.18496960458,
        0.18592097158,
        0.19237398958000002,
        0.19162910958,
        0.19453720958,
        0.19304405958,
        0.19246591758,
        0.19564228858,
        0.18900733958
      ],
      "exit_codes": [
        0,
        0,
        0,
        0,
        0,
        0,
        0,
        0,
        0,
        0,
        0,
        0,
        0,
        0,
        0,
        0,
        0,
        0,
        0,
        0,
        0,
        0,
        0,
        0,
        0,
        0,
        0,
        0,
        0,
        0,
        0,
        0,
        0,
        0,
        0,
        0,
        0,
        0,
        0,
        0,
        0,
        0,
        0,
        0,
        0,
        0,
        0,
        0,
        0,
        0,
        0,
        0,
        0,
        0,
        0,
        0,
        0,
        0,
        0,
        0,
        0,
        0,
        0,
        0,
        0,
        0,
        0,
        0,
        0,
        0,
        0,
        0,
        0,
        0,
        0,
        0,
        0,
        0,
        0,
        0,
        0,
        0,
        0,
        0,
        0,
        0,
        0,
        0,
        0,
        0,
        0,
        0,
        0,
        0,
        0,
        0,
        0,
        0,
        0,
        0
      ]
    }
  ]
}
