{
  "results": [
    {
      "command": "out/20220731101132/contention 4 1000000",
      "mean": 0.12960045834,
      "stddev": 0.004345650610024942,
      "median": 0.12914517028000003,
      "user": 0.46170221000000006,
      "system": 0.0036917099999999995,
      "min": 0.12298827528000002,
      "max": 0.15720178328000003,
      "times": [
        0.12388645028000002,
        0.12298827528000002,
        0.12910316328000002,
        0.13653075828000003,
        0.13109443828000003,
        0.12573880428000003,
        0.13219709228,
        0.12882261228000003,
        0.12804293628000002,
        0.12480304528000001,
        0.12650913928000002,
        0.12684361828000001,
        0.12742451328,
        0.12496447228,
        0.12631286328000002,
        0.12985013528000003,
        0.13150578228,
        0.12554864428,
        0.12975581928000002,
        0.12703950428000002,
        0.12589171328,
        0.12612562028000002,
        0.12690733828000003,
        0.12795047028000003,
        0.12833607728000002,
        0.12791214728000003,
        0.12671230328000002,
        0.12873141728,
        0.12563902328,
        0.15720178328000003,
        0.14034255328000003,
        0.13067517628000003,
        0.12739339428000002,
        0.13173088428000002,
        0.12760988028000003,
        0.12703484628000003,
        0.12741190228000002,
        0.12758777328,
        0.12809681028000003,
        0.12591762628000003,
        0.12939796928000002,
        0.13051996028,
        0.13333891528000003,
        0.12994276028,
        0.13093217328,
        0.13026819928000002,
        0.12961407128000002,
        0.12940231828,
        0.13191282628000003,
        0.13109190928000003,
        0.13095105828000003,
        0.13059806628,
        0.13039525928,
        0.13084667228000002,
        0.12911777028000002,
        0.14181176528000003,
        0.13121111228000001,
        0.13143091528000003,
        0.12939235128,
        0.12762758528,
        0.12933095828000002,
        0.12911911128000003,
        0.12504847028000002,
        0.12725853428000003,
        0.13021668528000002,
        0.12544149828,
        0.12721390328,
        0.12759683028000002,
        0.13241364228000002,
        0.12567646028,
        0.12737652228000002,
        0.12743973328000002,
        0.12730573128000003,
        0.12641890828000002,
        0.12575963728000003,
        0.12799305028000002,
        0.12677055428000003,
        0.12640904928000002,
        0.12604300028,
        0.13039743128000003,
        0.14230277028000002,
        0.12925301128000002,
        0.12974919128,
        0.13139505628000003,
        0.13103974528,
        0.13376380328,
        0.13368485028000002,
        0.13046392528000003,
        0.13568876128000001,
        0.12930942228000003,
        0.12992456628000001,
        0.13129246228000002,
        0.13256663528,
        0.12917122928000002,
        0.13407171828000003,
        0.13109213428000002,
        0.12869207528,
        0.12933591728000002,
        0.13304688128000003,
        0.12899749928
      ],
      "exit_codes": [
        0,
        0,
        0,
        0,
        0,
        0,
        0,
        0,
        0,
        0,
        0,
        0,
        0,
        0,
        0,
        0,
        0,
        0,
        0,
        0,
        0,
        0,
        0,
        0,
        0,
        0,
        0,
        0,
        0,
        0,
        0,
        0,
        0,
        0,
        0,
        0,
        0,
        0,
        0,
        0,
        0,
        0,
        0,
        0,
        0,
        0,
        0,
        0,
        0,
        0,
        0,
        0,
        0,
        0,
        0,
        0,
        0,
        0,
        0,
        0,
        0,
        0,
        0,
        0,
        0,
        0,
        0,
        0,
        0,
        0,
        0,
        0,
        0,
        0,
        0,
        0,
        0,
        0,
        0,
        0,
        0,
        0,
        0,
        0,
        0,
        0,
        0,
        0,
        0,
        0,
        0,
        0,
        0,
        0,
        0,
        0,
        0,
        0,
        0,
        0
      ]
    }
  ]
}
