{
  "results": [
    {
      "command": "out/20220731101132/contention 4 1000",
      "mean": 0.00251298125,
      "stddev": 0.0008576709709738074,
      "median": 0.0021351303399999998,
      "user": 0.0016936999999999996,
      "system": 0.0010467100000000004,
      "min": 0.00170198934,
      "max": 0.006332066340000001,
      "times": [
        0.0023004143399999997,
        0.0018889933400000002,
        0.00170198934,
        0.00224341734,
        0.00244082334,
        0.0020372283400000002,
        0.0018262833399999997,
        0.00178750534,
        0.0020409473400000004,
        0.00244457034,
        0.0020462333399999997,
        0.0019463223400000003,
        0.0021323903399999996,
        0.0019009533400000003,
        0.0019021903399999997,
        0.0021311293399999998,
        0.0019362173399999996,
        0.0018766703400000004,
        0.00238911334,
        0.00202583534,
        0.00197825834,
        0.0018881243399999996,
        0.00211619934,
        0.0020329503400000003,
        0.0020842973399999997,
        0.0020105473399999996,
        0.00213431434,
        0.00216885334,
        0.0020469783399999996,
        0.0019997833399999997,
        0.00193813134,
        0.0021213083399999996,
        0.00207460034,
        0.0018942413399999996,
        0.0020124263400000003,
        0.0019508653400000004,
        0.0022906313400000004,
        0.0020227183399999997,
        0.0019643513399999995,
        0.0022037803399999997,
        0.00200584034,
        0.0018982063400000003,
        0.00198447734,
        0.0019817543399999996,
        0.00195752134,
        0.00250464134,
        0.0024269773400000002,
        0.00251284434,
        0.0018394873399999998,
        0.00300135834,
        0.00237217634,
        0.00207152934,
        0.00198196934,
        0.0021911483400000003,
        0.0020664133400000004,
        0.0019023503399999996,
        0.0020507123399999996,
        0.0020146903400000003,
        0.00209409334,
        0.0021468803400000003,
        0.00218383234,
        0.00204815234,
        0.0024727813400000002,
        0.00208085434,
        0.00230713034,
        0.00303745634,
        0.00255340834,
        0.00373679034,
        0.00413546934,
        0.00337404834,
        0.00514255534,
        0.006332066340000001,
        0.00542697734,
        0.004340345340000001,
        0.00275597034,
        0.00255022634,
        0.00247883634,
        0.00222684334,
        0.0021359463399999996,
        0.00202842934,
        0.0022263483400000003,
        0.0021367013400000003,
        0.00238989134,
        0.00335017734,
        0.0021601993399999997,
        0.0018582013400000002,
        0.00209777134,
        0.00258676134,
        0.003957952339999999,
        0.00407028934,
        0.00375133434,
        0.0035764743400000004,
        0.0037444973400000002,
        0.0032547803400000005,
        0.00348260134,
        0.003965602340000001,
        0.0031206853399999997,
        0.00342486034,
        0.0036103463400000003,
        0.004246869340000001
      ],
      "exit_codes": [
        0,
        0,
        0,
        0,
        0,
        0,
        0,
        0,
        0,
        0,
        0,
        0,
        0,
        0,
        0,
        0,
        0,
        0,
        0,
        0,
        0,
        0,
        0,
        0,
        0,
        0,
        0,
        0,
        0,
        0,
        0,
        0,
        0,
        0,
        0,
        0,
        0,
        0,
        0,
        0,
        0,
        0,
        0,
        0,
        0,
        0,
        0,
        0,
        0,
        0,
        0,
        0,
        0,
        0,
        0,
        0,
        0,
        0,
        0,
        0,
        0,
        0,
        0,
        0,
        0,
        0,
        0,
        0,
        0,
        0,
        0,
        0,
        0,
        0,
        0,
        0,
        0,
        0,
        0,
        0,
        0,
        0,
        0,
        0,
        0,
        0,
        0,
        0,
        0,
        0,
        0,
        0,
        0,
        0,
        0,
        0,
        0,
        0,
        0,
        0
      ]
    }
  ]
}
