{
  "results": [
    {
      "command": "out/20220731101132/contention 4 10",
      "mean": 0.0027298587400000013,
      "stddev": 0.00016620377477176695,
      "median": 0.002710098880000001,
      "user": 0.0010492799999999994,
      "system": 0.0009594799999999995,
      "min": 0.0022894228800000014,
      "max": 0.0035458618800000012,
      "times": [
        0.002852988880000001,
        0.002527315880000001,
        0.0028763388800000012,
        0.002911108880000001,
        0.0026346468800000013,
        0.002682354880000001,
        0.0027723488800000013,
        0.002593803880000001,
        0.0025789508800000012,
        0.002717984880000001,
        0.002810801880000001,
        0.0026562598800000015,
        0.002806627880000001,
        0.002729272880000001,
        0.002686632880000001,
        0.002702588880000001,
        0.002718053880000001,
        0.0026303608800000012,
        0.002711679880000001,
        0.0026997588800000013,
        0.002577807880000001,
        0.002895281880000001,
        0.0027531208800000008,
        0.002629696880000001,
        0.0026892398800000008,
        0.002739192880000001,
        0.0027274638800000007,
        0.0027492768800000014,
        0.002711257880000001,
        0.002610171880000001,
        0.002878283880000001,
        0.0028546308800000007,
        0.002735499880000001,
        0.0026574598800000013,
        0.0025652108800000013,
        0.002770221880000001,
        0.002742957880000001,
        0.0026558548800000013,
        0.0025673988800000015,
        0.003040884880000001,
        0.002633299880000001,
        0.002832331880000001,
        0.003329329880000001,
        0.002464427880000001,
        0.0023501238800000012,
        0.0025442758800000007,
        0.0026680258800000013,
        0.0026417008800000007,
        0.002593788880000001,
        0.002796343880000001,
        0.002659702880000001,
        0.0027256268800000013,
        0.0027071358800000015,
        0.0027723998800000013,
        0.0027744578800000014,
        0.002759357880000001,
        0.0027363128800000007,
        0.002644010880000001,
        0.002968698880000001,
        0.002831790880000001,
        0.0026613778800000007,
        0.0026365188800000013,
        0.002702677880000001,
        0.002739385880000001,
        0.002596752880000001,
        0.0029811058800000008,
        0.002993699880000001,
        0.002948932880000001,
        0.002610542880000001,
        0.002875638880000001,
        0.0027530768800000014,
        0.0027128228800000014,
        0.002529025880000001,
        0.002699867880000001,
        0.002687538880000001,
        0.002609411880000001,
        0.0027540338800000007,
        0.0026817488800000007,
        0.002840473880000001,
        0.0027051258800000013,
        0.0026221688800000015,
        0.002821868880000001,
        0.002778665880000001,
        0.0030676828800000008,
        0.0035458618800000012,
        0.002702044880000001,
        0.0022894228800000014,
        0.0025756758800000007,
        0.002571715880000001,
        0.002623408880000001,
        0.0027433888800000015,
        0.0026588738800000012,
        0.002598178880000001,
        0.002927943880000001,
        0.002803175880000001,
        0.002708939880000001,
        0.002898321880000001,
        0.0028191658800000015,
        0.002590532880000001,
        0.0026351358800000015
      ],
      "exit_codes": [
        0,
        0,
        0,
        0,
        0,
        0,
        0,
        0,
        0,
        0,
        0,
        0,
        0,
        0,
        0,
        0,
        0,
        0,
        0,
        0,
        0,
        0,
        0,
        0,
        0,
        0,
        0,
        0,
        0,
        0,
        0,
        0,
        0,
        0,
        0,
        0,
        0,
        0,
        0,
        0,
        0,
        0,
        0,
        0,
        0,
        0,
        0,
        0,
        0,
        0,
        0,
        0,
        0,
        0,
        0,
        0,
        0,
        0,
        0,
        0,
        0,
        0,
        0,
        0,
        0,
        0,
        0,
        0,
        0,
        0,
        0,
        0,
        0,
        0,
        0,
        0,
        0,
        0,
        0,
        0,
        0,
        0,
        0,
        0,
        0,
        0,
        0,
        0,
        0,
        0,
        0,
        0,
        0,
        0,
        0,
        0,
        0,
        0,
        0,
        0
      ]
    }
  ]
}
