{
  "results": [
    {
      "command": "out/20220731101132/contention 4 100",
      "mean": 0.003247297990000001,
      "stddev": 0.0007869996511655545,
      "median": 0.0029152437200000002,
      "user": 0.0012329499999999996,
      "system": 0.0011571000000000007,
      "min": 0.00239695272,
      "max": 0.00632054072,
      "times": [
        0.00273277872,
        0.0028254127200000004,
        0.0027587037200000005,
        0.00272063072,
        0.0027204787200000003,
        0.0028932547200000006,
        0.0036743617200000003,
        0.0029605837200000003,
        0.00416335172,
        0.00283378272,
        0.00268500872,
        0.00273908172,
        0.0031036247200000003,
        0.00290411872,
        0.00442170672,
        0.0030891117200000004,
        0.0031162417200000007,
        0.0028167497200000005,
        0.0029826567200000004,
        0.00289011472,
        0.00319919972,
        0.00264405472,
        0.0029067907200000004,
        0.003906661720000001,
        0.00311917272,
        0.0024967777200000005,
        0.0025198137200000002,
        0.0027083387200000004,
        0.0032193847200000006,
        0.00371217572,
        0.00274083672,
        0.00379439872,
        0.00399153572,
        0.0038024377200000007,
        0.00440758772,
        0.00424679572,
        0.0032730507200000006,
        0.0035811017200000008,
        0.0029905847200000003,
        0.00253055472,
        0.00289353572,
        0.00285075572,
        0.00266092072,
        0.0027811627200000004,
        0.0026499547200000005,
        0.0027231087200000003,
        0.00316452672,
        0.0036817767200000005,
        0.00371632972,
        0.004219149720000001,
        0.00470763072,
        0.004742384720000001,
        0.0037532497200000003,
        0.00493875672,
        0.005141157720000001,
        0.00397228872,
        0.00614602872,
        0.005122563720000001,
        0.00419879272,
        0.00632054072,
        0.004400569720000001,
        0.0037473467200000005,
        0.004310332720000001,
        0.0032232967200000007,
        0.00297664772,
        0.00292339672,
        0.0026414037200000007,
        0.00288480372,
        0.0030905717200000004,
        0.0031915047200000005,
        0.00288091972,
        0.0030975767200000005,
        0.0035842727200000005,
        0.0037003017200000006,
        0.0028624087200000005,
        0.0029690397200000007,
        0.00257064872,
        0.0025214347200000005,
        0.0025879627200000002,
        0.0031105897200000006,
        0.0027214997200000006,
        0.0024999907200000007,
        0.0024212317200000004,
        0.0026142507200000004,
        0.00263007772,
        0.00277530172,
        0.00277200972,
        0.0026455367200000006,
        0.00263372572,
        0.00281806072,
        0.0028205137200000003,
        0.0034638617200000005,
        0.0029070907200000004,
        0.00313003372,
        0.00239695272,
        0.00257397772,
        0.0025033367200000003,
        0.00245076072,
        0.0027439147200000002,
        0.00272501772
      ],
      "exit_codes": [
        0,
        0,
        0,
        0,
        0,
        0,
        0,
        0,
        0,
        0,
        0,
        0,
        0,
        0,
        0,
        0,
        0,
        0,
        0,
        0,
        0,
        0,
        0,
        0,
        0,
        0,
        0,
        0,
        0,
        0,
        0,
        0,
        0,
        0,
        0,
        0,
        0,
        0,
        0,
        0,
        0,
        0,
        0,
        0,
        0,
        0,
        0,
        0,
        0,
        0,
        0,
        0,
        0,
        0,
        0,
        0,
        0,
        0,
        0,
        0,
        0,
        0,
        0,
        0,
        0,
        0,
        0,
        0,
        0,
        0,
        0,
        0,
        0,
        0,
        0,
        0,
        0,
        0,
        0,
        0,
        0,
        0,
        0,
        0,
        0,
        0,
        0,
        0,
        0,
        0,
        0,
        0,
        0,
        0,
        0,
        0,
        0,
        0,
        0,
        0
      ]
    }
  ]
}
