{
  "results": [
    {
      "command": "out/20220731101132/contention 4 10000",
      "mean": 0.004404443599999999,
      "stddev": 0.0010083501436310416,
      "median": 0.00402873294,
      "user": 0.00685438,
      "system": 0.00100771,
      "min": 0.00340240244,
      "max": 0.00981351544,
      "times": [
        0.00534042344,
        0.005539918440000001,
        0.00981351544,
        0.00866377944,
        0.005948819440000001,
        0.00551411544,
        0.00802546044,
        0.00542974444,
        0.005347834440000001,
        0.00561614744,
        0.00579299544,
        0.00464755144,
        0.00488001844,
        0.00434533044,
        0.004287095439999999,
        0.00462557244,
        0.00426067644,
        0.00420064144,
        0.00428780944,
        0.00401495944,
        0.00390968144,
        0.00384515144,
        0.0040012784400000004,
        0.00436814244,
        0.005069134440000001,
        0.00409739844,
        0.004085506439999999,
        0.00406667344,
        0.00405566144,
        0.00396272244,
        0.00391856344,
        0.00395617344,
        0.00406912144,
        0.0039802304399999995,
        0.00384634444,
        0.00395406844,
        0.0039672914399999995,
        0.004049543439999999,
        0.00401709844,
        0.0038926914399999997,
        0.0038628424399999996,
        0.0038911544399999995,
        0.003915987439999999,
        0.00385337944,
        0.00380160744,
        0.00393532544,
        0.00400603544,
        0.0038839054399999995,
        0.0038014994400000003,
        0.003952444439999999,
        0.00380964344,
        0.004017940439999999,
        0.00424544344,
        0.00403316944,
        0.0038516834400000003,
        0.00421869144,
        0.003916482440000001,
        0.00398309744,
        0.00379705744,
        0.00447182544,
        0.004056345439999999,
        0.003956080440000001,
        0.00404044944,
        0.00588325544,
        0.005900425440000001,
        0.00546289944,
        0.00402429644,
        0.005454962440000001,
        0.00586955844,
        0.004809909440000001,
        0.0050008844400000006,
        0.005102583440000001,
        0.00445219044,
        0.00473216944,
        0.0039495684400000005,
        0.00410982744,
        0.00363672344,
        0.00368178944,
        0.004658010440000001,
        0.0035567074399999996,
        0.0034831044399999994,
        0.0041335014399999995,
        0.0039621864399999995,
        0.00404167244,
        0.0036438814400000003,
        0.00383533244,
        0.00380409544,
        0.003911495439999999,
        0.0038824864399999996,
        0.00398348644,
        0.00444668344,
        0.004398702439999999,
        0.00358564944,
        0.00340240244,
        0.0035338234399999997,
        0.00373333944,
        0.00366398944,
        0.00409328944,
        0.00361973744,
        0.00400276244
      ],
      "exit_codes": [
        0,
        0,
        0,
        0,
        0,
        0,
        0,
        0,
        0,
        0,
        0,
        0,
        0,
        0,
        0,
        0,
        0,
        0,
        0,
        0,
        0,
        0,
        0,
        0,
        0,
        0,
        0,
        0,
        0,
        0,
        0,
        0,
        0,
        0,
        0,
        0,
        0,
        0,
        0,
        0,
        0,
        0,
        0,
        0,
        0,
        0,
        0,
        0,
        0,
        0,
        0,
        0,
        0,
        0,
        0,
        0,
        0,
        0,
        0,
        0,
        0,
        0,
        0,
        0,
        0,
        0,
        0,
        0,
        0,
        0,
        0,
        0,
        0,
        0,
        0,
        0,
        0,
        0,
        0,
        0,
        0,
        0,
        0,
        0,
        0,
        0,
        0,
        0,
        0,
        0,
        0,
        0,
        0,
        0,
        0,
        0,
        0,
        0,
        0,
        0
      ]
    }
  ]
}
