{
  "results": [
    {
      "command": "out/20220731101132/contention 4096 1000",
      "mean": 0.1938980548500001,
      "stddev": 0.004407183675909325,
      "median": 0.1939458672,
      "user": 0.02852235999999999,
      "system": 0.31829672000000003,
      "min": 0.18605324420000002,
      "max": 0.20924740120000002,
      "times": [
        0.1923277012,
        0.1906163032,
        0.1886667692,
        0.18996984220000002,
        0.1899767292,
        0.2078890502,
        0.1895684612,
        0.1960257582,
        0.1974114062,
        0.1964657642,
        0.1943038042,
        0.1973229572,
        0.1960395372,
        0.19479514420000002,
        0.19468029920000002,
        0.1901687282,
        0.19035261320000002,
        0.1934273242,
        0.19341915820000002,
        0.1972692722,
        0.1862349242,
        0.18605324420000002,
        0.1912878892,
        0.19321314420000002,
        0.19793067120000002,
        0.1934601262,
        0.1937938622,
        0.1949290482,
        0.1971994252,
        0.1969152302,
        0.19663891220000002,
        0.19518926020000002,
        0.1955440202,
        0.19348148820000002,
        0.19273454720000002,
        0.1951143972,
        0.18901581420000002,
        0.18846361020000002,
        0.1863762462,
        0.1883033472,
        0.1929013662,
        0.1982913272,
        0.1958233942,
        0.1944797342,
        0.1942826082,
        0.1966732182,
        0.19828228820000002,
        0.1935287122,
        0.1957811902,
        0.19364591920000002,
        0.1928118332,
        0.19356876220000002,
        0.1945045172,
        0.18704450920000001,
        0.1868479472,
        0.18713594520000001,
        0.19122642620000002,
        0.19255927020000002,
        0.1960709712,
        0.1937576382,
        0.19546535320000002,
        0.1959524082,
        0.19615072020000002,
        0.19563136520000002,
        0.2007913302,
        0.1983471802,
        0.1976458252,
        0.1939462972,
        0.1956212092,
        0.1899828742,
        0.18883441420000002,
        0.18774434920000002,
        0.18743873020000001,
        0.18906850120000002,
        0.1901978082,
        0.19430105020000002,
        0.1920029782,
        0.1938315662,
        0.1950310772,
        0.19446167020000002,
        0.19650523420000002,
        0.19985806020000002,
        0.2076339372,
        0.20924740120000002,
        0.2052854382,
        0.19835789820000002,
        0.19267090220000002,
        0.1898642512,
        0.1896002012,
        0.18677040520000002,
        0.18932593420000002,
        0.19239147120000002,
        0.1955141542,
        0.19394543720000001,
        0.1918252842,
        0.19416188820000002,
        0.1953104492,
        0.19282440720000002,
        0.1983359402,
        0.1961366732
      ],
      "exit_codes": [
        0,
        0,
        0,
        0,
        0,
        0,
        0,
        0,
        0,
        0,
        0,
        0,
        0,
        0,
        0,
        0,
        0,
        0,
        0,
        0,
        0,
        0,
        0,
        0,
        0,
        0,
        0,
        0,
        0,
        0,
        0,
        0,
        0,
        0,
        0,
        0,
        0,
        0,
        0,
        0,
        0,
        0,
        0,
        0,
        0,
        0,
        0,
        0,
        0,
        0,
        0,
        0,
        0,
        0,
        0,
        0,
        0,
        0,
        0,
        0,
        0,
        0,
        0,
        0,
        0,
        0,
        0,
        0,
        0,
        0,
        0,
        0,
        0,
        0,
        0,
        0,
        0,
        0,
        0,
        0,
        0,
        0,
        0,
        0,
        0,
        0,
        0,
        0,
        0,
        0,
        0,
        0,
        0,
        0,
        0,
        0,
        0,
        0,
        0,
        0
      ]
    }
  ]
}
