{
  "results": [
    {
      "command": "out/20220731101132/contention 4096 100",
      "mean": 0.19288001293000012,
      "stddev": 0.0034711468052331935,
      "median": 0.19311556354000003,
      "user": 0.027113609999999996,
      "system": 0.31578285,
      "min": 0.18561264004000003,
      "max": 0.21272754104000002,
      "times": [
        0.19315391304,
        0.19111162904,
        0.19723892404,
        0.19339742704000001,
        0.19503139304000003,
        0.21272754104000002,
        0.19304979004000003,
        0.18826435004000003,
        0.18911887404000002,
        0.19307721404000003,
        0.18929527604000002,
        0.19487585804000002,
        0.19324629004000002,
        0.19260894504000003,
        0.19810689404,
        0.19320943104000002,
        0.19345154304000003,
        0.19369533904000003,
        0.19698735104000004,
        0.19174068304000003,
        0.19404468104000003,
        0.18923069804000003,
        0.19241100304000003,
        0.19075847704,
        0.19576023104,
        0.19092925804000002,
        0.19483246304000001,
        0.19264970704000003,
        0.19253920504000002,
        0.19351258304000002,
        0.19481687804000003,
        0.19403182904000002,
        0.19161578704,
        0.19208148804000003,
        0.18955290404000003,
        0.19208385504000003,
        0.18987151104000002,
        0.18821376504,
        0.19026610804000002,
        0.18908503004000002,
        0.19405433504000003,
        0.19316824904000002,
        0.19374957304,
        0.19395288504000002,
        0.19077274404000003,
        0.19438487304000002,
        0.19252868204,
        0.19642834104,
        0.19827592304000002,
        0.19604539804,
        0.19350851104000003,
        0.19125502604000003,
        0.18896948704000002,
        0.19304957804000003,
        0.18803138704000003,
        0.18853549804000003,
        0.19138743304000003,
        0.18998027704000003,
        0.19224443304000002,
        0.19299441204000004,
        0.18979749504,
        0.19643666704,
        0.19145933504,
        0.19474599304,
        0.19473748104000002,
        0.19773030904000002,
        0.19590424204,
        0.19134868204000002,
        0.19022598304000002,
        0.18959099504000002,
        0.18813926304000003,
        0.18916261104,
        0.18832483304000003,
        0.19164071004000002,
        0.19586926404000002,
        0.19614906704,
        0.19611386004000003,
        0.19613569104000003,
        0.19714922804,
        0.19486050804000002,
        0.19332947404000003,
        0.19494347804000003,
        0.19723414404000003,
        0.19469448504000003,
        0.19185230504000003,
        0.18916520204000004,
        0.18561264004000003,
        0.18609117104000003,
        0.18729739304,
        0.19033935704000002,
        0.18882706804000002,
        0.19299929804000002,
        0.19559503704000003,
        0.19352161004,
        0.19324574104000003,
        0.19738434304000002,
        0.19384041004000002,
        0.19357884704000003,
        0.19418655604,
        0.19374734204000002
      ],
      "exit_codes": [
        0,
        0,
        0,
        0,
        0,
        0,
        0,
        0,
        0,
        0,
        0,
        0,
        0,
        0,
        0,
        0,
        0,
        0,
        0,
        0,
        0,
        0,
        0,
        0,
        0,
        0,
        0,
        0,
        0,
        0,
        0,
        0,
        0,
        0,
        0,
        0,
        0,
        0,
        0,
        0,
        0,
        0,
        0,
        0,
        0,
        0,
        0,
        0,
        0,
        0,
        0,
        0,
        0,
        0,
        0,
        0,
        0,
        0,
        0,
        0,
        0,
        0,
        0,
        0,
        0,
        0,
        0,
        0,
        0,
        0,
        0,
        0,
        0,
        0,
        0,
        0,
        0,
        0,
        0,
        0,
        0,
        0,
        0,
        0,
        0,
        0,
        0,
        0,
        0,
        0,
        0,
        0,
        0,
        0,
        0,
        0,
        0,
        0,
        0,
        0
      ]
    }
  ]
}
