{
  "results": [
    {
      "command": "out/20220731101132/contention 4096 100000",
      "mean": 0.20307373561000006,
      "stddev": 0.0030103014755165124,
      "median": 0.20291558736,
      "user": 0.07590126000000001,
      "system": 0.342785,
      "min": 0.19591687736000002,
      "max": 0.21215566136,
      "times": [
        0.19736619736000002,
        0.20010296536000002,
        0.20307274236,
        0.20620695936,
        0.21215566136,
        0.20474827036,
        0.20600643336000002,
        0.20206819036,
        0.20320359936000001,
        0.19971191536000002,
        0.19742070536,
        0.20051267336,
        0.20075668236000002,
        0.20576518836000002,
        0.20453600536000002,
        0.20490482736,
        0.20706674136,
        0.20268818236000002,
        0.20547025836000002,
        0.20182008836,
        0.20234867236,
        0.20386260236,
        0.19903438136,
        0.19912953836,
        0.19975487036,
        0.20298213636,
        0.20206171636,
        0.20110430436,
        0.20557514136000002,
        0.20766964636000002,
        0.20934184136,
        0.20930243836,
        0.20174273636,
        0.20603169736000002,
        0.20250371436,
        0.19966021136,
        0.20290592536000002,
        0.19591687736000002,
        0.19960379036,
        0.19645108036,
        0.20272781936,
        0.19970183836000002,
        0.19963256736,
        0.20234647136,
        0.20327350236,
        0.20851122636000002,
        0.20691580036,
        0.20594960536,
        0.20429685736,
        0.20256908936,
        0.20427540136,
        0.20619131936,
        0.20297474136000002,
        0.20187475236000002,
        0.19612525236,
        0.19951655336000002,
        0.20216417336,
        0.20379312436000002,
        0.19989884536000002,
        0.20181461336,
        0.20897529336,
        0.20575683936,
        0.20468486036,
        0.20069311636,
        0.20231800736000002,
        0.20281214536,
        0.20209438936000002,
        0.20310298436000002,
        0.20159434536,
        0.20188680436,
        0.20688765036,
        0.20418011236,
        0.20535007036,
        0.20222439636,
        0.20427400536,
        0.20853443136000002,
        0.20417102336,
        0.20412384436,
        0.19975823336,
        0.20231216736000002,
        0.19913631736,
        0.20117298736,
        0.20236673136000002,
        0.20328922236000002,
        0.20407367536,
        0.20409849236000002,
        0.20684099936,
        0.20882668836,
        0.20275741736,
        0.20405971436,
        0.20352395336,
        0.20277636336000002,
        0.20172297536,
        0.20079698036000002,
        0.20292524936,
        0.20315026736,
        0.20560373136,
        0.20091818336,
        0.20326604836,
        0.20321167936
      ],
      "exit_codes": [
        0,
        0,
        0,
        0,
        0,
        0,
        0,
        0,
        0,
        0,
        0,
        0,
        0,
        0,
        0,
        0,
        0,
        0,
        0,
        0,
        0,
        0,
        0,
        0,
        0,
        0,
        0,
        0,
        0,
        0,
        0,
        0,
        0,
        0,
        0,
        0,
        0,
        0,
        0,
        0,
        0,
        0,
        0,
        0,
        0,
        0,
        0,
        0,
        0,
        0,
        0,
        0,
        0,
        0,
        0,
        0,
        0,
        0,
        0,
        0,
        0,
        0,
        0,
        0,
        0,
        0,
        0,
        0,
        0,
        0,
        0,
        0,
        0,
        0,
        0,
        0,
        0,
        0,
        0,
        0,
        0,
        0,
        0,
        0,
        0,
        0,
        0,
        0,
        0,
        0,
        0,
        0,
        0,
        0,
        0,
        0,
        0,
        0,
        0,
        0
      ]
    }
  ]
}
