{
  "results": [
    {
      "command": "out/20220731101132/contention 4096 1",
      "mean": 0.19338559069,
      "stddev": 0.00551970762689331,
      "median": 0.19287059526,
      "user": 0.02704683999999999,
      "system": 0.31662974999999993,
      "min": 0.18349123126,
      "max": 0.21642306826,
      "times": [
        0.21642306826,
        0.21537992826,
        0.20815172026,
        0.20938346926,
        0.21504479526,
        0.20008407526,
        0.19561487826,
        0.19593492926,
        0.19486330826,
        0.19598571426,
        0.19215602426,
        0.19390474726,
        0.19368721126,
        0.19712241126,
        0.19122022726,
        0.19651621626,
        0.19487682326,
        0.19218393826,
        0.19101957126,
        0.18937048126,
        0.18804542526,
        0.19041494226,
        0.18349123126,
        0.18823126226,
        0.19160957426,
        0.19279192626,
        0.19344035526,
        0.19477207426,
        0.19277059926,
        0.19185600426,
        0.19227219526,
        0.19749329726,
        0.19266749925999999,
        0.19599866826,
        0.19609658726,
        0.18878044426,
        0.19133554026,
        0.18888794826,
        0.18647840226,
        0.18795023426,
        0.18748008826,
        0.19216217926,
        0.19632840626,
        0.19495528226,
        0.19413436526,
        0.19324495326,
        0.19356723326,
        0.19763161426,
        0.19521595426,
        0.19531600726,
        0.19474064726,
        0.18998527226,
        0.19367977026,
        0.18586328426,
        0.18637741626,
        0.18991165626,
        0.18738530926,
        0.19418389226,
        0.19253542026,
        0.19343486126,
        0.19601443026,
        0.19468389626,
        0.19888509826,
        0.19410387926,
        0.19466883326,
        0.19373491526,
        0.19185154526,
        0.18977128126,
        0.19079652526,
        0.18655943326,
        0.18896596226,
        0.18643003726,
        0.18949648625999999,
        0.19288238326,
        0.19299726126,
        0.19229436026,
        0.19373147826,
        0.19321494826,
        0.19641240926,
        0.19470430226,
        0.19510422926,
        0.19109078626,
        0.19191178126,
        0.19027512426,
        0.18675740626,
        0.18705383926,
        0.18852543325999999,
        0.19019974926,
        0.19118443526,
        0.19364407126,
        0.19437468526,
        0.19285880726,
        0.19274302526,
        0.19075325626,
        0.19275169826,
        0.19357878726,
        0.19541012326,
        0.19168761026,
        0.19302630026,
        0.19098709126
      ],
      "exit_codes": [
        0,
        0,
        0,
        0,
        0,
        0,
        0,
        0,
        0,
        0,
        0,
        0,
        0,
        0,
        0,
        0,
        0,
        0,
        0,
        0,
        0,
        0,
        0,
        0,
        0,
        0,
        0,
        0,
        0,
        0,
        0,
        0,
        0,
        0,
        0,
        0,
        0,
        0,
        0,
        0,
        0,
        0,
        0,
        0,
        0,
        0,
        0,
        0,
        0,
        0,
        0,
        0,
        0,
        0,
        0,
        0,
        0,
        0,
        0,
        0,
        0,
        0,
        0,
        0,
        0,
        0,
        0,
        0,
        0,
        0,
        0,
        0,
        0,
        0,
        0,
        0,
        0,
        0,
        0,
        0,
        0,
        0,
        0,
        0,
        0,
        0,
        0,
        0,
        0,
        0,
        0,
        0,
        0,
        0,
        0,
        0,
        0,
        0,
        0,
        0
      ]
    }
  ]
}
