{
  "results": [
    {
      "command": "out/20220731101132/contention 4 100000",
      "mean": 0.018041881299999996,
      "stddev": 0.001097929323722211,
      "median": 0.017897276500000003,
      "user": 0.05157080999999999,
      "system": 0.00126142,
      "min": 0.014900980500000001,
      "max": 0.022060072500000003,
      "times": [
        0.016919226500000002,
        0.0171760315,
        0.0172846995,
        0.019282597500000002,
        0.020071032500000002,
        0.014900980500000001,
        0.017793679500000003,
        0.0176290165,
        0.0168535195,
        0.019098174500000002,
        0.018062526500000002,
        0.018806185500000003,
        0.0174980235,
        0.0169482315,
        0.018067522500000002,
        0.0186041485,
        0.018866650500000002,
        0.017582575500000003,
        0.0166567835,
        0.0172018495,
        0.018031018500000003,
        0.0177491455,
        0.0178705055,
        0.017740625500000003,
        0.016831024500000003,
        0.0185843215,
        0.017134765500000003,
        0.017402768500000002,
        0.0177199655,
        0.0170610255,
        0.017802237500000002,
        0.0199942255,
        0.018631704500000002,
        0.018320645500000003,
        0.018261969500000003,
        0.017097761500000003,
        0.0189919685,
        0.018260722500000003,
        0.0182501795,
        0.019049839500000002,
        0.017942535500000002,
        0.0173707505,
        0.0175962685,
        0.0181603195,
        0.018878164500000003,
        0.016876652500000002,
        0.019546965500000003,
        0.0213751675,
        0.0219545685,
        0.0188995715,
        0.0185462365,
        0.0177037755,
        0.0184054365,
        0.0173919005,
        0.0194146325,
        0.022060072500000003,
        0.018898729500000003,
        0.018580414500000003,
        0.0170144215,
        0.018810827500000002,
        0.0193275985,
        0.0187713385,
        0.0165318095,
        0.017563723500000003,
        0.017709441500000003,
        0.017034939500000002,
        0.017655195500000002,
        0.017540831500000003,
        0.0183335305,
        0.016734790500000003,
        0.0168032185,
        0.0174183675,
        0.017668699500000003,
        0.016852684500000003,
        0.017684651500000002,
        0.0189472995,
        0.0181049325,
        0.017634284500000003,
        0.018724780500000003,
        0.0182484335,
        0.019053088500000002,
        0.018527867500000003,
        0.0174242075,
        0.018031770500000002,
        0.0175479465,
        0.017697491500000002,
        0.018003392500000003,
        0.0180603925,
        0.0167679285,
        0.0181249495,
        0.0179240475,
        0.016976645500000002,
        0.0187690645,
        0.017132636500000003,
        0.018137442500000003,
        0.016405687500000002,
        0.0165850115,
        0.0176801245,
        0.0190480955,
        0.019482502500000002
      ],
      "exit_codes": [
        0,
        0,
        0,
        0,
        0,
        0,
        0,
        0,
        0,
        0,
        0,
        0,
        0,
        0,
        0,
        0,
        0,
        0,
        0,
        0,
        0,
        0,
        0,
        0,
        0,
        0,
        0,
        0,
        0,
        0,
        0,
        0,
        0,
        0,
        0,
        0,
        0,
        0,
        0,
        0,
        0,
        0,
        0,
        0,
        0,
        0,
        0,
        0,
        0,
        0,
        0,
        0,
        0,
        0,
        0,
        0,
        0,
        0,
        0,
        0,
        0,
        0,
        0,
        0,
        0,
        0,
        0,
        0,
        0,
        0,
        0,
        0,
        0,
        0,
        0,
        0,
        0,
        0,
        0,
        0,
        0,
        0,
        0,
        0,
        0,
        0,
        0,
        0,
        0,
        0,
        0,
        0,
        0,
        0,
        0,
        0,
        0,
        0,
        0,
        0
      ]
    }
  ]
}
