{
  "results": [
    {
      "command": "out/20220731101132/contention 4 1",
      "mean": 0.0028748552599999993,
      "stddev": 0.0001409435045540581,
      "median": 0.0028365491599999996,
      "user": 0.0009992100000000002,
      "system": 0.0010161899999999993,
      "min": 0.0026739536599999997,
      "max": 0.00355478966,
      "times": [
        0.0029300856599999998,
        0.00272408466,
        0.0028129216599999994,
        0.00284851966,
        0.0027604766599999995,
        0.00279215766,
        0.0028287026599999997,
        0.00289123066,
        0.00293346666,
        0.00290728866,
        0.0030328996599999995,
        0.0030323506599999996,
        0.0027894346599999995,
        0.002820388659999999,
        0.0029037006599999995,
        0.0027330746599999994,
        0.00282638066,
        0.0029013026599999997,
        0.0026839566599999995,
        0.0031090386599999997,
        0.0030969226599999993,
        0.00295779766,
        0.00312376366,
        0.00337826266,
        0.0031385286599999998,
        0.003237063659999999,
        0.00355478966,
        0.0028643136599999994,
        0.0027797186599999996,
        0.00269005966,
        0.00281297666,
        0.0028788026599999997,
        0.00279469366,
        0.0030611966599999995,
        0.0028153456599999994,
        0.0027954296599999994,
        0.00276051866,
        0.00293729666,
        0.0028504306599999992,
        0.002721040659999999,
        0.0028542696599999995,
        0.0028288856599999997,
        0.00277672866,
        0.0028886196599999994,
        0.0028550556599999995,
        0.00275391066,
        0.0029454556599999996,
        0.002980074659999999,
        0.0028235326599999992,
        0.0028838466599999998,
        0.0028388476599999993,
        0.0027565826599999996,
        0.0027975036599999998,
        0.0028333206599999994,
        0.002763830659999999,
        0.0029147926599999993,
        0.00306884866,
        0.0029379826599999995,
        0.0027725886599999994,
        0.0026739536599999997,
        0.0029809146599999994,
        0.0028000306599999993,
        0.00269667566,
        0.00284825766,
        0.0029125046599999998,
        0.0030020256599999993,
        0.0028025366599999995,
        0.00277641066,
        0.00276142666,
        0.00280084366,
        0.00282778766,
        0.0027756566599999996,
        0.002751593659999999,
        0.002768444659999999,
        0.0029786386599999996,
        0.0027563426599999993,
        0.0027967166599999994,
        0.0027348196599999994,
        0.00286737266,
        0.00281888766,
        0.0029397826599999993,
        0.0027885396599999996,
        0.00283330666,
        0.0027659636599999997,
        0.002819948659999999,
        0.00280088966,
        0.0029596746599999998,
        0.0029851496599999994,
        0.0028735826599999995,
        0.0028612766599999994,
        0.0027943236599999996,
        0.00283425066,
        0.0029181806599999994,
        0.0031451746599999997,
        0.0028948006599999994,
        0.0029320896599999997,
        0.0028792396599999995,
        0.00268124666,
        0.00286528166,
        0.0029958906599999993
      ],
      "exit_codes": [
        0,
        0,
        0,
        0,
        0,
        0,
        0,
        0,
        0,
        0,
        0,
        0,
        0,
        0,
        0,
        0,
        0,
        0,
        0,
        0,
        0,
        0,
        0,
        0,
        0,
        0,
        0,
        0,
        0,
        0,
        0,
        0,
        0,
        0,
        0,
        0,
        0,
        0,
        0,
        0,
        0,
        0,
        0,
        0,
        0,
        0,
        0,
        0,
        0,
        0,
        0,
        0,
        0,
        0,
        0,
        0,
        0,
        0,
        0,
        0,
        0,
        0,
        0,
        0,
        0,
        0,
        0,
        0,
        0,
        0,
        0,
        0,
        0,
        0,
        0,
        0,
        0,
        0,
        0,
        0,
        0,
        0,
        0,
        0,
        0,
        0,
        0,
        0,
        0,
        0,
        0,
        0,
        0,
        0,
        0,
        0,
        0,
        0,
        0,
        0
      ]
    }
  ]
}
