{
  "results": [
    {
      "command": "out/20220731101132/contention 4096 10000",
      "mean": 0.19785897465000002,
      "stddev": 0.003430739336867907,
      "median": 0.19743381504000002,
      "user": 0.035376550000000014,
      "system": 0.32407339,
      "min": 0.18910408354,
      "max": 0.21227504254000001,
      "times": [
        0.20030913854000001,
        0.19983922354,
        0.20044744554000002,
        0.19091688554,
        0.19335128354,
        0.21227504254000001,
        0.18910408354,
        0.19109754154,
        0.19521015654,
        0.19680526154,
        0.19799792654,
        0.19640826054000002,
        0.19935545354,
        0.20213600454,
        0.20142876454,
        0.20317344054,
        0.20419763454,
        0.20903206954,
        0.19949867054,
        0.19982914254,
        0.19838778654,
        0.19583253654000002,
        0.20204760254,
        0.19355188854000002,
        0.19678944454,
        0.20002064254000002,
        0.20154152854000001,
        0.20588896054,
        0.20374876154000002,
        0.20082418154,
        0.19617213754,
        0.19324432454,
        0.19543394154000002,
        0.19818764454,
        0.19511429254,
        0.19744299454,
        0.19604608754,
        0.19572469454000002,
        0.19754195754,
        0.19792788954,
        0.19660224154,
        0.19626008154000002,
        0.19817741854,
        0.19390905254000002,
        0.19876026954,
        0.19652249254,
        0.19691738954000002,
        0.19725548154,
        0.19742463554,
        0.19679039254,
        0.19836216054,
        0.19577725754,
        0.19467536754,
        0.19455985754000002,
        0.19845619654000002,
        0.19719608554,
        0.19499219454,
        0.19930761654,
        0.19793568754000002,
        0.19940626454000002,
        0.19649558454000002,
        0.19645079654,
        0.19650615654,
        0.19714911754,
        0.19640579254,
        0.19624466854,
        0.19627320454,
        0.19830621654,
        0.19416081754,
        0.19891729354,
        0.20096280354,
        0.19564083354,
        0.19930256454,
        0.20124394654,
        0.20052132854000002,
        0.20149304754,
        0.19698184454,
        0.19523466454000002,
        0.19439850854000001,
        0.19637242954,
        0.19841331654000002,
        0.19519055554,
        0.19676535754000002,
        0.19230781554,
        0.19381294054,
        0.19475061754,
        0.19758033154000001,
        0.20040715454000002,
        0.19730546154,
        0.20087853154000002,
        0.20018014654000002,
        0.19876067554000001,
        0.20037566854,
        0.19900057054,
        0.19850104954,
        0.20044539154000002,
        0.20085212154,
        0.19832216454,
        0.19414427254,
        0.19567083054
      ],
      "exit_codes": [
        0,
        0,
        0,
        0,
        0,
        0,
        0,
        0,
        0,
        0,
        0,
        0,
        0,
        0,
        0,
        0,
        0,
        0,
        0,
        0,
        0,
        0,
        0,
        0,
        0,
        0,
        0,
        0,
        0,
        0,
        0,
        0,
        0,
        0,
        0,
        0,
        0,
        0,
        0,
        0,
        0,
        0,
        0,
        0,
        0,
        0,
        0,
        0,
        0,
        0,
        0,
        0,
        0,
        0,
        0,
        0,
        0,
        0,
        0,
        0,
        0,
        0,
        0,
        0,
        0,
        0,
        0,
        0,
        0,
        0,
        0,
        0,
        0,
        0,
        0,
        0,
        0,
        0,
        0,
        0,
        0,
        0,
        0,
        0,
        0,
        0,
        0,
        0,
        0,
        0,
        0,
        0,
        0,
        0,
        0,
        0,
        0,
        0,
        0,
        0
      ]
    }
  ]
}
