{
  "results": [
    {
      "command": "out/20220731101132/contention 512 1",
      "mean": 0.01258033714,
      "stddev": 0.0005721572309072067,
      "median": 0.0125582741,
      "user": 0.00463388,
      "system": 0.01548803,
      "min": 0.0114484546,
      "max": 0.014745809600000001,
      "times": [
        0.0134337506,
        0.013303824600000002,
        0.0135877136,
        0.012855257600000001,
        0.0126557996,
        0.0130715856,
        0.0126188256,
        0.013185809599999999,
        0.012883111600000002,
        0.012935308599999999,
        0.0125966136,
        0.014745809600000001,
        0.0137477366,
        0.012928980599999999,
        0.013213297600000002,
        0.012900771600000001,
        0.0127759316,
        0.0127611086,
        0.0125921656,
        0.012604001600000001,
        0.013888867600000002,
        0.012848961600000002,
        0.0128357966,
        0.0129142416,
        0.0128615226,
        0.012541109600000001,
        0.0130422656,
        0.013445822599999999,
        0.012768116599999999,
        0.012642762600000001,
        0.0132564226,
        0.0127224086,
        0.0122436256,
        0.0123491576,
        0.0125280536,
        0.0125207106,
        0.0121698216,
        0.0126507126,
        0.012073057600000001,
        0.012342080600000001,
        0.0123131096,
        0.0122109006,
        0.0125352766,
        0.0124408926,
        0.0121412596,
        0.0122429046,
        0.0126453216,
        0.012795484599999999,
        0.012566786600000001,
        0.0123635896,
        0.0129745976,
        0.012513863600000001,
        0.0132384066,
        0.012926135600000001,
        0.012123880600000001,
        0.0122835866,
        0.0124944656,
        0.0118722566,
        0.0120114706,
        0.013180130600000001,
        0.012784489599999999,
        0.0125069386,
        0.0125996306,
        0.0136051836,
        0.0128207006,
        0.0114484546,
        0.0121611306,
        0.0125497616,
        0.0118843186,
        0.0126068746,
        0.0122507086,
        0.014152439600000002,
        0.0134235876,
        0.0120470896,
        0.0119920416,
        0.0119424816,
        0.0119239696,
        0.0119841296,
        0.0123753256,
        0.012697323600000001,
        0.0119797286,
        0.0119497236,
        0.0127545016,
        0.0116858006,
        0.0117077096,
        0.013012496600000001,
        0.013039000600000001,
        0.0122116616,
        0.0120110396,
        0.0119202136,
        0.0119956426,
        0.0117356096,
        0.0119006106,
        0.0118123306,
        0.0119418506,
        0.0119859276,
        0.0122568396,
        0.0120050676,
        0.0121859106,
        0.0122682266
      ],
      "exit_codes": [
        0,
        0,
        0,
        0,
        0,
        0,
        0,
        0,
        0,
        0,
        0,
        0,
        0,
        0,
        0,
        0,
        0,
        0,
        0,
        0,
        0,
        0,
        0,
        0,
        0,
        0,
        0,
        0,
        0,
        0,
        0,
        0,
        0,
        0,
        0,
        0,
        0,
        0,
        0,
        0,
        0,
        0,
        0,
        0,
        0,
        0,
        0,
        0,
        0,
        0,
        0,
        0,
        0,
        0,
        0,
        0,
        0,
        0,
        0,
        0,
        0,
        0,
        0,
        0,
        0,
        0,
        0,
        0,
        0,
        0,
        0,
        0,
        0,
        0,
        0,
        0,
        0,
        0,
        0,
        0,
        0,
        0,
        0,
        0,
        0,
        0,
        0,
        0,
        0,
        0,
        0,
        0,
        0,
        0,
        0,
        0,
        0,
        0,
        0,
        0
      ]
    }
  ]
}
