{
  "results": [
    {
      "command": "out/20220731101132/contention 512 1000000",
      "mean": 0.12153893674000005,
      "stddev": 0.0028036483138114687,
      "median": 0.12170173484000002,
      "user": 0.8041710300000001,
      "system": 0.023970549999999993,
      "min": 0.11350263134000001,
      "max": 0.13396201134,
      "times": [
        0.11350263134000001,
        0.11490961834,
        0.11624356934,
        0.11656536534,
        0.11522560234000001,
        0.11875062534000001,
        0.13123777934,
        0.11960994334000001,
        0.11860384134000002,
        0.11893039434000001,
        0.12148211734000001,
        0.11970714834000001,
        0.11729270934000001,
        0.11760306734,
        0.12258106834,
        0.12280000334,
        0.12131655534,
        0.12168485534000001,
        0.12227651334,
        0.12365510934,
        0.12329893534000001,
        0.12126173434000001,
        0.12249336834,
        0.12318184234,
        0.12148072134000001,
        0.12171861434000002,
        0.12243386034000002,
        0.12318705734,
        0.12301918134000002,
        0.12190565234000002,
        0.12245176634,
        0.12302152634,
        0.12213479734000002,
        0.12165797834000001,
        0.12310566434000002,
        0.12298910734,
        0.12190424134000001,
        0.12126549434000002,
        0.12372891534000001,
        0.12280042734,
        0.12145740634,
        0.12135737634000002,
        0.12236602634,
        0.12200165834000001,
        0.12135240334000001,
        0.12126057234000001,
        0.12452103934000001,
        0.13396201134,
        0.12571810234,
        0.12552472834,
        0.12316150834000002,
        0.12406270834000001,
        0.12116081234000001,
        0.12126722234000001,
        0.12176453434000001,
        0.12282054934000002,
        0.12107767234000001,
        0.12140461334000001,
        0.12284460034000001,
        0.12291847434000001,
        0.12155100134,
        0.12166806434,
        0.12085197134000002,
        0.12188058034000002,
        0.12161759034000001,
        0.12223322734000001,
        0.12362598734000001,
        0.12274154034000002,
        0.12140559234000001,
        0.12111656434000001,
        0.12208925934,
        0.12270005934000001,
        0.12126350334000001,
        0.12156355934000002,
        0.12290658634,
        0.12382808634000002,
        0.12230008134000002,
        0.12310116734,
        0.12655510034,
        0.12302356034000002,
        0.12141864834,
        0.12172827134000001,
        0.12310640534000002,
        0.12311781334,
        0.12141661134000001,
        0.11962950734000001,
        0.11809736234000001,
        0.11903636934000002,
        0.11768195934000002,
        0.11714938734000001,
        0.11882672834,
        0.11867975834000001,
        0.11741756934000001,
        0.11747469634,
        0.11954233334000001,
        0.11881850434,
        0.12080416734,
        0.12127722334,
        0.12243061234000001,
        0.12319323934000002
      ],
      "exit_codes": [
        0,
        0,
        0,
        0,
        0,
        0,
        0,
        0,
        0,
        0,
        0,
        0,
        0,
        0,
        0,
        0,
        0,
        0,
        0,
        0,
        0,
        0,
        0,
        0,
        0,
        0,
        0,
        0,
        0,
        0,
        0,
        0,
        0,
        0,
        0,
        0,
        0,
        0,
        0,
        0,
        0,
        0,
        0,
        0,
        0,
        0,
        0,
        0,
        0,
        0,
        0,
        0,
        0,
        0,
        0,
        0,
        0,
        0,
        0,
        0,
        0,
        0,
        0,
        0,
        0,
        0,
        0,
        0,
        0,
        0,
        0,
        0,
        0,
        0,
        0,
        0,
        0,
        0,
        0,
        0,
        0,
        0,
        0,
        0,
        0,
        0,
        0,
        0,
        0,
        0,
        0,
        0,
        0,
        0,
        0,
        0,
        0,
        0,
        0,
        0
      ]
    }
  ]
}
