{
  "results": [
    {
      "command": "out/20220731101132/contention 512 100",
      "mean": 0.011725735590000003,
      "stddev": 0.0003576160033759326,
      "median": 0.01166026562,
      "user": 0.00456318,
      "system": 0.014501570000000004,
      "min": 0.01112356912,
      "max": 0.013327568120000001,
      "times": [
        0.01137222212,
        0.012041734120000001,
        0.01165968212,
        0.01137816412,
        0.013268640120000001,
        0.011748915120000002,
        0.01124776512,
        0.01177702512,
        0.01160033512,
        0.011504551120000001,
        0.011580762120000001,
        0.011692926119999999,
        0.01169254112,
        0.01183712612,
        0.011686757119999999,
        0.01180107612,
        0.011522393119999998,
        0.01135977212,
        0.01157994512,
        0.011878093119999999,
        0.01164568412,
        0.011372893120000001,
        0.011793335120000002,
        0.011964745119999998,
        0.01155327012,
        0.011455562119999999,
        0.01242580612,
        0.012010193119999998,
        0.01176560712,
        0.01183089112,
        0.012027807120000001,
        0.01210597012,
        0.01202973512,
        0.011585908119999998,
        0.011662974119999999,
        0.01143393912,
        0.011888654120000001,
        0.011551066119999998,
        0.012034067119999999,
        0.013327568120000001,
        0.011749298120000001,
        0.01112356912,
        0.01160800112,
        0.012036592120000002,
        0.011658295119999999,
        0.011625199119999999,
        0.01142361612,
        0.011606962120000001,
        0.011715251119999999,
        0.01165734212,
        0.011536834119999999,
        0.01167453512,
        0.011685478119999999,
        0.01171662512,
        0.011673510120000001,
        0.011921678120000001,
        0.011508078120000001,
        0.012070143120000001,
        0.01166084912,
        0.01169585212,
        0.011495884120000001,
        0.01184365212,
        0.01162983612,
        0.01127681212,
        0.012283219120000001,
        0.01165277612,
        0.011782846119999999,
        0.012084418119999999,
        0.011821756119999999,
        0.01157706612,
        0.01152442512,
        0.01212445412,
        0.01152430312,
        0.011551429120000001,
        0.012971925120000002,
        0.012158857120000002,
        0.01146032412,
        0.011346548120000001,
        0.01171157112,
        0.011345722119999999,
        0.011374957120000001,
        0.01149584112,
        0.011807453119999999,
        0.011428201119999998,
        0.011595986119999999,
        0.011463459119999998,
        0.011592617119999999,
        0.01152193012,
        0.01126600912,
        0.012432146120000001,
        0.01182249212,
        0.01152770112,
        0.01174553112,
        0.011636690120000001,
        0.01163858512,
        0.01145470912,
        0.011718602120000001,
        0.011739752119999999,
        0.011419572119999999,
        0.011679686120000001
      ],
      "exit_codes": [
        0,
        0,
        0,
        0,
        0,
        0,
        0,
        0,
        0,
        0,
        0,
        0,
        0,
        0,
        0,
        0,
        0,
        0,
        0,
        0,
        0,
        0,
        0,
        0,
        0,
        0,
        0,
        0,
        0,
        0,
        0,
        0,
        0,
        0,
        0,
        0,
        0,
        0,
        0,
        0,
        0,
        0,
        0,
        0,
        0,
        0,
        0,
        0,
        0,
        0,
        0,
        0,
        0,
        0,
        0,
        0,
        0,
        0,
        0,
        0,
        0,
        0,
        0,
        0,
        0,
        0,
        0,
        0,
        0,
        0,
        0,
        0,
        0,
        0,
        0,
        0,
        0,
        0,
        0,
        0,
        0,
        0,
        0,
        0,
        0,
        0,
        0,
        0,
        0,
        0,
        0,
        0,
        0,
        0,
        0,
        0,
        0,
        0,
        0,
        0
      ]
    }
  ]
}
