{
  "results": [
    {
      "command": "out/20220731101132/contention 512 10000",
      "mean": 0.012932738130000001,
      "stddev": 0.0003891585523780442,
      "median": 0.0128291482,
      "user": 0.010437400000000006,
      "system": 0.01782964,
      "min": 0.0123696647,
      "max": 0.014459712700000002,
      "times": [
        0.012411181700000001,
        0.0126840657,
        0.0124755837,
        0.012821525700000001,
        0.0127977497,
        0.0128821237,
        0.0128807767,
        0.0129014277,
        0.012760808700000001,
        0.0126387707,
        0.0129575887,
        0.012419427700000001,
        0.0126867587,
        0.0137827677,
        0.0129709587,
        0.012718046700000001,
        0.0129450167,
        0.012569089700000001,
        0.0127376497,
        0.013397071699999999,
        0.0125691587,
        0.0127072317,
        0.0126129297,
        0.012722337700000001,
        0.0127403437,
        0.013440794700000001,
        0.0138331387,
        0.0123696647,
        0.0126551127,
        0.0129989967,
        0.0127488677,
        0.0126283957,
        0.013187279699999999,
        0.0124831687,
        0.012864175700000001,
        0.0127367197,
        0.0129586367,
        0.012683912700000001,
        0.0126866547,
        0.0128236707,
        0.0128112587,
        0.0131471477,
        0.013502002700000001,
        0.013733633700000001,
        0.0127847507,
        0.0130720057,
        0.0126312757,
        0.012401350700000001,
        0.0125121127,
        0.0130797297,
        0.0129624357,
        0.013444042699999999,
        0.013363325700000001,
        0.0126948267,
        0.0127153587,
        0.0130901417,
        0.0126216107,
        0.0130844687,
        0.0140395717,
        0.0130119567,
        0.0127246287,
        0.0132446557,
        0.0126404977,
        0.0125385917,
        0.0125885897,
        0.0127800297,
        0.0126695427,
        0.0126745537,
        0.0131101887,
        0.0127096417,
        0.0128065827,
        0.0128893257,
        0.0125832617,
        0.0124254087,
        0.0124034507,
        0.0129666007,
        0.0130387297,
        0.0128346257,
        0.0126971197,
        0.0129910587,
        0.0126292177,
        0.0138132257,
        0.0127949137,
        0.0129408897,
        0.0129234737,
        0.0128700977,
        0.0137375767,
        0.013413504699999999,
        0.013457293700000001,
        0.0129413017,
        0.014459712700000002,
        0.013176346700000001,
        0.012737494700000001,
        0.0130970437,
        0.013387224699999999,
        0.013199699700000001,
        0.0131147787,
        0.013651826700000001,
        0.0130597917,
        0.012958726700000001
      ],
      "exit_codes": [
        0,
        0,
        0,
        0,
        0,
        0,
        0,
        0,
        0,
        0,
        0,
        0,
        0,
        0,
        0,
        0,
        0,
        0,
        0,
        0,
        0,
        0,
        0,
        0,
        0,
        0,
        0,
        0,
        0,
        0,
        0,
        0,
        0,
        0,
        0,
        0,
        0,
        0,
        0,
        0,
        0,
        0,
        0,
        0,
        0,
        0,
        0,
        0,
        0,
        0,
        0,
        0,
        0,
        0,
        0,
        0,
        0,
        0,
        0,
        0,
        0,
        0,
        0,
        0,
        0,
        0,
        0,
        0,
        0,
        0,
        0,
        0,
        0,
        0,
        0,
        0,
        0,
        0,
        0,
        0,
        0,
        0,
        0,
        0,
        0,
        0,
        0,
        0,
        0,
        0,
        0,
        0,
        0,
        0,
        0,
        0,
        0,
        0,
        0,
        0
      ]
    }
  ]
}
