{
  "results": [
    {
      "command": "out/20220731101132/contention 512 100000",
      "mean": 0.01904713421,
      "stddev": 0.0007053999871259715,
      "median": 0.01890466006,
      "user": 0.08271633000000002,
      "system": 0.022290870000000004,
      "min": 0.01799689706,
      "max": 0.02214669106,
      "times": [
        0.01815911806,
        0.01820805806,
        0.01824594306,
        0.018470910059999998,
        0.01799689706,
        0.01871976406,
        0.01876614406,
        0.01868401506,
        0.01830804006,
        0.01869716206,
        0.01871937406,
        0.01809413406,
        0.01841681206,
        0.018189053059999998,
        0.01824132506,
        0.01855101906,
        0.01823643406,
        0.01864616206,
        0.01841910006,
        0.01830594306,
        0.01819270306,
        0.01812517906,
        0.01847166906,
        0.01868098706,
        0.01957591806,
        0.01843367706,
        0.01836994906,
        0.01860994006,
        0.01850603506,
        0.01921006406,
        0.01895401706,
        0.01924884906,
        0.01837583406,
        0.01982088906,
        0.01846166306,
        0.01875638506,
        0.01895147906,
        0.01852090706,
        0.01862502406,
        0.01863656406,
        0.01832769606,
        0.01843900806,
        0.01832347106,
        0.01856051106,
        0.018311298059999998,
        0.01996515206,
        0.01871194306,
        0.01891071006,
        0.01904827506,
        0.01872695406,
        0.01944487706,
        0.01888248206,
        0.01978878006,
        0.01873823006,
        0.01912746006,
        0.01906098106,
        0.01963061506,
        0.019097974059999998,
        0.01889861006,
        0.01949921806,
        0.02013619006,
        0.01957861306,
        0.01887348006,
        0.01878459706,
        0.01907091606,
        0.01881554206,
        0.01913697106,
        0.01872441306,
        0.01901413306,
        0.01885670006,
        0.01897437906,
        0.01973065806,
        0.01877399106,
        0.01922932406,
        0.01896129306,
        0.02018854206,
        0.02025145906,
        0.01972234606,
        0.01953598806,
        0.02159198406,
        0.01995209406,
        0.01925600706,
        0.01945260506,
        0.01954268706,
        0.02012642406,
        0.01956921406,
        0.01964226606,
        0.01947178706,
        0.01929474906,
        0.01963830606,
        0.01954427906,
        0.01946620506,
        0.01940879806,
        0.01971351306,
        0.01945626906,
        0.02214669106,
        0.01978469006,
        0.02042597606,
        0.01931127506,
        0.01946067706
      ],
      "exit_codes": [
        0,
        0,
        0,
        0,
        0,
        0,
        0,
        0,
        0,
        0,
        0,
        0,
        0,
        0,
        0,
        0,
        0,
        0,
        0,
        0,
        0,
        0,
        0,
        0,
        0,
        0,
        0,
        0,
        0,
        0,
        0,
        0,
        0,
        0,
        0,
        0,
        0,
        0,
        0,
        0,
        0,
        0,
        0,
        0,
        0,
        0,
        0,
        0,
        0,
        0,
        0,
        0,
        0,
        0,
        0,
        0,
        0,
        0,
        0,
        0,
        0,
        0,
        0,
        0,
        0,
        0,
        0,
        0,
        0,
        0,
        0,
        0,
        0,
        0,
        0,
        0,
        0,
        0,
        0,
        0,
        0,
        0,
        0,
        0,
        0,
        0,
        0,
        0,
        0,
        0,
        0,
        0,
        0,
        0,
        0,
        0,
        0,
        0,
        0,
        0
      ]
    }
  ]
}
