{
  "results": [
    {
      "command": "out/20220731101132/contention 512 10",
      "mean": 0.011689912020000004,
      "stddev": 0.00031743932602588433,
      "median": 0.01165821962,
      "user": 0.00443657,
      "system": 0.014386060000000004,
      "min": 0.010983422120000001,
      "max": 0.013156132119999999,
      "times": [
        0.01163502412,
        0.011783950120000001,
        0.01234657912,
        0.01187109512,
        0.01177288312,
        0.011846638120000001,
        0.01211573412,
        0.01179563412,
        0.01160140012,
        0.013156132119999999,
        0.01168024212,
        0.01190556312,
        0.01163702112,
        0.01197788512,
        0.01183226612,
        0.01179935712,
        0.01183871112,
        0.01205228712,
        0.01159747112,
        0.01172592112,
        0.01193630512,
        0.011533564120000001,
        0.01210533312,
        0.01211469612,
        0.01193672612,
        0.01150038412,
        0.01165694512,
        0.01189669212,
        0.01188095912,
        0.01188959812,
        0.011986950120000001,
        0.011989669120000001,
        0.01186241012,
        0.01176969212,
        0.01182696212,
        0.01150335112,
        0.01165949412,
        0.01168799412,
        0.01157173012,
        0.011770589120000001,
        0.01144320412,
        0.01167769712,
        0.011519076120000001,
        0.01219863412,
        0.01225370812,
        0.01127959512,
        0.01123903612,
        0.011172936120000001,
        0.01185657912,
        0.01181690712,
        0.01148719212,
        0.01172301512,
        0.01141048312,
        0.01149689712,
        0.01107291212,
        0.01247184412,
        0.01166045012,
        0.01162599412,
        0.01145818912,
        0.01174878612,
        0.01157990112,
        0.01136946112,
        0.01195384212,
        0.01150005412,
        0.011411141120000001,
        0.01163410412,
        0.01167704212,
        0.011348944120000001,
        0.01154134112,
        0.01164903212,
        0.01143949212,
        0.01142982612,
        0.01195265312,
        0.01151242312,
        0.01157463012,
        0.01174394612,
        0.01171291812,
        0.01151216712,
        0.01188992612,
        0.012022936120000001,
        0.010983422120000001,
        0.01132486412,
        0.01137780612,
        0.01143108912,
        0.01149536612,
        0.01157680912,
        0.01247345212,
        0.01153468312,
        0.011297979120000001,
        0.01130508512,
        0.01174578612,
        0.01155506112,
        0.01154677312,
        0.01182419212,
        0.01123596412,
        0.01153359912,
        0.01141546412,
        0.01149834112,
        0.01139252412,
        0.01132218212
      ],
      "exit_codes": [
        0,
        0,
        0,
        0,
        0,
        0,
        0,
        0,
        0,
        0,
        0,
        0,
        0,
        0,
        0,
        0,
        0,
        0,
        0,
        0,
        0,
        0,
        0,
        0,
        0,
        0,
        0,
        0,
        0,
        0,
        0,
        0,
        0,
        0,
        0,
        0,
        0,
        0,
        0,
        0,
        0,
        0,
        0,
        0,
        0,
        0,
        0,
        0,
        0,
        0,
        0,
        0,
        0,
        0,
        0,
        0,
        0,
        0,
        0,
        0,
        0,
        0,
        0,
        0,
        0,
        0,
        0,
        0,
        0,
        0,
        0,
        0,
        0,
        0,
        0,
        0,
        0,
        0,
        0,
        0,
        0,
        0,
        0,
        0,
        0,
        0,
        0,
        0,
        0,
        0,
        0,
        0,
        0,
        0,
        0,
        0,
        0,
        0,
        0,
        0
      ]
    }
  ]
}
