{
  "results": [
    {
      "command": "out/20220731101132/contention 64 100000",
      "mean": 0.014386779960000005,
      "stddev": 0.0009642813413057441,
      "median": 0.01417407848,
      "user": 0.07416250000000002,
      "system": 0.003421569999999999,
      "min": 0.012623005980000001,
      "max": 0.019123723980000003,
      "times": [
        0.012623005980000001,
        0.013425594979999999,
        0.014087799980000001,
        0.01348417098,
        0.01323372298,
        0.013966055980000001,
        0.013519142980000001,
        0.01513368798,
        0.013331311980000001,
        0.01414311698,
        0.013926181979999999,
        0.01374194798,
        0.01431781098,
        0.014571465980000002,
        0.013724405980000002,
        0.01359190898,
        0.013779833980000001,
        0.01426072798,
        0.01343060798,
        0.013920501980000001,
        0.01384941698,
        0.01362614998,
        0.01453996798,
        0.013756122979999999,
        0.01443158398,
        0.014212621980000001,
        0.01409505798,
        0.01363794298,
        0.014864836979999999,
        0.01366950798,
        0.013503216980000001,
        0.014220225979999999,
        0.013760361980000002,
        0.013831115980000001,
        0.01419895898,
        0.01386712698,
        0.01422823998,
        0.01429661398,
        0.014110657980000002,
        0.01422605898,
        0.014527500980000002,
        0.013886376980000002,
        0.01493171298,
        0.01406284098,
        0.013591217979999999,
        0.01426084698,
        0.01419399098,
        0.014709155980000001,
        0.014012577980000001,
        0.01407602998,
        0.01402506598,
        0.01394688198,
        0.01436434498,
        0.013659980980000002,
        0.01394202598,
        0.01421348198,
        0.01368015298,
        0.01391157198,
        0.019123723980000003,
        0.016778382980000003,
        0.016885170980000003,
        0.016761961980000004,
        0.01704007298,
        0.01542146198,
        0.017001575980000003,
        0.016806251980000003,
        0.016308860980000003,
        0.01501966298,
        0.014602286979999999,
        0.01399408398,
        0.01425783398,
        0.015147987980000001,
        0.01409933598,
        0.01456663198,
        0.015244280980000002,
        0.01438086398,
        0.014539265979999999,
        0.015647120980000002,
        0.014464135979999999,
        0.014531726980000001,
        0.014634314980000002,
        0.01434120298,
        0.01353533898,
        0.01473338798,
        0.01392178398,
        0.01415416598,
        0.01450783698,
        0.014053970980000002,
        0.014146461979999999,
        0.01458779698,
        0.014144248980000001,
        0.013782896979999999,
        0.014524692980000002,
        0.013992518980000002,
        0.01531563698,
        0.014265129980000001,
        0.01430513398,
        0.01385893498,
        0.01428430498,
        0.013831001979999999
      ],
      "exit_codes": [
        0,
        0,
        0,
        0,
        0,
        0,
        0,
        0,
        0,
        0,
        0,
        0,
        0,
        0,
        0,
        0,
        0,
        0,
        0,
        0,
        0,
        0,
        0,
        0,
        0,
        0,
        0,
        0,
        0,
        0,
        0,
        0,
        0,
        0,
        0,
        0,
        0,
        0,
        0,
        0,
        0,
        0,
        0,
        0,
        0,
        0,
        0,
        0,
        0,
        0,
        0,
        0,
        0,
        0,
        0,
        0,
        0,
        0,
        0,
        0,
        0,
        0,
        0,
        0,
        0,
        0,
        0,
        0,
        0,
        0,
        0,
        0,
        0,
        0,
        0,
        0,
        0,
        0,
        0,
        0,
        0,
        0,
        0,
        0,
        0,
        0,
        0,
        0,
        0,
        0,
        0,
        0,
        0,
        0,
        0,
        0,
        0,
        0,
        0,
        0
      ]
    }
  ]
}
