{
  "results": [
    {
      "command": "out/20220731101132/contention 64 1000",
      "mean": 0.002808392770000001,
      "stddev": 0.00016842926877673177,
      "median": 0.002775321660000001,
      "user": 0.00211506,
      "system": 0.0026865500000000002,
      "min": 0.002254446660000001,
      "max": 0.0034703736600000014,
      "times": [
        0.002677759660000001,
        0.002690569660000001,
        0.002779585660000001,
        0.0026580796600000007,
        0.002756868660000001,
        0.002718777660000001,
        0.002953710660000001,
        0.002709366660000001,
        0.002678947660000001,
        0.0027695346600000014,
        0.002759839660000001,
        0.0028102136600000006,
        0.002605854660000001,
        0.002830748660000001,
        0.0031784186600000014,
        0.002686133660000001,
        0.0027946216600000014,
        0.0027591056600000012,
        0.002966156660000001,
        0.002748322660000001,
        0.0027458266600000007,
        0.0026754976600000006,
        0.0030537186600000012,
        0.0027129686600000013,
        0.0028276466600000013,
        0.0026141756600000007,
        0.002777797660000001,
        0.0027404396600000007,
        0.002752687660000001,
        0.002984416660000001,
        0.0029414556600000008,
        0.0029045756600000012,
        0.002859623660000001,
        0.002695755660000001,
        0.002730128660000001,
        0.0027789006600000008,
        0.0027151186600000007,
        0.002782052660000001,
        0.0030581146600000006,
        0.0030474696600000014,
        0.0028276116600000007,
        0.0026213096600000013,
        0.0026987376600000014,
        0.0027285456600000006,
        0.003121131660000001,
        0.0028263976600000013,
        0.0032679386600000014,
        0.003285584660000001,
        0.0028459476600000014,
        0.002781994660000001,
        0.0028311976600000014,
        0.0028174066600000014,
        0.0027229956600000006,
        0.0027981216600000006,
        0.0028649026600000007,
        0.003141317660000001,
        0.0027553136600000014,
        0.002254446660000001,
        0.002552915660000001,
        0.0028024576600000012,
        0.002765156660000001,
        0.0027563306600000012,
        0.0033703486600000013,
        0.0034703736600000014,
        0.002899721660000001,
        0.0027459076600000014,
        0.002723716660000001,
        0.002765420660000001,
        0.0028018606600000006,
        0.002674763660000001,
        0.002932269660000001,
        0.0026997296600000014,
        0.0027972366600000007,
        0.002781126660000001,
        0.002641086660000001,
        0.0028750076600000014,
        0.0026920766600000007,
        0.002744860660000001,
        0.002837638660000001,
        0.0027397326600000008,
        0.002864643660000001,
        0.002739638660000001,
        0.002829553660000001,
        0.0026928266600000014,
        0.0027844626600000014,
        0.002715162660000001,
        0.002953616660000001,
        0.002798608660000001,
        0.002757250660000001,
        0.002768714660000001,
        0.002617528660000001,
        0.002817433660000001,
        0.0027225096600000014,
        0.002772845660000001,
        0.0029828106600000006,
        0.002824850660000001,
        0.0027831506600000007,
        0.0027227846600000006,
        0.002715808660000001,
        0.002783446660000001
      ],
      "exit_codes": [
        0,
        0,
        0,
        0,
        0,
        0,
        0,
        0,
        0,
        0,
        0,
        0,
        0,
        0,
        0,
        0,
        0,
        0,
        0,
        0,
        0,
        0,
        0,
        0,
        0,
        0,
        0,
        0,
        0,
        0,
        0,
        0,
        0,
        0,
        0,
        0,
        0,
        0,
        0,
        0,
        0,
        0,
        0,
        0,
        0,
        0,
        0,
        0,
        0,
        0,
        0,
        0,
        0,
        0,
        0,
        0,
        0,
        0,
        0,
        0,
        0,
        0,
        0,
        0,
        0,
        0,
        0,
        0,
        0,
        0,
        0,
        0,
        0,
        0,
        0,
        0,
        0,
        0,
        0,
        0,
        0,
        0,
        0,
        0,
        0,
        0,
        0,
        0,
        0,
        0,
        0,
        0,
        0,
        0,
        0,
        0,
        0,
        0,
        0,
        0
      ]
    }
  ]
}
