{
  "results": [
    {
      "command": "out/20220731101132/contention 64 1000000",
      "mean": 0.11680374540999995,
      "stddev": 0.003159780596352782,
      "median": 0.11730245856000002,
      "user": 0.7877774699999998,
      "system": 0.006882250000000002,
      "min": 0.10702027306,
      "max": 0.12589101106,
      "times": [
        0.10702027306,
        0.11072280106,
        0.11247204506000001,
        0.11504725806,
        0.11244252606,
        0.11093985306000001,
        0.11756406906000001,
        0.11613815606000001,
        0.11574179806000001,
        0.11252225606,
        0.11099146606,
        0.11272308406,
        0.11275299906000001,
        0.11241012606,
        0.11326376606,
        0.11279439606000001,
        0.11392248406000001,
        0.11742710606000001,
        0.11160300606000001,
        0.11318111906,
        0.11556188106000001,
        0.11284284006,
        0.11290425106,
        0.11363988706000001,
        0.11431947406000001,
        0.11362922906,
        0.11528262606,
        0.11337943506,
        0.11856060506,
        0.11739497606,
        0.11716161206,
        0.12203573306000001,
        0.11967967006,
        0.12373921606000002,
        0.11816957106,
        0.11715549806,
        0.12589101106,
        0.12155252706000001,
        0.12038802206,
        0.12313964506,
        0.11838079306,
        0.11895175206000001,
        0.11821717806000001,
        0.11726752306,
        0.12168551106,
        0.11907180706,
        0.11674283306000001,
        0.11720346206000001,
        0.11781969206000001,
        0.11816446106,
        0.11695566006000001,
        0.11685729206,
        0.11919066606,
        0.11892980606,
        0.11814863706,
        0.11685384706,
        0.11817967606,
        0.11952445406000001,
        0.11726792706000001,
        0.12004004006,
        0.11829324106000001,
        0.11760264706000001,
        0.11463568906,
        0.11356682706000001,
        0.11530743806,
        0.11391803406,
        0.11378994406000001,
        0.11349189506000001,
        0.11324005206000001,
        0.11403378906,
        0.11587825006000001,
        0.11758486006,
        0.11675246806,
        0.11963410806000001,
        0.11983196606,
        0.11799349006000001,
        0.11736854306000001,
        0.11750068306000001,
        0.12327219806,
        0.11694063506,
        0.11671517406000001,
        0.11804976806,
        0.11816753706000001,
        0.12144931706,
        0.11733699006000001,
        0.11737023006000001,
        0.11864913206000001,
        0.11807292206,
        0.11860628906000001,
        0.11770674006000001,
        0.11920041306000001,
        0.11967084306,
        0.11680024506,
        0.11725435206000001,
        0.11898056906000001,
        0.11820295806,
        0.11726558206000001,
        0.11780650706000001,
        0.11894249106,
        0.11992840606
      ],
      "exit_codes": [
        0,
        0,
        0,
        0,
        0,
        0,
        0,
        0,
        0,
        0,
        0,
        0,
        0,
        0,
        0,
        0,
        0,
        0,
        0,
        0,
        0,
        0,
        0,
        0,
        0,
        0,
        0,
        0,
        0,
        0,
        0,
        0,
        0,
        0,
        0,
        0,
        0,
        0,
        0,
        0,
        0,
        0,
        0,
        0,
        0,
        0,
        0,
        0,
        0,
        0,
        0,
        0,
        0,
        0,
        0,
        0,
        0,
        0,
        0,
        0,
        0,
        0,
        0,
        0,
        0,
        0,
        0,
        0,
        0,
        0,
        0,
        0,
        0,
        0,
        0,
        0,
        0,
        0,
        0,
        0,
        0,
        0,
        0,
        0,
        0,
        0,
        0,
        0,
        0,
        0,
        0,
        0,
        0,
        0,
        0,
        0,
        0,
        0,
        0,
        0
      ]
    }
  ]
}
