{
  "results": [
    {
      "command": "out/20220731101132/contention 64 1",
      "mean": 0.0038658024400000015,
      "stddev": 0.00022053121549080287,
      "median": 0.0038397132000000007,
      "user": 0.001468329999999999,
      "system": 0.00230904,
      "min": 0.0034155217,
      "max": 0.0048083187000000005,
      "times": [
        0.003892589700000001,
        0.0039653287,
        0.003948684700000001,
        0.0039073027,
        0.0038490747000000007,
        0.0039866567000000006,
        0.004037906700000001,
        0.0040528507,
        0.0039894007,
        0.003952703700000001,
        0.0041490197,
        0.0039027737000000007,
        0.0043869407000000004,
        0.0042996047,
        0.003996899700000001,
        0.003972774700000001,
        0.0038917337000000003,
        0.0041818877,
        0.003963373700000001,
        0.0039009407,
        0.0041420157,
        0.004100304700000001,
        0.003911945700000001,
        0.0040506437,
        0.003880866700000001,
        0.0040018057000000004,
        0.0044201557,
        0.0041570457000000005,
        0.0048083187000000005,
        0.004040803700000001,
        0.0041339847,
        0.0038266767,
        0.003699827700000001,
        0.0038178647000000005,
        0.003845671700000001,
        0.0040583307,
        0.0038540127,
        0.0036770867000000002,
        0.0038337547000000007,
        0.0038889367000000006,
        0.003712766700000001,
        0.0037357697000000006,
        0.0039710587,
        0.003942562700000001,
        0.0038014537000000004,
        0.0037487477,
        0.0037939407000000007,
        0.0038831417000000003,
        0.0037760127000000003,
        0.0038272607000000005,
        0.004118926700000001,
        0.0037583487000000006,
        0.0037938347,
        0.0037672007000000007,
        0.0037475007000000006,
        0.0036925667000000002,
        0.0037767347,
        0.0038307187,
        0.0039725057,
        0.0040018687,
        0.0037224597000000007,
        0.0037548527,
        0.0037685547,
        0.0037500357000000003,
        0.003923742700000001,
        0.003902430700000001,
        0.0037826007000000004,
        0.0038077507,
        0.0036492007000000007,
        0.0037608927000000007,
        0.0037395327,
        0.0038907397000000005,
        0.004327364700000001,
        0.004251167700000001,
        0.0034155217,
        0.0035760507000000006,
        0.0037334087000000004,
        0.0037218027000000004,
        0.0036708027000000006,
        0.0037357797000000005,
        0.0041920207,
        0.0035844387000000004,
        0.0034877427,
        0.0035832037000000008,
        0.0036387747000000007,
        0.0038717927000000004,
        0.003878269700000001,
        0.0037385207,
        0.0036908977,
        0.0035522857000000003,
        0.0036353767000000007,
        0.0036645307000000007,
        0.0036532607,
        0.0035135167,
        0.0037351537000000004,
        0.0038750787000000004,
        0.0036108167,
        0.0035993847000000004,
        0.0035581517000000005,
        0.0036009127
      ],
      "exit_codes": [
        0,
        0,
        0,
        0,
        0,
        0,
        0,
        0,
        0,
        0,
        0,
        0,
        0,
        0,
        0,
        0,
        0,
        0,
        0,
        0,
        0,
        0,
        0,
        0,
        0,
        0,
        0,
        0,
        0,
        0,
        0,
        0,
        0,
        0,
        0,
        0,
        0,
        0,
        0,
        0,
        0,
        0,
        0,
        0,
        0,
        0,
        0,
        0,
        0,
        0,
        0,
        0,
        0,
        0,
        0,
        0,
        0,
        0,
        0,
        0,
        0,
        0,
        0,
        0,
        0,
        0,
        0,
        0,
        0,
        0,
        0,
        0,
        0,
        0,
        0,
        0,
        0,
        0,
        0,
        0,
        0,
        0,
        0,
        0,
        0,
        0,
        0,
        0,
        0,
        0,
        0,
        0,
        0,
        0,
        0,
        0,
        0,
        0,
        0,
        0
      ]
    }
  ]
}
