{
  "results": [
    {
      "command": "out/20220731101132/contention 64 10000",
      "mean": 0.004268561099999998,
      "stddev": 0.0001663051733567911,
      "median": 0.0042212422,
      "user": 0.009024239999999998,
      "system": 0.00322654,
      "min": 0.0039434907,
      "max": 0.0049403117,
      "times": [
        0.004220405700000001,
        0.0041954977,
        0.004560648699999999,
        0.0043864596999999995,
        0.004668738700000001,
        0.004813351699999999,
        0.0041256277000000004,
        0.0042555896999999995,
        0.004194177700000001,
        0.0041679097,
        0.0042996467,
        0.0043870147000000005,
        0.0044762767,
        0.0043863227000000005,
        0.0041734866999999995,
        0.0041264027,
        0.0041692867,
        0.0041420047,
        0.0041786887000000005,
        0.0043938517,
        0.004408452700000001,
        0.004328613700000001,
        0.004225464700000001,
        0.0041253287,
        0.0041766957,
        0.004321106700000001,
        0.0044528677,
        0.004155373699999999,
        0.0042204627,
        0.0042061867,
        0.0041438217,
        0.0041579107,
        0.0042734177000000005,
        0.0042580207,
        0.0043140907,
        0.0042756737,
        0.0041185747000000005,
        0.0043664347,
        0.0041614077,
        0.0042122927,
        0.0040967877,
        0.0043429877,
        0.0043472927,
        0.0042336647000000005,
        0.0042094527,
        0.004170567700000001,
        0.004156533699999999,
        0.0042379467,
        0.0042942056999999995,
        0.0043246516999999995,
        0.004162304700000001,
        0.0040324087,
        0.004225876700000001,
        0.0042047747,
        0.004068815700000001,
        0.0041942817,
        0.0045444917,
        0.0041806837,
        0.0041747307,
        0.004349831700000001,
        0.0041401167,
        0.004540924700000001,
        0.0043271577000000006,
        0.0042220217,
        0.0042175617000000006,
        0.0042254617000000005,
        0.0042619107,
        0.0041628897,
        0.004198455700000001,
        0.0042413157,
        0.0043611117,
        0.0043664307,
        0.004075561700000001,
        0.004098595700000001,
        0.004271788700000001,
        0.004486897700000001,
        0.0046336967,
        0.004344347700000001,
        0.0049403117,
        0.004646604700000001,
        0.0044183057,
        0.0041601537000000004,
        0.004182438700000001,
        0.0044673187,
        0.0042121737,
        0.0042128697,
        0.0042860567000000006,
        0.0044713357000000006,
        0.0039453357,
        0.0039434907,
        0.0041127387,
        0.0040955057,
        0.004457575700000001,
        0.004372911700000001,
        0.0040654657,
        0.0041521797,
        0.004175115700000001,
        0.004137580700000001,
        0.0041861537,
        0.004262362699999999
      ],
      "exit_codes": [
        0,
        0,
        0,
        0,
        0,
        0,
        0,
        0,
        0,
        0,
        0,
        0,
        0,
        0,
        0,
        0,
        0,
        0,
        0,
        0,
        0,
        0,
        0,
        0,
        0,
        0,
        0,
        0,
        0,
        0,
        0,
        0,
        0,
        0,
        0,
        0,
        0,
        0,
        0,
        0,
        0,
        0,
        0,
        0,
        0,
        0,
        0,
        0,
        0,
        0,
        0,
        0,
        0,
        0,
        0,
        0,
        0,
        0,
        0,
        0,
        0,
        0,
        0,
        0,
        0,
        0,
        0,
        0,
        0,
        0,
        0,
        0,
        0,
        0,
        0,
        0,
        0,
        0,
        0,
        0,
        0,
        0,
        0,
        0,
        0,
        0,
        0,
        0,
        0,
        0,
        0,
        0,
        0,
        0,
        0,
        0,
        0,
        0,
        0,
        0
      ]
    }
  ]
}
