{
  "results": [
    {
      "command": "out/20220731101132/contention 64 100",
      "mean": 0.0036903544599999993,
      "stddev": 0.0002500483662932829,
      "median": 0.0036426713200000006,
      "user": 0.0016273199999999994,
      "system": 0.00256333,
      "min": 0.00317420332,
      "max": 0.00487639132,
      "times": [
        0.00387055832,
        0.0036766113200000002,
        0.003662758320000001,
        0.0036817603200000005,
        0.00368649532,
        0.00364164232,
        0.00372787632,
        0.00442996932,
        0.00435352132,
        0.0037279923200000007,
        0.0036516883200000006,
        0.0036762593200000008,
        0.004030594320000001,
        0.004138300320000001,
        0.0035648463200000004,
        0.00487639132,
        0.00401669832,
        0.0036314853200000007,
        0.0038042553200000008,
        0.00438857832,
        0.00358899632,
        0.00317420332,
        0.0035747513200000006,
        0.0038678553200000004,
        0.00407702532,
        0.0035998023200000005,
        0.003267398320000001,
        0.0036243883200000005,
        0.0037620643200000003,
        0.0037681483200000003,
        0.004011274320000001,
        0.0037679353200000005,
        0.0036867403200000004,
        0.0036951843200000003,
        0.00361602132,
        0.003606640320000001,
        0.0036879863200000003,
        0.0036698213200000007,
        0.0038096493200000005,
        0.00372520532,
        0.0036426303200000005,
        0.0036581363200000007,
        0.0037669073200000004,
        0.00361458932,
        0.003621830320000001,
        0.0036427123200000007,
        0.003925887320000001,
        0.0036860793200000005,
        0.0035420123200000002,
        0.0036551413200000002,
        0.00389243532,
        0.0035362573200000006,
        0.0038092043200000005,
        0.003485710320000001,
        0.003712815320000001,
        0.0036704873200000005,
        0.0034361333200000005,
        0.003480918320000001,
        0.0035459233200000008,
        0.0034781853200000004,
        0.0034732613200000005,
        0.003437299320000001,
        0.0036919783200000007,
        0.003584669320000001,
        0.0034777533200000006,
        0.003707209320000001,
        0.0034681893200000005,
        0.0034633803200000007,
        0.0034787013200000003,
        0.00357536032,
        0.0035296413200000005,
        0.00427617432,
        0.00357519232,
        0.0035600373200000007,
        0.003542469320000001,
        0.0036344933200000004,
        0.0035805583200000006,
        0.00376735932,
        0.003534017320000001,
        0.0037004703200000004,
        0.003675135320000001,
        0.0036494653200000006,
        0.0035006373200000005,
        0.0034986033200000008,
        0.00345358832,
        0.003559526320000001,
        0.0034183623200000008,
        0.0036289033200000006,
        0.0035592133200000008,
        0.0035940033200000006,
        0.00356308032,
        0.0035215043200000004,
        0.0035501853200000004,
        0.00379764032,
        0.0035224863200000005,
        0.0039309633200000004,
        0.00426296332,
        0.00350971932,
        0.003659187320000001,
        0.0034986923200000008
      ],
      "exit_codes": [
        0,
        0,
        0,
        0,
        0,
        0,
        0,
        0,
        0,
        0,
        0,
        0,
        0,
        0,
        0,
        0,
        0,
        0,
        0,
        0,
        0,
        0,
        0,
        0,
        0,
        0,
        0,
        0,
        0,
        0,
        0,
        0,
        0,
        0,
        0,
        0,
        0,
        0,
        0,
        0,
        0,
        0,
        0,
        0,
        0,
        0,
        0,
        0,
        0,
        0,
        0,
        0,
        0,
        0,
        0,
        0,
        0,
        0,
        0,
        0,
        0,
        0,
        0,
        0,
        0,
        0,
        0,
        0,
        0,
        0,
        0,
        0,
        0,
        0,
        0,
        0,
        0,
        0,
        0,
        0,
        0,
        0,
        0,
        0,
        0,
        0,
        0,
        0,
        0,
        0,
        0,
        0,
        0,
        0,
        0,
        0,
        0,
        0,
        0,
        0
      ]
    }
  ]
}
