{
  "results": [
    {
      "command": "out/20220731101132/contention 8 1000",
      "mean": 0.00210333629,
      "stddev": 0.00021889487450389212,
      "median": 0.00209321948,
      "user": 0.0017662900000000004,
      "system": 0.0011239099999999994,
      "min": 0.0016889284800000004,
      "max": 0.0030217894800000007,
      "times": [
        0.00180527148,
        0.0019439624799999999,
        0.0017863894800000005,
        0.0021382374800000005,
        0.00171544348,
        0.0018485814800000004,
        0.0016889284800000004,
        0.00188203548,
        0.0019162224799999998,
        0.00211910848,
        0.00212193448,
        0.0020195864800000005,
        0.0021567264800000006,
        0.00219062248,
        0.0029631324800000005,
        0.00213932448,
        0.0019360784800000002,
        0.0019397614800000002,
        0.0021567534800000002,
        0.00212835648,
        0.0024395244800000005,
        0.00213085948,
        0.00290698748,
        0.0022635374800000006,
        0.00195985948,
        0.00195429248,
        0.00208017748,
        0.0022103814800000002,
        0.00218663648,
        0.00223523648,
        0.00251823048,
        0.00206529748,
        0.0021242574800000003,
        0.0021975884800000006,
        0.00205777648,
        0.00203718048,
        0.00210368648,
        0.00217354248,
        0.00209436548,
        0.0022316514800000005,
        0.0021382754800000005,
        0.00210267248,
        0.00197413148,
        0.00199061348,
        0.0020377134800000003,
        0.00205706348,
        0.0021573164800000005,
        0.0020836304799999998,
        0.0020465734800000006,
        0.0020324254800000003,
        0.0023951834800000006,
        0.0019566824799999998,
        0.0019562234800000002,
        0.00187307948,
        0.0019269094800000003,
        0.0021082634800000002,
        0.0021194124800000005,
        0.0020380114800000004,
        0.0021447384800000005,
        0.0024880834800000006,
        0.00204073248,
        0.0019294984800000002,
        0.00189046448,
        0.0020085974800000002,
        0.00200077548,
        0.0020942824800000005,
        0.00208144148,
        0.00209560148,
        0.00237773848,
        0.00229012348,
        0.0020969424800000003,
        0.0019888604800000005,
        0.0018048254799999997,
        0.00184360248,
        0.0020838024800000003,
        0.0019506024800000003,
        0.00193137248,
        0.0019964444800000002,
        0.0023577874800000003,
        0.00191449848,
        0.0021393074800000003,
        0.0030217894800000007,
        0.0020758084800000004,
        0.0019697864800000005,
        0.00189150248,
        0.0021404404799999998,
        0.0020285744800000003,
        0.00219639848,
        0.00210994948,
        0.0021077224800000005,
        0.0018850104800000006,
        0.0021174994800000004,
        0.0020921564799999998,
        0.0021373394800000005,
        0.0022167664800000005,
        0.0019940204800000002,
        0.0023879214800000006,
        0.00239722348,
        0.00229349648,
        0.0021583894800000004
      ],
      "exit_codes": [
        0,
        0,
        0,
        0,
        0,
        0,
        0,
        0,
        0,
        0,
        0,
        0,
        0,
        0,
        0,
        0,
        0,
        0,
        0,
        0,
        0,
        0,
        0,
        0,
        0,
        0,
        0,
        0,
        0,
        0,
        0,
        0,
        0,
        0,
        0,
        0,
        0,
        0,
        0,
        0,
        0,
        0,
        0,
        0,
        0,
        0,
        0,
        0,
        0,
        0,
        0,
        0,
        0,
        0,
        0,
        0,
        0,
        0,
        0,
        0,
        0,
        0,
        0,
        0,
        0,
        0,
        0,
        0,
        0,
        0,
        0,
        0,
        0,
        0,
        0,
        0,
        0,
        0,
        0,
        0,
        0,
        0,
        0,
        0,
        0,
        0,
        0,
        0,
        0,
        0,
        0,
        0,
        0,
        0,
        0,
        0,
        0,
        0,
        0,
        0
      ]
    }
  ]
}
