{
  "results": [
    {
      "command": "out/20220731101132/contention 8 100",
      "mean": 0.0028665816099999993,
      "stddev": 0.0001995783503946346,
      "median": 0.00284891178,
      "user": 0.0011981000000000003,
      "system": 0.0012019099999999996,
      "min": 0.0024975352799999997,
      "max": 0.0037607192800000002,
      "times": [
        0.00264011228,
        0.0026363872799999998,
        0.00308366928,
        0.0036276092799999997,
        0.00270150528,
        0.0026109332800000004,
        0.0027123752799999997,
        0.00312096728,
        0.00306257828,
        0.00284793428,
        0.00268414328,
        0.00280500728,
        0.0025855672799999997,
        0.00287122528,
        0.0027382422800000003,
        0.0027043272800000005,
        0.0027435632800000003,
        0.0029722782800000003,
        0.00302501328,
        0.00300968328,
        0.00290884728,
        0.00269780628,
        0.00273315928,
        0.0029194902800000005,
        0.0027661042800000003,
        0.00292195128,
        0.00310443228,
        0.0035380452800000003,
        0.0027937962800000005,
        0.0026550282800000004,
        0.00267645928,
        0.00285868828,
        0.00299387228,
        0.0029064312800000003,
        0.0028113572799999998,
        0.0029130372800000004,
        0.0029579512800000005,
        0.0025906332800000004,
        0.00255423928,
        0.00297994428,
        0.0028976362800000005,
        0.00311022328,
        0.0032159782799999997,
        0.0027780162799999997,
        0.0024975352799999997,
        0.00272509428,
        0.0030043782800000004,
        0.00270358528,
        0.0029523962799999997,
        0.00293879928,
        0.00287402528,
        0.0028388292800000004,
        0.00285255328,
        0.00285496228,
        0.0028396132799999997,
        0.0028598722800000005,
        0.0029333902800000003,
        0.0027365412800000005,
        0.00271086528,
        0.00282683528,
        0.0027533382800000003,
        0.00284692428,
        0.00310057928,
        0.0037607192800000002,
        0.00298319428,
        0.0028049852800000005,
        0.0028539812800000004,
        0.0027278672800000003,
        0.0026850262800000003,
        0.00280920828,
        0.00274448128,
        0.00258818328,
        0.0027910872800000004,
        0.00284381628,
        0.0028498892799999997,
        0.00295275328,
        0.0029485402799999997,
        0.0027806742799999997,
        0.0028876732800000005,
        0.0029153792800000002,
        0.00279349728,
        0.0029228552800000004,
        0.00308061928,
        0.0030818132800000003,
        0.00292268928,
        0.00283480928,
        0.00268649028,
        0.0027456262800000003,
        0.0027797762800000005,
        0.0026050022799999997,
        0.0026807662800000004,
        0.0028333382799999997,
        0.0031381222800000003,
        0.0028847682800000004,
        0.0029191032800000003,
        0.00296652628,
        0.00278333328,
        0.00290178528,
        0.0028857192800000003,
        0.0029676902800000004
      ],
      "exit_codes": [
        0,
        0,
        0,
        0,
        0,
        0,
        0,
        0,
        0,
        0,
        0,
        0,
        0,
        0,
        0,
        0,
        0,
        0,
        0,
        0,
        0,
        0,
        0,
        0,
        0,
        0,
        0,
        0,
        0,
        0,
        0,
        0,
        0,
        0,
        0,
        0,
        0,
        0,
        0,
        0,
        0,
        0,
        0,
        0,
        0,
        0,
        0,
        0,
        0,
        0,
        0,
        0,
        0,
        0,
        0,
        0,
        0,
        0,
        0,
        0,
        0,
        0,
        0,
        0,
        0,
        0,
        0,
        0,
        0,
        0,
        0,
        0,
        0,
        0,
        0,
        0,
        0,
        0,
        0,
        0,
        0,
        0,
        0,
        0,
        0,
        0,
        0,
        0,
        0,
        0,
        0,
        0,
        0,
        0,
        0,
        0,
        0,
        0,
        0,
        0
      ]
    }
  ]
}
