{
  "results": [
    {
      "command": "out/20220731101132/contention 8 1000000",
      "mean": 0.11598351527000002,
      "stddev": 0.0040102209706765635,
      "median": 0.11529162311999999,
      "user": 0.7742894399999999,
      "system": 0.004440029999999999,
      "min": 0.10723403312,
      "max": 0.12781154112,
      "times": [
        0.10723403312,
        0.11017453712,
        0.11306191912,
        0.11086657312,
        0.11044651212,
        0.11062439312,
        0.11314466212,
        0.11524177712,
        0.11026035112,
        0.11096150112,
        0.11344785112,
        0.12080297412,
        0.11156798712,
        0.11108394112,
        0.11335758412000001,
        0.11523488312,
        0.11442391612000001,
        0.11288585412,
        0.11229769412,
        0.11208552912,
        0.11349637112000001,
        0.11617151512,
        0.11222908312,
        0.11377185712,
        0.11355722112000001,
        0.11238273712,
        0.11180115612000001,
        0.11403775712,
        0.11831212412,
        0.12063060912000001,
        0.11591794312,
        0.11847648212,
        0.11818609312,
        0.12026778912000001,
        0.11264843312,
        0.11880021012,
        0.11665796012,
        0.12605259512000003,
        0.12781154112,
        0.11515091212,
        0.11495152912,
        0.12403773112000001,
        0.11646923412,
        0.12677686812000002,
        0.12105956312,
        0.11871594012,
        0.11920751812000001,
        0.11658980412,
        0.11944950512000001,
        0.11672141212,
        0.11268544712,
        0.11358722812000001,
        0.11301338612,
        0.11396356412,
        0.11132808212,
        0.11263841612,
        0.12715586612000002,
        0.12737850012000002,
        0.11262528512,
        0.11140822512000001,
        0.11219683112,
        0.11487719412,
        0.11545306612,
        0.11313379512,
        0.11346415912,
        0.11534146912,
        0.11632058712,
        0.11352398412,
        0.11349316612,
        0.11373029112000001,
        0.11464028212,
        0.11811663612000001,
        0.11261223612,
        0.11338171512,
        0.11472898612,
        0.11400738112,
        0.11454032612000001,
        0.11780055112,
        0.11810235012,
        0.11870248912,
        0.11755518912,
        0.11749273412,
        0.11968052312,
        0.11980968112,
        0.11736883812,
        0.11621874912,
        0.12115978812,
        0.11902479012,
        0.11795575012000001,
        0.11677757712,
        0.11888561212,
        0.11977303712000001,
        0.11767078812000001,
        0.11789958712000001,
        0.11785207712000001,
        0.11920196512,
        0.11667808012,
        0.11711254612000001,
        0.11779561212,
        0.11894313612
      ],
      "exit_codes": [
        0,
        0,
        0,
        0,
        0,
        0,
        0,
        0,
        0,
        0,
        0,
        0,
        0,
        0,
        0,
        0,
        0,
        0,
        0,
        0,
        0,
        0,
        0,
        0,
        0,
        0,
        0,
        0,
        0,
        0,
        0,
        0,
        0,
        0,
        0,
        0,
        0,
        0,
        0,
        0,
        0,
        0,
        0,
        0,
        0,
        0,
        0,
        0,
        0,
        0,
        0,
        0,
        0,
        0,
        0,
        0,
        0,
        0,
        0,
        0,
        0,
        0,
        0,
        0,
        0,
        0,
        0,
        0,
        0,
        0,
        0,
        0,
        0,
        0,
        0,
        0,
        0,
        0,
        0,
        0,
        0,
        0,
        0,
        0,
        0,
        0,
        0,
        0,
        0,
        0,
        0,
        0,
        0,
        0,
        0,
        0,
        0,
        0,
        0,
        0
      ]
    }
  ]
}
