{
  "results": [
    {
      "command": "out/20220731101132/contention 8 100000",
      "mean": 0.014116703629999991,
      "stddev": 0.0013805031229823723,
      "median": 0.013729993300000002,
      "user": 0.07210033,
      "system": 0.0015601900000000004,
      "min": 0.0124366288,
      "max": 0.0202961948,
      "times": [
        0.0124366288,
        0.013129208800000002,
        0.0126684168,
        0.0136660618,
        0.014021041800000002,
        0.0130358038,
        0.013286989800000003,
        0.013601441800000003,
        0.0166091308,
        0.0153320508,
        0.0128333868,
        0.013651800800000002,
        0.013902816800000002,
        0.0132702528,
        0.0140023378,
        0.0141315578,
        0.0137914458,
        0.012978169800000001,
        0.0140625898,
        0.0131016388,
        0.0132412098,
        0.0128959888,
        0.013737490800000002,
        0.0127486238,
        0.0127629738,
        0.013326712800000001,
        0.0134322108,
        0.0132565618,
        0.013799726800000002,
        0.014159895800000002,
        0.0133613928,
        0.0133147788,
        0.0140318938,
        0.0135255198,
        0.014342117800000002,
        0.013731920800000002,
        0.013063496800000001,
        0.013728065800000001,
        0.014019538800000002,
        0.0129802408,
        0.0152760968,
        0.013260178800000001,
        0.013105556800000001,
        0.013744004800000001,
        0.013141786800000001,
        0.013139766800000001,
        0.013840612800000002,
        0.0142406378,
        0.0140439818,
        0.013105741800000001,
        0.013430281800000003,
        0.0135316768,
        0.014430152800000002,
        0.0133030708,
        0.0131639598,
        0.0130431208,
        0.0136186778,
        0.013335182800000001,
        0.0135768418,
        0.014533875800000002,
        0.018709904800000003,
        0.016758217800000003,
        0.016918014800000002,
        0.0202961948,
        0.016410229800000002,
        0.0166767318,
        0.0130903388,
        0.013825438800000003,
        0.0165887108,
        0.015347670800000001,
        0.012804620800000001,
        0.017634695800000003,
        0.014452450800000002,
        0.0151578708,
        0.013121313800000001,
        0.0140329028,
        0.013387714800000002,
        0.0171073888,
        0.015813472800000002,
        0.0130096788,
        0.013528060800000002,
        0.014241855800000001,
        0.0136210688,
        0.0143499658,
        0.0151325868,
        0.013381428800000001,
        0.013173361800000002,
        0.014520368800000003,
        0.013087771800000002,
        0.014287467800000002,
        0.0137945958,
        0.0145393448,
        0.014882805800000003,
        0.0143487848,
        0.013063884800000002,
        0.013846511800000003,
        0.015111818800000003,
        0.014578880800000003,
        0.013668736800000001,
        0.017529159800000003
      ],
      "exit_codes": [
        0,
        0,
        0,
        0,
        0,
        0,
        0,
        0,
        0,
        0,
        0,
        0,
        0,
        0,
        0,
        0,
        0,
        0,
        0,
        0,
        0,
        0,
        0,
        0,
        0,
        0,
        0,
        0,
        0,
        0,
        0,
        0,
        0,
        0,
        0,
        0,
        0,
        0,
        0,
        0,
        0,
        0,
        0,
        0,
        0,
        0,
        0,
        0,
        0,
        0,
        0,
        0,
        0,
        0,
        0,
        0,
        0,
        0,
        0,
        0,
        0,
        0,
        0,
        0,
        0,
        0,
        0,
        0,
        0,
        0,
        0,
        0,
        0,
        0,
        0,
        0,
        0,
        0,
        0,
        0,
        0,
        0,
        0,
        0,
        0,
        0,
        0,
        0,
        0,
        0,
        0,
        0,
        0,
        0,
        0,
        0,
        0,
        0,
        0,
        0
      ]
    }
  ]
}
