{
  "results": [
    {
      "command": "out/20220731101132/contention 8 1",
      "mean": 0.0027772115599999985,
      "stddev": 0.00020160058897589236,
      "median": 0.002743943299999999,
      "user": 0.00100275,
      "system": 0.0010092999999999999,
      "min": 0.002388635299999999,
      "max": 0.003363783299999999,
      "times": [
        0.0028167912999999987,
        0.002968320299999999,
        0.003363783299999999,
        0.0028351242999999993,
        0.0028008022999999995,
        0.0027361502999999994,
        0.002874416299999999,
        0.0027995222999999993,
        0.002805293299999999,
        0.002747676299999999,
        0.002904961299999999,
        0.003021641299999999,
        0.002898981299999999,
        0.0032738572999999995,
        0.003335481299999999,
        0.002729719299999999,
        0.002949173299999999,
        0.0029788772999999992,
        0.003006682299999999,
        0.003107658299999999,
        0.002823049299999999,
        0.002718865299999999,
        0.002867182299999999,
        0.0027563312999999987,
        0.0026212792999999995,
        0.002758720299999999,
        0.0029789442999999995,
        0.003277233299999999,
        0.0028215552999999987,
        0.002964449299999999,
        0.002785674299999999,
        0.0027349142999999994,
        0.002546324299999999,
        0.0027551662999999995,
        0.0027402102999999987,
        0.002893337299999999,
        0.002967853299999999,
        0.0032345802999999987,
        0.002758227299999999,
        0.0028362742999999994,
        0.003047186299999999,
        0.0033554922999999995,
        0.002715157299999999,
        0.0025638872999999987,
        0.0028097682999999995,
        0.0026383642999999995,
        0.0027542932999999993,
        0.002839734299999999,
        0.002625462299999999,
        0.0025681242999999994,
        0.002556094299999999,
        0.002724301299999999,
        0.0026490412999999992,
        0.0026670632999999987,
        0.002732824299999999,
        0.002750889299999999,
        0.0029325042999999995,
        0.002626296299999999,
        0.002822062299999999,
        0.0026990302999999995,
        0.0025667732999999993,
        0.002675432299999999,
        0.0027709872999999987,
        0.002640016299999999,
        0.0025898212999999988,
        0.002870041299999999,
        0.002739656299999999,
        0.0026659592999999987,
        0.0025721552999999992,
        0.002576181299999999,
        0.002583773299999999,
        0.0026026762999999987,
        0.002623584299999999,
        0.002534706299999999,
        0.003004660299999999,
        0.002629473299999999,
        0.0026339862999999993,
        0.0025996392999999987,
        0.002630526299999999,
        0.0026718522999999994,
        0.002570041299999999,
        0.002694961299999999,
        0.002827470299999999,
        0.0029617672999999994,
        0.0026170142999999988,
        0.0026833522999999988,
        0.0026808182999999994,
        0.0026738082999999994,
        0.002654438299999999,
        0.0027922992999999995,
        0.003036521299999999,
        0.002477084299999999,
        0.003061577299999999,
        0.002753831299999999,
        0.002443192299999999,
        0.0026792922999999995,
        0.0027053762999999995,
        0.002499564299999999,
        0.002388635299999999,
        0.0024655462999999987
      ],
      "exit_codes": [
        0,
        0,
        0,
        0,
        0,
        0,
        0,
        0,
        0,
        0,
        0,
        0,
        0,
        0,
        0,
        0,
        0,
        0,
        0,
        0,
        0,
        0,
        0,
        0,
        0,
        0,
        0,
        0,
        0,
        0,
        0,
        0,
        0,
        0,
        0,
        0,
        0,
        0,
        0,
        0,
        0,
        0,
        0,
        0,
        0,
        0,
        0,
        0,
        0,
        0,
        0,
        0,
        0,
        0,
        0,
        0,
        0,
        0,
        0,
        0,
        0,
        0,
        0,
        0,
        0,
        0,
        0,
        0,
        0,
        0,
        0,
        0,
        0,
        0,
        0,
        0,
        0,
        0,
        0,
        0,
        0,
        0,
        0,
        0,
        0,
        0,
        0,
        0,
        0,
        0,
        0,
        0,
        0,
        0,
        0,
        0,
        0,
        0,
        0,
        0
      ]
    }
  ]
}
