{
  "results": [
    {
      "command": "out/20220731101132/contention 1024 10",
      "mean": 0.024015031679999996,
      "stddev": 0.0008597052699431654,
      "median": 0.024126732319999997,
      "user": 0.0077548199999999965,
      "system": 0.03668875,
      "min": 0.021927335319999998,
      "max": 0.02617174232,
      "times": [
        0.02353794732,
        0.02509617832,
        0.02302489732,
        0.02383951732,
        0.02360984932,
        0.024544126319999998,
        0.023514641319999998,
        0.02445457132,
        0.02469296432,
        0.02414009632,
        0.02337479732,
        0.02308729432,
        0.02305209632,
        0.02488274832,
        0.02433778332,
        0.023918690319999998,
        0.02205327832,
        0.02368374332,
        0.02509253832,
        0.02374523432,
        0.02280683532,
        0.02488349132,
        0.02458153032,
        0.02430884732,
        0.02340460632,
        0.02352744732,
        0.02617174232,
        0.02454849132,
        0.02397815232,
        0.022417303319999998,
        0.02367802432,
        0.02490139832,
        0.02407954432,
        0.02360525632,
        0.02446139432,
        0.02481021232,
        0.02423463632,
        0.02384887832,
        0.02465152832,
        0.02496694232,
        0.02478197432,
        0.02450535132,
        0.02381375532,
        0.02382478932,
        0.02514221332,
        0.02405068032,
        0.02347929932,
        0.02553448732,
        0.02519150732,
        0.02417311932,
        0.02345916932,
        0.02445221032,
        0.02422356132,
        0.02408226632,
        0.02448690332,
        0.02340421132,
        0.02438088732,
        0.02499926232,
        0.02365721932,
        0.02249848432,
        0.02498674332,
        0.02404455632,
        0.02417726732,
        0.02368257032,
        0.02397268632,
        0.02307349332,
        0.02504877532,
        0.02237848432,
        0.02325372032,
        0.02474158132,
        0.02531757732,
        0.02374792832,
        0.02193890532,
        0.02428275232,
        0.02428344232,
        0.02280990432,
        0.02291689432,
        0.02447739332,
        0.02475270432,
        0.024661467319999998,
        0.02252094932,
        0.024173911319999998,
        0.026119383319999998,
        0.02497524732,
        0.02247212132,
        0.021927335319999998,
        0.02448328932,
        0.02426995732,
        0.02411336832,
        0.02334422032,
        0.02424786832,
        0.02404552632,
        0.024554824319999998,
        0.02287310432,
        0.02366198332,
        0.02417567932,
        0.02485239432,
        0.02283935332,
        0.02339872532,
        0.02421447032
      ],
      "exit_codes": [
        0,
        0,
        0,
        0,
        0,
        0,
        0,
        0,
        0,
        0,
        0,
        0,
        0,
        0,
        0,
        0,
        0,
        0,
        0,
        0,
        0,
        0,
        0,
        0,
        0,
        0,
        0,
        0,
        0,
        0,
        0,
        0,
        0,
        0,
        0,
        0,
        0,
        0,
        0,
        0,
        0,
        0,
        0,
        0,
        0,
        0,
        0,
        0,
        0,
        0,
        0,
        0,
        0,
        0,
        0,
        0,
        0,
        0,
        0,
        0,
        0,
        0,
        0,
        0,
        0,
        0,
        0,
        0,
        0,
        0,
        0,
        0,
        0,
        0,
        0,
        0,
        0,
        0,
        0,
        0,
        0,
        0,
        0,
        0,
        0,
        0,
        0,
        0,
        0,
        0,
        0,
        0,
        0,
        0,
        0,
        0,
        0,
        0,
        0,
        0
      ]
    }
  ]
}
