{
  "results": [
    {
      "command": "out/20220731101132/contention 1024 1",
      "mean": 0.025619074949999994,
      "stddev": 0.0016565525690496196,
      "median": 0.025271427000000003,
      "user": 0.00808146,
      "system": 0.03931259000000001,
      "min": 0.022655808500000003,
      "max": 0.030503852500000005,
      "times": [
        0.028444485500000005,
        0.030503852500000005,
        0.028225685500000004,
        0.027416797500000003,
        0.027683721500000005,
        0.028179242500000003,
        0.030103491500000003,
        0.025067284500000002,
        0.026039727500000002,
        0.027182884500000004,
        0.028076193500000002,
        0.027808080500000002,
        0.026866090500000002,
        0.027191702500000005,
        0.027377526500000002,
        0.026860976500000005,
        0.025800798500000003,
        0.027094419500000005,
        0.027314519500000002,
        0.0294337375,
        0.025225232500000003,
        0.026792241500000005,
        0.028820894500000006,
        0.026108559500000003,
        0.025758903500000003,
        0.025470542500000002,
        0.025395539500000005,
        0.025402757500000005,
        0.026160924500000002,
        0.023774271500000003,
        0.025302307500000003,
        0.027943453500000003,
        0.027229909500000003,
        0.027242139500000002,
        0.024661587500000002,
        0.025256511500000002,
        0.026622859500000002,
        0.028832402500000007,
        0.026342035500000003,
        0.025244951500000005,
        0.027155352500000004,
        0.027670672500000004,
        0.024962239500000004,
        0.025347041500000004,
        0.025884074500000003,
        0.025812907500000003,
        0.023848075500000003,
        0.025013345500000003,
        0.024529224500000002,
        0.026246836500000002,
        0.024121412500000005,
        0.024599844500000002,
        0.027270518500000004,
        0.026473437500000002,
        0.024604507500000004,
        0.024605723500000003,
        0.025906163500000003,
        0.027454674500000005,
        0.027306188500000002,
        0.024792813500000004,
        0.024826586500000004,
        0.024131197500000003,
        0.025333587500000004,
        0.0245212165,
        0.022979954500000004,
        0.024446400500000003,
        0.024992235500000005,
        0.024054304500000002,
        0.024536618500000003,
        0.024873508500000002,
        0.023784042500000005,
        0.024791414500000004,
        0.023813145500000004,
        0.024007418500000002,
        0.024447640500000003,
        0.024958871500000004,
        0.0241791005,
        0.022655808500000003,
        0.025168269500000003,
        0.024243091500000005,
        0.023401972500000003,
        0.024156632500000004,
        0.0242133365,
        0.025328034500000002,
        0.023631360500000004,
        0.022899524500000004,
        0.023055337500000002,
        0.024331902500000002,
        0.024219968500000005,
        0.024374326500000005,
        0.024097657500000005,
        0.025291346500000002,
        0.025589050500000002,
        0.023556562500000003,
        0.025286342500000003,
        0.0246082235,
        0.024743285500000003,
        0.023684547500000003,
        0.024325479500000004,
        0.024503893500000002
      ],
      "exit_codes": [
        0,
        0,
        0,
        0,
        0,
        0,
        0,
        0,
        0,
        0,
        0,
        0,
        0,
        0,
        0,
        0,
        0,
        0,
        0,
        0,
        0,
        0,
        0,
        0,
        0,
        0,
        0,
        0,
        0,
        0,
        0,
        0,
        0,
        0,
        0,
        0,
        0,
        0,
        0,
        0,
        0,
        0,
        0,
        0,
        0,
        0,
        0,
        0,
        0,
        0,
        0,
        0,
        0,
        0,
        0,
        0,
        0,
        0,
        0,
        0,
        0,
        0,
        0,
        0,
        0,
        0,
        0,
        0,
        0,
        0,
        0,
        0,
        0,
        0,
        0,
        0,
        0,
        0,
        0,
        0,
        0,
        0,
        0,
        0,
        0,
        0,
        0,
        0,
        0,
        0,
        0,
        0,
        0,
        0,
        0,
        0,
        0,
        0,
        0,
        0
      ]
    }
  ]
}
