{
  "results": [
    {
      "command": "out/20220731101132/contention 1024 100000",
      "mean": 0.033202544099999995,
      "stddev": 0.0014226614580930966,
      "median": 0.0335656768,
      "user": 0.07813498999999997,
      "system": 0.05393836999999999,
      "min": 0.0304815273,
      "max": 0.036351280300000004,
      "times": [
        0.0304815273,
        0.031169072300000003,
        0.0304854953,
        0.0311486573,
        0.030689044300000003,
        0.0312592833,
        0.030859956299999998,
        0.030839550299999997,
        0.0307380913,
        0.0313677413,
        0.0319619283,
        0.030874542300000002,
        0.0322173133,
        0.0312205853,
        0.0320089603,
        0.0315350083,
        0.0316677543,
        0.031051085300000003,
        0.0318833413,
        0.0320795993,
        0.0320796173,
        0.0312800383,
        0.0326004353,
        0.0326331923,
        0.0319642263,
        0.0316497963,
        0.0318158253,
        0.0330686503,
        0.0314835863,
        0.0316131213,
        0.0317732273,
        0.0325712413,
        0.0325764393,
        0.0319971463,
        0.0314568893,
        0.0318541003,
        0.0324110963,
        0.0326013083,
        0.0327700853,
        0.0335364813,
        0.0337158563,
        0.0335030133,
        0.0350422723,
        0.0334808213,
        0.036351280300000004,
        0.0311766693,
        0.0324859533,
        0.0347981663,
        0.0361657893,
        0.034322446300000004,
        0.0342576153,
        0.033976342300000004,
        0.0351316823,
        0.0345228883,
        0.0342694973,
        0.0346484023,
        0.0336351453,
        0.0350697173,
        0.0344396133,
        0.0341783263,
        0.0335832053,
        0.0343615763,
        0.0338181803,
        0.0342987263,
        0.0335182033,
        0.0342456053,
        0.034236638300000004,
        0.0335774523,
        0.034903943300000004,
        0.0344900823,
        0.0344977533,
        0.0339621863,
        0.0339851663,
        0.0335458623,
        0.0346750063,
        0.0331209463,
        0.0338483023,
        0.0339792613,
        0.0346486603,
        0.0343904263,
        0.0334035953,
        0.033998318300000004,
        0.0355560653,
        0.0346623113,
        0.0336317843,
        0.0345774153,
        0.034581160300000004,
        0.0344889123,
        0.033849430300000004,
        0.0335539013,
        0.0334372893,
        0.0347377823,
        0.033937808300000004,
        0.0344205803,
        0.0337336383,
        0.0343301393,
        0.0348170663,
        0.0339292443,
        0.0339565113,
        0.0345177333
      ],
      "exit_codes": [
        0,
        0,
        0,
        0,
        0,
        0,
        0,
        0,
        0,
        0,
        0,
        0,
        0,
        0,
        0,
        0,
        0,
        0,
        0,
        0,
        0,
        0,
        0,
        0,
        0,
        0,
        0,
        0,
        0,
        0,
        0,
        0,
        0,
        0,
        0,
        0,
        0,
        0,
        0,
        0,
        0,
        0,
        0,
        0,
        0,
        0,
        0,
        0,
        0,
        0,
        0,
        0,
        0,
        0,
        0,
        0,
        0,
        0,
        0,
        0,
        0,
        0,
        0,
        0,
        0,
        0,
        0,
        0,
        0,
        0,
        0,
        0,
        0,
        0,
        0,
        0,
        0,
        0,
        0,
        0,
        0,
        0,
        0,
        0,
        0,
        0,
        0,
        0,
        0,
        0,
        0,
        0,
        0,
        0,
        0,
        0,
        0,
        0,
        0,
        0
      ]
    }
  ]
}
