{
  "results": [
    {
      "command": "out/20220731101132/contention 1024 1000",
      "mean": 0.025485973910000008,
      "stddev": 0.0009388616893231768,
      "median": 0.025378110000000002,
      "user": 0.009296529999999999,
      "system": 0.03981034,
      "min": 0.023777165000000003,
      "max": 0.029655817,
      "times": [
        0.026434398,
        0.025542254000000004,
        0.026315448,
        0.026244925000000002,
        0.026563883000000003,
        0.025902900000000003,
        0.026687112000000002,
        0.025423236000000002,
        0.026008042000000002,
        0.025823640000000002,
        0.024557209000000003,
        0.025257953000000003,
        0.025055088000000003,
        0.024600509000000003,
        0.024961428000000004,
        0.025595946,
        0.025436128000000002,
        0.024432922000000003,
        0.026355862000000004,
        0.024929453000000004,
        0.025360570000000002,
        0.025360361,
        0.024696343000000003,
        0.025204372000000003,
        0.025233201000000004,
        0.025306441000000002,
        0.023777165000000003,
        0.025091462000000002,
        0.025249422000000004,
        0.025450407,
        0.025840102000000004,
        0.025797450000000003,
        0.025766119000000004,
        0.025443531000000002,
        0.025475334000000002,
        0.024999267000000002,
        0.026749425000000004,
        0.024992085000000004,
        0.026179928,
        0.024788518000000002,
        0.024816074000000004,
        0.025558678,
        0.025501347000000004,
        0.024875788000000003,
        0.024562965000000003,
        0.026017628,
        0.025460827000000002,
        0.025093519,
        0.024746221000000002,
        0.024968010000000002,
        0.025804063000000002,
        0.025395650000000002,
        0.024544649,
        0.024986258000000004,
        0.026902494000000002,
        0.025341970000000002,
        0.024727819,
        0.024278628000000003,
        0.025022539000000003,
        0.025686394,
        0.024056638,
        0.024842304000000003,
        0.024580432000000003,
        0.025801785000000004,
        0.024826378000000003,
        0.024791140000000003,
        0.0250625,
        0.025158909000000004,
        0.025509395000000004,
        0.023999024000000004,
        0.024683845000000003,
        0.025092498,
        0.027096024000000003,
        0.023866453000000003,
        0.024738293,
        0.024873296000000003,
        0.025440667000000004,
        0.025619015000000002,
        0.025246818000000004,
        0.025500622000000004,
        0.026855880000000002,
        0.025604001,
        0.024117139000000003,
        0.025153552000000003,
        0.024934042000000003,
        0.025546920000000004,
        0.024814195000000004,
        0.025672552,
        0.027128211000000003,
        0.029655817,
        0.026865535000000003,
        0.025592668000000002,
        0.025689567000000003,
        0.028428956000000002,
        0.028520263000000004,
        0.025868943000000002,
        0.025576650000000003,
        0.026400986,
        0.02700492,
        0.025199198000000003
      ],
      "exit_codes": [
        0,
        0,
        0,
        0,
        0,
        0,
        0,
        0,
        0,
        0,
        0,
        0,
        0,
        0,
        0,
        0,
        0,
        0,
        0,
        0,
        0,
        0,
        0,
        0,
        0,
        0,
        0,
        0,
        0,
        0,
        0,
        0,
        0,
        0,
        0,
        0,
        0,
        0,
        0,
        0,
        0,
        0,
        0,
        0,
        0,
        0,
        0,
        0,
        0,
        0,
        0,
        0,
        0,
        0,
        0,
        0,
        0,
        0,
        0,
        0,
        0,
        0,
        0,
        0,
        0,
        0,
        0,
        0,
        0,
        0,
        0,
        0,
        0,
        0,
        0,
        0,
        0,
        0,
        0,
        0,
        0,
        0,
        0,
        0,
        0,
        0,
        0,
        0,
        0,
        0,
        0,
        0,
        0,
        0,
        0,
        0,
        0,
        0,
        0,
        0
      ]
    }
  ]
}
