{
  "results": [
    {
      "command": "out/20220731101132/contention 1024 1000000",
      "mean": 0.12765842565000005,
      "stddev": 0.0031880058314966123,
      "median": 0.12836169832,
      "user": 0.8095479600000001,
      "system": 0.04898432999999997,
      "min": 0.11616165082,
      "max": 0.13870821782,
      "times": [
        0.11616165082,
        0.12138030682,
        0.12140307382,
        0.12190276882000001,
        0.12217117182000001,
        0.12251568182,
        0.12088359182,
        0.12179290882,
        0.12641468782,
        0.12187539082,
        0.12321223682000002,
        0.12208040882,
        0.12374716282,
        0.12497904182,
        0.12788888982,
        0.12778117682,
        0.12931665982,
        0.12976365782000002,
        0.12809951182,
        0.12819943782,
        0.12863313582,
        0.12920213582,
        0.13870821782,
        0.13459029582,
        0.13814412582,
        0.12886268782000002,
        0.12864748882000002,
        0.13039864482,
        0.12970158382,
        0.12896752582,
        0.12968185182,
        0.12896836582,
        0.12943878782,
        0.12847559082,
        0.12841868382,
        0.12946660582,
        0.12851203882,
        0.12808647782000002,
        0.12804539882000002,
        0.13082056282,
        0.12905393082,
        0.12871866882,
        0.12795026182,
        0.13043845282,
        0.12837678782,
        0.12850461782,
        0.12879763982,
        0.12651502482000002,
        0.12512137282,
        0.12374571181999999,
        0.12536384282000002,
        0.12527322382,
        0.12505782982,
        0.12395913682000001,
        0.12445820382,
        0.12506134082,
        0.12563473682,
        0.12440140982,
        0.12466511082000001,
        0.12647491382,
        0.12818605082,
        0.12823627482,
        0.12886881182,
        0.12859506382,
        0.12899439082,
        0.12817000182,
        0.12930723682,
        0.12851902482,
        0.12783360882,
        0.12765212882000002,
        0.13041603682,
        0.12815297982,
        0.12802518182,
        0.12864931482,
        0.12876449282,
        0.12831729082,
        0.12802542682,
        0.12884287982,
        0.12919536882,
        0.12840181782,
        0.12850842682,
        0.12891618582,
        0.13068105582,
        0.13069024482,
        0.12777795382,
        0.12911776382,
        0.12897626082,
        0.12818308882,
        0.12836623182,
        0.12978600982,
        0.12833753382000002,
        0.12810361782000002,
        0.13082566282,
        0.12960261282,
        0.12851167082,
        0.12835716482,
        0.12956857382,
        0.12923434982,
        0.12822538582,
        0.12800754482
      ],
      "exit_codes": [
        0,
        0,
        0,
        0,
        0,
        0,
        0,
        0,
        0,
        0,
        0,
        0,
        0,
        0,
        0,
        0,
        0,
        0,
        0,
        0,
        0,
        0,
        0,
        0,
        0,
        0,
        0,
        0,
        0,
        0,
        0,
        0,
        0,
        0,
        0,
        0,
        0,
        0,
        0,
        0,
        0,
        0,
        0,
        0,
        0,
        0,
        0,
        0,
        0,
        0,
        0,
        0,
        0,
        0,
        0,
        0,
        0,
        0,
        0,
        0,
        0,
        0,
        0,
        0,
        0,
        0,
        0,
        0,
        0,
        0,
        0,
        0,
        0,
        0,
        0,
        0,
        0,
        0,
        0,
        0,
        0,
        0,
        0,
        0,
        0,
        0,
        0,
        0,
        0,
        0,
        0,
        0,
        0,
        0,
        0,
        0,
        0,
        0,
        0,
        0
      ]
    }
  ]
}
