{
  "results": [
    {
      "command": "out/20220731101132/contention 128 100000",
      "mean": 0.014578772809999998,
      "stddev": 0.0005690999240169036,
      "median": 0.014500216380000002,
      "user": 0.07570653999999999,
      "system": 0.0054243899999999986,
      "min": 0.013210154380000002,
      "max": 0.01634312138,
      "times": [
        0.013210154380000002,
        0.01381741638,
        0.013708856379999999,
        0.013852042379999999,
        0.01393269238,
        0.01369207138,
        0.01415092938,
        0.01418078138,
        0.014114865380000001,
        0.014118108380000001,
        0.014520474379999999,
        0.013727538380000001,
        0.014325400379999999,
        0.014011319380000001,
        0.01526785738,
        0.014160746380000002,
        0.014717119380000001,
        0.01424663038,
        0.01409529038,
        0.01424183838,
        0.014265556379999999,
        0.01545448038,
        0.013983970380000002,
        0.013848279380000002,
        0.014545715380000001,
        0.01426900938,
        0.01409725638,
        0.014261754380000002,
        0.014390077380000001,
        0.01366711638,
        0.01437311238,
        0.014277619380000002,
        0.014385151379999999,
        0.014884718380000002,
        0.01415322438,
        0.01397003238,
        0.014279022379999999,
        0.014196301380000002,
        0.01429740938,
        0.01477714338,
        0.014019049379999999,
        0.013911602379999999,
        0.014278760380000002,
        0.014124376380000001,
        0.01422924738,
        0.01446465038,
        0.014623876380000001,
        0.01403614638,
        0.01448799038,
        0.01578592538,
        0.014506382380000002,
        0.014979812379999999,
        0.013988024380000002,
        0.01425276838,
        0.014633572380000001,
        0.014224795379999999,
        0.01570489738,
        0.01500013238,
        0.01493051338,
        0.014977142379999999,
        0.01608283038,
        0.01502927138,
        0.01604894838,
        0.01526847438,
        0.015610180380000001,
        0.01491974738,
        0.014502942380000002,
        0.01465806738,
        0.01478507138,
        0.014716328380000001,
        0.01484941838,
        0.01495888838,
        0.014875689380000001,
        0.01497271638,
        0.015318863379999999,
        0.01634312138,
        0.014468383380000002,
        0.01468099438,
        0.014486971380000001,
        0.01549080538,
        0.01463491138,
        0.014455297379999999,
        0.01468361638,
        0.014816014379999999,
        0.014497490380000002,
        0.01489654038,
        0.01453389138,
        0.01448174738,
        0.01456431938,
        0.014537166380000001,
        0.014466754380000002,
        0.014877743379999999,
        0.01581439938,
        0.01488156538,
        0.015231289379999999,
        0.01493812438,
        0.01492005738,
        0.01512809138,
        0.01487219838,
        0.01494960038
      ],
      "exit_codes": [
        0,
        0,
        0,
        0,
        0,
        0,
        0,
        0,
        0,
        0,
        0,
        0,
        0,
        0,
        0,
        0,
        0,
        0,
        0,
        0,
        0,
        0,
        0,
        0,
        0,
        0,
        0,
        0,
        0,
        0,
        0,
        0,
        0,
        0,
        0,
        0,
        0,
        0,
        0,
        0,
        0,
        0,
        0,
        0,
        0,
        0,
        0,
        0,
        0,
        0,
        0,
        0,
        0,
        0,
        0,
        0,
        0,
        0,
        0,
        0,
        0,
        0,
        0,
        0,
        0,
        0,
        0,
        0,
        0,
        0,
        0,
        0,
        0,
        0,
        0,
        0,
        0,
        0,
        0,
        0,
        0,
        0,
        0,
        0,
        0,
        0,
        0,
        0,
        0,
        0,
        0,
        0,
        0,
        0,
        0,
        0,
        0,
        0,
        0,
        0
      ]
    }
  ]
}
