{
  "results": [
    {
      "command": "out/20220731101132/contention 128 1000",
      "mean": 0.0039015317100000012,
      "stddev": 0.00020878118577860488,
      "median": 0.003844916740000001,
      "user": 0.0025298700000000013,
      "system": 0.004263319999999998,
      "min": 0.003472355740000001,
      "max": 0.004613124740000002,
      "times": [
        0.004224966740000001,
        0.003654653740000001,
        0.003472355740000001,
        0.003945781740000001,
        0.0038873457400000005,
        0.0040796797400000015,
        0.004063172740000001,
        0.0038645707400000004,
        0.0038771637400000004,
        0.00394870374,
        0.0039715667400000015,
        0.003782347740000001,
        0.0037776607400000005,
        0.004613124740000002,
        0.003887019740000001,
        0.003744438740000001,
        0.0038763577400000005,
        0.0039017267400000004,
        0.004358764740000002,
        0.004469305740000002,
        0.004398034740000001,
        0.003618039740000001,
        0.003495947740000001,
        0.0038184207400000004,
        0.003977928740000001,
        0.0038131967400000005,
        0.003743751740000001,
        0.0039030957400000006,
        0.004043325740000001,
        0.0037913247400000005,
        0.0037986047400000006,
        0.003791274740000001,
        0.0036895657400000006,
        0.003873263740000001,
        0.0038647417400000006,
        0.004012938740000001,
        0.0038651007400000007,
        0.003805577740000001,
        0.0037691967400000008,
        0.0037855557400000004,
        0.0037877837400000004,
        0.00421581874,
        0.004438815740000001,
        0.00433461274,
        0.003783237740000001,
        0.003902903740000001,
        0.0038943717400000007,
        0.00427083074,
        0.0037514197400000007,
        0.0037429777400000007,
        0.003716940740000001,
        0.003864605740000001,
        0.0037220107400000005,
        0.003778946740000001,
        0.003987604740000001,
        0.0038468777400000012,
        0.0038253987400000008,
        0.0038360197400000005,
        0.0037512997400000006,
        0.0037716837400000006,
        0.003801795740000001,
        0.00400420074,
        0.0038141277400000006,
        0.003794887740000001,
        0.003784855740000001,
        0.003802980740000001,
        0.0039188977400000016,
        0.003788105740000001,
        0.0041533687400000015,
        0.00391109574,
        0.0038125967400000006,
        0.003795304740000001,
        0.003722436740000001,
        0.004271639740000001,
        0.0038424267400000004,
        0.0038776937400000007,
        0.0037652607400000004,
        0.003869130740000001,
        0.003803326740000001,
        0.003768871740000001,
        0.003792623740000001,
        0.0038429557400000004,
        0.004053084740000001,
        0.0038059727400000004,
        0.0037572797400000006,
        0.0038091807400000006,
        0.0039010077400000007,
        0.004195186740000001,
        0.00461019774,
        0.004087243740000001,
        0.004023652740000001,
        0.003912919740000001,
        0.0037400547400000005,
        0.003737410740000001,
        0.003770695740000001,
        0.003864419740000001,
        0.003932595740000001,
        0.003780492740000001,
        0.003864137740000001,
        0.003885297740000001
      ],
      "exit_codes": [
        0,
        0,
        0,
        0,
        0,
        0,
        0,
        0,
        0,
        0,
        0,
        0,
        0,
        0,
        0,
        0,
        0,
        0,
        0,
        0,
        0,
        0,
        0,
        0,
        0,
        0,
        0,
        0,
        0,
        0,
        0,
        0,
        0,
        0,
        0,
        0,
        0,
        0,
        0,
        0,
        0,
        0,
        0,
        0,
        0,
        0,
        0,
        0,
        0,
        0,
        0,
        0,
        0,
        0,
        0,
        0,
        0,
        0,
        0,
        0,
        0,
        0,
        0,
        0,
        0,
        0,
        0,
        0,
        0,
        0,
        0,
        0,
        0,
        0,
        0,
        0,
        0,
        0,
        0,
        0,
        0,
        0,
        0,
        0,
        0,
        0,
        0,
        0,
        0,
        0,
        0,
        0,
        0,
        0,
        0,
        0,
        0,
        0,
        0,
        0
      ]
    }
  ]
}
