{
  "results": [
    {
      "command": "out/20220731101132/contention 128 10000",
      "mean": 0.005192146609999998,
      "stddev": 0.0001636475584255985,
      "median": 0.00518064248,
      "user": 0.00881601,
      "system": 0.005084839999999999,
      "min": 0.00480611398,
      "max": 0.005990443979999999,
      "times": [
        0.00491803398,
        0.005131729980000001,
        0.005126249980000001,
        0.005047801980000001,
        0.00518051598,
        0.00505355998,
        0.00532955098,
        0.005142025980000001,
        0.00517618498,
        0.00519802298,
        0.00540132498,
        0.005127880980000001,
        0.005125303980000001,
        0.005247340980000001,
        0.00506317498,
        0.005257622980000001,
        0.005064035980000001,
        0.005356646979999999,
        0.005422913979999999,
        0.00480611398,
        0.004873127980000001,
        0.005056953980000001,
        0.00529280398,
        0.00537180498,
        0.005200712980000001,
        0.00512375698,
        0.00546643898,
        0.00510881398,
        0.00504374598,
        0.005185868980000001,
        0.00519531298,
        0.00502008298,
        0.005184210980000001,
        0.005176008980000001,
        0.00520626198,
        0.005511571979999999,
        0.005933474980000001,
        0.005178700980000001,
        0.0053004259800000005,
        0.005031414980000001,
        0.005212794980000001,
        0.00519912598,
        0.00516737798,
        0.0051945839800000004,
        0.00526928498,
        0.00497498998,
        0.00514791698,
        0.00514105898,
        0.00528255698,
        0.00516619798,
        0.005136268980000001,
        0.00510681998,
        0.005156339980000001,
        0.00514035998,
        0.005053917980000001,
        0.00488316598,
        0.00515832898,
        0.005076843980000001,
        0.00522153098,
        0.00502205698,
        0.00512507398,
        0.005092612980000001,
        0.00518076898,
        0.00517043098,
        0.00520797198,
        0.00517479798,
        0.005153574980000001,
        0.00503827498,
        0.005228271980000001,
        0.005108732980000001,
        0.005307682980000001,
        0.00533349598,
        0.00520131798,
        0.00508183098,
        0.005258348980000001,
        0.0053930819800000005,
        0.00521994498,
        0.005990443979999999,
        0.005205850980000001,
        0.005179893980000001,
        0.00506819998,
        0.00518398298,
        0.0052414919800000005,
        0.00501061098,
        0.00523106498,
        0.005202031980000001,
        0.00537470598,
        0.005245725980000001,
        0.005273093980000001,
        0.005280053980000001,
        0.005185816980000001,
        0.00511478498,
        0.00528819298,
        0.00531750498,
        0.005293550980000001,
        0.005225338980000001,
        0.00518604198,
        0.00509675798,
        0.005096294980000001,
        0.005297953980000001
      ],
      "exit_codes": [
        0,
        0,
        0,
        0,
        0,
        0,
        0,
        0,
        0,
        0,
        0,
        0,
        0,
        0,
        0,
        0,
        0,
        0,
        0,
        0,
        0,
        0,
        0,
        0,
        0,
        0,
        0,
        0,
        0,
        0,
        0,
        0,
        0,
        0,
        0,
        0,
        0,
        0,
        0,
        0,
        0,
        0,
        0,
        0,
        0,
        0,
        0,
        0,
        0,
        0,
        0,
        0,
        0,
        0,
        0,
        0,
        0,
        0,
        0,
        0,
        0,
        0,
        0,
        0,
        0,
        0,
        0,
        0,
        0,
        0,
        0,
        0,
        0,
        0,
        0,
        0,
        0,
        0,
        0,
        0,
        0,
        0,
        0,
        0,
        0,
        0,
        0,
        0,
        0,
        0,
        0,
        0,
        0,
        0,
        0,
        0,
        0,
        0,
        0,
        0
      ]
    }
  ]
}
