{
  "results": [
    {
      "command": "out/20220731101132/contention 128 1",
      "mean": 0.005072344460000004,
      "stddev": 0.0002590199619103143,
      "median": 0.005067217100000002,
      "user": 0.00196119,
      "system": 0.003952789999999999,
      "min": 0.004397763600000002,
      "max": 0.005939928600000002,
      "times": [
        0.005139021600000002,
        0.0054596826000000015,
        0.005489537600000002,
        0.005248321600000001,
        0.005240425600000001,
        0.005442134600000002,
        0.005354693600000002,
        0.005291457600000002,
        0.0052567946000000015,
        0.005227473600000001,
        0.005249934600000002,
        0.005707580600000001,
        0.005426585600000002,
        0.005289356600000001,
        0.005218213600000002,
        0.0052559556000000025,
        0.005146267600000002,
        0.005939928600000002,
        0.005223375600000002,
        0.005081240600000002,
        0.005004308600000002,
        0.005147450600000002,
        0.0051252656000000014,
        0.005177664600000001,
        0.005034622600000002,
        0.005067244600000001,
        0.005042086600000002,
        0.004875157600000001,
        0.004990905600000001,
        0.0050671896000000025,
        0.005230412600000001,
        0.005017447600000002,
        0.004947090600000002,
        0.005083833600000002,
        0.005478665600000002,
        0.005079044600000002,
        0.005299606600000001,
        0.005152542600000002,
        0.0052109756000000024,
        0.004981742600000002,
        0.0052013486000000025,
        0.005037137600000002,
        0.005299664600000002,
        0.005196617600000002,
        0.005057157600000002,
        0.005129783600000002,
        0.0051743106000000025,
        0.005428342600000002,
        0.0057252356000000015,
        0.005085290600000002,
        0.005114996600000001,
        0.0049579496000000025,
        0.005313486600000002,
        0.005118863600000002,
        0.005329696600000001,
        0.0051489386000000015,
        0.004820514600000001,
        0.005052951600000001,
        0.0048056546000000006,
        0.004677597600000001,
        0.004840405600000002,
        0.004960519600000001,
        0.0048239756000000005,
        0.004771061600000001,
        0.004928931600000002,
        0.004736118600000002,
        0.004885933600000001,
        0.005154228600000001,
        0.004985054600000002,
        0.004826474600000002,
        0.004799569600000001,
        0.004679346600000002,
        0.004822996600000001,
        0.004918112600000002,
        0.005158274600000002,
        0.005075892600000001,
        0.004826890600000001,
        0.004781678600000002,
        0.004852161600000002,
        0.004663703600000001,
        0.004797683600000002,
        0.004813958600000001,
        0.004940219600000002,
        0.004716018600000002,
        0.004967196600000001,
        0.004665425600000002,
        0.005099396600000002,
        0.0048888006000000015,
        0.005026617600000002,
        0.004750049600000002,
        0.004969675600000001,
        0.0046973606000000005,
        0.004797414600000001,
        0.005744061600000001,
        0.005320373600000001,
        0.004397763600000002,
        0.004907824600000001,
        0.005043460600000002,
        0.004979456600000001,
        0.004843577600000001
      ],
      "exit_codes": [
        0,
        0,
        0,
        0,
        0,
        0,
        0,
        0,
        0,
        0,
        0,
        0,
        0,
        0,
        0,
        0,
        0,
        0,
        0,
        0,
        0,
        0,
        0,
        0,
        0,
        0,
        0,
        0,
        0,
        0,
        0,
        0,
        0,
        0,
        0,
        0,
        0,
        0,
        0,
        0,
        0,
        0,
        0,
        0,
        0,
        0,
        0,
        0,
        0,
        0,
        0,
        0,
        0,
        0,
        0,
        0,
        0,
        0,
        0,
        0,
        0,
        0,
        0,
        0,
        0,
        0,
        0,
        0,
        0,
        0,
        0,
        0,
        0,
        0,
        0,
        0,
        0,
        0,
        0,
        0,
        0,
        0,
        0,
        0,
        0,
        0,
        0,
        0,
        0,
        0,
        0,
        0,
        0,
        0,
        0,
        0,
        0,
        0,
        0,
        0
      ]
    }
  ]
}
