{
  "results": [
    {
      "command": "out/20220731101132/contention 128 100",
      "mean": 0.004737995640000001,
      "stddev": 0.00019504742157026446,
      "median": 0.0046956907,
      "user": 0.0020867200000000002,
      "system": 0.003962500000000002,
      "min": 0.004187235700000002,
      "max": 0.005565112700000001,
      "times": [
        0.004941261700000001,
        0.0053382407,
        0.005187613700000001,
        0.004187235700000002,
        0.0046942387000000006,
        0.004668294700000001,
        0.0050208097,
        0.0053116547,
        0.005565112700000001,
        0.004830449700000001,
        0.004680560700000001,
        0.0046831917,
        0.004885696700000001,
        0.004684662700000002,
        0.0049565487000000005,
        0.0047290317000000005,
        0.004683296700000001,
        0.0047164397,
        0.0046058517,
        0.004693313700000002,
        0.004576750700000002,
        0.0048652977,
        0.004773587700000002,
        0.0045945737,
        0.004671174700000001,
        0.004550945700000001,
        0.0048359057,
        0.004777526700000001,
        0.004835616700000002,
        0.0046575577,
        0.004681399700000002,
        0.004556480700000001,
        0.0047016187,
        0.004624644700000001,
        0.0046777077,
        0.004765511700000001,
        0.004665673700000001,
        0.004690644700000001,
        0.004662967700000001,
        0.0045916957000000005,
        0.0046448557000000005,
        0.0046527667000000016,
        0.0047790707000000005,
        0.004632522700000001,
        0.0047826177,
        0.004654715700000001,
        0.0047274637,
        0.0046560947,
        0.004746168700000001,
        0.0047831147000000004,
        0.004736456700000001,
        0.0047133937,
        0.0045956387000000015,
        0.004661846700000001,
        0.004745742700000001,
        0.0046428527,
        0.0048970327000000015,
        0.0047268177,
        0.004865483700000001,
        0.004617154700000001,
        0.004687900700000001,
        0.004971598700000001,
        0.004806197700000001,
        0.004767508700000001,
        0.004799608700000001,
        0.004690780700000001,
        0.0046971427,
        0.004583309700000001,
        0.0047908267000000004,
        0.004819785700000001,
        0.0048416697000000005,
        0.0048711507,
        0.004752594700000001,
        0.004732326700000001,
        0.004933547700000001,
        0.005029171700000001,
        0.005276891700000001,
        0.004676384700000001,
        0.004723526700000001,
        0.0045624337,
        0.0048904667,
        0.0046096017,
        0.0046686917000000015,
        0.0048939507,
        0.0046211377000000015,
        0.004718938700000001,
        0.004657975700000001,
        0.0046530257000000005,
        0.004679036700000002,
        0.0048176157000000015,
        0.004896433700000001,
        0.004796092700000001,
        0.004539987700000001,
        0.0044117887000000005,
        0.0045436217,
        0.004506828700000002,
        0.004450761700000002,
        0.004494820700000001,
        0.0044550817,
        0.004396748700000001
      ],
      "exit_codes": [
        0,
        0,
        0,
        0,
        0,
        0,
        0,
        0,
        0,
        0,
        0,
        0,
        0,
        0,
        0,
        0,
        0,
        0,
        0,
        0,
        0,
        0,
        0,
        0,
        0,
        0,
        0,
        0,
        0,
        0,
        0,
        0,
        0,
        0,
        0,
        0,
        0,
        0,
        0,
        0,
        0,
        0,
        0,
        0,
        0,
        0,
        0,
        0,
        0,
        0,
        0,
        0,
        0,
        0,
        0,
        0,
        0,
        0,
        0,
        0,
        0,
        0,
        0,
        0,
        0,
        0,
        0,
        0,
        0,
        0,
        0,
        0,
        0,
        0,
        0,
        0,
        0,
        0,
        0,
        0,
        0,
        0,
        0,
        0,
        0,
        0,
        0,
        0,
        0,
        0,
        0,
        0,
        0,
        0,
        0,
        0,
        0,
        0,
        0,
        0
      ]
    }
  ]
}
