{
  "results": [
    {
      "command": "out/20220731101132/contention 128 1000000",
      "mean": 0.11938805644000004,
      "stddev": 0.005563378617339224,
      "median": 0.11827912186,
      "user": 0.7933677799999999,
      "system": 0.009146840000000003,
      "min": 0.11115567636000001,
      "max": 0.14133235836000002,
      "times": [
        0.11115567636000001,
        0.11140417236000001,
        0.11220790936000001,
        0.11737369436,
        0.11328265036,
        0.11324901636000001,
        0.11280511136,
        0.11588404336000001,
        0.11431949836000001,
        0.11449592136,
        0.11578687736000001,
        0.11720808636,
        0.11606220136,
        0.11484716436,
        0.11379884836000001,
        0.11733477336,
        0.12048555636000001,
        0.11989261036000001,
        0.11710304036000001,
        0.12138828836000001,
        0.12101476236000001,
        0.11828025736,
        0.11740682336000001,
        0.11671979036,
        0.11812953336000001,
        0.12026400636000001,
        0.11871695436,
        0.11793919436000001,
        0.12031872136,
        0.11917146436,
        0.11751662536,
        0.11884788836,
        0.11999665236000001,
        0.11885560636,
        0.11803807836,
        0.12054884336,
        0.14133235836000002,
        0.14058060236,
        0.12347175536000002,
        0.11986270736,
        0.12180494436,
        0.11948559836,
        0.11922384536000001,
        0.13041419336,
        0.13144570236,
        0.12485813436000001,
        0.11702397836,
        0.11689984236,
        0.11982396036000001,
        0.12716483736,
        0.13628284536000002,
        0.13387523336,
        0.12395597636,
        0.12350980536,
        0.12250940036000002,
        0.12189453336,
        0.12511164636,
        0.12316274436000002,
        0.12207368236,
        0.12224719236,
        0.12509103036,
        0.11982829536,
        0.11746188836,
        0.13297350636000002,
        0.12574706836000002,
        0.11812222736000001,
        0.11775666236,
        0.11974057836,
        0.11827798636,
        0.11774441636,
        0.11782946236000001,
        0.11735701836000001,
        0.12030257736000001,
        0.11907507936,
        0.11845585236,
        0.11769545136000001,
        0.12033914836000001,
        0.11992837136000001,
        0.11999046536,
        0.11803641336000001,
        0.12029267036,
        0.11613020236,
        0.11473453336,
        0.11347172536000001,
        0.11571952836,
        0.11510805636,
        0.11349526336,
        0.11474887936,
        0.11627673036000001,
        0.11483284636,
        0.11406999936000001,
        0.11471254036,
        0.11405176336,
        0.11368896436,
        0.11481664636000001,
        0.11413598236000001,
        0.11706214436000001,
        0.12100933636000001,
        0.11957570336000001,
        0.11925276736000001
      ],
      "exit_codes": [
        0,
        0,
        0,
        0,
        0,
        0,
        0,
        0,
        0,
        0,
        0,
        0,
        0,
        0,
        0,
        0,
        0,
        0,
        0,
        0,
        0,
        0,
        0,
        0,
        0,
        0,
        0,
        0,
        0,
        0,
        0,
        0,
        0,
        0,
        0,
        0,
        0,
        0,
        0,
        0,
        0,
        0,
        0,
        0,
        0,
        0,
        0,
        0,
        0,
        0,
        0,
        0,
        0,
        0,
        0,
        0,
        0,
        0,
        0,
        0,
        0,
        0,
        0,
        0,
        0,
        0,
        0,
        0,
        0,
        0,
        0,
        0,
        0,
        0,
        0,
        0,
        0,
        0,
        0,
        0,
        0,
        0,
        0,
        0,
        0,
        0,
        0,
        0,
        0,
        0,
        0,
        0,
        0,
        0,
        0,
        0,
        0,
        0,
        0,
        0
      ]
    }
  ]
}
