{
  "results": [
    {
      "command": "out/20220731101132/contention 128 10",
      "mean": 0.004635465179999999,
      "stddev": 0.00018078996105588797,
      "median": 0.0046223041,
      "user": 0.0019222099999999995,
      "system": 0.0038085299999999988,
      "min": 0.004278383600000001,
      "max": 0.005260462600000001,
      "times": [
        0.004747107600000001,
        0.004780400600000001,
        0.004827532600000001,
        0.004692680600000001,
        0.004805647600000001,
        0.0051532596000000005,
        0.004771317600000001,
        0.004744849600000001,
        0.004661648600000001,
        0.004694566600000001,
        0.004625580600000001,
        0.004526519600000001,
        0.004811478600000001,
        0.004554663600000001,
        0.004727860600000001,
        0.004397963600000001,
        0.004654360600000001,
        0.004525296600000001,
        0.004795776600000001,
        0.004713782600000001,
        0.004596427600000001,
        0.004587077600000001,
        0.004609400600000001,
        0.004704674600000001,
        0.004601822600000001,
        0.004925056600000001,
        0.004816812600000001,
        0.004614798600000001,
        0.004692121600000001,
        0.004589673600000001,
        0.004626440600000001,
        0.004498835600000001,
        0.004862255600000001,
        0.004713506600000001,
        0.004757936600000001,
        0.004571776600000001,
        0.004619027600000001,
        0.005107925600000001,
        0.004917638600000001,
        0.004747798600000001,
        0.004663147600000001,
        0.004636260600000001,
        0.004675951600000001,
        0.004564995600000001,
        0.004925931600000001,
        0.004898928600000001,
        0.004707766600000001,
        0.0047852706000000005,
        0.004698734600000001,
        0.004580691600000001,
        0.004734897600000001,
        0.004735444600000001,
        0.004771017600000001,
        0.004667725600000001,
        0.004611785600000001,
        0.004552829600000001,
        0.004647136600000001,
        0.005013418600000001,
        0.005260462600000001,
        0.0048054536000000005,
        0.004750183600000001,
        0.004597664600000001,
        0.004670455600000001,
        0.004525312600000001,
        0.004758233600000001,
        0.0048191226000000005,
        0.004699256600000001,
        0.004651910600000001,
        0.004705450600000001,
        0.004516403600000001,
        0.004431661600000001,
        0.004415260600000001,
        0.004561186600000001,
        0.004510170600000001,
        0.004421128600000001,
        0.004505110600000001,
        0.004456069600000001,
        0.004375990600000001,
        0.004473418600000001,
        0.004557388600000001,
        0.004523404600000001,
        0.004359956600000001,
        0.004489945600000001,
        0.004436990600000001,
        0.004354127600000001,
        0.004337941600000001,
        0.004605018600000001,
        0.004436883600000001,
        0.004583528600000001,
        0.004278383600000001,
        0.004443071600000001,
        0.004379150600000001,
        0.004608642600000001,
        0.004479218600000001,
        0.004465697600000001,
        0.004475534600000001,
        0.004390783600000001,
        0.004489586600000001,
        0.004329802600000001,
        0.004366315600000001
      ],
      "exit_codes": [
        0,
        0,
        0,
        0,
        0,
        0,
        0,
        0,
        0,
        0,
        0,
        0,
        0,
        0,
        0,
        0,
        0,
        0,
        0,
        0,
        0,
        0,
        0,
        0,
        0,
        0,
        0,
        0,
        0,
        0,
        0,
        0,
        0,
        0,
        0,
        0,
        0,
        0,
        0,
        0,
        0,
        0,
        0,
        0,
        0,
        0,
        0,
        0,
        0,
        0,
        0,
        0,
        0,
        0,
        0,
        0,
        0,
        0,
        0,
        0,
        0,
        0,
        0,
        0,
        0,
        0,
        0,
        0,
        0,
        0,
        0,
        0,
        0,
        0,
        0,
        0,
        0,
        0,
        0,
        0,
        0,
        0,
        0,
        0,
        0,
        0,
        0,
        0,
        0,
        0,
        0,
        0,
        0,
        0,
        0,
        0,
        0,
        0,
        0,
        0
      ]
    }
  ]
}
