{
  "results": [
    {
      "command": "out/20220731101132/contention 16 1000",
      "mean": 0.0020435633199999983,
      "stddev": 0.00020641881458114832,
      "median": 0.002000270439999998,
      "user": 0.0018849699999999997,
      "system": 0.0013825,
      "min": 0.001769400939999998,
      "max": 0.0029834899399999977,
      "times": [
        0.0019450869399999975,
        0.0018230719399999979,
        0.0020753239399999976,
        0.0019267939399999975,
        0.0019792009399999975,
        0.0019337429399999976,
        0.002026969939999998,
        0.0020549119399999975,
        0.001957724939999998,
        0.002394017939999998,
        0.002842970939999998,
        0.002284818939999998,
        0.0020292039399999982,
        0.002003167939999998,
        0.002032356939999998,
        0.0018642789399999976,
        0.0019150049399999976,
        0.001951767939999998,
        0.0019072369399999976,
        0.0019062099399999978,
        0.0019433219399999976,
        0.002728281939999998,
        0.002088579939999998,
        0.0019888029399999976,
        0.0019139219399999978,
        0.002103621939999998,
        0.0018180529399999977,
        0.0018313449399999975,
        0.002031072939999998,
        0.0019324069399999982,
        0.001960087939999998,
        0.002119289939999998,
        0.0020667469399999975,
        0.0021820459399999976,
        0.0028095779399999977,
        0.002021595939999998,
        0.0020212179399999976,
        0.0021901999399999983,
        0.0019464449399999983,
        0.002328360939999998,
        0.0020442269399999977,
        0.001868486939999998,
        0.0018951899399999982,
        0.0029834899399999977,
        0.0018622819399999975,
        0.0019813879399999982,
        0.002097013939999998,
        0.0019543119399999982,
        0.0021146929399999976,
        0.002228155939999998,
        0.0021299459399999983,
        0.0018512169399999981,
        0.0018576829399999982,
        0.0021025699399999983,
        0.0019121439399999978,
        0.002068121939999998,
        0.002025911939999998,
        0.0021893179399999976,
        0.0021226389399999976,
        0.0019327949399999978,
        0.0020661319399999977,
        0.0018772639399999977,
        0.0019273609399999975,
        0.0021560249399999983,
        0.001880591939999998,
        0.002001740939999998,
        0.0021493839399999975,
        0.0020924109399999983,
        0.0019742869399999976,
        0.0018648489399999977,
        0.001932291939999998,
        0.001769400939999998,
        0.001998799939999998,
        0.002023947939999998,
        0.0019337779399999982,
        0.002063840939999998,
        0.002192329939999998,
        0.0020959849399999975,
        0.0018640749399999983,
        0.0018929529399999978,
        0.002048638939999998,
        0.001932281939999998,
        0.0019083209399999978,
        0.002490814939999998,
        0.002091550939999998,
        0.002233126939999998,
        0.0019985369399999975,
        0.0020335769399999976,
        0.0019140939399999975,
        0.0018988029399999978,
        0.002069706939999998,
        0.0019437669399999975,
        0.0019703289399999975,
        0.001982902939999998,
        0.0020894659399999975,
        0.0019449159399999982,
        0.0020168729399999983,
        0.0020811589399999976,
        0.001998051939999998,
        0.0018515439399999977
      ],
      "exit_codes": [
        0,
        0,
        0,
        0,
        0,
        0,
        0,
        0,
        0,
        0,
        0,
        0,
        0,
        0,
        0,
        0,
        0,
        0,
        0,
        0,
        0,
        0,
        0,
        0,
        0,
        0,
        0,
        0,
        0,
        0,
        0,
        0,
        0,
        0,
        0,
        0,
        0,
        0,
        0,
        0,
        0,
        0,
        0,
        0,
        0,
        0,
        0,
        0,
        0,
        0,
        0,
        0,
        0,
        0,
        0,
        0,
        0,
        0,
        0,
        0,
        0,
        0,
        0,
        0,
        0,
        0,
        0,
        0,
        0,
        0,
        0,
        0,
        0,
        0,
        0,
        0,
        0,
        0,
        0,
        0,
        0,
        0,
        0,
        0,
        0,
        0,
        0,
        0,
        0,
        0,
        0,
        0,
        0,
        0,
        0,
        0,
        0,
        0,
        0,
        0
      ]
    }
  ]
}
