{
  "results": [
    {
      "command": "out/20220731101132/contention 16 1000000",
      "mean": 0.11714994790000001,
      "stddev": 0.0075371871468318955,
      "median": 0.11661831344000001,
      "user": 0.7803413500000002,
      "system": 0.0048861300000000015,
      "min": 0.10645995444,
      "max": 0.15833460844,
      "times": [
        0.10645995444,
        0.11092733144,
        0.11206161044,
        0.11068213244,
        0.11186319244,
        0.11050813744,
        0.11182972044,
        0.11127960544,
        0.11109392644,
        0.11021717244,
        0.11641688844,
        0.11631036744,
        0.11170517144,
        0.11151707544,
        0.11091751044,
        0.11291824244,
        0.11093088544,
        0.12471493544000001,
        0.11962733444,
        0.11244788344000001,
        0.11165483244,
        0.11075829244,
        0.11208738544,
        0.11281678944,
        0.11424695044000001,
        0.11401703844,
        0.11217029744,
        0.11516178244,
        0.11427819844,
        0.11382973344,
        0.11694317644,
        0.11673654944,
        0.11752739244,
        0.11694348944,
        0.11650478044,
        0.11761511444,
        0.11903999544,
        0.13018475244,
        0.12014505844000001,
        0.12307632344,
        0.15833460844,
        0.13144435144,
        0.11789019644,
        0.11823203844,
        0.11986535944,
        0.11696636344,
        0.15019864344,
        0.12693934344,
        0.11946969444,
        0.11885607444,
        0.11874220644,
        0.12014910444,
        0.15081161544,
        0.12313770744,
        0.11643008044,
        0.11776002244,
        0.11811207744,
        0.11668936044,
        0.11654726644,
        0.11869216944000001,
        0.11830483744,
        0.11738393444,
        0.11729370244000001,
        0.11670576644,
        0.11803812744,
        0.11646388944,
        0.11758950244000001,
        0.11772058144,
        0.11755072944,
        0.11760248644,
        0.11689397144000001,
        0.11751406744000001,
        0.11921215044,
        0.11978018844,
        0.11727316944,
        0.11300177344000001,
        0.11770163544000001,
        0.11471386044,
        0.11290233844,
        0.11264177544000001,
        0.11529042444,
        0.11581399344,
        0.11273428944,
        0.11286391444,
        0.11238818444,
        0.11518355244,
        0.11445715744,
        0.11284280644,
        0.11338233544,
        0.11365143744,
        0.11507616244,
        0.11205564744,
        0.11414302544,
        0.11972019344,
        0.11865356744,
        0.11671323644,
        0.11626720444000001,
        0.11742426144,
        0.11787763744,
        0.11673197644
      ],
      "exit_codes": [
        0,
        0,
        0,
        0,
        0,
        0,
        0,
        0,
        0,
        0,
        0,
        0,
        0,
        0,
        0,
        0,
        0,
        0,
        0,
        0,
        0,
        0,
        0,
        0,
        0,
        0,
        0,
        0,
        0,
        0,
        0,
        0,
        0,
        0,
        0,
        0,
        0,
        0,
        0,
        0,
        0,
        0,
        0,
        0,
        0,
        0,
        0,
        0,
        0,
        0,
        0,
        0,
        0,
        0,
        0,
        0,
        0,
        0,
        0,
        0,
        0,
        0,
        0,
        0,
        0,
        0,
        0,
        0,
        0,
        0,
        0,
        0,
        0,
        0,
        0,
        0,
        0,
        0,
        0,
        0,
        0,
        0,
        0,
        0,
        0,
        0,
        0,
        0,
        0,
        0,
        0,
        0,
        0,
        0,
        0,
        0,
        0,
        0,
        0,
        0
      ]
    }
  ]
}
