{
  "results": [
    {
      "command": "out/20220731101132/contention 16 1",
      "mean": 0.003016456010000001,
      "stddev": 0.00020603081796796162,
      "median": 0.0029959196000000003,
      "user": 0.0011007100000000004,
      "system": 0.0012248400000000003,
      "min": 0.0026840951000000005,
      "max": 0.0038365721000000004,
      "times": [
        0.0031435291000000004,
        0.0035228941,
        0.0031419361,
        0.0038365721000000004,
        0.0036782551000000005,
        0.0031772501,
        0.0029955061,
        0.0030192021,
        0.0030076711000000004,
        0.0031497681000000003,
        0.0029291251,
        0.0030240791000000003,
        0.0028435791,
        0.0029641451,
        0.0030442601000000005,
        0.0031414481000000003,
        0.0033040631,
        0.0032538401000000005,
        0.0031542371000000003,
        0.0031113191,
        0.0032079341000000004,
        0.0029908821,
        0.0030407151,
        0.0029379031,
        0.0031569691000000004,
        0.0030099911000000005,
        0.0032217291,
        0.0032130831,
        0.0029021101,
        0.0029197461000000004,
        0.0030076601,
        0.0032535941,
        0.0031658501,
        0.0037477871000000003,
        0.0033815181000000005,
        0.0030953821000000003,
        0.0029960621000000003,
        0.0030317671,
        0.0030855711,
        0.0030171501,
        0.0030148131000000003,
        0.0031322881,
        0.0029957771000000003,
        0.0031705561,
        0.0029840671000000004,
        0.0030706791000000002,
        0.0029718271000000003,
        0.0029156251000000003,
        0.0032698621000000006,
        0.0031595231000000005,
        0.0027539021000000004,
        0.0031739121000000006,
        0.0030658281,
        0.0028193071000000005,
        0.0027644121000000004,
        0.0027884021,
        0.0029294541,
        0.0027817321,
        0.0026840951000000005,
        0.0027510721,
        0.0030953281,
        0.0028608441,
        0.0027857431,
        0.0029568981,
        0.0029034411,
        0.0031019181,
        0.0027770591000000006,
        0.0028860701000000006,
        0.0028524251,
        0.0029789771000000003,
        0.0029291891,
        0.0027824951,
        0.0027597591,
        0.0028038141000000004,
        0.0030155061,
        0.0028675641,
        0.0027997391000000003,
        0.0029510661,
        0.0032609241000000006,
        0.0028018291,
        0.0029134371,
        0.0029195451000000004,
        0.0028552621000000004,
        0.0028528181000000005,
        0.0029063261000000003,
        0.0028478101000000006,
        0.0031403581,
        0.0030000311,
        0.0031215971,
        0.0029164361,
        0.0028373631000000003,
        0.0030154101,
        0.0029761851000000006,
        0.0027872991000000005,
        0.0027771851,
        0.0030881351,
        0.0029185201000000004,
        0.0028098321000000004,
        0.0030045241,
        0.0027637161
      ],
      "exit_codes": [
        0,
        0,
        0,
        0,
        0,
        0,
        0,
        0,
        0,
        0,
        0,
        0,
        0,
        0,
        0,
        0,
        0,
        0,
        0,
        0,
        0,
        0,
        0,
        0,
        0,
        0,
        0,
        0,
        0,
        0,
        0,
        0,
        0,
        0,
        0,
        0,
        0,
        0,
        0,
        0,
        0,
        0,
        0,
        0,
        0,
        0,
        0,
        0,
        0,
        0,
        0,
        0,
        0,
        0,
        0,
        0,
        0,
        0,
        0,
        0,
        0,
        0,
        0,
        0,
        0,
        0,
        0,
        0,
        0,
        0,
        0,
        0,
        0,
        0,
        0,
        0,
        0,
        0,
        0,
        0,
        0,
        0,
        0,
        0,
        0,
        0,
        0,
        0,
        0,
        0,
        0,
        0,
        0,
        0,
        0,
        0,
        0,
        0,
        0,
        0
      ]
    }
  ]
}
