{
  "results": [
    {
      "command": "out/20220731101132/contention 16 100000",
      "mean": 0.013868516320000001,
      "stddev": 0.0011674176429826305,
      "median": 0.013521831620000003,
      "user": 0.07216833999999998,
      "system": 0.0018405399999999999,
      "min": 0.012271002620000002,
      "max": 0.01997690562,
      "times": [
        0.012271002620000002,
        0.012511445620000002,
        0.013057163620000001,
        0.01321087162,
        0.012978098620000001,
        0.013202422620000003,
        0.014037150620000003,
        0.013364474620000002,
        0.013070441620000001,
        0.01416477862,
        0.012928732620000001,
        0.014073062620000002,
        0.013111725620000002,
        0.013913352620000001,
        0.013443506620000002,
        0.012616786620000002,
        0.013502695620000003,
        0.01320165662,
        0.013962897620000003,
        0.01328851762,
        0.013015767620000002,
        0.012925693620000001,
        0.01389406062,
        0.013377754620000003,
        0.013135182620000003,
        0.013576786620000001,
        0.013485968620000002,
        0.01362166362,
        0.013678154620000002,
        0.013113232620000002,
        0.013070881620000002,
        0.01432239362,
        0.014223153620000003,
        0.01417813262,
        0.013741971620000003,
        0.012872435620000003,
        0.013184968620000003,
        0.014654821620000003,
        0.012962353620000002,
        0.01316697762,
        0.01325179762,
        0.013221235620000002,
        0.013427064620000003,
        0.012993131620000003,
        0.014131388620000003,
        0.013222275620000003,
        0.013421715620000002,
        0.01337365262,
        0.01314227962,
        0.012922305620000001,
        0.013631845620000001,
        0.013428453620000001,
        0.012993494620000002,
        0.013878550620000001,
        0.01313085662,
        0.012700685620000002,
        0.01402183562,
        0.012991195620000002,
        0.013229573620000002,
        0.013730010620000002,
        0.01997690562,
        0.015401198620000002,
        0.015645343620000002,
        0.01692656562,
        0.01818780262,
        0.014302663620000001,
        0.01663881162,
        0.013980464620000002,
        0.013310423620000003,
        0.013145871620000001,
        0.014447336620000003,
        0.013456330620000003,
        0.01606950762,
        0.014312133620000002,
        0.01375697262,
        0.014491623620000003,
        0.015270093620000003,
        0.015514161620000003,
        0.013602636620000002,
        0.015274483620000003,
        0.014828871620000001,
        0.013645024620000003,
        0.014568753620000001,
        0.013353230620000002,
        0.013062781620000002,
        0.014398117620000003,
        0.013617077620000003,
        0.014242084620000003,
        0.013836990620000001,
        0.013486816620000003,
        0.013047697620000001,
        0.014250250620000003,
        0.01479327962,
        0.01334378062,
        0.01376704462,
        0.013540967620000002,
        0.015380566620000003,
        0.01637378462,
        0.013855311620000003,
        0.012791378620000002
      ],
      "exit_codes": [
        0,
        0,
        0,
        0,
        0,
        0,
        0,
        0,
        0,
        0,
        0,
        0,
        0,
        0,
        0,
        0,
        0,
        0,
        0,
        0,
        0,
        0,
        0,
        0,
        0,
        0,
        0,
        0,
        0,
        0,
        0,
        0,
        0,
        0,
        0,
        0,
        0,
        0,
        0,
        0,
        0,
        0,
        0,
        0,
        0,
        0,
        0,
        0,
        0,
        0,
        0,
        0,
        0,
        0,
        0,
        0,
        0,
        0,
        0,
        0,
        0,
        0,
        0,
        0,
        0,
        0,
        0,
        0,
        0,
        0,
        0,
        0,
        0,
        0,
        0,
        0,
        0,
        0,
        0,
        0,
        0,
        0,
        0,
        0,
        0,
        0,
        0,
        0,
        0,
        0,
        0,
        0,
        0,
        0,
        0,
        0,
        0,
        0,
        0,
        0
      ]
    }
  ]
}
