{
  "results": [
    {
      "command": "out/20220731101132/contention 16 100",
      "mean": 0.0029086165000000003,
      "stddev": 0.00015983390283997,
      "median": 0.0028860309400000005,
      "user": 0.0012703599999999992,
      "system": 0.0014767299999999997,
      "min": 0.0025849419400000005,
      "max": 0.0036648389400000003,
      "times": [
        0.00281629894,
        0.0029353099400000007,
        0.0027586929400000002,
        0.002844762940000001,
        0.0029200429400000004,
        0.002891787940000001,
        0.0029047419400000008,
        0.0030071189400000006,
        0.00281972994,
        0.00283128294,
        0.0029580839400000004,
        0.0027876029400000003,
        0.0027467769400000004,
        0.00274041494,
        0.002874206940000001,
        0.0028213359400000005,
        0.0029476459400000006,
        0.0032244559400000004,
        0.0029958659400000005,
        0.00294278094,
        0.00287493994,
        0.0029046669400000003,
        0.0027670739400000002,
        0.00275420594,
        0.0028825919400000005,
        0.003057707940000001,
        0.0028582249400000005,
        0.00287888494,
        0.00297301094,
        0.0028651999400000007,
        0.00279001394,
        0.0030982049400000004,
        0.0032946789400000007,
        0.002703621940000001,
        0.0028383069400000007,
        0.00294679994,
        0.003106665940000001,
        0.0031270029400000004,
        0.0031642079400000006,
        0.0027812569400000003,
        0.0026014369400000005,
        0.002773408940000001,
        0.002874870940000001,
        0.0029271069400000006,
        0.00302558094,
        0.0029470529400000005,
        0.002995304940000001,
        0.0029314759400000004,
        0.00281695994,
        0.00291908294,
        0.0030838209400000003,
        0.0036648389400000003,
        0.00293978494,
        0.00323584794,
        0.0028395739400000008,
        0.00292865694,
        0.0027949699400000006,
        0.002943525940000001,
        0.002760464940000001,
        0.002788153940000001,
        0.0028894699400000006,
        0.0028193169400000007,
        0.003162806940000001,
        0.00290357994,
        0.0029906869400000004,
        0.0027911059400000005,
        0.00290015894,
        0.002873176940000001,
        0.0027424459400000006,
        0.00281005194,
        0.00309245594,
        0.003226415940000001,
        0.002925962940000001,
        0.0028056579400000006,
        0.0029710839400000004,
        0.0027316119400000003,
        0.00289055494,
        0.00285771994,
        0.00282595394,
        0.00274373894,
        0.00296884494,
        0.003256327940000001,
        0.00315346494,
        0.002747408940000001,
        0.0027330599400000005,
        0.0025849419400000005,
        0.00280251494,
        0.0028356249400000003,
        0.0027704059400000002,
        0.0029957919400000004,
        0.0030314559400000008,
        0.00291854894,
        0.0027779639400000006,
        0.0027332529400000004,
        0.00299312294,
        0.0027490769400000006,
        0.0027811969400000007,
        0.0029684719400000005,
        0.00284764794,
        0.0030304409400000007
      ],
      "exit_codes": [
        0,
        0,
        0,
        0,
        0,
        0,
        0,
        0,
        0,
        0,
        0,
        0,
        0,
        0,
        0,
        0,
        0,
        0,
        0,
        0,
        0,
        0,
        0,
        0,
        0,
        0,
        0,
        0,
        0,
        0,
        0,
        0,
        0,
        0,
        0,
        0,
        0,
        0,
        0,
        0,
        0,
        0,
        0,
        0,
        0,
        0,
        0,
        0,
        0,
        0,
        0,
        0,
        0,
        0,
        0,
        0,
        0,
        0,
        0,
        0,
        0,
        0,
        0,
        0,
        0,
        0,
        0,
        0,
        0,
        0,
        0,
        0,
        0,
        0,
        0,
        0,
        0,
        0,
        0,
        0,
        0,
        0,
        0,
        0,
        0,
        0,
        0,
        0,
        0,
        0,
        0,
        0,
        0,
        0,
        0,
        0,
        0,
        0,
        0,
        0
      ]
    }
  ]
}
