{
  "results": [
    {
      "command": "out/20220731101132/contention 16 10",
      "mean": 0.0028422206199999987,
      "stddev": 0.0001977836115473972,
      "median": 0.00282375196,
      "user": 0.0011848400000000002,
      "system": 0.0013485400000000005,
      "min": 0.00250112096,
      "max": 0.00350974296,
      "times": [
        0.00281149096,
        0.00280894996,
        0.00290456896,
        0.00276112396,
        0.0030396559599999997,
        0.0030509309599999995,
        0.0029299759599999997,
        0.00291010896,
        0.00300252596,
        0.00299713196,
        0.0028097219599999995,
        0.0029916819599999996,
        0.00294544696,
        0.00321861796,
        0.00291207596,
        0.0029669389599999998,
        0.00278161796,
        0.0027146579599999997,
        0.00289488596,
        0.00281636196,
        0.0027530389599999994,
        0.0027694269600000002,
        0.0033779739599999995,
        0.0030602179599999997,
        0.00280238496,
        0.00272029496,
        0.0028331359599999997,
        0.00279826696,
        0.0028473309599999995,
        0.0030493359599999994,
        0.00285465996,
        0.0033522459599999994,
        0.00306282596,
        0.0028536869599999994,
        0.0028383909599999997,
        0.0028002749600000002,
        0.0029589159599999995,
        0.0028267099600000002,
        0.00291010396,
        0.00297707796,
        0.00301102196,
        0.0027462069600000002,
        0.00276406696,
        0.0030467499599999997,
        0.0028258759599999995,
        0.00276593596,
        0.00288324196,
        0.0029603099599999996,
        0.0028216279600000002,
        0.0030274699599999997,
        0.00292941796,
        0.00291272196,
        0.0028720689600000003,
        0.0030351609599999995,
        0.0028698109599999996,
        0.00268469396,
        0.00265161996,
        0.0029065089599999996,
        0.0027502189599999997,
        0.00273429696,
        0.0029717579599999994,
        0.0026705149599999998,
        0.0026379219599999997,
        0.0027457829599999996,
        0.0029258269599999995,
        0.00283764396,
        0.0026322649599999997,
        0.00305834696,
        0.00290482596,
        0.00266384596,
        0.0027412299599999996,
        0.0029689559599999998,
        0.00257127396,
        0.00259844496,
        0.00263069896,
        0.00251805796,
        0.0025662219599999997,
        0.00277283696,
        0.0026592919599999995,
        0.00291960996,
        0.00350974296,
        0.0027140399599999998,
        0.0026753829599999997,
        0.00349944696,
        0.0031648149600000002,
        0.00296035896,
        0.00266388196,
        0.00251833796,
        0.00254054596,
        0.0026681769599999996,
        0.0025379649599999994,
        0.00250112096,
        0.00268117096,
        0.00255976696,
        0.0027781489599999994,
        0.00279964596,
        0.00263551096,
        0.0026180359599999995,
        0.0025732949599999995,
        0.0027135179599999996
      ],
      "exit_codes": [
        0,
        0,
        0,
        0,
        0,
        0,
        0,
        0,
        0,
        0,
        0,
        0,
        0,
        0,
        0,
        0,
        0,
        0,
        0,
        0,
        0,
        0,
        0,
        0,
        0,
        0,
        0,
        0,
        0,
        0,
        0,
        0,
        0,
        0,
        0,
        0,
        0,
        0,
        0,
        0,
        0,
        0,
        0,
        0,
        0,
        0,
        0,
        0,
        0,
        0,
        0,
        0,
        0,
        0,
        0,
        0,
        0,
        0,
        0,
        0,
        0,
        0,
        0,
        0,
        0,
        0,
        0,
        0,
        0,
        0,
        0,
        0,
        0,
        0,
        0,
        0,
        0,
        0,
        0,
        0,
        0,
        0,
        0,
        0,
        0,
        0,
        0,
        0,
        0,
        0,
        0,
        0,
        0,
        0,
        0,
        0,
        0,
        0,
        0,
        0
      ]
    }
  ]
}
