{
  "results": [
    {
      "command": "out/20220731101132/contention 16 10000",
      "mean": 0.003948134650000002,
      "stddev": 0.00020521985284720434,
      "median": 0.00394220456,
      "user": 0.007945919999999995,
      "system": 0.00141818,
      "min": 0.00344942356,
      "max": 0.005078797560000001,
      "times": [
        0.0036285055599999997,
        0.00362314756,
        0.0037342065600000003,
        0.00398297456,
        0.00362904256,
        0.00388494556,
        0.00428195556,
        0.00364805056,
        0.00344942356,
        0.00357377456,
        0.00371621256,
        0.0038416715599999996,
        0.00386391156,
        0.003927479560000001,
        0.004024247559999999,
        0.0040325375600000005,
        0.00388561756,
        0.0037404615599999995,
        0.00370316756,
        0.00394841456,
        0.00385969156,
        0.0038878085600000003,
        0.00410261256,
        0.0038259375599999997,
        0.00398884456,
        0.00405821856,
        0.00379993556,
        0.003944264560000001,
        0.0038785425599999995,
        0.004228741560000001,
        0.00397771656,
        0.00404297956,
        0.00398816556,
        0.00372940156,
        0.00365030456,
        0.00398156656,
        0.0041772645599999995,
        0.003962957559999999,
        0.0037541885600000002,
        0.0039034005599999995,
        0.004099317559999999,
        0.0040207255600000005,
        0.003926981560000001,
        0.00405437556,
        0.004080275560000001,
        0.00397450456,
        0.0040507265600000005,
        0.004228830560000001,
        0.00394221656,
        0.00395297956,
        0.0039784565599999995,
        0.00391491656,
        0.00394219256,
        0.00400843356,
        0.003930639559999999,
        0.0037573655600000003,
        0.0037785075600000003,
        0.00387766656,
        0.005078797560000001,
        0.00418032156,
        0.00383215556,
        0.00400695756,
        0.0039197465599999995,
        0.004020968559999999,
        0.0037843885599999996,
        0.00365760456,
        0.00392977856,
        0.00422940256,
        0.004091045559999999,
        0.003977814559999999,
        0.003968912559999999,
        0.003949754559999999,
        0.00393078556,
        0.00379808156,
        0.0039684145599999995,
        0.00425145356,
        0.00402169556,
        0.0037785405600000003,
        0.004082150559999999,
        0.0039301525600000005,
        0.00403753856,
        0.0038065935599999995,
        0.0038778635599999996,
        0.004045505559999999,
        0.003919961559999999,
        0.004028634559999999,
        0.0038897575599999997,
        0.0038386375599999997,
        0.00397112856,
        0.00391491056,
        0.004131784560000001,
        0.00426424356,
        0.004232049559999999,
        0.003995357559999999,
        0.0039109865599999995,
        0.0038588375600000003,
        0.003958307560000001,
        0.00389616856,
        0.0039171475600000005,
        0.0045477235599999995
      ],
      "exit_codes": [
        0,
        0,
        0,
        0,
        0,
        0,
        0,
        0,
        0,
        0,
        0,
        0,
        0,
        0,
        0,
        0,
        0,
        0,
        0,
        0,
        0,
        0,
        0,
        0,
        0,
        0,
        0,
        0,
        0,
        0,
        0,
        0,
        0,
        0,
        0,
        0,
        0,
        0,
        0,
        0,
        0,
        0,
        0,
        0,
        0,
        0,
        0,
        0,
        0,
        0,
        0,
        0,
        0,
        0,
        0,
        0,
        0,
        0,
        0,
        0,
        0,
        0,
        0,
        0,
        0,
        0,
        0,
        0,
        0,
        0,
        0,
        0,
        0,
        0,
        0,
        0,
        0,
        0,
        0,
        0,
        0,
        0,
        0,
        0,
        0,
        0,
        0,
        0,
        0,
        0,
        0,
        0,
        0,
        0,
        0,
        0,
        0,
        0,
        0,
        0
      ]
    }
  ]
}
