{
  "results": [
    {
      "command": "out/20220731101132/contention 1 10",
      "mean": 0.0026465647399999998,
      "stddev": 0.00018527595686454064,
      "median": 0.002625027599999999,
      "user": 0.0009182400000000003,
      "system": 0.0007550300000000002,
      "min": 0.0023675010999999998,
      "max": 0.0035169460999999996,
      "times": [
        0.002530263099999999,
        0.0026802900999999997,
        0.0025665891,
        0.0025121560999999994,
        0.0025029870999999995,
        0.0028212220999999996,
        0.0027014840999999993,
        0.0024592280999999995,
        0.0025840101,
        0.002681634099999999,
        0.0025602811,
        0.0025106220999999993,
        0.0024546720999999994,
        0.0025671921,
        0.0026430060999999994,
        0.002749933099999999,
        0.0026830351,
        0.0027341750999999997,
        0.0025230730999999994,
        0.002560368099999999,
        0.0026408040999999997,
        0.0025536950999999995,
        0.0030074730999999997,
        0.0026450620999999997,
        0.0030487401,
        0.0027596370999999993,
        0.0025290000999999996,
        0.0027225140999999993,
        0.0027414781,
        0.0025948880999999997,
        0.0025803510999999994,
        0.0027141840999999993,
        0.0025076770999999994,
        0.0026036890999999998,
        0.0028934550999999992,
        0.0026458320999999995,
        0.002622466099999999,
        0.0026640160999999996,
        0.0027262950999999997,
        0.0025251501,
        0.0029840121,
        0.0030030401,
        0.002654909099999999,
        0.0030555790999999997,
        0.0029382700999999994,
        0.0027102240999999994,
        0.0032144410999999998,
        0.0024910830999999994,
        0.0026921810999999997,
        0.0026907701,
        0.0026190360999999995,
        0.0025415730999999997,
        0.0026319761,
        0.0027321090999999995,
        0.0025707950999999995,
        0.0025919810999999997,
        0.002523024099999999,
        0.002578407099999999,
        0.0026932890999999994,
        0.002624684099999999,
        0.0026556050999999997,
        0.0027890060999999997,
        0.0027907650999999993,
        0.0028692601,
        0.0026684800999999996,
        0.0026922740999999993,
        0.002551041099999999,
        0.0026576030999999993,
        0.0027348061,
        0.0025752720999999996,
        0.0027804310999999995,
        0.0024167360999999997,
        0.0028408180999999998,
        0.002693591099999999,
        0.002520628099999999,
        0.0024103290999999997,
        0.0024723131,
        0.0023975350999999997,
        0.0023675010999999998,
        0.002625371099999999,
        0.0024075341,
        0.0028172470999999998,
        0.0035169460999999996,
        0.0024601440999999996,
        0.0025258610999999995,
        0.0028299290999999997,
        0.0024096570999999995,
        0.0024785050999999994,
        0.0027025980999999992,
        0.0025316170999999995,
        0.0023885530999999995,
        0.0025905300999999993,
        0.002634151099999999,
        0.0024637810999999996,
        0.0024204731,
        0.0026091911,
        0.0024143841,
        0.0023877310999999993,
        0.0025228911,
        0.0027413670999999994
      ],
      "exit_codes": [
        0,
        0,
        0,
        0,
        0,
        0,
        0,
        0,
        0,
        0,
        0,
        0,
        0,
        0,
        0,
        0,
        0,
        0,
        0,
        0,
        0,
        0,
        0,
        0,
        0,
        0,
        0,
        0,
        0,
        0,
        0,
        0,
        0,
        0,
        0,
        0,
        0,
        0,
        0,
        0,
        0,
        0,
        0,
        0,
        0,
        0,
        0,
        0,
        0,
        0,
        0,
        0,
        0,
        0,
        0,
        0,
        0,
        0,
        0,
        0,
        0,
        0,
        0,
        0,
        0,
        0,
        0,
        0,
        0,
        0,
        0,
        0,
        0,
        0,
        0,
        0,
        0,
        0,
        0,
        0,
        0,
        0,
        0,
        0,
        0,
        0,
        0,
        0,
        0,
        0,
        0,
        0,
        0,
        0,
        0,
        0,
        0,
        0,
        0,
        0
      ]
    }
  ]
}
