{
  "results": [
    {
      "command": "out/20220731101132/contention 1 1000",
      "mean": 0.00322268279,
      "stddev": 0.00020789394361929672,
      "median": 0.0031907182400000003,
      "user": 0.00137607,
      "system": 0.0007790400000000002,
      "min": 0.00287550524,
      "max": 0.00406018824,
      "times": [
        0.00307548324,
        0.0031780992400000005,
        0.0030744112400000003,
        0.0031635122400000006,
        0.0030536592400000006,
        0.0030617732400000006,
        0.0031910502400000003,
        0.0031809072400000005,
        0.0032532092400000003,
        0.00316500624,
        0.00325556924,
        0.0036565812400000002,
        0.0031994872400000003,
        0.0033755082400000005,
        0.0032954372400000004,
        0.00312460724,
        0.00310203624,
        0.00291531924,
        0.0030432452400000003,
        0.0036825312400000005,
        0.00340695524,
        0.00322413624,
        0.00294520124,
        0.00308191824,
        0.00327210124,
        0.0032148962400000004,
        0.0031834222400000003,
        0.0032967452400000006,
        0.00331564224,
        0.0035729122400000005,
        0.0031984702400000005,
        0.0031410042400000005,
        0.00324133224,
        0.00314293324,
        0.00318829024,
        0.0032692592400000004,
        0.00321489024,
        0.0035169672400000005,
        0.0031790832400000004,
        0.00308716124,
        0.0029678022400000006,
        0.00287550524,
        0.00301399824,
        0.00343443324,
        0.0032495692400000002,
        0.00344686324,
        0.00395810024,
        0.0030945692400000005,
        0.0031903862400000003,
        0.0029003932400000006,
        0.0029064002400000003,
        0.00299510224,
        0.00304441424,
        0.0032780772400000002,
        0.0030590352400000002,
        0.00325390324,
        0.00313002424,
        0.00336475724,
        0.0032866642400000002,
        0.0033954162400000004,
        0.0032650672400000003,
        0.0031800982400000005,
        0.00338358224,
        0.0034206552400000002,
        0.00339446124,
        0.00327788024,
        0.00326802724,
        0.0030531472400000003,
        0.00297363824,
        0.0031212252400000004,
        0.00406018824,
        0.00332019224,
        0.0037546962400000004,
        0.00316914924,
        0.0029511062400000006,
        0.00312983124,
        0.00318191524,
        0.0033955132400000005,
        0.00301305024,
        0.00312856024,
        0.0033238282400000004,
        0.0033294032400000002,
        0.0029623382400000005,
        0.0032203162400000003,
        0.00322951224,
        0.00318116324,
        0.0032824502400000005,
        0.00331857224,
        0.0032279442400000003,
        0.00334390624,
        0.00312590124,
        0.0029320672400000003,
        0.00298761924,
        0.00304064424,
        0.0035041732400000005,
        0.0031771552400000004,
        0.0034233642400000003,
        0.00311606624,
        0.0030086122400000003,
        0.0035050862400000005
      ],
      "exit_codes": [
        0,
        0,
        0,
        0,
        0,
        0,
        0,
        0,
        0,
        0,
        0,
        0,
        0,
        0,
        0,
        0,
        0,
        0,
        0,
        0,
        0,
        0,
        0,
        0,
        0,
        0,
        0,
        0,
        0,
        0,
        0,
        0,
        0,
        0,
        0,
        0,
        0,
        0,
        0,
        0,
        0,
        0,
        0,
        0,
        0,
        0,
        0,
        0,
        0,
        0,
        0,
        0,
        0,
        0,
        0,
        0,
        0,
        0,
        0,
        0,
        0,
        0,
        0,
        0,
        0,
        0,
        0,
        0,
        0,
        0,
        0,
        0,
        0,
        0,
        0,
        0,
        0,
        0,
        0,
        0,
        0,
        0,
        0,
        0,
        0,
        0,
        0,
        0,
        0,
        0,
        0,
        0,
        0,
        0,
        0,
        0,
        0,
        0,
        0,
        0
      ]
    }
  ]
}
