{
  "results": [
    {
      "command": "out/20220731101132/contention 1 10000",
      "mean": 0.007064530890000001,
      "stddev": 0.00027604708096189563,
      "median": 0.0070170549400000014,
      "user": 0.0050808599999999995,
      "system": 0.0008322599999999997,
      "min": 0.00660197394,
      "max": 0.008818094940000002,
      "times": [
        0.00660197394,
        0.006810689940000001,
        0.00707436994,
        0.007124005940000001,
        0.00691830394,
        0.007016022940000002,
        0.007276818940000001,
        0.007011452940000001,
        0.007043469940000002,
        0.00716720694,
        0.0074502829400000005,
        0.00728507194,
        0.007078945940000001,
        0.0069590369400000015,
        0.006861649940000001,
        0.007051751940000002,
        0.00713780594,
        0.007200205940000001,
        0.006917564940000001,
        0.00716783994,
        0.007289944940000001,
        0.0075368069400000015,
        0.006941915940000001,
        0.006722269940000001,
        0.007044640940000001,
        0.0069554809400000014,
        0.007244017940000002,
        0.00683538694,
        0.006851000940000001,
        0.0067887369400000015,
        0.007127507940000001,
        0.006984813940000001,
        0.007237681940000001,
        0.007243326940000001,
        0.007055318940000001,
        0.006898449940000001,
        0.006826371940000001,
        0.007109647940000002,
        0.006711488940000001,
        0.006760094940000001,
        0.00697475994,
        0.007483156940000001,
        0.00721114894,
        0.006974824940000001,
        0.0070522089400000005,
        0.007857872940000002,
        0.007159380940000001,
        0.0070410759400000005,
        0.0072804939400000004,
        0.0068673089400000005,
        0.006861226940000001,
        0.006985716940000001,
        0.006981023940000001,
        0.00720172994,
        0.00686563494,
        0.007140588940000001,
        0.006914156940000001,
        0.007071520940000001,
        0.006912141940000002,
        0.006986312940000001,
        0.006875991940000001,
        0.00707529594,
        0.00703668694,
        0.00716849894,
        0.0068759569400000005,
        0.00699989994,
        0.006977193940000001,
        0.0068260609400000016,
        0.00731350394,
        0.006799299940000001,
        0.007111526940000001,
        0.006848630940000001,
        0.00781027894,
        0.00747045994,
        0.00739831994,
        0.006888300940000001,
        0.007129762940000001,
        0.008818094940000002,
        0.007122390940000001,
        0.006940505940000001,
        0.006970167940000001,
        0.00686128794,
        0.007018086940000001,
        0.0067954919400000004,
        0.00735213994,
        0.006848366940000001,
        0.00695903594,
        0.007082301940000001,
        0.006852282940000001,
        0.007155975940000002,
        0.006829610940000001,
        0.00700406894,
        0.006846380940000001,
        0.006943119940000001,
        0.007143140940000001,
        0.006987858940000001,
        0.00702191494,
        0.00697554394,
        0.007148649940000001,
        0.007029334940000001
      ],
      "exit_codes": [
        0,
        0,
        0,
        0,
        0,
        0,
        0,
        0,
        0,
        0,
        0,
        0,
        0,
        0,
        0,
        0,
        0,
        0,
        0,
        0,
        0,
        0,
        0,
        0,
        0,
        0,
        0,
        0,
        0,
        0,
        0,
        0,
        0,
        0,
        0,
        0,
        0,
        0,
        0,
        0,
        0,
        0,
        0,
        0,
        0,
        0,
        0,
        0,
        0,
        0,
        0,
        0,
        0,
        0,
        0,
        0,
        0,
        0,
        0,
        0,
        0,
        0,
        0,
        0,
        0,
        0,
        0,
        0,
        0,
        0,
        0,
        0,
        0,
        0,
        0,
        0,
        0,
        0,
        0,
        0,
        0,
        0,
        0,
        0,
        0,
        0,
        0,
        0,
        0,
        0,
        0,
        0,
        0,
        0,
        0,
        0,
        0,
        0,
        0,
        0
      ]
    }
  ]
}
