{
  "results": [
    {
      "command": "out/20220731101132/contention 1 100",
      "mean": 0.00271639267,
      "stddev": 0.00021806231548232314,
      "median": 0.0026601354000000002,
      "user": 0.0009641999999999998,
      "system": 0.0007707699999999999,
      "min": 0.0022709159,
      "max": 0.0036633949000000002,
      "times": [
        0.0024806359,
        0.0024862819000000006,
        0.0026605469000000005,
        0.0028105879000000005,
        0.0027433809,
        0.0024930919,
        0.0026371079000000004,
        0.0028312629,
        0.0025861199000000003,
        0.0025164959000000004,
        0.0025389889000000006,
        0.0032015239000000003,
        0.0025911689000000003,
        0.0036633949000000002,
        0.0031130699000000003,
        0.0024557889000000003,
        0.0022709159,
        0.0025355759000000007,
        0.0031610769000000004,
        0.0027488799,
        0.0024974799000000002,
        0.0022944229000000007,
        0.0025619529,
        0.0035537829,
        0.0026099339,
        0.0025707089000000004,
        0.0027167389000000005,
        0.0026977199,
        0.0025363289,
        0.0027482319,
        0.0025158899,
        0.0025381389000000004,
        0.0028755349000000006,
        0.0027362079,
        0.0025833059,
        0.0025524949000000005,
        0.0026802079000000003,
        0.0026556399000000003,
        0.0026235279000000004,
        0.0026660729,
        0.0024831889000000006,
        0.0025240549000000003,
        0.0029235279000000003,
        0.0026597239,
        0.0025122209000000006,
        0.0026220479000000005,
        0.0026566999,
        0.0026161149,
        0.0025448619000000006,
        0.0028522539000000006,
        0.0026499489,
        0.0025749949000000005,
        0.0029321339000000007,
        0.0027685689000000006,
        0.0025108699000000005,
        0.0025876569000000006,
        0.0026809019,
        0.0025432859,
        0.0026105159000000006,
        0.0025297299000000004,
        0.0026149159000000005,
        0.0025714149,
        0.0028766799,
        0.0028504499000000004,
        0.0028959239000000006,
        0.0028479759000000007,
        0.0027038999,
        0.0027534259,
        0.0026581349000000002,
        0.0026107319000000006,
        0.0026391359000000007,
        0.0027532749,
        0.0026298459000000003,
        0.0028558879000000004,
        0.0028577479000000006,
        0.0027209929,
        0.0025628179,
        0.0027580909000000002,
        0.0029190309000000003,
        0.0028086429,
        0.0027875349000000002,
        0.0029246509000000007,
        0.0028394739000000002,
        0.0028955319000000005,
        0.0031314589,
        0.0029141069000000004,
        0.0030046069000000007,
        0.0029919969,
        0.0028871249000000003,
        0.0025763659000000005,
        0.0029410549,
        0.0030177139000000007,
        0.0026106359,
        0.0026451249000000003,
        0.0026911509000000005,
        0.0025819819000000004,
        0.0025748619,
        0.0026633629000000006,
        0.0027713999000000007,
        0.0027765869
      ],
      "exit_codes": [
        0,
        0,
        0,
        0,
        0,
        0,
        0,
        0,
        0,
        0,
        0,
        0,
        0,
        0,
        0,
        0,
        0,
        0,
        0,
        0,
        0,
        0,
        0,
        0,
        0,
        0,
        0,
        0,
        0,
        0,
        0,
        0,
        0,
        0,
        0,
        0,
        0,
        0,
        0,
        0,
        0,
        0,
        0,
        0,
        0,
        0,
        0,
        0,
        0,
        0,
        0,
        0,
        0,
        0,
        0,
        0,
        0,
        0,
        0,
        0,
        0,
        0,
        0,
        0,
        0,
        0,
        0,
        0,
        0,
        0,
        0,
        0,
        0,
        0,
        0,
        0,
        0,
        0,
        0,
        0,
        0,
        0,
        0,
        0,
        0,
        0,
        0,
        0,
        0,
        0,
        0,
        0,
        0,
        0,
        0,
        0,
        0,
        0,
        0,
        0
      ]
    }
  ]
}
