{
  "results": [
    {
      "command": "out/20220731101132/contention 1 100000",
      "mean": 0.04337067297999999,
      "stddev": 0.0007280541939836138,
      "median": 0.04311233616,
      "user": 0.04095274999999999,
      "system": 0.0010834399999999995,
      "min": 0.04209182166,
      "max": 0.04558800666,
      "times": [
        0.043966648659999996,
        0.04383917566,
        0.04451552466,
        0.04432991666,
        0.04335442666,
        0.04344239166,
        0.04398083066,
        0.04367223966,
        0.042691124659999996,
        0.04499848166,
        0.04411427566,
        0.04301586366,
        0.04358654266,
        0.04395698166,
        0.04293625666,
        0.04273635366,
        0.04402061166,
        0.04281809866,
        0.04299431366,
        0.04299512866,
        0.04299449066,
        0.04284416066,
        0.04285092166,
        0.04259501566,
        0.04325964766,
        0.042795638659999996,
        0.04292793966,
        0.04354254266,
        0.04297773466,
        0.04372041466,
        0.04251883866,
        0.04310690766,
        0.04353038066,
        0.04284620266,
        0.04316597066,
        0.04453971266,
        0.04317506466,
        0.04312969366,
        0.042615928659999996,
        0.04259045166,
        0.04332704566,
        0.04418788866,
        0.04294755066,
        0.04348562066,
        0.04508384666,
        0.04361340066,
        0.04346222166,
        0.04277859966,
        0.04282109266,
        0.04297369866,
        0.04322055566,
        0.04558800666,
        0.04304377466,
        0.04286633166,
        0.04330348766,
        0.04348834466,
        0.04384331866,
        0.04321772466,
        0.04268353566,
        0.04268157266,
        0.042510122659999997,
        0.04276877066,
        0.04288213866,
        0.04288650866,
        0.04510392866,
        0.04370503166,
        0.04396674866,
        0.044977380659999996,
        0.04307564366,
        0.04310948566,
        0.042418027659999996,
        0.04289476666,
        0.042488344659999996,
        0.04257761266,
        0.04283007566,
        0.04368230166,
        0.04367474866,
        0.04442469866,
        0.04390887266,
        0.04301357166,
        0.043154634659999996,
        0.04297689166,
        0.043089102659999996,
        0.04529973566,
        0.04286417966,
        0.04287555566,
        0.04311518666,
        0.04272577966,
        0.04499093866,
        0.043921602659999996,
        0.04304717366,
        0.04460735266,
        0.04311627366,
        0.04297596566,
        0.04209182166,
        0.04273448666,
        0.04471939466,
        0.04294900566,
        0.04301201566,
        0.04359095666
      ],
      "exit_codes": [
        0,
        0,
        0,
        0,
        0,
        0,
        0,
        0,
        0,
        0,
        0,
        0,
        0,
        0,
        0,
        0,
        0,
        0,
        0,
        0,
        0,
        0,
        0,
        0,
        0,
        0,
        0,
        0,
        0,
        0,
        0,
        0,
        0,
        0,
        0,
        0,
        0,
        0,
        0,
        0,
        0,
        0,
        0,
        0,
        0,
        0,
        0,
        0,
        0,
        0,
        0,
        0,
        0,
        0,
        0,
        0,
        0,
        0,
        0,
        0,
        0,
        0,
        0,
        0,
        0,
        0,
        0,
        0,
        0,
        0,
        0,
        0,
        0,
        0,
        0,
        0,
        0,
        0,
        0,
        0,
        0,
        0,
        0,
        0,
        0,
        0,
        0,
        0,
        0,
        0,
        0,
        0,
        0,
        0,
        0,
        0,
        0,
        0,
        0,
        0
      ]
    }
  ]
}
