{
  "results": [
    {
      "command": "out/20220731101132/contention 1 1",
      "mean": 0.00283741177,
      "stddev": 0.00040623265068350997,
      "median": 0.0027098055,
      "user": 0.0009664300000000002,
      "system": 0.00085089,
      "min": 0.0023984735,
      "max": 0.0044169115000000005,
      "times": [
        0.0029732825,
        0.0027030165,
        0.0029624695000000007,
        0.0029608965000000004,
        0.0029707315,
        0.0029328825000000005,
        0.0023984735,
        0.0028103005,
        0.0031023975,
        0.0028510525,
        0.0026210855000000006,
        0.0025535195,
        0.0031646625000000005,
        0.0027125855,
        0.0025905715,
        0.0028989355000000002,
        0.0026756075,
        0.0027141655000000003,
        0.0029468505,
        0.0031885295,
        0.0025801495000000005,
        0.0037597975000000007,
        0.0031452875000000003,
        0.0025522585,
        0.0034729075,
        0.0025029875,
        0.0031132165000000004,
        0.0032998885,
        0.0025272055000000004,
        0.0026273695000000002,
        0.0043705125,
        0.0025592405,
        0.0024578635000000004,
        0.0032407635,
        0.0027099115,
        0.0025339855,
        0.0025606165,
        0.0025759045000000006,
        0.0027379455000000005,
        0.0044169115000000005,
        0.0027336815,
        0.0030967595000000003,
        0.0034571325,
        0.0031649705000000006,
        0.0041694955,
        0.0037983705000000007,
        0.004139948500000001,
        0.0027727725,
        0.0029586265,
        0.0027867005000000006,
        0.0026850615,
        0.0026793085,
        0.0028299785000000005,
        0.0028734825000000003,
        0.0028050155000000003,
        0.0026279185,
        0.0030005545,
        0.0026350735,
        0.0025550125,
        0.0027312875,
        0.0027431085000000003,
        0.0026390325000000005,
        0.0026279495000000003,
        0.0026028365,
        0.0026778435000000002,
        0.0029722655,
        0.0026953245,
        0.0026850465,
        0.0028018725000000006,
        0.0026192805,
        0.0025714705000000003,
        0.0025602735000000002,
        0.0029950965,
        0.0028466905,
        0.0027096995000000005,
        0.0035395015000000006,
        0.0028481815,
        0.0027540855,
        0.0029701235,
        0.0026582665000000004,
        0.0025815785000000003,
        0.0025577015,
        0.0025442405,
        0.0027462875,
        0.0026459055000000006,
        0.0026218325000000003,
        0.0024392715,
        0.0024484845,
        0.0025779105000000003,
        0.0024372785000000004,
        0.0026000665,
        0.0026468985,
        0.0024965885000000003,
        0.0027778085000000007,
        0.0025912415000000004,
        0.0024760425000000005,
        0.0024461575,
        0.0025107545000000006,
        0.0026173345,
        0.0024819545
      ],
      "exit_codes": [
        0,
        0,
        0,
        0,
        0,
        0,
        0,
        0,
        0,
        0,
        0,
        0,
        0,
        0,
        0,
        0,
        0,
        0,
        0,
        0,
        0,
        0,
        0,
        0,
        0,
        0,
        0,
        0,
        0,
        0,
        0,
        0,
        0,
        0,
        0,
        0,
        0,
        0,
        0,
        0,
        0,
        0,
        0,
        0,
        0,
        0,
        0,
        0,
        0,
        0,
        0,
        0,
        0,
        0,
        0,
        0,
        0,
        0,
        0,
        0,
        0,
        0,
        0,
        0,
        0,
        0,
        0,
        0,
        0,
        0,
        0,
        0,
        0,
        0,
        0,
        0,
        0,
        0,
        0,
        0,
        0,
        0,
        0,
        0,
        0,
        0,
        0,
        0,
        0,
        0,
        0,
        0,
        0,
        0,
        0,
        0,
        0,
        0,
        0,
        0
      ]
    }
  ]
}
