{
  "results": [
    {
      "command": "out/20220731101132/contention 1 1000000",
      "mean": 0.39672249502000007,
      "stddev": 0.0057186310348389295,
      "median": 0.39592189958,
      "user": 0.39141585,
      "system": 0.00325297,
      "min": 0.39274646308000005,
      "max": 0.4496652970800001,
      "times": [
        0.39960271208000003,
        0.39872620508000006,
        0.39608488808000003,
        0.39520049708000005,
        0.39836687008000005,
        0.39776893108000005,
        0.3937850680800001,
        0.39665147408000007,
        0.39640344308000003,
        0.40017997308000003,
        0.39664953208000003,
        0.39396917308000007,
        0.39874833508000007,
        0.40332687208000007,
        0.39723069708000003,
        0.39442768208000006,
        0.39274646308000005,
        0.39422344608000004,
        0.39824611608000005,
        0.39353264408000005,
        0.39527324908000006,
        0.39682664708000004,
        0.3956237630800001,
        0.40032868808000005,
        0.39665632208000007,
        0.39665597108000006,
        0.39420564808,
        0.39877543008000005,
        0.39536616508000005,
        0.39734575808000006,
        0.4496652970800001,
        0.39359071308000004,
        0.39581842608000006,
        0.39517822208000003,
        0.39769230008000006,
        0.3961091600800001,
        0.39508277808000003,
        0.39438042708000004,
        0.39598212308,
        0.39746497008000004,
        0.39586167608000006,
        0.39487875808000006,
        0.39546251808000005,
        0.39396560908000006,
        0.39641640508000003,
        0.39918750908000006,
        0.39581177408000007,
        0.39929367208000005,
        0.39423757808000004,
        0.39493132508000006,
        0.39827671108000007,
        0.39281864408000006,
        0.3939476980800001,
        0.39678203808000007,
        0.40131237608000003,
        0.39405084108000005,
        0.39539977008000005,
        0.39462542208000007,
        0.39849576408000004,
        0.39833542108000003,
        0.39525587108000004,
        0.39317647708000003,
        0.39507908408000003,
        0.39648615008000004,
        0.39608816608,
        0.40014288108000007,
        0.39607896808000004,
        0.39551832708000006,
        0.39732934108000006,
        0.39536444708000007,
        0.39452702008000007,
        0.39509407208,
        0.3950455700800001,
        0.39499912608000004,
        0.3945720850800001,
        0.39322094108000005,
        0.40072010008000003,
        0.39513525608000005,
        0.39456178808000003,
        0.39879982408000003,
        0.39551126408000004,
        0.39547204708000006,
        0.39901678308000005,
        0.39604337308000004,
        0.39400799408000003,
        0.39699551008000006,
        0.39631351908000007,
        0.39548000708000003,
        0.39643252608000007,
        0.3943280550800001,
        0.39370828308000005,
        0.39626454608000006,
        0.39383284508000005,
        0.39577060508000006,
        0.3969464300800001,
        0.39687237308000006,
        0.39794685308000005,
        0.39623654008000003,
        0.39361277908000003,
        0.39627708108000004
      ],
      "exit_codes": [
        0,
        0,
        0,
        0,
        0,
        0,
        0,
        0,
        0,
        0,
        0,
        0,
        0,
        0,
        0,
        0,
        0,
        0,
        0,
        0,
        0,
        0,
        0,
        0,
        0,
        0,
        0,
        0,
        0,
        0,
        0,
        0,
        0,
        0,
        0,
        0,
        0,
        0,
        0,
        0,
        0,
        0,
        0,
        0,
        0,
        0,
        0,
        0,
        0,
        0,
        0,
        0,
        0,
        0,
        0,
        0,
        0,
        0,
        0,
        0,
        0,
        0,
        0,
        0,
        0,
        0,
        0,
        0,
        0,
        0,
        0,
        0,
        0,
        0,
        0,
        0,
        0,
        0,
        0,
        0,
        0,
        0,
        0,
        0,
        0,
        0,
        0,
        0,
        0,
        0,
        0,
        0,
        0,
        0,
        0,
        0,
        0,
        0,
        0,
        0
      ]
    }
  ]
}
