{
  "results": [
    {
      "command": "out/20220731101132/contention 2048 1000",
      "mean": 0.06153084949999999,
      "stddev": 0.0023492752742366035,
      "median": 0.061651422080000004,
      "user": 0.015714719999999998,
      "system": 0.11007895,
      "min": 0.056214031580000004,
      "max": 0.07130870558,
      "times": [
        0.058463150580000005,
        0.060833156580000006,
        0.05844203858000001,
        0.06778076758000001,
        0.058565225580000005,
        0.06106204958,
        0.06034568458,
        0.061280427580000005,
        0.05996090158,
        0.058717579580000005,
        0.06129618858000001,
        0.05858039458000001,
        0.06097066258,
        0.056214031580000004,
        0.060039888580000006,
        0.07130870558,
        0.06524862958000001,
        0.06199499858,
        0.06540151558,
        0.06269727258,
        0.06522243958000001,
        0.05994424358000001,
        0.061855440580000004,
        0.06260918958,
        0.06431943558,
        0.06079673858000001,
        0.06097824058000001,
        0.06267539958000001,
        0.05973352758000001,
        0.06296268958000001,
        0.05912824658000001,
        0.06364811858000001,
        0.058118138580000006,
        0.06272509558,
        0.05814350058000001,
        0.06442020758000001,
        0.06125443458,
        0.06348632558,
        0.06288832958000001,
        0.06209024258000001,
        0.06160238758,
        0.06195758958,
        0.061588355580000004,
        0.05833875258000001,
        0.06264912958,
        0.05821025758000001,
        0.06358672558,
        0.05757791158000001,
        0.06255836558000001,
        0.05906221558000001,
        0.06421858558,
        0.05968693758000001,
        0.06300486958000001,
        0.06156880258000001,
        0.06474756258,
        0.06195012158,
        0.06164124758,
        0.062387605580000005,
        0.059892411580000006,
        0.06260154458,
        0.05876498058000001,
        0.06219147458,
        0.05997892658000001,
        0.06367804958,
        0.057913860580000004,
        0.06387682258,
        0.05996242458000001,
        0.06265613458000001,
        0.06086997758000001,
        0.06292886958,
        0.06338387058,
        0.061661596580000005,
        0.06298234258,
        0.06044087458000001,
        0.06214767058000001,
        0.058951881580000004,
        0.06361133158000001,
        0.059673408580000004,
        0.06284472858000001,
        0.057836739580000004,
        0.06405971858000001,
        0.059191176580000004,
        0.06228361558000001,
        0.058853058580000006,
        0.06407563058,
        0.06294710658000001,
        0.06252681858,
        0.061807977580000006,
        0.05988501058000001,
        0.061162122580000006,
        0.06025612458,
        0.06306429858000001,
        0.05922866458000001,
        0.06282890358000001,
        0.058548206580000005,
        0.06397505158000001,
        0.06074189458000001,
        0.06268443058,
        0.06013902258000001,
        0.06343551758
      ],
      "exit_codes": [
        0,
        0,
        0,
        0,
        0,
        0,
        0,
        0,
        0,
        0,
        0,
        0,
        0,
        0,
        0,
        0,
        0,
        0,
        0,
        0,
        0,
        0,
        0,
        0,
        0,
        0,
        0,
        0,
        0,
        0,
        0,
        0,
        0,
        0,
        0,
        0,
        0,
        0,
        0,
        0,
        0,
        0,
        0,
        0,
        0,
        0,
        0,
        0,
        0,
        0,
        0,
        0,
        0,
        0,
        0,
        0,
        0,
        0,
        0,
        0,
        0,
        0,
        0,
        0,
        0,
        0,
        0,
        0,
        0,
        0,
        0,
        0,
        0,
        0,
        0,
        0,
        0,
        0,
        0,
        0,
        0,
        0,
        0,
        0,
        0,
        0,
        0,
        0,
        0,
        0,
        0,
        0,
        0,
        0,
        0,
        0,
        0,
        0,
        0,
        0
      ]
    }
  ]
}
