{
  "results": [
    {
      "command": "out/20220731101132/contention 2048 1",
      "mean": 0.061452766259999986,
      "stddev": 0.004425120861975377,
      "median": 0.060161033440000004,
      "user": 0.01427490999999999,
      "system": 0.10931336,
      "min": 0.055671398440000006,
      "max": 0.07958449444,
      "times": [
        0.07357456944,
        0.07108195444,
        0.07130565344,
        0.07003119044,
        0.06662599544,
        0.06855476844,
        0.06887341544,
        0.06792065444,
        0.06912552444,
        0.06303844844,
        0.06789434444,
        0.07071391744000001,
        0.07187249744,
        0.07958449444,
        0.06487185544,
        0.07085796844,
        0.06355070544000001,
        0.06552465344,
        0.06511828644,
        0.06025222544,
        0.06519480644,
        0.06482402044,
        0.06467525144,
        0.061788107440000004,
        0.06442553144,
        0.062031038440000005,
        0.06101198844,
        0.06339064944,
        0.05989201244,
        0.06337075444,
        0.06084404544000001,
        0.060820187440000006,
        0.059066918440000005,
        0.06257867944,
        0.058018547440000005,
        0.06147019344,
        0.05974014944,
        0.059692313440000005,
        0.05959912044,
        0.05923653644,
        0.060175205440000004,
        0.05888120544,
        0.06183094144000001,
        0.05750197444,
        0.06029459344,
        0.05900784144,
        0.062061771439999996,
        0.058820528440000006,
        0.06115789544,
        0.05693566944,
        0.06137626044,
        0.05958424944,
        0.060055336439999996,
        0.05710504444,
        0.059065166440000004,
        0.058796829440000004,
        0.05844018244,
        0.05889766644,
        0.058748444440000006,
        0.06158941944,
        0.06041680744,
        0.060146861440000005,
        0.05976136144000001,
        0.06175821644,
        0.05791796944,
        0.060664174439999996,
        0.05676863444,
        0.060989064440000004,
        0.060129169440000005,
        0.060934010440000005,
        0.05933885144,
        0.060135473440000003,
        0.060587950439999996,
        0.05880830144,
        0.061317631440000006,
        0.05607723244,
        0.06079219644,
        0.055671398440000006,
        0.05947153244,
        0.05771445344,
        0.05869837044,
        0.05584870144,
        0.05742336444,
        0.057420204440000004,
        0.05908978744,
        0.05782199844,
        0.05727212344,
        0.058635809440000006,
        0.058694121440000004,
        0.05864286844,
        0.05600705444,
        0.06037604144,
        0.05830854344,
        0.05927443844,
        0.058000183440000005,
        0.06046186444,
        0.056864533440000004,
        0.059410820440000005,
        0.056541973440000004,
        0.05871233244
      ],
      "exit_codes": [
        0,
        0,
        0,
        0,
        0,
        0,
        0,
        0,
        0,
        0,
        0,
        0,
        0,
        0,
        0,
        0,
        0,
        0,
        0,
        0,
        0,
        0,
        0,
        0,
        0,
        0,
        0,
        0,
        0,
        0,
        0,
        0,
        0,
        0,
        0,
        0,
        0,
        0,
        0,
        0,
        0,
        0,
        0,
        0,
        0,
        0,
        0,
        0,
        0,
        0,
        0,
        0,
        0,
        0,
        0,
        0,
        0,
        0,
        0,
        0,
        0,
        0,
        0,
        0,
        0,
        0,
        0,
        0,
        0,
        0,
        0,
        0,
        0,
        0,
        0,
        0,
        0,
        0,
        0,
        0,
        0,
        0,
        0,
        0,
        0,
        0,
        0,
        0,
        0,
        0,
        0,
        0,
        0,
        0,
        0,
        0,
        0,
        0,
        0,
        0
      ]
    }
  ]
}
