{
  "results": [
    {
      "command": "out/20220731101132/contention 2048 1000000",
      "mean": 0.14786224501000006,
      "stddev": 0.003609199021542973,
      "median": 0.1484195217,
      "user": 0.8204027799999999,
      "system": 0.13698811,
      "min": 0.1372632527,
      "max": 0.1655358637,
      "times": [
        0.1372632527,
        0.1580990777,
        0.1517861037,
        0.14314263970000002,
        0.1392866167,
        0.14398998070000002,
        0.1655358637,
        0.15520863470000001,
        0.14470671870000001,
        0.14893710170000002,
        0.14596281870000002,
        0.1445388227,
        0.1443794717,
        0.14690839670000003,
        0.14321776570000003,
        0.14714842770000003,
        0.14882526570000001,
        0.14984113870000002,
        0.1492095767,
        0.1504015347,
        0.14796719070000003,
        0.14792496070000002,
        0.14960567670000002,
        0.1489561007,
        0.14905563270000002,
        0.14948211670000003,
        0.1498720457,
        0.14732054070000003,
        0.15172205370000003,
        0.1498843407,
        0.1477119117,
        0.14837672370000002,
        0.14898603270000002,
        0.14884498670000001,
        0.1483261167,
        0.1479509887,
        0.1512171317,
        0.1477855757,
        0.14917296770000002,
        0.14854404770000001,
        0.14728875770000002,
        0.1490956937,
        0.15083101670000001,
        0.1508546097,
        0.14832725170000002,
        0.15106843870000003,
        0.1484760257,
        0.1495522457,
        0.15353107370000002,
        0.14888458870000001,
        0.14840034470000002,
        0.14606849670000002,
        0.1447502967,
        0.1426263187,
        0.1434802437,
        0.1453781707,
        0.14905035370000003,
        0.1436706107,
        0.1478859227,
        0.14746039370000003,
        0.1436877357,
        0.14423924770000002,
        0.1457415927,
        0.15038294070000002,
        0.1500750167,
        0.14865059870000003,
        0.15059042570000003,
        0.1484386987,
        0.1499168307,
        0.1509440927,
        0.14887267170000001,
        0.14701640970000002,
        0.15062266770000002,
        0.14903239470000001,
        0.14903917470000003,
        0.1498059837,
        0.14916853770000002,
        0.14888321870000001,
        0.1479546767,
        0.1490521347,
        0.1482407047,
        0.1478126267,
        0.1513416737,
        0.1453720497,
        0.14310213170000002,
        0.1439171887,
        0.1442476927,
        0.14358014370000002,
        0.1449479297,
        0.1456724147,
        0.1434345927,
        0.14318897270000003,
        0.14482509470000002,
        0.14300964170000002,
        0.1441098137,
        0.14427276770000003,
        0.1498791267,
        0.1501533747,
        0.1497361657,
        0.14948813970000002
      ],
      "exit_codes": [
        0,
        0,
        0,
        0,
        0,
        0,
        0,
        0,
        0,
        0,
        0,
        0,
        0,
        0,
        0,
        0,
        0,
        0,
        0,
        0,
        0,
        0,
        0,
        0,
        0,
        0,
        0,
        0,
        0,
        0,
        0,
        0,
        0,
        0,
        0,
        0,
        0,
        0,
        0,
        0,
        0,
        0,
        0,
        0,
        0,
        0,
        0,
        0,
        0,
        0,
        0,
        0,
        0,
        0,
        0,
        0,
        0,
        0,
        0,
        0,
        0,
        0,
        0,
        0,
        0,
        0,
        0,
        0,
        0,
        0,
        0,
        0,
        0,
        0,
        0,
        0,
        0,
        0,
        0,
        0,
        0,
        0,
        0,
        0,
        0,
        0,
        0,
        0,
        0,
        0,
        0,
        0,
        0,
        0,
        0,
        0,
        0,
        0,
        0,
        0
      ]
    }
  ]
}
