{
  "results": [
    {
      "command": "out/20220731101132/contention 2048 100",
      "mean": 0.060749444480000026,
      "stddev": 0.0023349217261994302,
      "median": 0.060779155140000006,
      "user": 0.014451649999999996,
      "system": 0.10822837000000005,
      "min": 0.055723897640000006,
      "max": 0.07411680664,
      "times": [
        0.05815414264,
        0.059306296640000006,
        0.06139001264,
        0.059424732640000005,
        0.06171510964000001,
        0.060334099640000007,
        0.06131217364,
        0.06118709264,
        0.06223600964,
        0.059962223640000006,
        0.061473077640000005,
        0.06021868064,
        0.06061670364,
        0.05884200464,
        0.06110617864,
        0.07411680664,
        0.06571636664,
        0.06448321364,
        0.06146473664000001,
        0.060129268640000004,
        0.062110577640000005,
        0.06007104264000001,
        0.059989727640000004,
        0.059302472640000006,
        0.06521012164,
        0.06167041064,
        0.06195515364,
        0.05955648864,
        0.062171611640000006,
        0.06238236164,
        0.06119250264,
        0.06097842264000001,
        0.05733516064,
        0.060982175640000004,
        0.05841097464,
        0.06044734764,
        0.05912884964,
        0.06302863664,
        0.05947947464,
        0.06292794264,
        0.060050775640000005,
        0.06295371263999999,
        0.05858888864,
        0.06108607564000001,
        0.06245961364,
        0.058651003640000005,
        0.06306942164,
        0.061089033640000005,
        0.06009197364,
        0.05778769064000001,
        0.059719646640000006,
        0.05779876264,
        0.060654130640000005,
        0.05876785264000001,
        0.06622413764,
        0.05944413064,
        0.06393064663999999,
        0.059773750640000005,
        0.06287037964,
        0.05967475264,
        0.06171125364,
        0.06038163664000001,
        0.06134216164000001,
        0.06169583064,
        0.058581066640000005,
        0.061739634640000006,
        0.05880745064,
        0.06046692664000001,
        0.058946784640000006,
        0.05991704264,
        0.06097222664000001,
        0.06407233563999999,
        0.05854638864,
        0.06210740164000001,
        0.05985219464,
        0.06254197964,
        0.06191495564,
        0.06002812064000001,
        0.060723290640000004,
        0.05771630464,
        0.06083501964000001,
        0.05746642364000001,
        0.06105151064000001,
        0.056637524640000006,
        0.06130347964,
        0.057652176640000004,
        0.06296365064,
        0.059711236640000005,
        0.061213534640000004,
        0.06123003464000001,
        0.06178831164,
        0.06087969964,
        0.06117782264,
        0.06104747064000001,
        0.05975199464000001,
        0.05983022964,
        0.055723897640000006,
        0.06109164764,
        0.056710609640000006,
        0.058606419640000004
      ],
      "exit_codes": [
        0,
        0,
        0,
        0,
        0,
        0,
        0,
        0,
        0,
        0,
        0,
        0,
        0,
        0,
        0,
        0,
        0,
        0,
        0,
        0,
        0,
        0,
        0,
        0,
        0,
        0,
        0,
        0,
        0,
        0,
        0,
        0,
        0,
        0,
        0,
        0,
        0,
        0,
        0,
        0,
        0,
        0,
        0,
        0,
        0,
        0,
        0,
        0,
        0,
        0,
        0,
        0,
        0,
        0,
        0,
        0,
        0,
        0,
        0,
        0,
        0,
        0,
        0,
        0,
        0,
        0,
        0,
        0,
        0,
        0,
        0,
        0,
        0,
        0,
        0,
        0,
        0,
        0,
        0,
        0,
        0,
        0,
        0,
        0,
        0,
        0,
        0,
        0,
        0,
        0,
        0,
        0,
        0,
        0,
        0,
        0,
        0,
        0,
        0,
        0
      ]
    }
  ]
}
