{
  "results": [
    {
      "command": "out/20220731101132/contention 2048 100000",
      "mean": 0.07294982209000002,
      "stddev": 0.004092750212777839,
      "median": 0.07177614664,
      "user": 0.07092841,
      "system": 0.12614621999999998,
      "min": 0.06591832664,
      "max": 0.08457380764,
      "times": [
        0.06857107863999999,
        0.06858364064,
        0.06897146364,
        0.07022114764,
        0.06764352064,
        0.06959790764,
        0.06983701264,
        0.06742424764,
        0.06963438463999999,
        0.06805880564,
        0.07110446964,
        0.06591832664,
        0.06835768364,
        0.07612941464,
        0.07954169563999999,
        0.07210989864,
        0.07332944964,
        0.07127785864,
        0.07123672764,
        0.06721221564,
        0.06899485263999999,
        0.07145849564,
        0.07754217564,
        0.07883580463999999,
        0.07931018464,
        0.08457380764,
        0.08109499364,
        0.08441896464,
        0.08308746064,
        0.08140418864,
        0.08165259563999999,
        0.07837302964,
        0.07450310164,
        0.07540725864,
        0.07383893463999999,
        0.07474691064,
        0.07707260164,
        0.07730584764,
        0.07562079964,
        0.07371662164,
        0.07905780864,
        0.07463570763999999,
        0.07676864863999999,
        0.07366340664,
        0.07653312064,
        0.07165441264,
        0.07385002364,
        0.07436434664,
        0.07199304263999999,
        0.07109614764,
        0.07219610564,
        0.07464662064,
        0.07187862464,
        0.07404476464,
        0.07381543364,
        0.07481110664,
        0.07127208164,
        0.07589004964,
        0.07051157563999999,
        0.07415470064,
        0.07133304963999999,
        0.07607823563999999,
        0.06965594064,
        0.07079872163999999,
        0.06938979064,
        0.07138948264,
        0.07091990464,
        0.07048349263999999,
        0.06996432864,
        0.06985862764,
        0.07200130264,
        0.06950549064,
        0.07256883464,
        0.06958181864,
        0.07225477664,
        0.06980540364,
        0.07177879163999999,
        0.06816289664,
        0.07078103163999999,
        0.06883278964,
        0.07005006264,
        0.07784913364,
        0.08209594964,
        0.07954946464,
        0.07630419964,
        0.07013630364,
        0.07056693464,
        0.07202819564,
        0.06967105564,
        0.07328369763999999,
        0.07177350164,
        0.06973944963999999,
        0.06892095464,
        0.07221266064,
        0.07109361364,
        0.07120308964,
        0.06879714964,
        0.06985994263999999,
        0.06979094064,
        0.07035388964
      ],
      "exit_codes": [
        0,
        0,
        0,
        0,
        0,
        0,
        0,
        0,
        0,
        0,
        0,
        0,
        0,
        0,
        0,
        0,
        0,
        0,
        0,
        0,
        0,
        0,
        0,
        0,
        0,
        0,
        0,
        0,
        0,
        0,
        0,
        0,
        0,
        0,
        0,
        0,
        0,
        0,
        0,
        0,
        0,
        0,
        0,
        0,
        0,
        0,
        0,
        0,
        0,
        0,
        0,
        0,
        0,
        0,
        0,
        0,
        0,
        0,
        0,
        0,
        0,
        0,
        0,
        0,
        0,
        0,
        0,
        0,
        0,
        0,
        0,
        0,
        0,
        0,
        0,
        0,
        0,
        0,
        0,
        0,
        0,
        0,
        0,
        0,
        0,
        0,
        0,
        0,
        0,
        0,
        0,
        0,
        0,
        0,
        0,
        0,
        0,
        0,
        0,
        0
      ]
    }
  ]
}
