{
  "results": [
    {
      "command": "out/20220731101132/contention 2048 10",
      "mean": 0.060890247309999986,
      "stddev": 0.0022723183122683086,
      "median": 0.060517544080000006,
      "user": 0.014327109999999997,
      "system": 0.10826496000000002,
      "min": 0.05544668658,
      "max": 0.07051510558,
      "times": [
        0.05544668658,
        0.059227957580000004,
        0.05724660058,
        0.059360523580000005,
        0.059403919580000006,
        0.06032495058000001,
        0.061338855580000004,
        0.05837903758,
        0.05990031558,
        0.059273847580000004,
        0.06113338858,
        0.057583034580000005,
        0.060964961580000004,
        0.05981847558,
        0.06014639358,
        0.07051510558,
        0.06905023058000001,
        0.06264792358,
        0.06577469858,
        0.06024157658,
        0.06468092558,
        0.05910386958,
        0.05952394258,
        0.06082078858000001,
        0.05875088458,
        0.06276854058,
        0.05711458258,
        0.06245167758,
        0.05894098058,
        0.06202250058,
        0.06079649158,
        0.06105839158000001,
        0.05949024758,
        0.06070891758000001,
        0.05953318558,
        0.05931989658,
        0.059619646580000005,
        0.05867372458,
        0.061459818580000006,
        0.058011358580000005,
        0.06381049158,
        0.06258731958000001,
        0.06344919658,
        0.05991092958,
        0.06206193258000001,
        0.05936644658,
        0.06323799258,
        0.06001157058000001,
        0.059405832580000005,
        0.05835429158,
        0.06070788158,
        0.05912515058,
        0.05892822558000001,
        0.059989110580000005,
        0.06088585758000001,
        0.06386674158,
        0.058414148580000005,
        0.06404761058,
        0.059859942580000006,
        0.06398687558,
        0.05981687858,
        0.060634541580000006,
        0.06234620658000001,
        0.059983335580000005,
        0.058168115580000006,
        0.05998965858,
        0.06354330858,
        0.06414436358,
        0.06247370458,
        0.06141293658000001,
        0.06068715958,
        0.059921692580000005,
        0.06280050958000001,
        0.06005187058000001,
        0.06106751558000001,
        0.059044634580000005,
        0.06378397758,
        0.06407293758,
        0.061747577580000004,
        0.059523383580000006,
        0.06219724958,
        0.05891712658000001,
        0.060507698580000005,
        0.059654121580000004,
        0.06166918558000001,
        0.06047479958,
        0.060747783580000006,
        0.06182562758,
        0.060795746580000004,
        0.06220381858,
        0.06038901158,
        0.06413361158,
        0.06052738958000001,
        0.06232041858000001,
        0.06039903258,
        0.062271361580000004,
        0.05903881758000001,
        0.06113521358,
        0.05826189458,
        0.06170410958
      ],
      "exit_codes": [
        0,
        0,
        0,
        0,
        0,
        0,
        0,
        0,
        0,
        0,
        0,
        0,
        0,
        0,
        0,
        0,
        0,
        0,
        0,
        0,
        0,
        0,
        0,
        0,
        0,
        0,
        0,
        0,
        0,
        0,
        0,
        0,
        0,
        0,
        0,
        0,
        0,
        0,
        0,
        0,
        0,
        0,
        0,
        0,
        0,
        0,
        0,
        0,
        0,
        0,
        0,
        0,
        0,
        0,
        0,
        0,
        0,
        0,
        0,
        0,
        0,
        0,
        0,
        0,
        0,
        0,
        0,
        0,
        0,
        0,
        0,
        0,
        0,
        0,
        0,
        0,
        0,
        0,
        0,
        0,
        0,
        0,
        0,
        0,
        0,
        0,
        0,
        0,
        0,
        0,
        0,
        0,
        0,
        0,
        0,
        0,
        0,
        0,
        0,
        0
      ]
    }
  ]
}
