{
  "results": [
    {
      "command": "out/20220731101132/contention 2048 10000",
      "mean": 0.06386178073999998,
      "stddev": 0.001881308883410404,
      "median": 0.063936774,
      "user": 0.020838640000000005,
      "system": 0.11273056000000002,
      "min": 0.059661165,
      "max": 0.07407103100000001,
      "times": [
        0.06418095200000001,
        0.06450708100000001,
        0.062804883,
        0.06275938,
        0.063459968,
        0.064294611,
        0.06284724000000001,
        0.059661165,
        0.06151200800000001,
        0.05982280000000001,
        0.06285591100000001,
        0.061323972000000004,
        0.06353559700000001,
        0.06307696700000001,
        0.068520118,
        0.07407103100000001,
        0.06231988100000001,
        0.06618626200000001,
        0.062865822,
        0.06048397800000001,
        0.062789599,
        0.06295744900000001,
        0.065874624,
        0.06588585100000001,
        0.06492990700000001,
        0.06425707100000001,
        0.06244603800000001,
        0.065675251,
        0.062321230000000005,
        0.065265184,
        0.064318315,
        0.064425723,
        0.06207633900000001,
        0.064499841,
        0.06196539000000001,
        0.06379076900000001,
        0.06295716200000001,
        0.065081391,
        0.06341311000000001,
        0.064048562,
        0.06593528900000001,
        0.06187503000000001,
        0.06445605900000001,
        0.06479015900000001,
        0.06629741100000001,
        0.06369762300000001,
        0.06433437500000001,
        0.06286150200000001,
        0.064650732,
        0.06209001,
        0.06477801500000001,
        0.062442653,
        0.065297143,
        0.06270218500000001,
        0.06396904900000001,
        0.06310605400000001,
        0.06399882700000001,
        0.06555047300000001,
        0.06538519400000001,
        0.06554934800000001,
        0.062827327,
        0.064410353,
        0.062598895,
        0.06420114,
        0.06222311800000001,
        0.064337638,
        0.06327871600000001,
        0.06497301400000001,
        0.063723422,
        0.06378776500000001,
        0.062679543,
        0.06483461900000001,
        0.06194690700000001,
        0.065976082,
        0.06635964400000001,
        0.06316868900000001,
        0.06425506600000001,
        0.06170842600000001,
        0.064611338,
        0.06187456300000001,
        0.06497584,
        0.060932261,
        0.066503685,
        0.061599756000000006,
        0.06464615100000001,
        0.06334107700000001,
        0.06520113400000001,
        0.062400088000000006,
        0.065665733,
        0.06446091600000001,
        0.06294999700000001,
        0.06465422100000001,
        0.064448843,
        0.064412754,
        0.061547500000000005,
        0.063904499,
        0.06190297400000001,
        0.06695593300000001,
        0.06357311400000001,
        0.064489769
      ],
      "exit_codes": [
        0,
        0,
        0,
        0,
        0,
        0,
        0,
        0,
        0,
        0,
        0,
        0,
        0,
        0,
        0,
        0,
        0,
        0,
        0,
        0,
        0,
        0,
        0,
        0,
        0,
        0,
        0,
        0,
        0,
        0,
        0,
        0,
        0,
        0,
        0,
        0,
        0,
        0,
        0,
        0,
        0,
        0,
        0,
        0,
        0,
        0,
        0,
        0,
        0,
        0,
        0,
        0,
        0,
        0,
        0,
        0,
        0,
        0,
        0,
        0,
        0,
        0,
        0,
        0,
        0,
        0,
        0,
        0,
        0,
        0,
        0,
        0,
        0,
        0,
        0,
        0,
        0,
        0,
        0,
        0,
        0,
        0,
        0,
        0,
        0,
        0,
        0,
        0,
        0,
        0,
        0,
        0,
        0,
        0,
        0,
        0,
        0,
        0,
        0,
        0
      ]
    }
  ]
}
