{
  "results": [
    {
      "command": "out/20220731101132/contention 256 10",
      "mean": 0.006971136360000003,
      "stddev": 0.0003084618133678485,
      "median": 0.00693090888,
      "user": 0.0028026099999999997,
      "system": 0.007088779999999998,
      "min": 0.006298924380000001,
      "max": 0.008042292380000001,
      "times": [
        0.00707472038,
        0.007133233380000001,
        0.00726649438,
        0.00739908438,
        0.007707592380000001,
        0.00734619538,
        0.007207410380000001,
        0.00739235538,
        0.007872138380000001,
        0.00719080238,
        0.00728117738,
        0.00700670238,
        0.007443259380000001,
        0.0069358703800000004,
        0.006957961380000001,
        0.00697534438,
        0.007055359380000001,
        0.006876176380000001,
        0.00724350438,
        0.00704786938,
        0.00707642338,
        0.00685765438,
        0.006934392380000001,
        0.00707741638,
        0.007340459380000001,
        0.00669757438,
        0.006766327380000001,
        0.006913603380000001,
        0.00712314438,
        0.007104992380000001,
        0.00700537838,
        0.007090553380000001,
        0.00732852338,
        0.007146216380000001,
        0.006822746380000001,
        0.007848464380000001,
        0.006664324380000001,
        0.006839966380000001,
        0.007134186380000001,
        0.00684183438,
        0.007035548380000001,
        0.00698382038,
        0.007091823380000001,
        0.007056888380000001,
        0.00744267738,
        0.00721963338,
        0.006999131380000001,
        0.0069328513800000005,
        0.007107418380000001,
        0.0073299003800000005,
        0.0070950043800000005,
        0.006887016380000001,
        0.00662057638,
        0.006769274380000001,
        0.00681567638,
        0.00671196238,
        0.00733397838,
        0.006963095380000001,
        0.007396894380000001,
        0.0071578833800000005,
        0.006619078380000001,
        0.006799169380000001,
        0.00654977738,
        0.006566085380000001,
        0.00714048938,
        0.00681628938,
        0.00685578838,
        0.00692896638,
        0.00676642438,
        0.006298924380000001,
        0.0067575253800000006,
        0.00658639238,
        0.00666915538,
        0.00675859438,
        0.006686966380000001,
        0.00677525338,
        0.006493537380000001,
        0.00678574138,
        0.006734915380000001,
        0.006687279380000001,
        0.00691808438,
        0.00674334438,
        0.00661319038,
        0.006723469380000001,
        0.007392491380000001,
        0.007026115380000001,
        0.00672556838,
        0.00658818238,
        0.006733610380000001,
        0.006643159380000001,
        0.006711061380000001,
        0.006822210380000001,
        0.006682549380000001,
        0.00666168638,
        0.006676004380000001,
        0.00686909038,
        0.008042292380000001,
        0.00691198338,
        0.006690592380000001,
        0.006684108380000001
      ],
      "exit_codes": [
        0,
        0,
        0,
        0,
        0,
        0,
        0,
        0,
        0,
        0,
        0,
        0,
        0,
        0,
        0,
        0,
        0,
        0,
        0,
        0,
        0,
        0,
        0,
        0,
        0,
        0,
        0,
        0,
        0,
        0,
        0,
        0,
        0,
        0,
        0,
        0,
        0,
        0,
        0,
        0,
        0,
        0,
        0,
        0,
        0,
        0,
        0,
        0,
        0,
        0,
        0,
        0,
        0,
        0,
        0,
        0,
        0,
        0,
        0,
        0,
        0,
        0,
        0,
        0,
        0,
        0,
        0,
        0,
        0,
        0,
        0,
        0,
        0,
        0,
        0,
        0,
        0,
        0,
        0,
        0,
        0,
        0,
        0,
        0,
        0,
        0,
        0,
        0,
        0,
        0,
        0,
        0,
        0,
        0,
        0,
        0,
        0,
        0,
        0,
        0
      ]
    }
  ]
}
