{
  "results": [
    {
      "command": "out/20220731101132/contention 256 1000000",
      "mean": 0.11844174902999997,
      "stddev": 0.0028844218714285243,
      "median": 0.11907506296,
      "user": 0.7945777100000003,
      "system": 0.013714339999999998,
      "min": 0.11125866696,
      "max": 0.13147091396,
      "times": [
        0.11216774396,
        0.11184749096,
        0.11125866696,
        0.11229253896000001,
        0.11336898896,
        0.11238761996,
        0.11347108196,
        0.11414542996,
        0.11505136296,
        0.11444788796,
        0.11526243996,
        0.11565194996,
        0.11571915896,
        0.11615064596,
        0.11716968096,
        0.11943878596,
        0.12016174996000001,
        0.11996463296,
        0.11854862396,
        0.11880919696,
        0.11851084496,
        0.11924006796,
        0.11845180396,
        0.11816359696,
        0.11890904896,
        0.11956840996,
        0.11911291196,
        0.12045954996,
        0.12004807996,
        0.12025518096,
        0.13147091396,
        0.12223971396,
        0.12333727096,
        0.12019206396,
        0.12100461996,
        0.11947719296,
        0.12030831196,
        0.12143808596,
        0.11977221296,
        0.11852949596,
        0.12326943596,
        0.12036201996,
        0.11929576696000001,
        0.11937482096,
        0.11959895696,
        0.11995034496,
        0.11987577496,
        0.11979484696,
        0.11891261096,
        0.12065231196000001,
        0.11938028496,
        0.11854080796000001,
        0.12048080396000001,
        0.12046706196,
        0.11882820996,
        0.11907817196,
        0.11959407896,
        0.12099016496000001,
        0.11965658696,
        0.11924330596,
        0.11860285896,
        0.11999035796,
        0.11843718596,
        0.11905813396,
        0.11877140296000001,
        0.12016356296,
        0.11640394496,
        0.11477916596,
        0.11434140396,
        0.11579667496,
        0.11615207096,
        0.11518520896000001,
        0.11477540396000001,
        0.11537953096,
        0.11628131696,
        0.11523745796,
        0.11528643696,
        0.11502024096,
        0.11969306696,
        0.11890685296,
        0.11907195396,
        0.11943158396,
        0.12026420296,
        0.11902892196,
        0.11897142096,
        0.11853631996,
        0.12106276796,
        0.11873655096,
        0.11948899596,
        0.11822257996,
        0.12307669996000001,
        0.11800825596,
        0.11882833996,
        0.12027047896,
        0.11940921996000001,
        0.12083055596,
        0.11919943796,
        0.11942710496,
        0.11974258896000001,
        0.11915321696
      ],
      "exit_codes": [
        0,
        0,
        0,
        0,
        0,
        0,
        0,
        0,
        0,
        0,
        0,
        0,
        0,
        0,
        0,
        0,
        0,
        0,
        0,
        0,
        0,
        0,
        0,
        0,
        0,
        0,
        0,
        0,
        0,
        0,
        0,
        0,
        0,
        0,
        0,
        0,
        0,
        0,
        0,
        0,
        0,
        0,
        0,
        0,
        0,
        0,
        0,
        0,
        0,
        0,
        0,
        0,
        0,
        0,
        0,
        0,
        0,
        0,
        0,
        0,
        0,
        0,
        0,
        0,
        0,
        0,
        0,
        0,
        0,
        0,
        0,
        0,
        0,
        0,
        0,
        0,
        0,
        0,
        0,
        0,
        0,
        0,
        0,
        0,
        0,
        0,
        0,
        0,
        0,
        0,
        0,
        0,
        0,
        0,
        0,
        0,
        0,
        0,
        0,
        0
      ]
    }
  ]
}
