{
  "results": [
    {
      "command": "out/20220731101132/contention 256 1000",
      "mean": 0.006982015170000003,
      "stddev": 0.0002202852007692037,
      "median": 0.006933891700000001,
      "user": 0.00344675,
      "system": 0.0074518200000000005,
      "min": 0.0064989792,
      "max": 0.007933706200000001,
      "times": [
        0.0065709682,
        0.006858146200000001,
        0.0070638342,
        0.0069059192,
        0.007051571200000001,
        0.007130662200000001,
        0.0069234822,
        0.006936613200000001,
        0.0068674182,
        0.006742328200000001,
        0.0070453802000000005,
        0.006830751200000001,
        0.0069618942,
        0.0071037242000000006,
        0.0070596422,
        0.007314254200000001,
        0.0070732422000000005,
        0.0067922922,
        0.006857642200000001,
        0.007017718200000001,
        0.007166715200000001,
        0.006770381200000001,
        0.006853775200000001,
        0.0067970672000000005,
        0.0074755582,
        0.007456777200000001,
        0.0072601992,
        0.006890938200000001,
        0.0069487762,
        0.006625254200000001,
        0.006894484200000001,
        0.006936366200000001,
        0.0068231372,
        0.0068877862,
        0.006973094200000001,
        0.0067850642000000004,
        0.0069580242,
        0.0067911912,
        0.0071370682,
        0.006801538200000001,
        0.0068567662,
        0.0072683302,
        0.006947144200000001,
        0.007225899200000001,
        0.0067658282,
        0.006901696200000001,
        0.006818657200000001,
        0.006994249200000001,
        0.0067883872,
        0.0073266602000000005,
        0.0070377552,
        0.0064989792,
        0.0070106842,
        0.006770519200000001,
        0.006901653200000001,
        0.0068440772000000006,
        0.0071867542,
        0.006972504200000001,
        0.007052070200000001,
        0.0069087632,
        0.0069150772000000004,
        0.006763822200000001,
        0.007226080200000001,
        0.007023697200000001,
        0.0069720832000000005,
        0.006768670200000001,
        0.007152451200000001,
        0.0068394412,
        0.006999166200000001,
        0.007139564200000001,
        0.0075209902,
        0.0071553552000000005,
        0.0070364822,
        0.006927906200000001,
        0.0075321172,
        0.0068915332,
        0.006918121200000001,
        0.0071584472,
        0.007933706200000001,
        0.0070264202,
        0.0070323752000000005,
        0.0069054452,
        0.006873547200000001,
        0.0071418662,
        0.0068551742,
        0.006841462200000001,
        0.006746342200000001,
        0.0070276262,
        0.0068652102,
        0.0070243072000000005,
        0.0069123002,
        0.006730206200000001,
        0.0069799942,
        0.006699499200000001,
        0.007357264200000001,
        0.0068985172,
        0.0069314172000000005,
        0.0068359442,
        0.0067805932,
        0.007443235200000001
      ],
      "exit_codes": [
        0,
        0,
        0,
        0,
        0,
        0,
        0,
        0,
        0,
        0,
        0,
        0,
        0,
        0,
        0,
        0,
        0,
        0,
        0,
        0,
        0,
        0,
        0,
        0,
        0,
        0,
        0,
        0,
        0,
        0,
        0,
        0,
        0,
        0,
        0,
        0,
        0,
        0,
        0,
        0,
        0,
        0,
        0,
        0,
        0,
        0,
        0,
        0,
        0,
        0,
        0,
        0,
        0,
        0,
        0,
        0,
        0,
        0,
        0,
        0,
        0,
        0,
        0,
        0,
        0,
        0,
        0,
        0,
        0,
        0,
        0,
        0,
        0,
        0,
        0,
        0,
        0,
        0,
        0,
        0,
        0,
        0,
        0,
        0,
        0,
        0,
        0,
        0,
        0,
        0,
        0,
        0,
        0,
        0,
        0,
        0,
        0,
        0,
        0,
        0
      ]
    }
  ]
}
