{
  "results": [
    {
      "command": "out/20220731101132/contention 256 10000",
      "mean": 0.007644416100000003,
      "stddev": 0.00024092247366787534,
      "median": 0.00759409598,
      "user": 0.009007579999999998,
      "system": 0.00913107,
      "min": 0.00716879598,
      "max": 0.00858486998,
      "times": [
        0.0071784599799999994,
        0.00790380898,
        0.00765244998,
        0.00758624898,
        0.00753226198,
        0.0077185499799999994,
        0.00845840198,
        0.00716879598,
        0.00735072598,
        0.00746847298,
        0.007626655980000001,
        0.00762816398,
        0.0075097229799999995,
        0.00750874398,
        0.00751348198,
        0.00784072498,
        0.00811068998,
        0.007581441980000001,
        0.00747368598,
        0.0075540319800000005,
        0.0076614099800000005,
        0.0075142559800000005,
        0.00758285698,
        0.00741965598,
        0.00749376398,
        0.00758220798,
        0.00769552198,
        0.00749020498,
        0.00760431598,
        0.00748158998,
        0.00761134898,
        0.00787910598,
        0.00755848298,
        0.007550510980000001,
        0.0073698669800000005,
        0.00790424998,
        0.007646284980000001,
        0.00747998098,
        0.007751121980000001,
        0.007816073980000001,
        0.00750382898,
        0.007652174980000001,
        0.00770033698,
        0.0075711189799999995,
        0.00756821798,
        0.007448007980000001,
        0.0075417489800000004,
        0.007476245980000001,
        0.007453709980000001,
        0.007410333980000001,
        0.0074577229799999995,
        0.007796563980000001,
        0.00747047398,
        0.0073351169800000005,
        0.007585369980000001,
        0.007638902980000001,
        0.007768242980000001,
        0.0074677849799999994,
        0.007407249980000001,
        0.007434303980000001,
        0.00748079898,
        0.00793950698,
        0.007867246980000001,
        0.00743951698,
        0.00796435698,
        0.0074664599799999995,
        0.008068361980000001,
        0.00764710498,
        0.00725672198,
        0.0076318129799999995,
        0.00746938598,
        0.007486340980000001,
        0.00858486998,
        0.007659147980000001,
        0.00836035998,
        0.00777434898,
        0.007426387980000001,
        0.007480035980000001,
        0.00757858598,
        0.007372219980000001,
        0.00821820598,
        0.0077112709800000005,
        0.00760194298,
        0.00767452498,
        0.00782904798,
        0.00782680698,
        0.00776703498,
        0.00763788598,
        0.00772146898,
        0.007751527980000001,
        0.00792690498,
        0.00778104298,
        0.00778341898,
        0.00775289298,
        0.007438327980000001,
        0.00801390198,
        0.00781681798,
        0.00784234498,
        0.007584579980000001,
        0.00766229698
      ],
      "exit_codes": [
        0,
        0,
        0,
        0,
        0,
        0,
        0,
        0,
        0,
        0,
        0,
        0,
        0,
        0,
        0,
        0,
        0,
        0,
        0,
        0,
        0,
        0,
        0,
        0,
        0,
        0,
        0,
        0,
        0,
        0,
        0,
        0,
        0,
        0,
        0,
        0,
        0,
        0,
        0,
        0,
        0,
        0,
        0,
        0,
        0,
        0,
        0,
        0,
        0,
        0,
        0,
        0,
        0,
        0,
        0,
        0,
        0,
        0,
        0,
        0,
        0,
        0,
        0,
        0,
        0,
        0,
        0,
        0,
        0,
        0,
        0,
        0,
        0,
        0,
        0,
        0,
        0,
        0,
        0,
        0,
        0,
        0,
        0,
        0,
        0,
        0,
        0,
        0,
        0,
        0,
        0,
        0,
        0,
        0,
        0,
        0,
        0,
        0,
        0,
        0
      ]
    }
  ]
}
