{
  "results": [
    {
      "command": "out/20220731101132/contention 256 100000",
      "mean": 0.015915761760000008,
      "stddev": 0.0005555078209475246,
      "median": 0.0159209163,
      "user": 0.07934321000000001,
      "system": 0.010109759999999999,
      "min": 0.014648225300000001,
      "max": 0.0179489353,
      "times": [
        0.015134975299999999,
        0.0163253343,
        0.014648225300000001,
        0.014944755300000001,
        0.0148375393,
        0.0147487473,
        0.015437549300000002,
        0.0159434403,
        0.0147757123,
        0.015340037300000001,
        0.015333740299999999,
        0.0155268023,
        0.015228649300000001,
        0.0152954623,
        0.0158593083,
        0.0151513603,
        0.0152204963,
        0.015260985300000002,
        0.0162824103,
        0.015130171300000002,
        0.0155751103,
        0.0151273993,
        0.0160494133,
        0.016317422300000002,
        0.0168799393,
        0.015803493300000002,
        0.0172771083,
        0.0164389323,
        0.0179489353,
        0.0163940993,
        0.0165321433,
        0.0162331263,
        0.0156261753,
        0.015458947300000001,
        0.0153754883,
        0.016075173300000002,
        0.0160545273,
        0.0161049493,
        0.016532244300000002,
        0.0164240993,
        0.016188606300000002,
        0.0154738783,
        0.0159464473,
        0.0157939603,
        0.0160449023,
        0.015441564300000002,
        0.015489707300000002,
        0.015663972300000002,
        0.0159980223,
        0.0154863253,
        0.0161998233,
        0.0156620643,
        0.0162844293,
        0.0159491823,
        0.015956323300000002,
        0.0167404503,
        0.0166265643,
        0.0155532593,
        0.0159535123,
        0.015554246300000001,
        0.0165139053,
        0.0160212173,
        0.015738429300000002,
        0.0157675053,
        0.015688704300000002,
        0.0156094443,
        0.0164940843,
        0.0158923963,
        0.015781148300000002,
        0.0156402093,
        0.0156652463,
        0.0158983923,
        0.0157275483,
        0.0155731733,
        0.015889498300000002,
        0.015566940300000002,
        0.0155991943,
        0.0158967263,
        0.0156857783,
        0.0158556203,
        0.0158585163,
        0.0160411433,
        0.0173997953,
        0.0162617203,
        0.016224627300000002,
        0.0164290973,
        0.0161618343,
        0.0164635273,
        0.016214062300000002,
        0.0163706963,
        0.0163856643,
        0.016186351300000002,
        0.016288268300000002,
        0.0162943173,
        0.0162427113,
        0.0164353663,
        0.0163369403,
        0.0162100653,
        0.0164563813,
        0.0161482583
      ],
      "exit_codes": [
        0,
        0,
        0,
        0,
        0,
        0,
        0,
        0,
        0,
        0,
        0,
        0,
        0,
        0,
        0,
        0,
        0,
        0,
        0,
        0,
        0,
        0,
        0,
        0,
        0,
        0,
        0,
        0,
        0,
        0,
        0,
        0,
        0,
        0,
        0,
        0,
        0,
        0,
        0,
        0,
        0,
        0,
        0,
        0,
        0,
        0,
        0,
        0,
        0,
        0,
        0,
        0,
        0,
        0,
        0,
        0,
        0,
        0,
        0,
        0,
        0,
        0,
        0,
        0,
        0,
        0,
        0,
        0,
        0,
        0,
        0,
        0,
        0,
        0,
        0,
        0,
        0,
        0,
        0,
        0,
        0,
        0,
        0,
        0,
        0,
        0,
        0,
        0,
        0,
        0,
        0,
        0,
        0,
        0,
        0,
        0,
        0,
        0,
        0,
        0
      ]
    }
  ]
}
