{
  "results": [
    {
      "command": "out/20220731101132/contention 256 100",
      "mean": 0.006991655810000005,
      "stddev": 0.00029151778500141487,
      "median": 0.006932100800000001,
      "user": 0.0029282600000000002,
      "system": 0.007168029999999999,
      "min": 0.006589925300000002,
      "max": 0.008150010300000001,
      "times": [
        0.0067336533000000014,
        0.007012905300000002,
        0.007000716300000001,
        0.007046739300000002,
        0.007009303300000002,
        0.0069126933000000015,
        0.007054362300000002,
        0.006870461300000002,
        0.0070673533000000024,
        0.006908285300000002,
        0.007008208300000002,
        0.006718928300000001,
        0.007021098300000002,
        0.007077187300000003,
        0.006930116300000002,
        0.0071496803000000025,
        0.006917161300000002,
        0.008036499300000001,
        0.007160852300000001,
        0.007018300300000002,
        0.007011450300000001,
        0.006863688300000002,
        0.007542232300000002,
        0.006932870300000001,
        0.007052996300000001,
        0.006825008300000003,
        0.007104155300000001,
        0.006855821300000002,
        0.006843874300000002,
        0.006988435300000002,
        0.006992849300000001,
        0.006785520300000002,
        0.006964610300000002,
        0.007288323300000002,
        0.008025095300000002,
        0.006858432300000002,
        0.006988463300000003,
        0.006739975300000001,
        0.007003325300000002,
        0.007072540300000003,
        0.006823093300000001,
        0.006672026300000002,
        0.0069743313000000026,
        0.006959307300000002,
        0.006931331300000001,
        0.006924043300000002,
        0.007294368300000001,
        0.007010573300000001,
        0.006880832300000002,
        0.006833975300000001,
        0.007014130300000003,
        0.0068612683000000025,
        0.0070060843000000015,
        0.006840328300000002,
        0.006875641300000002,
        0.007576993300000001,
        0.006845526300000002,
        0.007198020300000002,
        0.007434311300000001,
        0.006733652300000002,
        0.0069274793000000025,
        0.007037815300000002,
        0.008150010300000001,
        0.0069913473000000025,
        0.007252778300000002,
        0.007203426300000001,
        0.006886293300000002,
        0.006952622300000003,
        0.006799438300000002,
        0.006895277300000002,
        0.006868126300000003,
        0.007026469300000003,
        0.006807656300000003,
        0.006756327300000002,
        0.006972365300000002,
        0.0071962443000000015,
        0.007240775300000002,
        0.0069045083000000024,
        0.0073350073000000016,
        0.006715908300000002,
        0.0066262753000000015,
        0.007115122300000002,
        0.006666261300000002,
        0.006759568300000001,
        0.006785454300000002,
        0.007949398300000002,
        0.006629143300000001,
        0.007510200300000002,
        0.006975530300000001,
        0.006810650300000002,
        0.006732937300000002,
        0.006814978300000002,
        0.006672704300000002,
        0.006710498300000001,
        0.006589925300000002,
        0.006713720300000002,
        0.006602551300000002,
        0.006810615300000001,
        0.006821937300000002,
        0.006864223300000001
      ],
      "exit_codes": [
        0,
        0,
        0,
        0,
        0,
        0,
        0,
        0,
        0,
        0,
        0,
        0,
        0,
        0,
        0,
        0,
        0,
        0,
        0,
        0,
        0,
        0,
        0,
        0,
        0,
        0,
        0,
        0,
        0,
        0,
        0,
        0,
        0,
        0,
        0,
        0,
        0,
        0,
        0,
        0,
        0,
        0,
        0,
        0,
        0,
        0,
        0,
        0,
        0,
        0,
        0,
        0,
        0,
        0,
        0,
        0,
        0,
        0,
        0,
        0,
        0,
        0,
        0,
        0,
        0,
        0,
        0,
        0,
        0,
        0,
        0,
        0,
        0,
        0,
        0,
        0,
        0,
        0,
        0,
        0,
        0,
        0,
        0,
        0,
        0,
        0,
        0,
        0,
        0,
        0,
        0,
        0,
        0,
        0,
        0,
        0,
        0,
        0,
        0,
        0
      ]
    }
  ]
}
