{
  "results": [
    {
      "command": "out/20220731101132/contention 256 1",
      "mean": 0.007527598519999995,
      "stddev": 0.00040792112851882666,
      "median": 0.0075687822599999986,
      "user": 0.0028690999999999994,
      "system": 0.0074810300000000005,
      "min": 0.006752100259999999,
      "max": 0.008700902259999999,
      "times": [
        0.0076680212599999995,
        0.00844321526,
        0.00816874126,
        0.00789274026,
        0.007902916259999998,
        0.00787305826,
        0.007897590259999998,
        0.008271931259999999,
        0.00789042326,
        0.0077551932599999995,
        0.00822281726,
        0.008700902259999999,
        0.007891994259999998,
        0.008065398259999999,
        0.007818630259999999,
        0.007709463259999999,
        0.008186291259999999,
        0.007853622259999998,
        0.00797457226,
        0.00805133626,
        0.007698069259999999,
        0.00758131026,
        0.007511014259999999,
        0.0072996402599999986,
        0.007595463259999999,
        0.00764105526,
        0.00786183326,
        0.00766707126,
        0.0075406072599999985,
        0.0075723482599999985,
        0.007700074259999998,
        0.007494387259999999,
        0.007565216259999999,
        0.00760135826,
        0.00740989626,
        0.007738520259999999,
        0.007457649259999999,
        0.0077220862599999985,
        0.00749417426,
        0.007730472259999999,
        0.007610302259999998,
        0.007539221259999999,
        0.00762421426,
        0.007533537259999999,
        0.007869425259999998,
        0.00775819826,
        0.007457794259999999,
        0.00740696326,
        0.007721735259999999,
        0.007605098259999998,
        0.0076956592599999995,
        0.008028647259999999,
        0.0077640882599999995,
        0.007371230259999998,
        0.007630055259999999,
        0.00760284126,
        0.007670404259999999,
        0.008593050259999999,
        0.00811774926,
        0.007632616259999999,
        0.007187180259999999,
        0.0074227752599999985,
        0.007345186259999999,
        0.00719533526,
        0.006888100259999998,
        0.00709154926,
        0.0067575102599999985,
        0.0069610522599999995,
        0.00706525926,
        0.007001043259999999,
        0.00704360626,
        0.00717078526,
        0.007043549259999999,
        0.0072247892599999995,
        0.00706449826,
        0.006883330259999999,
        0.00705470626,
        0.0069173212599999995,
        0.0072229752599999985,
        0.007065901259999998,
        0.006882743259999999,
        0.007558134259999998,
        0.007033809259999999,
        0.00704148726,
        0.006973944259999998,
        0.006978581259999998,
        0.007354840259999999,
        0.0069098302599999994,
        0.007541248259999999,
        0.007347072259999999,
        0.007288915259999999,
        0.007751015259999999,
        0.006867940259999998,
        0.00737094426,
        0.007334094259999998,
        0.007622093259999999,
        0.007694075259999999,
        0.006752100259999999,
        0.0074985682599999996,
        0.006998024259999999
      ],
      "exit_codes": [
        0,
        0,
        0,
        0,
        0,
        0,
        0,
        0,
        0,
        0,
        0,
        0,
        0,
        0,
        0,
        0,
        0,
        0,
        0,
        0,
        0,
        0,
        0,
        0,
        0,
        0,
        0,
        0,
        0,
        0,
        0,
        0,
        0,
        0,
        0,
        0,
        0,
        0,
        0,
        0,
        0,
        0,
        0,
        0,
        0,
        0,
        0,
        0,
        0,
        0,
        0,
        0,
        0,
        0,
        0,
        0,
        0,
        0,
        0,
        0,
        0,
        0,
        0,
        0,
        0,
        0,
        0,
        0,
        0,
        0,
        0,
        0,
        0,
        0,
        0,
        0,
        0,
        0,
        0,
        0,
        0,
        0,
        0,
        0,
        0,
        0,
        0,
        0,
        0,
        0,
        0,
        0,
        0,
        0,
        0,
        0,
        0,
        0,
        0,
        0
      ]
    }
  ]
}
