{
  "results": [
    {
      "command": "out/20220731101132/contention 2 100",
      "mean": 0.0017912793099999999,
      "stddev": 0.0002310120225077743,
      "median": 0.0017825029799999996,
      "user": 0.0009604599999999999,
      "system": 0.0007152700000000005,
      "min": 0.0014508064799999996,
      "max": 0.0031857644799999996,
      "times": [
        0.0015176784799999996,
        0.0015815934799999999,
        0.0018414804799999993,
        0.0017964274799999996,
        0.0017918574799999998,
        0.0019020314799999992,
        0.00154019748,
        0.0016376504799999999,
        0.0018588104799999996,
        0.0018167074799999997,
        0.0017457564799999992,
        0.0017932214799999992,
        0.00262140248,
        0.0020253614799999996,
        0.0017416594799999994,
        0.0016758834799999994,
        0.0017916624799999992,
        0.0018055564799999996,
        0.0019332484799999992,
        0.0017201814799999993,
        0.0016298054799999996,
        0.0017545264799999991,
        0.0021055034799999997,
        0.0016532744799999995,
        0.0018400364799999996,
        0.0018462314799999992,
        0.0018019604799999998,
        0.0017672624799999993,
        0.0018483454799999993,
        0.0017235864799999999,
        0.0017655734799999993,
        0.0019399964799999992,
        0.0018628704799999998,
        0.0018254824799999996,
        0.0016499274799999996,
        0.001520238479999999,
        0.0016220324799999996,
        0.0016196904799999998,
        0.0015618854799999997,
        0.0015502404799999994,
        0.0015271834799999995,
        0.0020163954799999996,
        0.0016108334799999997,
        0.0015660034799999997,
        0.00191481748,
        0.0018650274799999998,
        0.0018356284799999996,
        0.0018814034799999992,
        0.0017541754799999991,
        0.0016390524799999992,
        0.0017826874799999996,
        0.0019492504799999994,
        0.0019360014799999995,
        0.0018034604799999996,
        0.0018752024799999992,
        0.0018532554799999996,
        0.0017713774799999991,
        0.0018928654799999995,
        0.0017414354799999993,
        0.0018824494799999994,
        0.0018548394799999994,
        0.0018864704799999993,
        0.0017647144799999995,
        0.00156595348,
        0.00161786948,
        0.0018729904799999995,
        0.0018098144799999997,
        0.0017416014799999996,
        0.002146137479999999,
        0.0020860094799999996,
        0.0018257194799999998,
        0.00150890948,
        0.0016815934799999993,
        0.0018524174799999992,
        0.0016919354799999993,
        0.0015073014799999998,
        0.0017107304799999995,
        0.0017712924799999996,
        0.0016484704799999998,
        0.00208369548,
        0.0018390534799999992,
        0.00170424048,
        0.0015918334799999998,
        0.00172060048,
        0.0019022864799999994,
        0.0019302894799999998,
        0.0020949274799999997,
        0.0020536494799999992,
        0.0031857644799999996,
        0.00148808548,
        0.0014508064799999996,
        0.0014513284799999998,
        0.0015524554799999993,
        0.0017888604799999996,
        0.0017228424799999994,
        0.0016949534799999997,
        0.0015546604799999992,
        0.0017823184799999996,
        0.0022353484799999997,
        0.0016298134799999997
      ],
      "exit_codes": [
        0,
        0,
        0,
        0,
        0,
        0,
        0,
        0,
        0,
        0,
        0,
        0,
        0,
        0,
        0,
        0,
        0,
        0,
        0,
        0,
        0,
        0,
        0,
        0,
        0,
        0,
        0,
        0,
        0,
        0,
        0,
        0,
        0,
        0,
        0,
        0,
        0,
        0,
        0,
        0,
        0,
        0,
        0,
        0,
        0,
        0,
        0,
        0,
        0,
        0,
        0,
        0,
        0,
        0,
        0,
        0,
        0,
        0,
        0,
        0,
        0,
        0,
        0,
        0,
        0,
        0,
        0,
        0,
        0,
        0,
        0,
        0,
        0,
        0,
        0,
        0,
        0,
        0,
        0,
        0,
        0,
        0,
        0,
        0,
        0,
        0,
        0,
        0,
        0,
        0,
        0,
        0,
        0,
        0,
        0,
        0,
        0,
        0,
        0,
        0
      ]
    }
  ]
}
