{
  "results": [
    {
      "command": "out/20220731101132/contention 2 10000",
      "mean": 0.004882905989999999,
      "stddev": 0.00023033156876152997,
      "median": 0.00482779278,
      "user": 0.0050663900000000005,
      "system": 0.0008449999999999995,
      "min": 0.0044863307800000005,
      "max": 0.00568545478,
      "times": [
        0.004805934780000001,
        0.004970409780000001,
        0.00517601278,
        0.004769490780000001,
        0.0048601467800000004,
        0.00480082878,
        0.00475582778,
        0.00461020978,
        0.00509488178,
        0.005181927780000001,
        0.004905335780000001,
        0.00496054178,
        0.004923532780000001,
        0.00484379178,
        0.005066008780000001,
        0.005608319780000001,
        0.005480158780000001,
        0.004655593780000001,
        0.004721669780000001,
        0.00467857478,
        0.0049148177800000005,
        0.00477231178,
        0.00474847178,
        0.00468374678,
        0.004921100780000001,
        0.00481010478,
        0.0052471617800000005,
        0.0047616507800000004,
        0.0044863307800000005,
        0.004754030780000001,
        0.00510982778,
        0.004909008780000001,
        0.00507402978,
        0.00477280278,
        0.00484143078,
        0.0047545187800000005,
        0.00496660878,
        0.00489495378,
        0.00478478578,
        0.00487484578,
        0.00475125678,
        0.004952803780000001,
        0.004777810780000001,
        0.00535351978,
        0.00468655378,
        0.004758357780000001,
        0.00484208178,
        0.00489166778,
        0.00500513078,
        0.00487439478,
        0.00517145178,
        0.00472270578,
        0.00498161578,
        0.004713807780000001,
        0.004654163780000001,
        0.004736528780000001,
        0.005625262780000001,
        0.00568545478,
        0.00477402478,
        0.00477795178,
        0.00482778978,
        0.00486097578,
        0.00465325378,
        0.00495478078,
        0.00471566278,
        0.004673741780000001,
        0.0046001337800000005,
        0.0048137707800000006,
        0.00478007578,
        0.00502907478,
        0.00479237578,
        0.00466765678,
        0.00472600478,
        0.00490335078,
        0.00476192978,
        0.00474957078,
        0.0048277957800000005,
        0.00517655278,
        0.004839381780000001,
        0.00455176978,
        0.00468607378,
        0.00502814478,
        0.00514381678,
        0.005662833780000001,
        0.00487144178,
        0.004786417780000001,
        0.004927164780000001,
        0.004932757780000001,
        0.0045619117800000004,
        0.00492574578,
        0.0047608117800000006,
        0.005027784780000001,
        0.00472149278,
        0.00472577878,
        0.00476195078,
        0.004953525780000001,
        0.004830560780000001,
        0.00487821578,
        0.004713916780000001,
        0.00479631878
      ],
      "exit_codes": [
        0,
        0,
        0,
        0,
        0,
        0,
        0,
        0,
        0,
        0,
        0,
        0,
        0,
        0,
        0,
        0,
        0,
        0,
        0,
        0,
        0,
        0,
        0,
        0,
        0,
        0,
        0,
        0,
        0,
        0,
        0,
        0,
        0,
        0,
        0,
        0,
        0,
        0,
        0,
        0,
        0,
        0,
        0,
        0,
        0,
        0,
        0,
        0,
        0,
        0,
        0,
        0,
        0,
        0,
        0,
        0,
        0,
        0,
        0,
        0,
        0,
        0,
        0,
        0,
        0,
        0,
        0,
        0,
        0,
        0,
        0,
        0,
        0,
        0,
        0,
        0,
        0,
        0,
        0,
        0,
        0,
        0,
        0,
        0,
        0,
        0,
        0,
        0,
        0,
        0,
        0,
        0,
        0,
        0,
        0,
        0,
        0,
        0,
        0,
        0
      ]
    }
  ]
}
