{
  "results": [
    {
      "command": "out/20220731101132/contention 2 10",
      "mean": 0.0027043833499999998,
      "stddev": 0.00019204810958784198,
      "median": 0.0026886955200000006,
      "user": 0.0009639200000000001,
      "system": 0.0008042000000000004,
      "min": 0.0023618560200000006,
      "max": 0.0034940080200000006,
      "times": [
        0.0024750170200000003,
        0.002516509020000001,
        0.002793783020000001,
        0.003171305020000001,
        0.0026522750200000007,
        0.0027407060200000007,
        0.0027686570200000007,
        0.002737998020000001,
        0.002743802020000001,
        0.0028172280200000005,
        0.002690500020000001,
        0.0028626610200000006,
        0.0027291800200000002,
        0.0027475760200000006,
        0.0025598900200000003,
        0.0026230900200000006,
        0.002574662020000001,
        0.002559312020000001,
        0.002472152020000001,
        0.0026574980200000002,
        0.002469601020000001,
        0.002576898020000001,
        0.0029018640200000004,
        0.0029821670200000008,
        0.0025166220200000004,
        0.002541054020000001,
        0.002735861020000001,
        0.0026893410200000004,
        0.00248522902,
        0.0025300780200000006,
        0.0029961080200000007,
        0.0034940080200000006,
        0.0034214280200000006,
        0.0024848590200000006,
        0.0026577270200000003,
        0.0025170120200000007,
        0.0024795730200000005,
        0.00252071902,
        0.002697782020000001,
        0.002809090020000001,
        0.0028439780200000004,
        0.0027591410200000005,
        0.0027308460200000002,
        0.0024035390200000005,
        0.0023618560200000006,
        0.0028061310200000007,
        0.0030589580200000004,
        0.0030978700200000008,
        0.0026974530200000006,
        0.002627659020000001,
        0.00255719602,
        0.002773106020000001,
        0.002841179020000001,
        0.00277922402,
        0.002836186020000001,
        0.0030595440200000008,
        0.0025044700200000007,
        0.0025175690200000007,
        0.002781363020000001,
        0.002823519020000001,
        0.002702068020000001,
        0.0030078380200000004,
        0.002793663020000001,
        0.002596007020000001,
        0.0026678890200000005,
        0.0025998800200000005,
        0.0025895150200000005,
        0.002584315020000001,
        0.0028411450200000006,
        0.0028190280200000003,
        0.00274878802,
        0.0028760770200000002,
        0.0025937950200000002,
        0.0026853580200000005,
        0.0025340970200000007,
        0.0026526760200000004,
        0.0027412860200000007,
        0.002678746020000001,
        0.0026815880200000003,
        0.0024691580200000007,
        0.002780882020000001,
        0.002910559020000001,
        0.0027221780200000004,
        0.002816537020000001,
        0.002745229020000001,
        0.0026018590200000006,
        0.0024540610200000004,
        0.0024985880200000003,
        0.002635043020000001,
        0.0025611470200000005,
        0.0026573690200000005,
        0.002672596020000001,
        0.0027254130200000002,
        0.0027061650200000007,
        0.0026880500200000008,
        0.0027803190200000006,
        0.0026841750200000004,
        0.0025899630200000006,
        0.0024467940200000003,
        0.0026368800200000002
      ],
      "exit_codes": [
        0,
        0,
        0,
        0,
        0,
        0,
        0,
        0,
        0,
        0,
        0,
        0,
        0,
        0,
        0,
        0,
        0,
        0,
        0,
        0,
        0,
        0,
        0,
        0,
        0,
        0,
        0,
        0,
        0,
        0,
        0,
        0,
        0,
        0,
        0,
        0,
        0,
        0,
        0,
        0,
        0,
        0,
        0,
        0,
        0,
        0,
        0,
        0,
        0,
        0,
        0,
        0,
        0,
        0,
        0,
        0,
        0,
        0,
        0,
        0,
        0,
        0,
        0,
        0,
        0,
        0,
        0,
        0,
        0,
        0,
        0,
        0,
        0,
        0,
        0,
        0,
        0,
        0,
        0,
        0,
        0,
        0,
        0,
        0,
        0,
        0,
        0,
        0,
        0,
        0,
        0,
        0,
        0,
        0,
        0,
        0,
        0,
        0,
        0,
        0
      ]
    }
  ]
}
