{
  "results": [
    {
      "command": "out/20220731101132/contention 2 1",
      "mean": 0.0026844771299999993,
      "stddev": 0.00014692223163461022,
      "median": 0.0026747076599999997,
      "user": 0.0009298099999999997,
      "system": 0.0007526100000000003,
      "min": 0.0024353021599999997,
      "max": 0.0031922291599999998,
      "times": [
        0.00244280616,
        0.0026555241599999996,
        0.00274155316,
        0.0026687761599999997,
        0.00266003216,
        0.00294960116,
        0.00256259916,
        0.0024848621599999994,
        0.00271039216,
        0.00268114116,
        0.0025493851599999997,
        0.0025334881599999998,
        0.0025966821599999997,
        0.00266755116,
        0.00295550716,
        0.0027029151599999995,
        0.0026875951599999994,
        0.00281801916,
        0.0026185911599999993,
        0.0025296851599999996,
        0.00266058416,
        0.0027107421599999997,
        0.00275459316,
        0.0028705401599999998,
        0.00281160216,
        0.0026688491599999994,
        0.00286088016,
        0.00261739516,
        0.00253823716,
        0.00267291016,
        0.0027039221599999995,
        0.00262331416,
        0.0026974141599999998,
        0.00297611016,
        0.0025694861599999995,
        0.00247978416,
        0.00251851716,
        0.0025482271599999995,
        0.0025658971599999995,
        0.0025165751599999994,
        0.0027377381599999993,
        0.0029316761599999996,
        0.00254581716,
        0.0026765051599999994,
        0.00262528516,
        0.00257047416,
        0.0027834281599999995,
        0.0027724481599999996,
        0.0024660701599999993,
        0.0026076621599999995,
        0.0026519471599999993,
        0.0027624891599999993,
        0.00282868216,
        0.0029623871599999997,
        0.00281496216,
        0.0029277491599999997,
        0.0027091871599999994,
        0.0024511911599999995,
        0.00270560016,
        0.0027221031599999994,
        0.0028783321599999993,
        0.0031922291599999998,
        0.00293254716,
        0.0027157881599999996,
        0.00276948316,
        0.00289811016,
        0.00256121116,
        0.00254159716,
        0.0025856151599999997,
        0.0024353021599999997,
        0.00260076016,
        0.00259269216,
        0.00266619816,
        0.00287517716,
        0.0025714111599999994,
        0.0025489471599999996,
        0.00272259316,
        0.00285287116,
        0.0027199511599999993,
        0.00276955716,
        0.0027710491599999996,
        0.0026885751599999997,
        0.00245837816,
        0.00264043916,
        0.0027316971599999993,
        0.0026293991599999995,
        0.0025190551599999994,
        0.0026723501599999998,
        0.0027361511599999994,
        0.0026570291599999993,
        0.0024473401599999995,
        0.00304623316,
        0.00277042716,
        0.00273461416,
        0.0026933951599999997,
        0.0025412401599999995,
        0.00248871216,
        0.0027152341599999998,
        0.00272257316,
        0.00251775416
      ],
      "exit_codes": [
        0,
        0,
        0,
        0,
        0,
        0,
        0,
        0,
        0,
        0,
        0,
        0,
        0,
        0,
        0,
        0,
        0,
        0,
        0,
        0,
        0,
        0,
        0,
        0,
        0,
        0,
        0,
        0,
        0,
        0,
        0,
        0,
        0,
        0,
        0,
        0,
        0,
        0,
        0,
        0,
        0,
        0,
        0,
        0,
        0,
        0,
        0,
        0,
        0,
        0,
        0,
        0,
        0,
        0,
        0,
        0,
        0,
        0,
        0,
        0,
        0,
        0,
        0,
        0,
        0,
        0,
        0,
        0,
        0,
        0,
        0,
        0,
        0,
        0,
        0,
        0,
        0,
        0,
        0,
        0,
        0,
        0,
        0,
        0,
        0,
        0,
        0,
        0,
        0,
        0,
        0,
        0,
        0,
        0,
        0,
        0,
        0,
        0,
        0,
        0
      ]
    }
  ]
}
