{
  "results": [
    {
      "command": "out/20220731101132/contention 2 100000",
      "mean": 0.02413460911,
      "stddev": 0.0004799547457919121,
      "median": 0.023968337380000003,
      "user": 0.04148287999999999,
      "system": 0.00116577,
      "min": 0.02336591788,
      "max": 0.02654535888,
      "times": [
        0.02336591788,
        0.023979082880000002,
        0.023858293880000003,
        0.02377049288,
        0.023852540880000002,
        0.02489363488,
        0.02394356388,
        0.02420487588,
        0.02429546088,
        0.024808403880000003,
        0.02432921788,
        0.02406275888,
        0.02395862588,
        0.023987524880000003,
        0.02425263788,
        0.023726609880000003,
        0.024363541880000002,
        0.023733721880000003,
        0.024005007880000002,
        0.023778009880000003,
        0.024032788880000003,
        0.02396244988,
        0.024793256880000003,
        0.02400596688,
        0.02448226288,
        0.023800038880000002,
        0.02469125788,
        0.024889755880000003,
        0.02380055588,
        0.024058859880000002,
        0.023794686880000002,
        0.02401512088,
        0.023611642880000002,
        0.023916528880000003,
        0.023796675880000003,
        0.023770501880000003,
        0.02460479688,
        0.024675763880000003,
        0.02654535888,
        0.023654974880000002,
        0.02411953088,
        0.024044607880000003,
        0.02465365388,
        0.02483450988,
        0.025374090880000002,
        0.02381165788,
        0.024928863880000002,
        0.02453759988,
        0.02436323388,
        0.02392929388,
        0.024133223880000002,
        0.02384122588,
        0.024004932880000003,
        0.023958179880000003,
        0.02423990088,
        0.02381300188,
        0.023963874880000003,
        0.02396071588,
        0.024440476880000003,
        0.024434432880000002,
        0.02379865788,
        0.024108209880000002,
        0.023843949880000003,
        0.023972799880000003,
        0.023906688880000002,
        0.02461794688,
        0.02383356688,
        0.024202175880000003,
        0.023764820880000002,
        0.02506893688,
        0.02389859788,
        0.023784305880000002,
        0.023767939880000002,
        0.023810084880000002,
        0.02401231888,
        0.023778707880000003,
        0.02392091088,
        0.023905726880000002,
        0.02389135988,
        0.02385233688,
        0.024103468880000003,
        0.023934483880000003,
        0.023715864880000003,
        0.024329475880000003,
        0.02581860788,
        0.023756317880000002,
        0.024396827880000003,
        0.02451685488,
        0.023998940880000003,
        0.023839256880000003,
        0.024014331880000003,
        0.02390918388,
        0.023772986880000003,
        0.023854287880000002,
        0.023677794880000002,
        0.023785617880000002,
        0.02377906688,
        0.02388650988,
        0.024235192880000003,
        0.02493561588
      ],
      "exit_codes": [
        0,
        0,
        0,
        0,
        0,
        0,
        0,
        0,
        0,
        0,
        0,
        0,
        0,
        0,
        0,
        0,
        0,
        0,
        0,
        0,
        0,
        0,
        0,
        0,
        0,
        0,
        0,
        0,
        0,
        0,
        0,
        0,
        0,
        0,
        0,
        0,
        0,
        0,
        0,
        0,
        0,
        0,
        0,
        0,
        0,
        0,
        0,
        0,
        0,
        0,
        0,
        0,
        0,
        0,
        0,
        0,
        0,
        0,
        0,
        0,
        0,
        0,
        0,
        0,
        0,
        0,
        0,
        0,
        0,
        0,
        0,
        0,
        0,
        0,
        0,
        0,
        0,
        0,
        0,
        0,
        0,
        0,
        0,
        0,
        0,
        0,
        0,
        0,
        0,
        0,
        0,
        0,
        0,
        0,
        0,
        0,
        0,
        0,
        0,
        0
      ]
    }
  ]
}
