{
  "results": [
    {
      "command": "out/20220731101132/contention 2 1000",
      "mean": 0.0029654706600000004,
      "stddev": 0.00018721109799484635,
      "median": 0.0029331613800000003,
      "user": 0.00138822,
      "system": 0.0007758700000000001,
      "min": 0.0026543368800000006,
      "max": 0.0037954088800000005,
      "times": [
        0.0027881748800000004,
        0.00298796088,
        0.0027687348800000005,
        0.00274105688,
        0.0028233038800000005,
        0.0027801608800000007,
        0.0027752378800000002,
        0.00284444988,
        0.00274241088,
        0.0027768658800000003,
        0.0031081218800000005,
        0.0028889318800000004,
        0.00270299788,
        0.00306635288,
        0.0030685978800000006,
        0.0029752168800000005,
        0.0029005608800000003,
        0.0029334518800000005,
        0.0028962218800000004,
        0.00291092288,
        0.00293287088,
        0.0030793548800000007,
        0.00290257988,
        0.00280210688,
        0.0030642818800000007,
        0.00285601988,
        0.0030003828800000006,
        0.0029705008800000004,
        0.0028545058800000006,
        0.00281394788,
        0.0028450868800000005,
        0.00279198688,
        0.0029572588800000003,
        0.0029684378800000004,
        0.00270015488,
        0.0028146638800000006,
        0.00313816688,
        0.0028246948800000004,
        0.0029141518800000006,
        0.0030832788800000004,
        0.0037954088800000005,
        0.00297168288,
        0.0028050308800000004,
        0.00308500488,
        0.00283828888,
        0.0028320788800000004,
        0.00279837088,
        0.00288311588,
        0.0029220518800000005,
        0.0030050778800000005,
        0.0029627178800000005,
        0.00300952288,
        0.00295791688,
        0.0028709038800000006,
        0.0031340398800000003,
        0.00337680488,
        0.00335562688,
        0.00274611588,
        0.0028652288800000004,
        0.0029652148800000003,
        0.00269082788,
        0.00364421188,
        0.00306381488,
        0.00291273888,
        0.0030564718800000002,
        0.0031140528800000004,
        0.00285944588,
        0.0026543368800000006,
        0.00289796088,
        0.0030073978800000006,
        0.0029208888800000003,
        0.00340090188,
        0.00310425388,
        0.0028581558800000006,
        0.0030655828800000002,
        0.0032136018800000003,
        0.0031376598800000005,
        0.00284557088,
        0.00280824988,
        0.00280077988,
        0.00300110888,
        0.00323658988,
        0.0029069448800000002,
        0.00309486588,
        0.00309167888,
        0.0027285648800000005,
        0.00290207888,
        0.0029929708800000006,
        0.0029016548800000004,
        0.0029512848800000006,
        0.00303284188,
        0.0031284268800000005,
        0.00308080488,
        0.00323960888,
        0.0032970708800000004,
        0.0028920078800000006,
        0.0029993618800000003,
        0.00299845288,
        0.0030189678800000004,
        0.0030205018800000005
      ],
      "exit_codes": [
        0,
        0,
        0,
        0,
        0,
        0,
        0,
        0,
        0,
        0,
        0,
        0,
        0,
        0,
        0,
        0,
        0,
        0,
        0,
        0,
        0,
        0,
        0,
        0,
        0,
        0,
        0,
        0,
        0,
        0,
        0,
        0,
        0,
        0,
        0,
        0,
        0,
        0,
        0,
        0,
        0,
        0,
        0,
        0,
        0,
        0,
        0,
        0,
        0,
        0,
        0,
        0,
        0,
        0,
        0,
        0,
        0,
        0,
        0,
        0,
        0,
        0,
        0,
        0,
        0,
        0,
        0,
        0,
        0,
        0,
        0,
        0,
        0,
        0,
        0,
        0,
        0,
        0,
        0,
        0,
        0,
        0,
        0,
        0,
        0,
        0,
        0,
        0,
        0,
        0,
        0,
        0,
        0,
        0,
        0,
        0,
        0,
        0,
        0,
        0
      ]
    }
  ]
}
