{
  "results": [
    {
      "command": "out/20220731101132/contention 2 1000000",
      "mean": 0.21109894348999997,
      "stddev": 0.0063182412068394575,
      "median": 0.20924998338,
      "user": 0.40119303,
      "system": 0.0034678700000000005,
      "min": 0.20751675988,
      "max": 0.23901414488,
      "times": [
        0.20824870588000002,
        0.20924286088000002,
        0.20966705488,
        0.20835732188,
        0.20933717288,
        0.20910980888000003,
        0.21063296788000002,
        0.20853016888,
        0.20892021888,
        0.20904585788000002,
        0.21112679488000002,
        0.21084071488,
        0.20815261088,
        0.20950563188000002,
        0.23785188488,
        0.21548608188,
        0.21206809588,
        0.23759438588,
        0.21211029888000002,
        0.20864617888,
        0.23563067788,
        0.21015161588,
        0.21680672288000002,
        0.21301036088,
        0.20880828188,
        0.20931886088,
        0.20864368188000001,
        0.21208827888,
        0.20842109088000002,
        0.20980039988000002,
        0.20912688888,
        0.20835642488,
        0.20927865388,
        0.20952426388,
        0.20963504388,
        0.20773411088000002,
        0.20855108188000002,
        0.20826159188,
        0.20948266688,
        0.21002131888,
        0.20862427788000001,
        0.20933768288000001,
        0.20840750388,
        0.20855314388,
        0.20950718588,
        0.20796663488,
        0.20925710588000002,
        0.20886625688000002,
        0.20915248688000002,
        0.20902399388,
        0.20830016988000002,
        0.20906396788,
        0.20814051388000002,
        0.20931392188,
        0.20902627188,
        0.23227347388000003,
        0.20846654188000002,
        0.20930427888,
        0.20891691588000003,
        0.20814339788000003,
        0.21064400088000002,
        0.20799073388,
        0.20941479488,
        0.20794057488,
        0.20845129388,
        0.20981737788000002,
        0.20790134288,
        0.20915312188000001,
        0.20808715288000001,
        0.20921101688000002,
        0.20929517688000002,
        0.21268641988,
        0.21317593288,
        0.21303726788000002,
        0.21919911288000002,
        0.22375980488000002,
        0.23901414488,
        0.21232161288,
        0.20907601788000002,
        0.20883044888000002,
        0.20751675988,
        0.21110443788000002,
        0.21120121088000002,
        0.20940764188000002,
        0.20871773088,
        0.20809747488000002,
        0.20883360488000002,
        0.20972670188,
        0.20957469788000002,
        0.20807023788,
        0.21100554088,
        0.21154968588,
        0.20949079988000002,
        0.20883854788,
        0.20800714588000002,
        0.20941253588,
        0.20788811388,
        0.20926985788000002,
        0.20859936488,
        0.20780234488000002
      ],
      "exit_codes": [
        0,
        0,
        0,
        0,
        0,
        0,
        0,
        0,
        0,
        0,
        0,
        0,
        0,
        0,
        0,
        0,
        0,
        0,
        0,
        0,
        0,
        0,
        0,
        0,
        0,
        0,
        0,
        0,
        0,
        0,
        0,
        0,
        0,
        0,
        0,
        0,
        0,
        0,
        0,
        0,
        0,
        0,
        0,
        0,
        0,
        0,
        0,
        0,
        0,
        0,
        0,
        0,
        0,
        0,
        0,
        0,
        0,
        0,
        0,
        0,
        0,
        0,
        0,
        0,
        0,
        0,
        0,
        0,
        0,
        0,
        0,
        0,
        0,
        0,
        0,
        0,
        0,
        0,
        0,
        0,
        0,
        0,
        0,
        0,
        0,
        0,
        0,
        0,
        0,
        0,
        0,
        0,
        0,
        0,
        0,
        0,
        0,
        0,
        0,
        0
      ]
    }
  ]
}
