{
  "results": [
    {
      "command": "out/20220731101132/contention 32 10",
      "mean": 0.002355970549999999,
      "stddev": 0.00025082663105181226,
      "median": 0.002282664859999999,
      "user": 0.0013117399999999994,
      "system": 0.0017254099999999997,
      "min": 0.0019624873599999987,
      "max": 0.0033326303599999995,
      "times": [
        0.0025116723599999994,
        0.002611741359999999,
        0.0028213513599999996,
        0.0031528043599999994,
        0.002849311359999999,
        0.0023831043599999995,
        0.002691011359999999,
        0.0028684013599999995,
        0.0029066663599999995,
        0.0033326303599999995,
        0.0030667063599999996,
        0.002068032359999999,
        0.0024287943599999987,
        0.0023516813599999994,
        0.002420760359999999,
        0.002348594359999999,
        0.002391130359999999,
        0.002309009359999999,
        0.0028680603599999994,
        0.0024895813599999993,
        0.0021583743599999992,
        0.0021725503599999995,
        0.0022004653599999994,
        0.002145506359999999,
        0.0022250533599999993,
        0.002263663359999999,
        0.002130232359999999,
        0.002304655359999999,
        0.002243615359999999,
        0.002127696359999999,
        0.002093716359999999,
        0.0021819003599999995,
        0.0023127953599999993,
        0.002231118359999999,
        0.0023004083599999993,
        0.002173650359999999,
        0.002266451359999999,
        0.0023038853599999993,
        0.002229633359999999,
        0.002314333359999999,
        0.002272207359999999,
        0.002217170359999999,
        0.0026854983599999996,
        0.0023860443599999994,
        0.0022872103599999995,
        0.002195397359999999,
        0.0023748863599999995,
        0.0023381193599999995,
        0.0021804323599999994,
        0.0022698553599999993,
        0.0023268873599999996,
        0.0021522143599999994,
        0.002617953359999999,
        0.0024011833599999993,
        0.0022475543599999996,
        0.002330479359999999,
        0.0021240343599999993,
        0.0022755653599999992,
        0.002338904359999999,
        0.002917408359999999,
        0.002687429359999999,
        0.0024376173599999994,
        0.002276317359999999,
        0.002165187359999999,
        0.002439846359999999,
        0.0021613413599999988,
        0.0022298583599999994,
        0.0022514963599999994,
        0.0021546053599999994,
        0.002255346359999999,
        0.0023117753599999993,
        0.002380646359999999,
        0.0021998403599999988,
        0.0022377283599999995,
        0.002193057359999999,
        0.002215171359999999,
        0.0022658653599999996,
        0.002571083359999999,
        0.0024614193599999993,
        0.0028485233599999994,
        0.0023333273599999995,
        0.002174494359999999,
        0.002159688359999999,
        0.0022417343599999994,
        0.0021997763599999995,
        0.002053022359999999,
        0.0024685293599999996,
        0.0022750603599999988,
        0.002278431359999999,
        0.0023562473599999995,
        0.0021165723599999987,
        0.002068780359999999,
        0.0021596643599999994,
        0.0021078353599999987,
        0.002286898359999999,
        0.002450117359999999,
        0.002402492359999999,
        0.002412106359999999,
        0.002155876359999999,
        0.0019624873599999987
      ],
      "exit_codes": [
        0,
        0,
        0,
        0,
        0,
        0,
        0,
        0,
        0,
        0,
        0,
        0,
        0,
        0,
        0,
        0,
        0,
        0,
        0,
        0,
        0,
        0,
        0,
        0,
        0,
        0,
        0,
        0,
        0,
        0,
        0,
        0,
        0,
        0,
        0,
        0,
        0,
        0,
        0,
        0,
        0,
        0,
        0,
        0,
        0,
        0,
        0,
        0,
        0,
        0,
        0,
        0,
        0,
        0,
        0,
        0,
        0,
        0,
        0,
        0,
        0,
        0,
        0,
        0,
        0,
        0,
        0,
        0,
        0,
        0,
        0,
        0,
        0,
        0,
        0,
        0,
        0,
        0,
        0,
        0,
        0,
        0,
        0,
        0,
        0,
        0,
        0,
        0,
        0,
        0,
        0,
        0,
        0,
        0,
        0,
        0,
        0,
        0,
        0,
        0
      ]
    }
  ]
}
