{
  "results": [
    {
      "command": "out/20220731101132/contention 32 100000",
      "mean": 0.01385834846000001,
      "stddev": 0.0008630921557411383,
      "median": 0.013592163400000001,
      "user": 0.07273043,
      "system": 0.0023613899999999997,
      "min": 0.012050258900000003,
      "max": 0.016676147900000004,
      "times": [
        0.012050258900000003,
        0.0127938979,
        0.012860782900000003,
        0.013766893900000004,
        0.013465194900000001,
        0.013271247900000002,
        0.013554025900000002,
        0.013540728900000003,
        0.012889093900000002,
        0.012976063900000001,
        0.013432451900000003,
        0.013161674900000003,
        0.012980899900000002,
        0.013120088900000004,
        0.014051288900000004,
        0.013018670900000001,
        0.013322013900000002,
        0.013887923900000002,
        0.0132879919,
        0.013200780900000004,
        0.013620798900000002,
        0.013315135900000004,
        0.013191915900000004,
        0.014429547900000003,
        0.0135336089,
        0.014689141900000001,
        0.014243709900000002,
        0.013458214900000001,
        0.013205004900000001,
        0.013491551900000003,
        0.013078116900000002,
        0.014046222900000002,
        0.013844779900000003,
        0.013776817900000002,
        0.012973515900000003,
        0.014215585900000001,
        0.013039334900000001,
        0.013270508900000002,
        0.013959544900000002,
        0.013131069900000004,
        0.012909151900000002,
        0.013792709900000002,
        0.0139918329,
        0.013626197900000001,
        0.0130840789,
        0.013410905900000002,
        0.013409303900000002,
        0.016639798900000002,
        0.015353668900000002,
        0.013975401900000003,
        0.013292218900000003,
        0.0130796039,
        0.013114334900000003,
        0.012894328900000002,
        0.014086715900000001,
        0.013135973900000004,
        0.015095467900000003,
        0.013119769900000001,
        0.012987624900000001,
        0.015329967900000002,
        0.015857444900000003,
        0.014886268900000003,
        0.015782287900000004,
        0.015906083900000003,
        0.015414993900000003,
        0.016676147900000004,
        0.0139972379,
        0.014073202900000002,
        0.014148976900000002,
        0.013591500900000001,
        0.013740605900000001,
        0.013823180900000002,
        0.014783047900000002,
        0.014260147900000002,
        0.014905521900000003,
        0.014235172900000002,
        0.015120751900000003,
        0.0152974669,
        0.0134205459,
        0.013441152900000003,
        0.0148446149,
        0.0133801339,
        0.013289031900000001,
        0.014348296900000002,
        0.0132819869,
        0.015191855900000002,
        0.014379997900000004,
        0.013464017900000003,
        0.0137686799,
        0.0144876879,
        0.014230823900000002,
        0.013575485900000003,
        0.013588325900000003,
        0.013391057900000003,
        0.013452730900000001,
        0.014307165900000002,
        0.014696608900000002,
        0.013619320900000002,
        0.014107292900000002,
        0.013592825900000001
      ],
      "exit_codes": [
        0,
        0,
        0,
        0,
        0,
        0,
        0,
        0,
        0,
        0,
        0,
        0,
        0,
        0,
        0,
        0,
        0,
        0,
        0,
        0,
        0,
        0,
        0,
        0,
        0,
        0,
        0,
        0,
        0,
        0,
        0,
        0,
        0,
        0,
        0,
        0,
        0,
        0,
        0,
        0,
        0,
        0,
        0,
        0,
        0,
        0,
        0,
        0,
        0,
        0,
        0,
        0,
        0,
        0,
        0,
        0,
        0,
        0,
        0,
        0,
        0,
        0,
        0,
        0,
        0,
        0,
        0,
        0,
        0,
        0,
        0,
        0,
        0,
        0,
        0,
        0,
        0,
        0,
        0,
        0,
        0,
        0,
        0,
        0,
        0,
        0,
        0,
        0,
        0,
        0,
        0,
        0,
        0,
        0,
        0,
        0,
        0,
        0,
        0,
        0
      ]
    }
  ]
}
