{
  "results": [
    {
      "command": "out/20220731101132/contention 32 1",
      "mean": 0.0033634208599999994,
      "stddev": 0.00022900316551572786,
      "median": 0.00331616658,
      "user": 0.0012573400000000005,
      "system": 0.0016189499999999999,
      "min": 0.00298036158,
      "max": 0.004213168580000001,
      "times": [
        0.00360600658,
        0.0037369065799999998,
        0.00339704258,
        0.0034813895800000004,
        0.00356603758,
        0.0035521515799999998,
        0.0035692895799999996,
        0.00381008458,
        0.00361424758,
        0.00353449558,
        0.0036220935799999997,
        0.00347467058,
        0.0036337525800000004,
        0.00408506858,
        0.00365290458,
        0.0034772765800000003,
        0.0034002815799999996,
        0.0033841145800000004,
        0.0032505405800000004,
        0.00344276458,
        0.0033299825800000003,
        0.0035131635800000004,
        0.00370567058,
        0.004095761579999999,
        0.0033140575800000003,
        0.00333558758,
        0.00346591358,
        0.00340985458,
        0.004213168580000001,
        0.00359967858,
        0.0033182755799999997,
        0.00338883158,
        0.0033365305799999997,
        0.00351427858,
        0.0032413965800000004,
        0.0031791205800000004,
        0.0037313235799999998,
        0.00345159058,
        0.00336775558,
        0.00369238758,
        0.00340974258,
        0.00327879058,
        0.00321678458,
        0.00323261758,
        0.0032194125800000003,
        0.0037008055800000004,
        0.0033746525800000004,
        0.0033193125800000003,
        0.00338216958,
        0.0033518705799999997,
        0.0031978695799999997,
        0.00334999958,
        0.00331878058,
        0.0033077395800000004,
        0.0034536365800000002,
        0.00359257158,
        0.00310097658,
        0.0030657605799999997,
        0.00320820458,
        0.0031477635800000003,
        0.00298140558,
        0.0031196735799999997,
        0.00326470658,
        0.00311358758,
        0.0030895395800000004,
        0.0031774645800000004,
        0.00316526958,
        0.00320804658,
        0.0032639095799999996,
        0.00322259358,
        0.0032397765799999996,
        0.00329687958,
        0.00304280058,
        0.0031290635800000004,
        0.0032754065799999997,
        0.00315303258,
        0.00316068158,
        0.00325939858,
        0.00327265758,
        0.00327846258,
        0.00329976958,
        0.00317863858,
        0.00312473658,
        0.0031887195800000003,
        0.00315122158,
        0.00326677758,
        0.0033237305800000003,
        0.00331025358,
        0.00298036158,
        0.0030535135799999997,
        0.0031883685800000003,
        0.0032104595800000004,
        0.00357724958,
        0.00349307858,
        0.00349387958,
        0.00324048758,
        0.0032611875800000003,
        0.00314028658,
        0.0031292675799999997,
        0.0032908305799999996
      ],
      "exit_codes": [
        0,
        0,
        0,
        0,
        0,
        0,
        0,
        0,
        0,
        0,
        0,
        0,
        0,
        0,
        0,
        0,
        0,
        0,
        0,
        0,
        0,
        0,
        0,
        0,
        0,
        0,
        0,
        0,
        0,
        0,
        0,
        0,
        0,
        0,
        0,
        0,
        0,
        0,
        0,
        0,
        0,
        0,
        0,
        0,
        0,
        0,
        0,
        0,
        0,
        0,
        0,
        0,
        0,
        0,
        0,
        0,
        0,
        0,
        0,
        0,
        0,
        0,
        0,
        0,
        0,
        0,
        0,
        0,
        0,
        0,
        0,
        0,
        0,
        0,
        0,
        0,
        0,
        0,
        0,
        0,
        0,
        0,
        0,
        0,
        0,
        0,
        0,
        0,
        0,
        0,
        0,
        0,
        0,
        0,
        0,
        0,
        0,
        0,
        0,
        0
      ]
    }
  ]
}
