{
  "results": [
    {
      "command": "out/20220731101132/contention 32 1000000",
      "mean": 0.11622631756000004,
      "stddev": 0.003113536984296174,
      "median": 0.11704659592000001,
      "user": 0.7848652600000001,
      "system": 0.0056052099999999985,
      "min": 0.10716016592000001,
      "max": 0.12326830392000002,
      "times": [
        0.10716016592000001,
        0.11030221092,
        0.11420830992000001,
        0.11305503392,
        0.11284543392000002,
        0.11175411992,
        0.11097487592000001,
        0.11251394892000001,
        0.11123892492000001,
        0.11337101292000001,
        0.11197139792000001,
        0.11110368492000001,
        0.11301493892000002,
        0.11440942592000002,
        0.11444480892000002,
        0.11008505792,
        0.11119295292,
        0.11210917292000001,
        0.11243437992000001,
        0.11112170092000001,
        0.11494616892000001,
        0.11283683092,
        0.11477296692000001,
        0.11416157992,
        0.11393225292,
        0.11194518492000001,
        0.11603392692000002,
        0.11833350692000001,
        0.11698539392000001,
        0.11705330892000002,
        0.11938117592000001,
        0.11793731292000001,
        0.11762890792000001,
        0.11795743092000001,
        0.11898398792,
        0.11861952692000001,
        0.11811370892,
        0.12277336792000001,
        0.12326830392000002,
        0.12157644092000001,
        0.11800754692000001,
        0.11795798092000001,
        0.12010835092000001,
        0.12158949092000002,
        0.11637139392000001,
        0.11791175392000001,
        0.11807431792,
        0.11842876892000001,
        0.11686153092000001,
        0.11941316892,
        0.11654772292000001,
        0.11973517892,
        0.11790256692000001,
        0.11712896692000001,
        0.11722971392,
        0.11823546892000002,
        0.11803228592000001,
        0.11876114792,
        0.11621554792000001,
        0.11772762092000001,
        0.11788499892000001,
        0.11606564892000001,
        0.11684786292000002,
        0.12142896192000001,
        0.11525081492000001,
        0.11324877092,
        0.11318262292000002,
        0.11369227092,
        0.11400253392000001,
        0.11295430492000001,
        0.11284529292,
        0.11324439692,
        0.11480269492,
        0.11541007092000001,
        0.11321115792000001,
        0.11493030192,
        0.11793603192000002,
        0.11864426192000001,
        0.11664747392000001,
        0.11691145292,
        0.11766997592000002,
        0.11825578992,
        0.11825088792,
        0.11750835192,
        0.11845318492000001,
        0.11835578892000001,
        0.11703988292,
        0.11777667392,
        0.11724763092000001,
        0.11855187292000001,
        0.11723167192000002,
        0.11705850192000002,
        0.11693163892000001,
        0.11980284892000001,
        0.11857562792000001,
        0.11829153992000001,
        0.12313586892,
        0.11904125492,
        0.11841562692000002,
        0.11710183892
      ],
      "exit_codes": [
        0,
        0,
        0,
        0,
        0,
        0,
        0,
        0,
        0,
        0,
        0,
        0,
        0,
        0,
        0,
        0,
        0,
        0,
        0,
        0,
        0,
        0,
        0,
        0,
        0,
        0,
        0,
        0,
        0,
        0,
        0,
        0,
        0,
        0,
        0,
        0,
        0,
        0,
        0,
        0,
        0,
        0,
        0,
        0,
        0,
        0,
        0,
        0,
        0,
        0,
        0,
        0,
        0,
        0,
        0,
        0,
        0,
        0,
        0,
        0,
        0,
        0,
        0,
        0,
        0,
        0,
        0,
        0,
        0,
        0,
        0,
        0,
        0,
        0,
        0,
        0,
        0,
        0,
        0,
        0,
        0,
        0,
        0,
        0,
        0,
        0,
        0,
        0,
        0,
        0,
        0,
        0,
        0,
        0,
        0,
        0,
        0,
        0,
        0,
        0
      ]
    }
  ]
}
