{
  "results": [
    {
      "command": "out/20220731101132/contention 4096 100000",
      "mean": 0.20373413125000006,
      "stddev": 0.0036254988158761748,
      "median": 0.20317634004000001,
      "user": 0.07587789,
      "system": 0.34468917999999993,
      "min": 0.19676157554000004,
      "max": 0.21869537954000004,
      "times": [
        0.20122576054000002,
        0.20570026754000004,
        0.20623927054000002,
        0.20433761654000002,
        0.20628277754000002,
        0.21712624354000004,
        0.20689062654000004,
        0.20200506954000003,
        0.20369868254000004,
        0.19931875854000003,
        0.19794062854000002,
        0.20258640354000002,
        0.20048865754000003,
        0.19997932654000003,
        0.20252270854000004,
        0.20554763354000002,
        0.20615061954000002,
        0.20516772854000004,
        0.20660892354000002,
        0.20526237954000004,
        0.20327789154000003,
        0.20427619354000004,
        0.20595569554000004,
        0.20673591554000004,
        0.20440322154,
        0.20416358554000003,
        0.20581360154000003,
        0.20187336454000002,
        0.20433262354000004,
        0.20246553554000002,
        0.20477595454000003,
        0.20545723854000003,
        0.20417252254000004,
        0.20555485854000002,
        0.20651465154000004,
        0.20855802354000003,
        0.20513116654000002,
        0.20152398854000003,
        0.20139253754000003,
        0.20174903454000004,
        0.20247068254000003,
        0.20026173854000004,
        0.20334170554000003,
        0.20439105654000003,
        0.20028551654,
        0.20239337454000003,
        0.19902846854000003,
        0.20307478854000002,
        0.20268418254000004,
        0.20353555454000002,
        0.20512769054000002,
        0.20199296854000004,
        0.20433600554000003,
        0.20374384454000002,
        0.20175403354000002,
        0.20174462554000003,
        0.20405739754000002,
        0.20425573954000004,
        0.19985560654000004,
        0.19968699554000002,
        0.20284009454000002,
        0.19997155554000004,
        0.20222475654000002,
        0.19676157554000004,
        0.20486086054000002,
        0.20207060554000003,
        0.20567026754000003,
        0.21037463654000002,
        0.21618592654000002,
        0.21869537954000004,
        0.21609388154000003,
        0.20513530454000004,
        0.20328714754000002,
        0.20281376654000002,
        0.20306148754000003,
        0.20359373154000002,
        0.20098679954000004,
        0.20265419954000002,
        0.19982150754000003,
        0.20276293554000002,
        0.20124768254000003,
        0.20296338854000004,
        0.19823337254000004,
        0.20226417854000003,
        0.20394794254000004,
        0.20173560654000003,
        0.20675341854000004,
        0.20497120054000004,
        0.20086992554000002,
        0.20140546454000002,
        0.19945389254000004,
        0.20097515054000004,
        0.20154984454000002,
        0.20093747554000002,
        0.20220710954,
        0.20504818554000004,
        0.20212691154000004,
        0.20286675954000002,
        0.20734059054000004,
        0.20541894154000004
      ],
      "exit_codes": [
        0,
        0,
        0,
        0,
        0,
        0,
        0,
        0,
        0,
        0,
        0,
        0,
        0,
        0,
        0,
        0,
        0,
        0,
        0,
        0,
        0,
        0,
        0,
        0,
        0,
        0,
        0,
        0,
        0,
        0,
        0,
        0,
        0,
        0,
        0,
        0,
        0,
        0,
        0,
        0,
        0,
        0,
        0,
        0,
        0,
        0,
        0,
        0,
        0,
        0,
        0,
        0,
        0,
        0,
        0,
        0,
        0,
        0,
        0,
        0,
        0,
        0,
        0,
        0,
        0,
        0,
        0,
        0,
        0,
        0,
        0,
        0,
        0,
        0,
        0,
        0,
        0,
        0,
        0,
        0,
        0,
        0,
        0,
        0,
        0,
        0,
        0,
        0,
        0,
        0,
        0,
        0,
        0,
        0,
        0,
        0,
        0,
        0,
        0,
        0
      ]
    }
  ]
}
