{
  "results": [
    {
      "command": "out/20220731101132/contention 4096 1000000",
      "mean": 0.2580393692600001,
      "stddev": 0.007025474151091542,
      "median": 0.25716129231999996,
      "user": 0.65332832,
      "system": 0.3959310300000001,
      "min": 0.24075267782,
      "max": 0.27338188882000003,
      "times": [
        0.26085395882,
        0.24075267782,
        0.24561500482,
        0.24695429982,
        0.27338188882000003,
        0.24930579782,
        0.25220035682,
        0.24894278782,
        0.25105443582,
        0.25422342382,
        0.24835250482,
        0.24824772781999999,
        0.24770954282000002,
        0.24622713582,
        0.24785530181999998,
        0.24866799082000002,
        0.25553256782,
        0.25006234782,
        0.25266700682,
        0.25239244982,
        0.25340894082,
        0.25145506482,
        0.25432036882,
        0.25625522882,
        0.25715735982,
        0.25280946382,
        0.25417075882,
        0.24927539682,
        0.24839476181999998,
        0.24958104182000002,
        0.24993545981999998,
        0.25076700082,
        0.25296092482,
        0.25071458982,
        0.25335405182,
        0.26343837482,
        0.24837311682000002,
        0.25242166882,
        0.25617740882,
        0.25588817782,
        0.25443162482,
        0.25494581782,
        0.25589760582,
        0.25762087682,
        0.25383373582,
        0.25458097782,
        0.25741338482,
        0.26115090582,
        0.26533671382,
        0.26551298482,
        0.26528020682,
        0.26489228382,
        0.26433598482,
        0.26391592482,
        0.26360509382,
        0.26422918682,
        0.26631318682,
        0.26530485482,
        0.26481315282,
        0.26836617582,
        0.26951405482,
        0.26426034982,
        0.26589653382,
        0.26182615082,
        0.26832524082,
        0.26547491182,
        0.26665996582,
        0.26720534482,
        0.26724051182,
        0.26638524082,
        0.25689488982,
        0.25819540282,
        0.25314682582,
        0.25921653882,
        0.25534108082,
        0.25436877782,
        0.25336146082,
        0.26267719082,
        0.26347855582,
        0.26393537582,
        0.26272271982,
        0.26731809782,
        0.26636837382,
        0.26309704782,
        0.26626532682,
        0.26565982782,
        0.26945952782,
        0.26577159682,
        0.26460544282,
        0.26058199282,
        0.26709449282000003,
        0.26054301582,
        0.26047650382,
        0.26297600382,
        0.26290158782,
        0.25684295082,
        0.25556622682,
        0.25398597982,
        0.25749153282,
        0.25716522482
      ],
      "exit_codes": [
        0,
        0,
        0,
        0,
        0,
        0,
        0,
        0,
        0,
        0,
        0,
        0,
        0,
        0,
        0,
        0,
        0,
        0,
        0,
        0,
        0,
        0,
        0,
        0,
        0,
        0,
        0,
        0,
        0,
        0,
        0,
        0,
        0,
        0,
        0,
        0,
        0,
        0,
        0,
        0,
        0,
        0,
        0,
        0,
        0,
        0,
        0,
        0,
        0,
        0,
        0,
        0,
        0,
        0,
        0,
        0,
        0,
        0,
        0,
        0,
        0,
        0,
        0,
        0,
        0,
        0,
        0,
        0,
        0,
        0,
        0,
        0,
        0,
        0,
        0,
        0,
        0,
        0,
        0,
        0,
        0,
        0,
        0,
        0,
        0,
        0,
        0,
        0,
        0,
        0,
        0,
        0,
        0,
        0,
        0,
        0,
        0,
        0,
        0,
        0
      ]
    }
  ]
}
