{
  "results": [
    {
      "command": "out/20220731101132/contention 4096 1",
      "mean": 0.19265247651000003,
      "stddev": 0.006294278091102299,
      "median": 0.19180046576,
      "user": 0.02701158999999999,
      "system": 0.31550852,
      "min": 0.18479467326000001,
      "max": 0.22621987526,
      "times": [
        0.22621987526,
        0.21966560626,
        0.20940976026000002,
        0.20473815426000003,
        0.20575547526000001,
        0.20434692926,
        0.19435548526000002,
        0.19511879926,
        0.19644415326,
        0.19249214426000003,
        0.19269219626,
        0.19409579126,
        0.19320224026000002,
        0.19551094326000001,
        0.19362443026,
        0.19150166126,
        0.19640356826000002,
        0.19014510926000003,
        0.18987520326000001,
        0.18509163226000003,
        0.18771682826000002,
        0.18479467326000001,
        0.18608694426000003,
        0.19021684826000002,
        0.19017626226,
        0.19104691026,
        0.19247279426000002,
        0.18735843326,
        0.19102546026000003,
        0.19443770626,
        0.19524105326000002,
        0.19684596326,
        0.19709039326000002,
        0.19470990026,
        0.19323116026,
        0.18727296826,
        0.18599702626,
        0.18886269226000002,
        0.19073111626000003,
        0.18698783926,
        0.18769331526000002,
        0.19189984226,
        0.19035168526000001,
        0.19345234326000002,
        0.19443761926000003,
        0.19021351026000002,
        0.19223886226,
        0.19435072926000002,
        0.19536250326000001,
        0.20147562926,
        0.19515078826,
        0.19417812726000003,
        0.19062140326000002,
        0.18512233026000002,
        0.18725273626000002,
        0.18932850926000003,
        0.18847945426,
        0.18519846226,
        0.18543026326,
        0.18838038926,
        0.19134909826000002,
        0.19607012426,
        0.19141256226000003,
        0.18930980726000002,
        0.19189555426000002,
        0.19544085626000002,
        0.19683656226000001,
        0.19944918626000002,
        0.19658103126,
        0.19175455126000002,
        0.19320831626,
        0.19151022826000003,
        0.19022664626000002,
        0.19051076326000002,
        0.18723247226,
        0.18779810826,
        0.18619360726,
        0.19301399426000002,
        0.19275481626000002,
        0.19067977926000002,
        0.19036034526,
        0.18671082526000002,
        0.18915280326000003,
        0.19476178126000002,
        0.19371347626000002,
        0.19854111826,
        0.19322666226000001,
        0.19184638026,
        0.19350775526000003,
        0.19290003526000002,
        0.19329335226000002,
        0.19087266326000002,
        0.18658829626,
        0.19022781126000002,
        0.18540450426000002,
        0.18885765926,
        0.18913873726000002,
        0.19197746326,
        0.18875130026,
        0.18857598126000003
      ],
      "exit_codes": [
        0,
        0,
        0,
        0,
        0,
        0,
        0,
        0,
        0,
        0,
        0,
        0,
        0,
        0,
        0,
        0,
        0,
        0,
        0,
        0,
        0,
        0,
        0,
        0,
        0,
        0,
        0,
        0,
        0,
        0,
        0,
        0,
        0,
        0,
        0,
        0,
        0,
        0,
        0,
        0,
        0,
        0,
        0,
        0,
        0,
        0,
        0,
        0,
        0,
        0,
        0,
        0,
        0,
        0,
        0,
        0,
        0,
        0,
        0,
        0,
        0,
        0,
        0,
        0,
        0,
        0,
        0,
        0,
        0,
        0,
        0,
        0,
        0,
        0,
        0,
        0,
        0,
        0,
        0,
        0,
        0,
        0,
        0,
        0,
        0,
        0,
        0,
        0,
        0,
        0,
        0,
        0,
        0,
        0,
        0,
        0,
        0,
        0,
        0,
        0
      ]
    }
  ]
}
