{
  "results": [
    {
      "command": "out/20220731101132/contention 4096 1000",
      "mean": 0.19329363982000003,
      "stddev": 0.004348618358297616,
      "median": 0.19332663274,
      "user": 0.028419170000000004,
      "system": 0.31804347999999993,
      "min": 0.18584524924,
      "max": 0.21313516224,
      "times": [
        0.19292548124000003,
        0.19786759324000003,
        0.19573210824,
        0.19973702524,
        0.19410450824000003,
        0.21313516224,
        0.19343073224000001,
        0.19386905124,
        0.18892459724000002,
        0.18752012824000003,
        0.18933846824000003,
        0.18969236124000002,
        0.19022266824,
        0.19335998224,
        0.19653999324000002,
        0.19585288624000002,
        0.19943128724,
        0.19544555624,
        0.19832784724000002,
        0.19595242224,
        0.19205653224000002,
        0.19175188424,
        0.18952362724000002,
        0.19021361924000002,
        0.19201023424000002,
        0.18584524924,
        0.19029741924000002,
        0.18822564224000002,
        0.19045109924,
        0.19337006124000003,
        0.19561479024000003,
        0.19649092424000003,
        0.19603718424000002,
        0.19533936224,
        0.19890543324,
        0.19612498424000002,
        0.19993561824000003,
        0.19819073924000002,
        0.19519733024000002,
        0.19533804324,
        0.19200500724000003,
        0.19056723124000002,
        0.18972562624000003,
        0.18789421424000002,
        0.18835580524,
        0.18697127024000001,
        0.18822716424000002,
        0.19263525624000002,
        0.19243456224000002,
        0.19861413224000002,
        0.19405970824000002,
        0.19615836824000002,
        0.19749373824000002,
        0.19582306624,
        0.20021042124000002,
        0.19631224424000002,
        0.19655711024000003,
        0.19486411724000002,
        0.19225495924000002,
        0.19007657724000002,
        0.19274185024,
        0.18847616624000002,
        0.18905451824000002,
        0.18812776624000002,
        0.18936171324,
        0.19404764824,
        0.19403865924000002,
        0.19670106724000003,
        0.19457186324,
        0.19658196824000002,
        0.19591452724000002,
        0.19643475324,
        0.19271294624000002,
        0.19085395824,
        0.18723798424000002,
        0.18939761624,
        0.18752844424,
        0.18961169024000002,
        0.18992777924,
        0.18879961424000002,
        0.19329328324000003,
        0.19161972424,
        0.20362177624000002,
        0.19980754224000002,
        0.19790257324000002,
        0.19762848724,
        0.19758656324,
        0.19489489524,
        0.19649047024000002,
        0.19371014524000002,
        0.19243571924000002,
        0.18801110824000003,
        0.18777143324,
        0.18694966824,
        0.18749764624,
        0.18972164324000002,
        0.18868204724,
        0.19040598324000002,
        0.19052771124,
        0.19511281024000002
      ],
      "exit_codes": [
        0,
        0,
        0,
        0,
        0,
        0,
        0,
        0,
        0,
        0,
        0,
        0,
        0,
        0,
        0,
        0,
        0,
        0,
        0,
        0,
        0,
        0,
        0,
        0,
        0,
        0,
        0,
        0,
        0,
        0,
        0,
        0,
        0,
        0,
        0,
        0,
        0,
        0,
        0,
        0,
        0,
        0,
        0,
        0,
        0,
        0,
        0,
        0,
        0,
        0,
        0,
        0,
        0,
        0,
        0,
        0,
        0,
        0,
        0,
        0,
        0,
        0,
        0,
        0,
        0,
        0,
        0,
        0,
        0,
        0,
        0,
        0,
        0,
        0,
        0,
        0,
        0,
        0,
        0,
        0,
        0,
        0,
        0,
        0,
        0,
        0,
        0,
        0,
        0,
        0,
        0,
        0,
        0,
        0,
        0,
        0,
        0,
        0,
        0,
        0
      ]
    }
  ]
}
