{
  "results": [
    {
      "command": "out/20220731101132/contention 4096 100",
      "mean": 0.19212076082999993,
      "stddev": 0.004549768104278916,
      "median": 0.19201908204,
      "user": 0.027081019999999994,
      "system": 0.31507069,
      "min": 0.18511518354000003,
      "max": 0.21023217054,
      "times": [
        0.19084621654000003,
        0.19185814654000002,
        0.18953323454,
        0.18974134754000002,
        0.19100185354000002,
        0.21023217054,
        0.18891050454000002,
        0.18923398954000004,
        0.18871656654000002,
        0.18700068954000001,
        0.18892600854000002,
        0.19056933854000002,
        0.19297530754000003,
        0.19552457254000002,
        0.20162710654000002,
        0.19454458154000004,
        0.19920698654000002,
        0.19697656654000004,
        0.19616922054000002,
        0.19413375554000004,
        0.19190077454,
        0.19004980254000003,
        0.19207237554000003,
        0.18716058654000003,
        0.18669050754000002,
        0.18805223354000003,
        0.18580910854000002,
        0.18657505154000004,
        0.18757793854000002,
        0.19806730654000002,
        0.19613632554000002,
        0.19857933854000004,
        0.19802477654000003,
        0.19338980854,
        0.19649950354000004,
        0.19692763054000004,
        0.19142994154000004,
        0.19241696954000004,
        0.18629636654000004,
        0.18633085554000003,
        0.19141643554,
        0.18902983354000003,
        0.18889750754000004,
        0.19013140854000002,
        0.18703546054000003,
        0.19058161054000003,
        0.19449368754000002,
        0.19615910254000002,
        0.20130695254000003,
        0.19584108554000002,
        0.19741791954000001,
        0.19451301654000003,
        0.19726923054000003,
        0.19471100254000004,
        0.19636422354000002,
        0.19309196954000002,
        0.18736457054000002,
        0.18511518354000003,
        0.18549745654000002,
        0.18764355454000003,
        0.18873102554,
        0.18661770854000004,
        0.18589316054000002,
        0.19292015154000003,
        0.18941315054000002,
        0.19694396554000002,
        0.19968616954,
        0.19676981854000003,
        0.19519015154000002,
        0.19476646454000002,
        0.19402313054000003,
        0.19557859654000004,
        0.19646711954,
        0.19289257254000003,
        0.18612518054000002,
        0.18638132954000003,
        0.19026331654000003,
        0.18695351854000003,
        0.18757041854000003,
        0.18613324054000002,
        0.18771949054000003,
        0.19572886754000002,
        0.19277140154000003,
        0.19290577354000002,
        0.19606119954000004,
        0.19476805554,
        0.19807524254000003,
        0.19395513254000002,
        0.19443828054000004,
        0.19441307754000003,
        0.19196578854000002,
        0.18913629254000003,
        0.18758978854000002,
        0.18989293554000003,
        0.18680352154000002,
        0.18778011954,
        0.18619112254000003,
        0.19214567854000003,
        0.19311699354000003,
        0.19570055354000002
      ],
      "exit_codes": [
        0,
        0,
        0,
        0,
        0,
        0,
        0,
        0,
        0,
        0,
        0,
        0,
        0,
        0,
        0,
        0,
        0,
        0,
        0,
        0,
        0,
        0,
        0,
        0,
        0,
        0,
        0,
        0,
        0,
        0,
        0,
        0,
        0,
        0,
        0,
        0,
        0,
        0,
        0,
        0,
        0,
        0,
        0,
        0,
        0,
        0,
        0,
        0,
        0,
        0,
        0,
        0,
        0,
        0,
        0,
        0,
        0,
        0,
        0,
        0,
        0,
        0,
        0,
        0,
        0,
        0,
        0,
        0,
        0,
        0,
        0,
        0,
        0,
        0,
        0,
        0,
        0,
        0,
        0,
        0,
        0,
        0,
        0,
        0,
        0,
        0,
        0,
        0,
        0,
        0,
        0,
        0,
        0,
        0,
        0,
        0,
        0,
        0,
        0,
        0
      ]
    }
  ]
}
