{
  "results": [
    {
      "command": "out/20220731101132/contention 4096 10",
      "mean": 0.19301716108,
      "stddev": 0.0038550616634459565,
      "median": 0.19267300012000002,
      "user": 0.02699517999999999,
      "system": 0.31640698000000006,
      "min": 0.18569654112,
      "max": 0.21773737312000002,
      "times": [
        0.18939250212,
        0.19277766412,
        0.19866382812000002,
        0.19672988812,
        0.19478014112,
        0.21773737312000002,
        0.19693870612,
        0.19557898612000002,
        0.19460873612000001,
        0.18800534312,
        0.18569654112,
        0.18987128512,
        0.19054907712000002,
        0.19125410712000002,
        0.19497707312,
        0.19307997612000002,
        0.19346145812,
        0.19340953112,
        0.19315915612,
        0.19045011412,
        0.19607828912,
        0.20061771312,
        0.19236999512,
        0.19148803712,
        0.18880293712000001,
        0.19040881412000002,
        0.19009906412000002,
        0.18657291712000001,
        0.19110971612000002,
        0.19297479612000001,
        0.18872262212000002,
        0.19579166212000002,
        0.19205128212,
        0.19327460712,
        0.19515607712000002,
        0.19894633812,
        0.19662324612,
        0.19305277212000002,
        0.19272019712000002,
        0.19127359612,
        0.18938946312000002,
        0.19304073012,
        0.19117600612000002,
        0.19441638912,
        0.18837256512,
        0.18989624012,
        0.19155756312000002,
        0.19078567912000002,
        0.19421819812000002,
        0.19178620512,
        0.19074517212,
        0.19205596512,
        0.19523421712,
        0.19253270712,
        0.19536658912000002,
        0.19166339012,
        0.19389799512,
        0.19286710012000002,
        0.19467289612000002,
        0.19492894912,
        0.19089499912000002,
        0.19682484312,
        0.18991362212000001,
        0.19416748712,
        0.19491563212000002,
        0.19262580312000002,
        0.19342554412000001,
        0.18965212812,
        0.18825797712,
        0.19016775012,
        0.18779699412,
        0.19241271812000002,
        0.19125648012000002,
        0.19478252912000002,
        0.19395908112000002,
        0.19818163512,
        0.19522425512000002,
        0.19773448912000002,
        0.19799008412000002,
        0.19229724012000002,
        0.19026876712000002,
        0.19371061412,
        0.19384950912,
        0.19169082412000002,
        0.19730328712,
        0.18693983912,
        0.18972209912000002,
        0.18899269712,
        0.19034142712000002,
        0.19217442112000002,
        0.19091483712,
        0.19185041412,
        0.19699920512000002,
        0.19442899712,
        0.19870342312,
        0.19299960912,
        0.19249144712000002,
        0.19230132912,
        0.19211892612,
        0.19357295512
      ],
      "exit_codes": [
        0,
        0,
        0,
        0,
        0,
        0,
        0,
        0,
        0,
        0,
        0,
        0,
        0,
        0,
        0,
        0,
        0,
        0,
        0,
        0,
        0,
        0,
        0,
        0,
        0,
        0,
        0,
        0,
        0,
        0,
        0,
        0,
        0,
        0,
        0,
        0,
        0,
        0,
        0,
        0,
        0,
        0,
        0,
        0,
        0,
        0,
        0,
        0,
        0,
        0,
        0,
        0,
        0,
        0,
        0,
        0,
        0,
        0,
        0,
        0,
        0,
        0,
        0,
        0,
        0,
        0,
        0,
        0,
        0,
        0,
        0,
        0,
        0,
        0,
        0,
        0,
        0,
        0,
        0,
        0,
        0,
        0,
        0,
        0,
        0,
        0,
        0,
        0,
        0,
        0,
        0,
        0,
        0,
        0,
        0,
        0,
        0,
        0,
        0,
        0
      ]
    }
  ]
}
