{
  "results": [
    {
      "command": "out/20220731101132/contention 4 100000",
      "mean": 0.017441634880000004,
      "stddev": 0.0012792337141248591,
      "median": 0.01723648272,
      "user": 0.04945314999999999,
      "system": 0.00123434,
      "min": 0.01405994022,
      "max": 0.023439844220000002,
      "times": [
        0.01645534322,
        0.01813249422,
        0.01625641622,
        0.01784335322,
        0.01798449022,
        0.016176187220000002,
        0.01879631722,
        0.01733644322,
        0.01690372322,
        0.01782048722,
        0.01530407722,
        0.01599552522,
        0.01654856122,
        0.01711345422,
        0.01625333622,
        0.016946325220000003,
        0.01588070822,
        0.01797484722,
        0.016692140220000002,
        0.01603215022,
        0.01607289422,
        0.01815182422,
        0.01660626822,
        0.01789578822,
        0.017954296220000002,
        0.019086825220000003,
        0.01721314622,
        0.01753742522,
        0.01679339922,
        0.01608622522,
        0.017946228220000002,
        0.01711624122,
        0.01726473422,
        0.01692737722,
        0.01805369222,
        0.01689933322,
        0.01623176422,
        0.01604661822,
        0.01682623422,
        0.01654181022,
        0.016294068220000003,
        0.01662096222,
        0.019385801220000002,
        0.023439844220000002,
        0.020502351220000003,
        0.017655935220000002,
        0.01714579422,
        0.01405994022,
        0.01926715722,
        0.020108520220000002,
        0.019022401220000002,
        0.02063475622,
        0.01904606622,
        0.01730630922,
        0.01836462522,
        0.017005918220000003,
        0.015525310220000001,
        0.01976918422,
        0.01838526022,
        0.01835349622,
        0.01747309022,
        0.01722995322,
        0.01632942722,
        0.018446361220000002,
        0.018023882220000002,
        0.01665821822,
        0.01668957422,
        0.01741053222,
        0.01724301222,
        0.01771440422,
        0.01755757422,
        0.019761361220000002,
        0.01862883722,
        0.01862316622,
        0.017164516220000002,
        0.016750038220000003,
        0.01657243122,
        0.017414641220000002,
        0.01796579422,
        0.01763700722,
        0.01638830522,
        0.017685866220000002,
        0.019003049220000002,
        0.01623940322,
        0.01689000322,
        0.017122080220000002,
        0.016549844220000002,
        0.01671708722,
        0.017500290220000003,
        0.01695635622,
        0.01737517722,
        0.01604628122,
        0.017125416220000002,
        0.01706995322,
        0.017572690220000003,
        0.01748324222,
        0.018659615220000002,
        0.016443161220000002,
        0.01716119522,
        0.017288441220000002
      ],
      "exit_codes": [
        0,
        0,
        0,
        0,
        0,
        0,
        0,
        0,
        0,
        0,
        0,
        0,
        0,
        0,
        0,
        0,
        0,
        0,
        0,
        0,
        0,
        0,
        0,
        0,
        0,
        0,
        0,
        0,
        0,
        0,
        0,
        0,
        0,
        0,
        0,
        0,
        0,
        0,
        0,
        0,
        0,
        0,
        0,
        0,
        0,
        0,
        0,
        0,
        0,
        0,
        0,
        0,
        0,
        0,
        0,
        0,
        0,
        0,
        0,
        0,
        0,
        0,
        0,
        0,
        0,
        0,
        0,
        0,
        0,
        0,
        0,
        0,
        0,
        0,
        0,
        0,
        0,
        0,
        0,
        0,
        0,
        0,
        0,
        0,
        0,
        0,
        0,
        0,
        0,
        0,
        0,
        0,
        0,
        0,
        0,
        0,
        0,
        0,
        0,
        0
      ]
    }
  ]
}
