{
  "results": [
    {
      "command": "out/20220731101132/contention 4 10",
      "mean": 0.0019214207799999996,
      "stddev": 0.00018664785212346542,
      "median": 0.0019151338799999994,
      "user": 0.0010226499999999995,
      "system": 0.0008575499999999997,
      "min": 0.0015252953799999996,
      "max": 0.002795158379999999,
      "times": [
        0.002015220379999999,
        0.00186054738,
        0.001804284379999999,
        0.0018840633799999994,
        0.00199296638,
        0.0019415613799999999,
        0.0018046213799999995,
        0.0019230193799999991,
        0.00202621538,
        0.0018591773799999994,
        0.0019729393799999993,
        0.0016949083799999995,
        0.0020195053799999998,
        0.0016693003799999996,
        0.0017184013799999998,
        0.0019163133799999996,
        0.0020163983799999993,
        0.0026673613799999994,
        0.0017505343799999991,
        0.0016989443799999993,
        0.0015252953799999996,
        0.002081970379999999,
        0.0019642153799999994,
        0.0018003013799999992,
        0.0017255993799999998,
        0.0017900523799999997,
        0.0018735883799999992,
        0.0020659903799999995,
        0.00210773838,
        0.0019436453799999993,
        0.0018598343799999997,
        0.00215503038,
        0.0018545633799999994,
        0.0023189703799999994,
        0.00196872138,
        0.001718877379999999,
        0.0016816913799999993,
        0.00223987038,
        0.0018294733799999992,
        0.0019192683799999994,
        0.0017652393799999994,
        0.0019139543799999992,
        0.0017261413799999998,
        0.0017911663799999996,
        0.0019241453799999997,
        0.0022456243799999992,
        0.0022336443799999993,
        0.002795158379999999,
        0.001958855379999999,
        0.00187828338,
        0.0017940663799999998,
        0.0018992303799999994,
        0.0017830313799999994,
        0.0019635233799999994,
        0.002108194379999999,
        0.0021938693799999995,
        0.0018764233799999997,
        0.0019722753799999992,
        0.001953923379999999,
        0.0019590323799999997,
        0.0019110713799999996,
        0.00176039038,
        0.0018530573799999993,
        0.0016678343799999993,
        0.0017895143799999992,
        0.00201622938,
        0.0017945033799999996,
        0.0018675173799999993,
        0.0019517243799999995,
        0.0020176013799999993,
        0.0020195683799999996,
        0.0019877793799999996,
        0.0020320703799999998,
        0.0019527613799999993,
        0.0017390523799999998,
        0.0016572963799999993,
        0.0020958513799999995,
        0.0020097633799999997,
        0.0017885943799999995,
        0.0018004393799999994,
        0.0019702943799999994,
        0.0020405193799999995,
        0.0020103223799999995,
        0.0021721593799999992,
        0.0019960433799999996,
        0.0019197923799999994,
        0.0019269813799999997,
        0.0017986773799999996,
        0.0018910793799999997,
        0.00187004238,
        0.0019191893799999993,
        0.0019847113799999995,
        0.0019011613799999995,
        0.0017892563799999997,
        0.0017532473799999997,
        0.0018719033799999996,
        0.0018734793799999993,
        0.001656428379999999,
        0.0017270563799999996,
        0.001960348379999999
      ],
      "exit_codes": [
        0,
        0,
        0,
        0,
        0,
        0,
        0,
        0,
        0,
        0,
        0,
        0,
        0,
        0,
        0,
        0,
        0,
        0,
        0,
        0,
        0,
        0,
        0,
        0,
        0,
        0,
        0,
        0,
        0,
        0,
        0,
        0,
        0,
        0,
        0,
        0,
        0,
        0,
        0,
        0,
        0,
        0,
        0,
        0,
        0,
        0,
        0,
        0,
        0,
        0,
        0,
        0,
        0,
        0,
        0,
        0,
        0,
        0,
        0,
        0,
        0,
        0,
        0,
        0,
        0,
        0,
        0,
        0,
        0,
        0,
        0,
        0,
        0,
        0,
        0,
        0,
        0,
        0,
        0,
        0,
        0,
        0,
        0,
        0,
        0,
        0,
        0,
        0,
        0,
        0,
        0,
        0,
        0,
        0,
        0,
        0,
        0,
        0,
        0,
        0
      ]
    }
  ]
}
