{
  "results": [
    {
      "command": "out/20220731101132/contention 4 1000000",
      "mean": 0.12993684393000002,
      "stddev": 0.01392828831877189,
      "median": 0.1273510631,
      "user": 0.46244972999999995,
      "system": 0.0036998500000000006,
      "min": 0.1158271866,
      "max": 0.2425337716,
      "times": [
        0.1158271866,
        0.13265079059999998,
        0.1233584736,
        0.12053821460000001,
        0.12065531360000001,
        0.12295869360000002,
        0.12467957960000002,
        0.11982502560000001,
        0.1229651116,
        0.12664582459999998,
        0.1233171926,
        0.12112559260000001,
        0.12178899160000001,
        0.12282106160000002,
        0.1242975226,
        0.12188530460000001,
        0.12140986660000001,
        0.1241210756,
        0.1251851256,
        0.1233026966,
        0.12447130760000001,
        0.1242348346,
        0.1353506206,
        0.1308840066,
        0.1350378806,
        0.1231304656,
        0.1216978756,
        0.1261438906,
        0.1260925036,
        0.1261335786,
        0.12608598059999998,
        0.1505517506,
        0.15559114059999998,
        0.1265825176,
        0.1237624656,
        0.1257392756,
        0.12473332260000002,
        0.13827044559999999,
        0.12262196460000001,
        0.2425337716,
        0.1219680726,
        0.11999946260000001,
        0.12431273660000002,
        0.1291036186,
        0.1227518136,
        0.12167891360000001,
        0.1226171336,
        0.12393021860000002,
        0.1252047576,
        0.1282913856,
        0.1222086576,
        0.1232985306,
        0.1240210536,
        0.1280629226,
        0.12284094260000002,
        0.1295124656,
        0.1274658926,
        0.1255014876,
        0.1258950266,
        0.12581097759999998,
        0.1275192926,
        0.12726157059999998,
        0.1518113326,
        0.1275893656,
        0.1250358416,
        0.1254575466,
        0.1274405556,
        0.1455646866,
        0.1601608416,
        0.1548940046,
        0.1537202916,
        0.1344996786,
        0.1393938756,
        0.1343320926,
        0.1314343426,
        0.13512864959999998,
        0.1293364626,
        0.1310116466,
        0.13072493059999998,
        0.1293025746,
        0.1299302026,
        0.1305821976,
        0.1288569926,
        0.1310538446,
        0.1300429726,
        0.1323263666,
        0.1299008606,
        0.13240838459999998,
        0.1295704906,
        0.13100255759999999,
        0.1290734996,
        0.13103093059999998,
        0.1314798186,
        0.1298704946,
        0.1289207366,
        0.1300460526,
        0.1317271046,
        0.1288242396,
        0.1319482366,
        0.1299845136
      ],
      "exit_codes": [
        0,
        0,
        0,
        0,
        0,
        0,
        0,
        0,
        0,
        0,
        0,
        0,
        0,
        0,
        0,
        0,
        0,
        0,
        0,
        0,
        0,
        0,
        0,
        0,
        0,
        0,
        0,
        0,
        0,
        0,
        0,
        0,
        0,
        0,
        0,
        0,
        0,
        0,
        0,
        0,
        0,
        0,
        0,
        0,
        0,
        0,
        0,
        0,
        0,
        0,
        0,
        0,
        0,
        0,
        0,
        0,
        0,
        0,
        0,
        0,
        0,
        0,
        0,
        0,
        0,
        0,
        0,
        0,
        0,
        0,
        0,
        0,
        0,
        0,
        0,
        0,
        0,
        0,
        0,
        0,
        0,
        0,
        0,
        0,
        0,
        0,
        0,
        0,
        0,
        0,
        0,
        0,
        0,
        0,
        0,
        0,
        0,
        0,
        0,
        0
      ]
    }
  ]
}
