{
  "results": [
    {
      "command": "out/20220731101132/contention 4 1",
      "mean": 0.0026826730199999986,
      "stddev": 0.00014761958501291025,
      "median": 0.0026775227199999996,
      "user": 0.00095359,
      "system": 0.0008047100000000005,
      "min": 0.0024392547199999994,
      "max": 0.00320423072,
      "times": [
        0.00260493472,
        0.0026423497199999997,
        0.0027302007199999996,
        0.00266074772,
        0.0025398017199999997,
        0.0024650287199999995,
        0.0025706067199999997,
        0.0027486587199999995,
        0.00274613472,
        0.0028149487199999996,
        0.0028488877199999998,
        0.0025535387199999995,
        0.00259494672,
        0.00251675572,
        0.00268147072,
        0.00274878472,
        0.00277487372,
        0.00267404772,
        0.00282366372,
        0.00320423072,
        0.0026496307199999993,
        0.0025095337199999997,
        0.0025539737199999995,
        0.00261323972,
        0.0026485227199999997,
        0.0026243767199999996,
        0.0026809977199999994,
        0.0029472107199999997,
        0.00274352772,
        0.0028745037199999998,
        0.00268939072,
        0.0025899597199999995,
        0.00256129272,
        0.0026322257199999995,
        0.00251532572,
        0.0027166937199999994,
        0.00271315472,
        0.00265792672,
        0.0028349077199999995,
        0.0027119347199999993,
        0.00270975672,
        0.00265220872,
        0.00273348772,
        0.0027273437199999994,
        0.0027068887199999995,
        0.00264159772,
        0.0026918037199999997,
        0.0025977717199999997,
        0.00271077472,
        0.0025067967199999997,
        0.0028402287199999995,
        0.00253640172,
        0.00247869372,
        0.0027568267199999997,
        0.0027509607199999995,
        0.00255961972,
        0.0024656467199999994,
        0.0025268267199999995,
        0.00263402772,
        0.00256930272,
        0.0026915637199999994,
        0.0027819177199999994,
        0.00270726372,
        0.0024770597199999995,
        0.0028398347199999996,
        0.00306140672,
        0.0027742667199999993,
        0.0027720897199999994,
        0.0025044797199999997,
        0.0026602627199999993,
        0.00259728172,
        0.0024392547199999994,
        0.00251615072,
        0.0024737987199999994,
        0.00260580472,
        0.0027709757199999995,
        0.0026871047199999993,
        0.00285119072,
        0.00269123272,
        0.00278726372,
        0.0027969407199999997,
        0.0025723817199999996,
        0.0024915047199999996,
        0.0024896917199999998,
        0.00309564272,
        0.0030079397199999996,
        0.0029456737199999995,
        0.0026566057199999995,
        0.00266940872,
        0.0026204747199999995,
        0.0025285617199999996,
        0.00262790272,
        0.00278240272,
        0.00258113472,
        0.00248092972,
        0.00271820872,
        0.00276809572,
        0.00276886372,
        0.0030662297199999995,
        0.00269859772
      ],
      "exit_codes": [
        0,
        0,
        0,
        0,
        0,
        0,
        0,
        0,
        0,
        0,
        0,
        0,
        0,
        0,
        0,
        0,
        0,
        0,
        0,
        0,
        0,
        0,
        0,
        0,
        0,
        0,
        0,
        0,
        0,
        0,
        0,
        0,
        0,
        0,
        0,
        0,
        0,
        0,
        0,
        0,
        0,
        0,
        0,
        0,
        0,
        0,
        0,
        0,
        0,
        0,
        0,
        0,
        0,
        0,
        0,
        0,
        0,
        0,
        0,
        0,
        0,
        0,
        0,
        0,
        0,
        0,
        0,
        0,
        0,
        0,
        0,
        0,
        0,
        0,
        0,
        0,
        0,
        0,
        0,
        0,
        0,
        0,
        0,
        0,
        0,
        0,
        0,
        0,
        0,
        0,
        0,
        0,
        0,
        0,
        0,
        0,
        0,
        0,
        0,
        0
      ]
    }
  ]
}
