{
  "results": [
    {
      "command": "out/20220731101132/contention 4 10000",
      "mean": 0.004378966770000001,
      "stddev": 0.00025843707293739883,
      "median": 0.00432959106,
      "user": 0.0056942500000000005,
      "system": 0.0009197699999999999,
      "min": 0.0037264485599999998,
      "max": 0.005271596559999999,
      "times": [
        0.004041296559999999,
        0.004208788559999999,
        0.004519835559999999,
        0.00413033656,
        0.0042878525599999995,
        0.00424204456,
        0.00434037756,
        0.00444653156,
        0.00439695556,
        0.00433171956,
        0.00429873756,
        0.005033879559999999,
        0.004262472559999999,
        0.00426771156,
        0.004745844559999999,
        0.00432107156,
        0.00433918756,
        0.00483673456,
        0.00418015956,
        0.00420857856,
        0.00444030556,
        0.005271596559999999,
        0.00438972956,
        0.00476244456,
        0.004334238559999999,
        0.00482558056,
        0.00457957956,
        0.00423240656,
        0.00457295356,
        0.00445766256,
        0.00426605056,
        0.00431867156,
        0.0042919095599999995,
        0.00430278856,
        0.0046184745599999995,
        0.00486852756,
        0.00408567256,
        0.004970797559999999,
        0.004169343559999999,
        0.00438281656,
        0.004291369559999999,
        0.00432117956,
        0.00433448356,
        0.00442257156,
        0.004195063559999999,
        0.00437562056,
        0.00431085456,
        0.0037264485599999998,
        0.004252293559999999,
        0.004150676559999999,
        0.00441203656,
        0.004014500559999999,
        0.004807751559999999,
        0.00413090156,
        0.004294452559999999,
        0.00480714956,
        0.00424890156,
        0.004134100559999999,
        0.004327462559999999,
        0.00428128856,
        0.00429143256,
        0.004260269559999999,
        0.00423863556,
        0.00442542556,
        0.004377936559999999,
        0.00473014956,
        0.00433223556,
        0.004304840559999999,
        0.004433212559999999,
        0.00424195556,
        0.00438544356,
        0.00416293556,
        0.004600862559999999,
        0.004107530559999999,
        0.004705025559999999,
        0.004663364559999999,
        0.004363107559999999,
        0.00442820156,
        0.004131986559999999,
        0.00453508856,
        0.004403944559999999,
        0.00499907756,
        0.0038970865599999996,
        0.00424529256,
        0.0043546485599999995,
        0.00393826656,
        0.004219077559999999,
        0.004249645559999999,
        0.0042737155599999995,
        0.00466788556,
        0.004211988559999999,
        0.004986890559999999,
        0.004333032559999999,
        0.0044110665599999994,
        0.00436135356,
        0.00411373056,
        0.004397552559999999,
        0.004038597559999999,
        0.004371338559999999,
        0.00428207156
      ],
      "exit_codes": [
        0,
        0,
        0,
        0,
        0,
        0,
        0,
        0,
        0,
        0,
        0,
        0,
        0,
        0,
        0,
        0,
        0,
        0,
        0,
        0,
        0,
        0,
        0,
        0,
        0,
        0,
        0,
        0,
        0,
        0,
        0,
        0,
        0,
        0,
        0,
        0,
        0,
        0,
        0,
        0,
        0,
        0,
        0,
        0,
        0,
        0,
        0,
        0,
        0,
        0,
        0,
        0,
        0,
        0,
        0,
        0,
        0,
        0,
        0,
        0,
        0,
        0,
        0,
        0,
        0,
        0,
        0,
        0,
        0,
        0,
        0,
        0,
        0,
        0,
        0,
        0,
        0,
        0,
        0,
        0,
        0,
        0,
        0,
        0,
        0,
        0,
        0,
        0,
        0,
        0,
        0,
        0,
        0,
        0,
        0,
        0,
        0,
        0,
        0,
        0
      ]
    }
  ]
}
