{
  "results": [
    {
      "command": "out/20220731101132/contention 4 100",
      "mean": 0.0027499224000000007,
      "stddev": 0.0002334737713575328,
      "median": 0.0027341592599999997,
      "user": 0.00109639,
      "system": 0.0008637299999999999,
      "min": 0.00223689376,
      "max": 0.0044447277599999994,
      "times": [
        0.00285787576,
        0.0025945717600000004,
        0.00250402876,
        0.00271351176,
        0.0025178437599999996,
        0.0027981267599999997,
        0.00270945776,
        0.00289587876,
        0.00274418376,
        0.0026710967600000004,
        0.0029012367599999997,
        0.0027416927600000004,
        0.00249771076,
        0.00250765076,
        0.0027978877599999998,
        0.0029107717600000004,
        0.0044447277599999994,
        0.00271435076,
        0.0023469657600000003,
        0.00223689376,
        0.00252417576,
        0.00267360376,
        0.00274318176,
        0.0027321347599999998,
        0.00281856776,
        0.00276002476,
        0.00298663676,
        0.0027890757600000002,
        0.0027436917600000004,
        0.0028182377600000003,
        0.0027228657599999997,
        0.00289380276,
        0.0027361837599999997,
        0.0027709357600000004,
        0.0027564127599999998,
        0.00282744376,
        0.0029139767600000004,
        0.0027180907600000003,
        0.00267288876,
        0.0026306617600000003,
        0.0027164017600000002,
        0.0025903417600000003,
        0.00249098476,
        0.00284112376,
        0.0027162497600000004,
        0.0027742377599999997,
        0.0026860407599999998,
        0.00287300376,
        0.00259580176,
        0.00278184376,
        0.0025778307599999997,
        0.0027751277600000005,
        0.0027751197600000004,
        0.0028111587600000002,
        0.00285519976,
        0.00281590476,
        0.0026515877600000004,
        0.00271552876,
        0.0026487827599999997,
        0.00253582476,
        0.00261938076,
        0.00272449976,
        0.0027526527600000004,
        0.00274377976,
        0.00302173976,
        0.00290623576,
        0.0027181467600000003,
        0.0030323807600000003,
        0.00256206476,
        0.0025800997599999998,
        0.00340758276,
        0.00276233676,
        0.0026034387600000005,
        0.00246562876,
        0.0027260087600000002,
        0.00271728676,
        0.00262837376,
        0.0025582777600000003,
        0.0025327947599999997,
        0.0027382737600000003,
        0.0028786517600000003,
        0.0026961657600000004,
        0.00263228076,
        0.00271316576,
        0.0028957697600000003,
        0.0029826497600000004,
        0.00285016076,
        0.0026190637600000005,
        0.0025966327599999998,
        0.00258056576,
        0.00271670676,
        0.00293260676,
        0.0028447287600000004,
        0.0027403697600000003,
        0.00268859476,
        0.0029200327600000004,
        0.0027995607600000004,
        0.0028547177599999997,
        0.0030455007600000005,
        0.0026361787600000003
      ],
      "exit_codes": [
        0,
        0,
        0,
        0,
        0,
        0,
        0,
        0,
        0,
        0,
        0,
        0,
        0,
        0,
        0,
        0,
        0,
        0,
        0,
        0,
        0,
        0,
        0,
        0,
        0,
        0,
        0,
        0,
        0,
        0,
        0,
        0,
        0,
        0,
        0,
        0,
        0,
        0,
        0,
        0,
        0,
        0,
        0,
        0,
        0,
        0,
        0,
        0,
        0,
        0,
        0,
        0,
        0,
        0,
        0,
        0,
        0,
        0,
        0,
        0,
        0,
        0,
        0,
        0,
        0,
        0,
        0,
        0,
        0,
        0,
        0,
        0,
        0,
        0,
        0,
        0,
        0,
        0,
        0,
        0,
        0,
        0,
        0,
        0,
        0,
        0,
        0,
        0,
        0,
        0,
        0,
        0,
        0,
        0,
        0,
        0,
        0,
        0,
        0,
        0
      ]
    }
  ]
}
