{
  "results": [
    {
      "command": "out/20220731101132/contention 4 1000",
      "mean": 0.00291249752,
      "stddev": 0.00015989493957550423,
      "median": 0.0028956664,
      "user": 0.0015406899999999995,
      "system": 0.0008789700000000002,
      "min": 0.0025662929000000003,
      "max": 0.0033960679,
      "times": [
        0.0026739959,
        0.0027405369,
        0.0028082389,
        0.0030218439000000005,
        0.0029687609,
        0.0028184389000000002,
        0.0030087599000000005,
        0.0027455659,
        0.0029603589000000005,
        0.0028989279,
        0.0031166559,
        0.0029454069,
        0.0030196019,
        0.0030540459,
        0.0029770259,
        0.0028677219,
        0.0033223069000000004,
        0.0029349069,
        0.0029488929000000006,
        0.0028843179,
        0.0028673439000000004,
        0.0030492739,
        0.0029312869,
        0.0031477139000000006,
        0.0028246279000000004,
        0.0026386029,
        0.0027975319000000005,
        0.0029855699000000003,
        0.0029027649000000003,
        0.0027086909000000004,
        0.0029022359000000003,
        0.0030554639000000003,
        0.0028869289000000003,
        0.0029167029,
        0.0026659079000000002,
        0.0027490729,
        0.0028806649000000005,
        0.0029641939000000003,
        0.0028738879,
        0.0030678649,
        0.0029850609,
        0.0030116979000000006,
        0.0030983929,
        0.0031164849,
        0.0027673049,
        0.0028379629,
        0.0028779389,
        0.0029839599000000003,
        0.0029581809000000002,
        0.0030322309,
        0.0030945169,
        0.0027405539000000005,
        0.0027687449,
        0.0029329859,
        0.0028764669,
        0.0028219239000000004,
        0.0028868509000000006,
        0.0029853129000000003,
        0.0028694119000000004,
        0.0028009119000000004,
        0.0033085549,
        0.0028892139000000006,
        0.0029677779000000003,
        0.0030099899,
        0.0027633669000000005,
        0.0027333899,
        0.0027875829,
        0.0027702309,
        0.0026644449,
        0.0033215789000000003,
        0.0029802099,
        0.0028116569,
        0.0028139779000000004,
        0.0029718069000000003,
        0.0029617509,
        0.0028799209,
        0.0032807109,
        0.0031525809,
        0.0033960679,
        0.0027661989,
        0.0028943099,
        0.0027457029,
        0.0028039989,
        0.0029676869000000005,
        0.0032943779,
        0.0028754529000000004,
        0.0026498669000000006,
        0.0029129419000000004,
        0.0028427059,
        0.0026941989,
        0.0028293209000000005,
        0.0027630429,
        0.0025662929000000003,
        0.0028970229,
        0.0029420379000000005,
        0.0028048309000000002,
        0.0027351169,
        0.0029980719000000005,
        0.0027962889,
        0.0030259329
      ],
      "exit_codes": [
        0,
        0,
        0,
        0,
        0,
        0,
        0,
        0,
        0,
        0,
        0,
        0,
        0,
        0,
        0,
        0,
        0,
        0,
        0,
        0,
        0,
        0,
        0,
        0,
        0,
        0,
        0,
        0,
        0,
        0,
        0,
        0,
        0,
        0,
        0,
        0,
        0,
        0,
        0,
        0,
        0,
        0,
        0,
        0,
        0,
        0,
        0,
        0,
        0,
        0,
        0,
        0,
        0,
        0,
        0,
        0,
        0,
        0,
        0,
        0,
        0,
        0,
        0,
        0,
        0,
        0,
        0,
        0,
        0,
        0,
        0,
        0,
        0,
        0,
        0,
        0,
        0,
        0,
        0,
        0,
        0,
        0,
        0,
        0,
        0,
        0,
        0,
        0,
        0,
        0,
        0,
        0,
        0,
        0,
        0,
        0,
        0,
        0,
        0,
        0
      ]
    }
  ]
}
