{
  "results": [
    {
      "command": "out/20220731101132/contention 512 100",
      "mean": 0.011641215170000004,
      "stddev": 0.0002606204288709422,
      "median": 0.01160196224,
      "user": 0.0045294700000000025,
      "system": 0.014373140000000006,
      "min": 0.011188438240000001,
      "max": 0.01263045624,
      "times": [
        0.01120220524,
        0.01177484024,
        0.01153137624,
        0.011378027240000001,
        0.01156372624,
        0.011800397240000001,
        0.011740455240000001,
        0.011563596240000001,
        0.01169576924,
        0.01157447724,
        0.011419174240000001,
        0.01166150124,
        0.01163617724,
        0.01162205124,
        0.01161592824,
        0.01149603924,
        0.011860643240000001,
        0.011537432240000001,
        0.01160268224,
        0.011718782240000001,
        0.01151365224,
        0.011420704240000001,
        0.011506956240000001,
        0.01189433124,
        0.01138306124,
        0.01191877524,
        0.01195367424,
        0.01129322324,
        0.011358813240000001,
        0.011765094240000001,
        0.01152005224,
        0.01156185424,
        0.01213534424,
        0.01237002224,
        0.01147662024,
        0.01166087724,
        0.011640070240000001,
        0.01152134124,
        0.01142688124,
        0.011477410240000001,
        0.011890938240000001,
        0.011975859240000001,
        0.012227602240000001,
        0.01168366824,
        0.011658579240000001,
        0.011570273240000001,
        0.011424948240000002,
        0.01154412124,
        0.011645010240000002,
        0.011245921240000002,
        0.011700754240000001,
        0.011779470240000001,
        0.011547984240000001,
        0.01171265324,
        0.011649067240000002,
        0.01148915824,
        0.01123761224,
        0.011604634240000002,
        0.01163040524,
        0.01149333724,
        0.012044426240000001,
        0.01180620624,
        0.012137481240000001,
        0.01162868124,
        0.011354828240000002,
        0.01148466224,
        0.01149776924,
        0.01185813624,
        0.01263045624,
        0.011603764240000002,
        0.011503051240000001,
        0.01147622224,
        0.01202518424,
        0.011348666240000001,
        0.01144474424,
        0.011522525240000001,
        0.011553080240000001,
        0.011807731240000001,
        0.011371973240000001,
        0.01155770924,
        0.011900903240000002,
        0.011388086240000001,
        0.011658170240000001,
        0.01147809124,
        0.011396911240000002,
        0.01130671924,
        0.012407401240000001,
        0.011653128240000001,
        0.01150682924,
        0.01174976724,
        0.01173801424,
        0.011188438240000001,
        0.011663279240000001,
        0.01175997024,
        0.01147620824,
        0.01160124224,
        0.012286866240000001,
        0.01145375224,
        0.01182117624,
        0.01152322524
      ],
      "exit_codes": [
        0,
        0,
        0,
        0,
        0,
        0,
        0,
        0,
        0,
        0,
        0,
        0,
        0,
        0,
        0,
        0,
        0,
        0,
        0,
        0,
        0,
        0,
        0,
        0,
        0,
        0,
        0,
        0,
        0,
        0,
        0,
        0,
        0,
        0,
        0,
        0,
        0,
        0,
        0,
        0,
        0,
        0,
        0,
        0,
        0,
        0,
        0,
        0,
        0,
        0,
        0,
        0,
        0,
        0,
        0,
        0,
        0,
        0,
        0,
        0,
        0,
        0,
        0,
        0,
        0,
        0,
        0,
        0,
        0,
        0,
        0,
        0,
        0,
        0,
        0,
        0,
        0,
        0,
        0,
        0,
        0,
        0,
        0,
        0,
        0,
        0,
        0,
        0,
        0,
        0,
        0,
        0,
        0,
        0,
        0,
        0,
        0,
        0,
        0,
        0
      ]
    }
  ]
}
