{
  "results": [
    {
      "command": "out/20220731101132/contention 512 100000",
      "mean": 0.019015636869999998,
      "stddev": 0.0006372143901048646,
      "median": 0.01891750702,
      "user": 0.08268173999999999,
      "system": 0.022329450000000008,
      "min": 0.018018873020000003,
      "max": 0.020692655020000002,
      "times": [
        0.01814020002,
        0.01962691902,
        0.01817198802,
        0.01815106702,
        0.01928657202,
        0.018254156020000002,
        0.018138846020000002,
        0.01867891102,
        0.018018873020000003,
        0.018249218020000003,
        0.01821657302,
        0.01813513602,
        0.01892791902,
        0.01813346402,
        0.018612711020000002,
        0.018133909020000002,
        0.019256788020000002,
        0.01813611802,
        0.01808906202,
        0.01818338202,
        0.018104674020000003,
        0.018631510020000002,
        0.01821894002,
        0.018884292020000002,
        0.01874513602,
        0.01825997302,
        0.01867993202,
        0.018159911020000002,
        0.01972757702,
        0.01837498102,
        0.018086475020000003,
        0.01830182202,
        0.01830451102,
        0.018884765020000003,
        0.01908515402,
        0.018991284020000002,
        0.018724653020000002,
        0.01856422602,
        0.01882027402,
        0.018628827020000002,
        0.01901255902,
        0.018819300020000002,
        0.01944695902,
        0.01886775502,
        0.01888296302,
        0.01871585102,
        0.019127113020000003,
        0.020030710020000002,
        0.01883240202,
        0.019000821020000003,
        0.018880731020000003,
        0.019749880020000003,
        0.01904044602,
        0.02036247102,
        0.01897457802,
        0.01858637002,
        0.019515811020000003,
        0.01890709502,
        0.01870420502,
        0.018833148020000003,
        0.018837702020000003,
        0.01894275302,
        0.01870154602,
        0.01915107702,
        0.01854587502,
        0.01864198502,
        0.018774063020000002,
        0.01880531802,
        0.018879744020000002,
        0.01982902802,
        0.01979565002,
        0.01950464402,
        0.019622482020000002,
        0.01929034302,
        0.02061988202,
        0.01949415402,
        0.019259141020000002,
        0.019720858020000002,
        0.019254237020000002,
        0.01974163102,
        0.019723654020000002,
        0.019782817020000003,
        0.019410408020000002,
        0.01911973402,
        0.019395307020000002,
        0.01916402402,
        0.020076091020000002,
        0.01944192602,
        0.01971191102,
        0.01957130802,
        0.019665405020000002,
        0.01918058102,
        0.02011301802,
        0.020471723020000002,
        0.01930456602,
        0.019725710020000002,
        0.01922117602,
        0.020692655020000002,
        0.01964360202,
        0.01972405902
      ],
      "exit_codes": [
        0,
        0,
        0,
        0,
        0,
        0,
        0,
        0,
        0,
        0,
        0,
        0,
        0,
        0,
        0,
        0,
        0,
        0,
        0,
        0,
        0,
        0,
        0,
        0,
        0,
        0,
        0,
        0,
        0,
        0,
        0,
        0,
        0,
        0,
        0,
        0,
        0,
        0,
        0,
        0,
        0,
        0,
        0,
        0,
        0,
        0,
        0,
        0,
        0,
        0,
        0,
        0,
        0,
        0,
        0,
        0,
        0,
        0,
        0,
        0,
        0,
        0,
        0,
        0,
        0,
        0,
        0,
        0,
        0,
        0,
        0,
        0,
        0,
        0,
        0,
        0,
        0,
        0,
        0,
        0,
        0,
        0,
        0,
        0,
        0,
        0,
        0,
        0,
        0,
        0,
        0,
        0,
        0,
        0,
        0,
        0,
        0,
        0,
        0,
        0
      ]
    }
  ]
}
