{
  "results": [
    {
      "command": "out/20220731101132/contention 512 1",
      "mean": 0.012401505610000007,
      "stddev": 0.0005900477366314925,
      "median": 0.01225580736,
      "user": 0.004561390000000002,
      "system": 0.015188219999999999,
      "min": 0.01164777386,
      "max": 0.014410394860000002,
      "times": [
        0.013159072860000003,
        0.013034760860000001,
        0.014086556860000002,
        0.01302971986,
        0.01328865186,
        0.014090760860000003,
        0.01265595786,
        0.012692373860000002,
        0.01318456786,
        0.012871654860000002,
        0.012381442860000001,
        0.01293032286,
        0.01274644786,
        0.01290337686,
        0.014410394860000002,
        0.012258887860000001,
        0.012236724860000001,
        0.012152169860000001,
        0.012539416860000001,
        0.012326193860000001,
        0.012239528860000001,
        0.012736884860000002,
        0.012556929860000001,
        0.012164926860000001,
        0.012612560860000002,
        0.012378383860000002,
        0.012703849860000001,
        0.01256435986,
        0.012204178860000001,
        0.01236452686,
        0.01209212886,
        0.012863790860000002,
        0.012318870860000001,
        0.012392129860000002,
        0.01242586086,
        0.012014048860000001,
        0.012111973860000002,
        0.012540641860000002,
        0.012378258860000001,
        0.01234555686,
        0.01294931086,
        0.012198008860000002,
        0.012171289860000002,
        0.012283058860000001,
        0.01250886686,
        0.01225272686,
        0.01308884686,
        0.012862946860000002,
        0.01221552786,
        0.01205327286,
        0.012099813860000001,
        0.011806443860000002,
        0.011742698860000001,
        0.011700911860000001,
        0.01172775986,
        0.01231547386,
        0.011774903860000002,
        0.01200408686,
        0.01198605586,
        0.011700690860000001,
        0.011916419860000001,
        0.012969700860000002,
        0.012244937860000001,
        0.01210322286,
        0.013270230860000003,
        0.013697620860000002,
        0.012311377860000002,
        0.011928922860000002,
        0.01173075286,
        0.012164329860000002,
        0.012621687860000001,
        0.01188515086,
        0.01382587586,
        0.014133881860000003,
        0.012206396860000001,
        0.01220886386,
        0.011889361860000001,
        0.01184243886,
        0.011775387860000002,
        0.012742416860000001,
        0.012041587860000001,
        0.01260362186,
        0.01185453386,
        0.012922433860000002,
        0.012148217860000001,
        0.011695371860000001,
        0.012132542860000001,
        0.01208847686,
        0.01177756286,
        0.01177506386,
        0.01227283086,
        0.011677561860000001,
        0.011854683860000001,
        0.012384547860000001,
        0.011735289860000001,
        0.01164777386,
        0.011736040860000001,
        0.01191188286,
        0.012095960860000001,
        0.011894050860000002
      ],
      "exit_codes": [
        0,
        0,
        0,
        0,
        0,
        0,
        0,
        0,
        0,
        0,
        0,
        0,
        0,
        0,
        0,
        0,
        0,
        0,
        0,
        0,
        0,
        0,
        0,
        0,
        0,
        0,
        0,
        0,
        0,
        0,
        0,
        0,
        0,
        0,
        0,
        0,
        0,
        0,
        0,
        0,
        0,
        0,
        0,
        0,
        0,
        0,
        0,
        0,
        0,
        0,
        0,
        0,
        0,
        0,
        0,
        0,
        0,
        0,
        0,
        0,
        0,
        0,
        0,
        0,
        0,
        0,
        0,
        0,
        0,
        0,
        0,
        0,
        0,
        0,
        0,
        0,
        0,
        0,
        0,
        0,
        0,
        0,
        0,
        0,
        0,
        0,
        0,
        0,
        0,
        0,
        0,
        0,
        0,
        0,
        0,
        0,
        0,
        0,
        0,
        0
      ]
    }
  ]
}
