{
  "results": [
    {
      "command": "out/20220731101132/contention 512 1000",
      "mean": 0.012247145789999999,
      "stddev": 0.0006114396840976648,
      "median": 0.012088096400000001,
      "user": 0.005463559999999996,
      "system": 0.015633620000000004,
      "min": 0.011352463900000002,
      "max": 0.014620285899999998,
      "times": [
        0.011352463900000002,
        0.011828538900000001,
        0.011660522900000001,
        0.0118311199,
        0.012163311900000001,
        0.012052125900000002,
        0.0119826899,
        0.012121592900000002,
        0.012085234900000002,
        0.011904186900000002,
        0.011732513900000002,
        0.012200525900000002,
        0.0125429019,
        0.0130743379,
        0.0119360599,
        0.012324445900000001,
        0.0120241159,
        0.0116513309,
        0.0119433109,
        0.011715374900000002,
        0.011639963900000001,
        0.0123737659,
        0.0120212999,
        0.011845713900000002,
        0.0121013869,
        0.0123599839,
        0.011886159900000002,
        0.0122897329,
        0.0126892909,
        0.0120621679,
        0.011862326900000001,
        0.012146026900000002,
        0.0119463029,
        0.012090957900000001,
        0.012098649900000001,
        0.012043511900000001,
        0.011501925900000001,
        0.0116647619,
        0.011585120900000002,
        0.0117750719,
        0.011904808900000001,
        0.011773405900000002,
        0.0121272649,
        0.0121456749,
        0.0117176019,
        0.0121428019,
        0.0120673879,
        0.0118952799,
        0.012522569900000002,
        0.0132227509,
        0.012709314900000001,
        0.0129518569,
        0.0139401049,
        0.0133036019,
        0.0136242939,
        0.0132099819,
        0.012748959900000002,
        0.011803455900000002,
        0.0120737949,
        0.0118990299,
        0.011835214900000002,
        0.0129851549,
        0.0129681629,
        0.0117770369,
        0.0121109769,
        0.0121886699,
        0.011680175899999999,
        0.0120161869,
        0.0120769909,
        0.012118482900000001,
        0.011930930900000001,
        0.0118787629,
        0.0120674759,
        0.0116589819,
        0.0115943269,
        0.012125349900000002,
        0.011910635900000001,
        0.011811820900000002,
        0.012154175900000001,
        0.0121310439,
        0.012053293900000001,
        0.0116128679,
        0.012818745900000001,
        0.0123890069,
        0.012723265899999999,
        0.012956781900000002,
        0.014620285899999998,
        0.0125724059,
        0.012342387900000001,
        0.0124501489,
        0.012882818900000002,
        0.012382349900000002,
        0.0124181139,
        0.012369116900000001,
        0.014410427900000002,
        0.014359158899999998,
        0.012479362900000002,
        0.0119660779,
        0.011867763900000002,
        0.012124867899999999
      ],
      "exit_codes": [
        0,
        0,
        0,
        0,
        0,
        0,
        0,
        0,
        0,
        0,
        0,
        0,
        0,
        0,
        0,
        0,
        0,
        0,
        0,
        0,
        0,
        0,
        0,
        0,
        0,
        0,
        0,
        0,
        0,
        0,
        0,
        0,
        0,
        0,
        0,
        0,
        0,
        0,
        0,
        0,
        0,
        0,
        0,
        0,
        0,
        0,
        0,
        0,
        0,
        0,
        0,
        0,
        0,
        0,
        0,
        0,
        0,
        0,
        0,
        0,
        0,
        0,
        0,
        0,
        0,
        0,
        0,
        0,
        0,
        0,
        0,
        0,
        0,
        0,
        0,
        0,
        0,
        0,
        0,
        0,
        0,
        0,
        0,
        0,
        0,
        0,
        0,
        0,
        0,
        0,
        0,
        0,
        0,
        0,
        0,
        0,
        0,
        0,
        0,
        0
      ]
    }
  ]
}
