{
  "results": [
    {
      "command": "out/20220731101132/contention 512 10000",
      "mean": 0.012985142690000001,
      "stddev": 0.00039315081321435554,
      "median": 0.01289292158,
      "user": 0.010449480000000002,
      "system": 0.017881080000000004,
      "min": 0.012402053579999999,
      "max": 0.014534570580000001,
      "times": [
        0.01268668758,
        0.01273699358,
        0.01273362258,
        0.013205708580000001,
        0.01283476458,
        0.012604071579999999,
        0.012993326579999999,
        0.012614377579999999,
        0.01246884458,
        0.012991629579999999,
        0.012928081579999999,
        0.012683459579999999,
        0.013718949579999999,
        0.01400829058,
        0.01319575158,
        0.01278898958,
        0.012833661579999999,
        0.01251213358,
        0.01326528358,
        0.013637867579999999,
        0.01287206458,
        0.01272419358,
        0.01294773258,
        0.012647516579999999,
        0.01242713958,
        0.01265660458,
        0.01268301358,
        0.013333265579999998,
        0.01280805958,
        0.01297238658,
        0.01290155458,
        0.01260716758,
        0.01289589958,
        0.012625675579999999,
        0.012402053579999999,
        0.01279679858,
        0.01283681758,
        0.01263129558,
        0.01293316258,
        0.013051255579999999,
        0.012590318579999999,
        0.01266973458,
        0.012883888579999999,
        0.01255108158,
        0.013149988579999999,
        0.013159461579999998,
        0.01261827458,
        0.012893871579999999,
        0.013097458579999999,
        0.012656394579999999,
        0.01243624858,
        0.01382918858,
        0.01278099058,
        0.01264570458,
        0.012588413579999999,
        0.01274177458,
        0.014534570580000001,
        0.012775021579999999,
        0.01319132058,
        0.012560634579999999,
        0.012629610579999999,
        0.01317429558,
        0.01279500558,
        0.012797105579999999,
        0.01281002458,
        0.013391106580000001,
        0.01241819858,
        0.01275980658,
        0.013351866579999998,
        0.01307548158,
        0.01296190258,
        0.01349227958,
        0.01288174758,
        0.01311207358,
        0.013610086579999998,
        0.01298350658,
        0.01306865758,
        0.013706394579999998,
        0.012930882579999999,
        0.013145601580000001,
        0.013434231579999999,
        0.013225127580000001,
        0.013153122580000001,
        0.01420933758,
        0.013112716580000001,
        0.012809850579999999,
        0.012844438579999999,
        0.013144553580000001,
        0.013153199579999999,
        0.01289197158,
        0.01384981258,
        0.013195562579999999,
        0.013044176579999999,
        0.01343429658,
        0.01288847158,
        0.01276731358,
        0.01335647058,
        0.01327356858,
        0.01284452658,
        0.01323539158
      ],
      "exit_codes": [
        0,
        0,
        0,
        0,
        0,
        0,
        0,
        0,
        0,
        0,
        0,
        0,
        0,
        0,
        0,
        0,
        0,
        0,
        0,
        0,
        0,
        0,
        0,
        0,
        0,
        0,
        0,
        0,
        0,
        0,
        0,
        0,
        0,
        0,
        0,
        0,
        0,
        0,
        0,
        0,
        0,
        0,
        0,
        0,
        0,
        0,
        0,
        0,
        0,
        0,
        0,
        0,
        0,
        0,
        0,
        0,
        0,
        0,
        0,
        0,
        0,
        0,
        0,
        0,
        0,
        0,
        0,
        0,
        0,
        0,
        0,
        0,
        0,
        0,
        0,
        0,
        0,
        0,
        0,
        0,
        0,
        0,
        0,
        0,
        0,
        0,
        0,
        0,
        0,
        0,
        0,
        0,
        0,
        0,
        0,
        0,
        0,
        0,
        0,
        0
      ]
    }
  ]
}
