{
  "results": [
    {
      "command": "out/20220731101132/contention 512 10",
      "mean": 0.011809283090000004,
      "stddev": 0.0004307805062250109,
      "median": 0.011772535,
      "user": 0.004477869999999999,
      "system": 0.014538519999999997,
      "min": 0.011057464500000001,
      "max": 0.0135139975,
      "times": [
        0.0116605275,
        0.0125695935,
        0.011859574500000001,
        0.0132751285,
        0.0120296815,
        0.0118291435,
        0.011429583500000002,
        0.012195233500000001,
        0.0115930165,
        0.0117288445,
        0.0118135635,
        0.011884113500000001,
        0.0119832805,
        0.0117573615,
        0.0118754605,
        0.0115345155,
        0.0122330825,
        0.012016618500000001,
        0.011813295500000001,
        0.012034290500000001,
        0.0116163145,
        0.0120860085,
        0.011661454500000001,
        0.0116199275,
        0.0119515365,
        0.0119468435,
        0.011769712500000001,
        0.012069505500000001,
        0.0120065015,
        0.011804743500000001,
        0.012138180500000002,
        0.0118849435,
        0.011775357500000002,
        0.012007697500000001,
        0.0117168305,
        0.0122640725,
        0.0118621535,
        0.012669560500000001,
        0.0128128505,
        0.011892781500000001,
        0.0118560945,
        0.0119480625,
        0.0116396195,
        0.0120046495,
        0.0118591505,
        0.012183438500000001,
        0.0120274725,
        0.0119546235,
        0.011898312500000001,
        0.011942200500000002,
        0.011219238500000001,
        0.0121937195,
        0.0129758465,
        0.011748174500000002,
        0.0115431865,
        0.0117312195,
        0.0114946305,
        0.011260374500000002,
        0.0112901235,
        0.0115338665,
        0.011597767500000002,
        0.012294649500000001,
        0.0122618115,
        0.011593921500000002,
        0.0115860535,
        0.012233197500000001,
        0.0116030435,
        0.0113463125,
        0.011236385500000001,
        0.0120061435,
        0.012044440500000001,
        0.0121442435,
        0.0135139975,
        0.0114564915,
        0.0113690395,
        0.0113921865,
        0.0117290485,
        0.0112213595,
        0.0115583205,
        0.011057464500000001,
        0.011473232500000001,
        0.011668978500000001,
        0.011243313500000001,
        0.011620970500000001,
        0.0116328095,
        0.011310957500000001,
        0.0112953245,
        0.0124688425,
        0.0111373895,
        0.0114538255,
        0.012032777500000001,
        0.0113182465,
        0.0112386455,
        0.0115948955,
        0.011351337500000001,
        0.0112873925,
        0.0119753945,
        0.011579444500000001,
        0.0115043825,
        0.011517381500000002
      ],
      "exit_codes": [
        0,
        0,
        0,
        0,
        0,
        0,
        0,
        0,
        0,
        0,
        0,
        0,
        0,
        0,
        0,
        0,
        0,
        0,
        0,
        0,
        0,
        0,
        0,
        0,
        0,
        0,
        0,
        0,
        0,
        0,
        0,
        0,
        0,
        0,
        0,
        0,
        0,
        0,
        0,
        0,
        0,
        0,
        0,
        0,
        0,
        0,
        0,
        0,
        0,
        0,
        0,
        0,
        0,
        0,
        0,
        0,
        0,
        0,
        0,
        0,
        0,
        0,
        0,
        0,
        0,
        0,
        0,
        0,
        0,
        0,
        0,
        0,
        0,
        0,
        0,
        0,
        0,
        0,
        0,
        0,
        0,
        0,
        0,
        0,
        0,
        0,
        0,
        0,
        0,
        0,
        0,
        0,
        0,
        0,
        0,
        0,
        0,
        0,
        0,
        0
      ]
    }
  ]
}
