{
  "results": [
    {
      "command": "out/20220731101132/contention 512 1000000",
      "mean": 0.12155012688000001,
      "stddev": 0.003230380162787483,
      "median": 0.12148619786,
      "user": 0.8033531900000002,
      "system": 0.024240489999999993,
      "min": 0.11267880736000001,
      "max": 0.13036213636000002,
      "times": [
        0.11267880736000001,
        0.11551197136000001,
        0.11578515336000002,
        0.11529132036,
        0.11493349436000001,
        0.11971201236000001,
        0.12336977436000002,
        0.11844841336000002,
        0.12074901636000002,
        0.11760652936000002,
        0.11852098536000001,
        0.11781763836000002,
        0.11778902036000001,
        0.11742456636000001,
        0.11946423536000002,
        0.11730842536000001,
        0.11712978936000001,
        0.12380952836,
        0.12344683236000001,
        0.12162654736000002,
        0.12125810836,
        0.12126658636000001,
        0.12356351736000001,
        0.12198014536000001,
        0.12124772236000002,
        0.12372703836000001,
        0.12725545036000002,
        0.12586554636000002,
        0.12581105636,
        0.12685640636,
        0.12698321236000001,
        0.12560158636000002,
        0.13036213636000002,
        0.12685587736,
        0.12727283936,
        0.12597066336,
        0.12066077736000001,
        0.12256458536,
        0.12176873236,
        0.12149562936000001,
        0.12169507536000002,
        0.12287140636000002,
        0.12264264536000002,
        0.12140334836000001,
        0.12089774836000002,
        0.12215403336000001,
        0.12256669436,
        0.12872191436000002,
        0.12938975836000002,
        0.12589861736000002,
        0.12496459336000001,
        0.12173331636000001,
        0.12397020536,
        0.12161185036000001,
        0.12279916436000002,
        0.12096791136000001,
        0.12116072536000001,
        0.12184256336000002,
        0.12260528336000001,
        0.12345561536000002,
        0.12146414836000001,
        0.12130764436000001,
        0.12247885636,
        0.12119840236000001,
        0.12122213636000001,
        0.12236768936,
        0.12235097136,
        0.12134754036,
        0.11925541336,
        0.11863533436000001,
        0.11797520736000001,
        0.11685249836000001,
        0.11695514036000002,
        0.11856750236000001,
        0.11955494636000001,
        0.11718902636000002,
        0.11715894736000002,
        0.11812112736000001,
        0.11876672036000001,
        0.11828700836000001,
        0.12118749836,
        0.12121663336,
        0.12302437936000002,
        0.12178718636000001,
        0.12115132636,
        0.12119534536000001,
        0.12331482536000002,
        0.12265116136000001,
        0.12142307536000001,
        0.12111745636000001,
        0.12318541536000002,
        0.12128143036000001,
        0.12210994136000002,
        0.12140815136000001,
        0.12325193936,
        0.12162166536,
        0.12225477436000001,
        0.12616876936000002,
        0.12298453736,
        0.12147676636000002
      ],
      "exit_codes": [
        0,
        0,
        0,
        0,
        0,
        0,
        0,
        0,
        0,
        0,
        0,
        0,
        0,
        0,
        0,
        0,
        0,
        0,
        0,
        0,
        0,
        0,
        0,
        0,
        0,
        0,
        0,
        0,
        0,
        0,
        0,
        0,
        0,
        0,
        0,
        0,
        0,
        0,
        0,
        0,
        0,
        0,
        0,
        0,
        0,
        0,
        0,
        0,
        0,
        0,
        0,
        0,
        0,
        0,
        0,
        0,
        0,
        0,
        0,
        0,
        0,
        0,
        0,
        0,
        0,
        0,
        0,
        0,
        0,
        0,
        0,
        0,
        0,
        0,
        0,
        0,
        0,
        0,
        0,
        0,
        0,
        0,
        0,
        0,
        0,
        0,
        0,
        0,
        0,
        0,
        0,
        0,
        0,
        0,
        0,
        0,
        0,
        0,
        0,
        0
      ]
    }
  ]
}
