{
  "results": [
    {
      "command": "out/20220731101132/contention 64 1000000",
      "mean": 0.11677767751000002,
      "stddev": 0.0030234151476256897,
      "median": 0.11688046448,
      "user": 0.7873331000000001,
      "system": 0.006824779999999995,
      "min": 0.10934744798,
      "max": 0.12650310798,
      "times": [
        0.10934744798,
        0.10991282398,
        0.10985375498000001,
        0.11008718498,
        0.11152469898,
        0.11334464598,
        0.11211971398000001,
        0.11530172398,
        0.11591431998,
        0.11378398098,
        0.11541797298,
        0.11621542998,
        0.11620041098,
        0.11595962598000001,
        0.11406396198,
        0.11396147398,
        0.11733817798,
        0.11787495698,
        0.11831468898,
        0.11644375998,
        0.11760401498,
        0.11761256998,
        0.11667665198,
        0.11765424298,
        0.11740163398,
        0.11906965198000001,
        0.11687676798,
        0.11670568298,
        0.12303744498,
        0.11883177398,
        0.12221962598000001,
        0.11749510298,
        0.11887605298000001,
        0.11940283798000001,
        0.11632298998,
        0.11697523298000001,
        0.12157464398000001,
        0.12650310798,
        0.12435389297999999,
        0.12058500098000001,
        0.11698286398,
        0.12099954398,
        0.11628636298,
        0.12197432098000001,
        0.12107383398,
        0.11882427898,
        0.11773915998000001,
        0.11839835298000001,
        0.12039562498,
        0.11805107398,
        0.11756410298,
        0.11673623098000001,
        0.11660490998,
        0.11791873998,
        0.11934199898,
        0.11685064398,
        0.11820584598,
        0.11992612998,
        0.11777143598,
        0.11878769998000001,
        0.11948184398,
        0.11879334598,
        0.11806492398,
        0.11655385598000001,
        0.11666150598000001,
        0.11854237698,
        0.11800388098,
        0.11683514098,
        0.11748347798,
        0.11686557198,
        0.11786162298000001,
        0.11672098098,
        0.11688416098,
        0.11633718398000001,
        0.11781373898,
        0.11662923398000001,
        0.11593799498,
        0.11763666598,
        0.11984029598000001,
        0.11735155498000001,
        0.11645635098,
        0.11774639698,
        0.11911620698,
        0.11467764798,
        0.11440090498000001,
        0.11319226498,
        0.11358342498,
        0.11355931898,
        0.11472132498000001,
        0.11261915198,
        0.11312301598,
        0.11383600298,
        0.11265845498,
        0.11254653898,
        0.11288944898,
        0.11843318798000001,
        0.11291638898,
        0.11254084898000001,
        0.11418057098,
        0.11507810398
      ],
      "exit_codes": [
        0,
        0,
        0,
        0,
        0,
        0,
        0,
        0,
        0,
        0,
        0,
        0,
        0,
        0,
        0,
        0,
        0,
        0,
        0,
        0,
        0,
        0,
        0,
        0,
        0,
        0,
        0,
        0,
        0,
        0,
        0,
        0,
        0,
        0,
        0,
        0,
        0,
        0,
        0,
        0,
        0,
        0,
        0,
        0,
        0,
        0,
        0,
        0,
        0,
        0,
        0,
        0,
        0,
        0,
        0,
        0,
        0,
        0,
        0,
        0,
        0,
        0,
        0,
        0,
        0,
        0,
        0,
        0,
        0,
        0,
        0,
        0,
        0,
        0,
        0,
        0,
        0,
        0,
        0,
        0,
        0,
        0,
        0,
        0,
        0,
        0,
        0,
        0,
        0,
        0,
        0,
        0,
        0,
        0,
        0,
        0,
        0,
        0,
        0,
        0
      ]
    }
  ]
}
