{
  "results": [
    {
      "command": "out/20220731101132/contention 64 10",
      "mean": 0.00399148807,
      "stddev": 0.00019319937588781262,
      "median": 0.00399204678,
      "user": 0.0016090700000000004,
      "system": 0.0026803399999999994,
      "min": 0.0035357397800000003,
      "max": 0.00463664278,
      "times": [
        0.00355404778,
        0.00379196178,
        0.00397961478,
        0.004004531780000001,
        0.004283468780000001,
        0.00414294678,
        0.00357328678,
        0.0035800097800000002,
        0.003992953780000001,
        0.00398050078,
        0.00387482578,
        0.0038625317800000006,
        0.00376576578,
        0.004009955779999999,
        0.0041968047800000005,
        0.003926056780000001,
        0.003938395779999999,
        0.00397092278,
        0.004005787780000001,
        0.004219063780000001,
        0.0038914467800000006,
        0.0035357397800000003,
        0.003963492780000001,
        0.00405237378,
        0.003955767780000001,
        0.004064902780000001,
        0.0040360987800000005,
        0.0039654647800000005,
        0.004092190780000001,
        0.00399128478,
        0.00391436878,
        0.00408738478,
        0.0038351217800000003,
        0.00460992778,
        0.004537973780000001,
        0.00424446778,
        0.00357443578,
        0.0036778777800000003,
        0.00400503778,
        0.003915342780000001,
        0.003974270780000001,
        0.003917138780000001,
        0.004075224780000001,
        0.00401874378,
        0.00415617978,
        0.0040437697799999995,
        0.0038588147800000003,
        0.0039057277800000002,
        0.00399470578,
        0.003999643780000001,
        0.00431476378,
        0.0040377747799999995,
        0.003933755780000001,
        0.00394746178,
        0.00400829078,
        0.004030495780000001,
        0.00400058478,
        0.00383360978,
        0.004067351780000001,
        0.00424094478,
        0.00463664278,
        0.00385044778,
        0.0035713037800000004,
        0.00396418778,
        0.004224207780000001,
        0.00410817978,
        0.00385163078,
        0.00397573778,
        0.003928601780000001,
        0.004001766780000001,
        0.00412591778,
        0.00398385878,
        0.004118737779999999,
        0.003950197779999999,
        0.00406807078,
        0.003992808780000001,
        0.00405938078,
        0.003960424780000001,
        0.00395405878,
        0.004123371780000001,
        0.004037594780000001,
        0.00397697378,
        0.00403373378,
        0.00396361678,
        0.00389083678,
        0.0038044857800000006,
        0.00427283778,
        0.0040315407800000005,
        0.00434119778,
        0.00402164778,
        0.003974938779999999,
        0.00396687978,
        0.0041410807800000005,
        0.0036096657800000005,
        0.0038234907800000005,
        0.00400194278,
        0.00386846478,
        0.00405633278,
        0.003913737780000001,
        0.004004883780000001
      ],
      "exit_codes": [
        0,
        0,
        0,
        0,
        0,
        0,
        0,
        0,
        0,
        0,
        0,
        0,
        0,
        0,
        0,
        0,
        0,
        0,
        0,
        0,
        0,
        0,
        0,
        0,
        0,
        0,
        0,
        0,
        0,
        0,
        0,
        0,
        0,
        0,
        0,
        0,
        0,
        0,
        0,
        0,
        0,
        0,
        0,
        0,
        0,
        0,
        0,
        0,
        0,
        0,
        0,
        0,
        0,
        0,
        0,
        0,
        0,
        0,
        0,
        0,
        0,
        0,
        0,
        0,
        0,
        0,
        0,
        0,
        0,
        0,
        0,
        0,
        0,
        0,
        0,
        0,
        0,
        0,
        0,
        0,
        0,
        0,
        0,
        0,
        0,
        0,
        0,
        0,
        0,
        0,
        0,
        0,
        0,
        0,
        0,
        0,
        0,
        0,
        0,
        0
      ]
    }
  ]
}
