{
  "results": [
    {
      "command": "out/20220731101132/contention 64 1000",
      "mean": 0.002751231050000001,
      "stddev": 0.0003038412385829716,
      "median": 0.0027394676600000015,
      "user": 0.0022326700000000004,
      "system": 0.0028968299999999995,
      "min": 0.002238558160000002,
      "max": 0.004012282160000002,
      "times": [
        0.002704578160000002,
        0.003064089160000002,
        0.002762952160000002,
        0.003771300160000002,
        0.0030214871600000017,
        0.0027983881600000017,
        0.0029006781600000014,
        0.002766811160000002,
        0.0027433321600000013,
        0.0027905151600000015,
        0.0028868671600000015,
        0.0033131311600000015,
        0.0024233761600000016,
        0.002238558160000002,
        0.0028300341600000015,
        0.0029587431600000018,
        0.002748210160000002,
        0.0027966941600000017,
        0.003696960160000002,
        0.0026739901600000013,
        0.0023062401600000013,
        0.0028326701600000018,
        0.002645278160000002,
        0.0026568871600000012,
        0.0027199401600000016,
        0.0029302751600000015,
        0.0027802971600000012,
        0.0027452401600000014,
        0.0029032481600000017,
        0.002731763160000002,
        0.002778160160000002,
        0.002792132160000001,
        0.002682993160000002,
        0.003422304160000002,
        0.003011476160000002,
        0.0023809621600000015,
        0.0028290401600000016,
        0.0028619831600000013,
        0.0027356031600000016,
        0.0028330561600000016,
        0.0029077591600000013,
        0.002661480160000002,
        0.0023039641600000015,
        0.0023367511600000017,
        0.002931416160000002,
        0.004012282160000002,
        0.003478844160000002,
        0.0027558741600000013,
        0.0022786761600000014,
        0.0027937051600000016,
        0.0026388061600000016,
        0.0029016401600000016,
        0.0027715131600000017,
        0.0026332531600000014,
        0.002676930160000001,
        0.0029392061600000017,
        0.0027830801600000014,
        0.002904111160000002,
        0.0024992721600000014,
        0.0022563061600000016,
        0.0026882771600000013,
        0.002976864160000002,
        0.0026596701600000014,
        0.0025301591600000017,
        0.0028714991600000015,
        0.002758641160000002,
        0.0027069211600000012,
        0.0027536671600000015,
        0.0028048081600000017,
        0.0030278481600000016,
        0.0027319811600000016,
        0.002721386160000001,
        0.002658804160000002,
        0.0027317571600000016,
        0.002790257160000002,
        0.0034916141600000016,
        0.0025147931600000015,
        0.0027762351600000013,
        0.0027556431600000014,
        0.002627832160000002,
        0.002610449160000002,
        0.0024615341600000016,
        0.002433849160000002,
        0.0023979051600000016,
        0.0027063871600000013,
        0.0028057811600000013,
        0.0026099691600000013,
        0.002452709160000002,
        0.0024184641600000015,
        0.0023525921600000017,
        0.0025582641600000013,
        0.0025193211600000017,
        0.0025348391600000016,
        0.0026133551600000015,
        0.0026518181600000013,
        0.0026177881600000013,
        0.002446144160000002,
        0.002508288160000002,
        0.0024984451600000013,
        0.0024114241600000016
      ],
      "exit_codes": [
        0,
        0,
        0,
        0,
        0,
        0,
        0,
        0,
        0,
        0,
        0,
        0,
        0,
        0,
        0,
        0,
        0,
        0,
        0,
        0,
        0,
        0,
        0,
        0,
        0,
        0,
        0,
        0,
        0,
        0,
        0,
        0,
        0,
        0,
        0,
        0,
        0,
        0,
        0,
        0,
        0,
        0,
        0,
        0,
        0,
        0,
        0,
        0,
        0,
        0,
        0,
        0,
        0,
        0,
        0,
        0,
        0,
        0,
        0,
        0,
        0,
        0,
        0,
        0,
        0,
        0,
        0,
        0,
        0,
        0,
        0,
        0,
        0,
        0,
        0,
        0,
        0,
        0,
        0,
        0,
        0,
        0,
        0,
        0,
        0,
        0,
        0,
        0,
        0,
        0,
        0,
        0,
        0,
        0,
        0,
        0,
        0,
        0,
        0,
        0
      ]
    }
  ]
}
