{
  "results": [
    {
      "command": "out/20220731101132/contention 64 10000",
      "mean": 0.004519107080000003,
      "stddev": 0.0002325919249949112,
      "median": 0.004459908980000001,
      "user": 0.009516129999999998,
      "system": 0.0034433899999999993,
      "min": 0.003972860980000001,
      "max": 0.005174474980000001,
      "times": [
        0.004528574980000002,
        0.0043781949800000015,
        0.00441585098,
        0.004756503980000002,
        0.004158205980000001,
        0.004194511980000001,
        0.00474435198,
        0.0047810429800000005,
        0.004163771980000001,
        0.004446018980000001,
        0.00455857198,
        0.004647683980000001,
        0.005011157980000002,
        0.0043005329800000006,
        0.00437118698,
        0.004960625980000001,
        0.004344421980000001,
        0.004360291980000002,
        0.00454391298,
        0.00468043798,
        0.004248234980000001,
        0.0047870689800000015,
        0.005000697980000001,
        0.004225628980000002,
        0.005065076980000001,
        0.004770052980000002,
        0.004518154980000001,
        0.004914481980000001,
        0.004811156980000002,
        0.004736378980000001,
        0.004597627980000001,
        0.00407999698,
        0.004103829980000001,
        0.00450797298,
        0.004561215980000002,
        0.004828795980000002,
        0.00460682498,
        0.0041453289800000015,
        0.00494644598,
        0.004793536980000001,
        0.0043574929800000006,
        0.004317880980000001,
        0.004605798980000001,
        0.00445504998,
        0.004271529980000001,
        0.004599546980000001,
        0.0043350439800000015,
        0.004326856980000002,
        0.004552948980000001,
        0.004581167980000002,
        0.004441312980000001,
        0.00439248098,
        0.004555366980000001,
        0.004307444980000002,
        0.00446317098,
        0.004333510980000002,
        0.004653378980000001,
        0.004601896980000001,
        0.00439547998,
        0.004434565980000001,
        0.00445077898,
        0.004434245980000001,
        0.004377803980000001,
        0.004388489980000002,
        0.004854219980000001,
        0.004300561980000001,
        0.004436116980000002,
        0.00444700198,
        0.004345893980000001,
        0.004636041980000002,
        0.004954699980000001,
        0.004119665980000001,
        0.003972860980000001,
        0.004446545980000001,
        0.004504201980000001,
        0.004518633980000001,
        0.004415931980000001,
        0.004493109980000002,
        0.004680863980000002,
        0.00435444798,
        0.0043497199800000014,
        0.004454974980000002,
        0.004610445980000001,
        0.004766833980000001,
        0.004446403980000001,
        0.004612488980000001,
        0.004576733980000001,
        0.004484545980000001,
        0.004390030980000001,
        0.004425066980000001,
        0.004456646980000001,
        0.0043816849800000016,
        0.004598730980000002,
        0.004456154980000002,
        0.004419434980000001,
        0.004543942980000002,
        0.0048880189800000005,
        0.005174474980000001,
        0.004764708980000001,
        0.004401252980000001
      ],
      "exit_codes": [
        0,
        0,
        0,
        0,
        0,
        0,
        0,
        0,
        0,
        0,
        0,
        0,
        0,
        0,
        0,
        0,
        0,
        0,
        0,
        0,
        0,
        0,
        0,
        0,
        0,
        0,
        0,
        0,
        0,
        0,
        0,
        0,
        0,
        0,
        0,
        0,
        0,
        0,
        0,
        0,
        0,
        0,
        0,
        0,
        0,
        0,
        0,
        0,
        0,
        0,
        0,
        0,
        0,
        0,
        0,
        0,
        0,
        0,
        0,
        0,
        0,
        0,
        0,
        0,
        0,
        0,
        0,
        0,
        0,
        0,
        0,
        0,
        0,
        0,
        0,
        0,
        0,
        0,
        0,
        0,
        0,
        0,
        0,
        0,
        0,
        0,
        0,
        0,
        0,
        0,
        0,
        0,
        0,
        0,
        0,
        0,
        0,
        0,
        0,
        0
      ]
    }
  ]
}
