{
  "results": [
    {
      "command": "out/20220731101132/contention 64 1",
      "mean": 0.004193208369999998,
      "stddev": 0.00030697262550386287,
      "median": 0.004169533719999999,
      "user": 0.0015389200000000003,
      "system": 0.0026353699999999997,
      "min": 0.0035882022199999995,
      "max": 0.0056175012199999996,
      "times": [
        0.0037262572199999993,
        0.003918369219999999,
        0.004233811219999999,
        0.004207077219999999,
        0.0041742282199999994,
        0.004005192219999999,
        0.004265212219999999,
        0.00442707422,
        0.0056175012199999996,
        0.004020205219999999,
        0.004215282219999999,
        0.004331282219999999,
        0.00430718722,
        0.004775199219999999,
        0.00502619522,
        0.003778562219999999,
        0.00393494022,
        0.00519824822,
        0.004439491219999999,
        0.004377929219999999,
        0.004669665219999999,
        0.004473340219999999,
        0.004301315219999999,
        0.004312521219999999,
        0.004156125219999999,
        0.004394805219999999,
        0.004055877219999999,
        0.0042573562199999995,
        0.0044608852199999995,
        0.004414525219999999,
        0.004229074219999999,
        0.004256245219999999,
        0.004428182219999999,
        0.004182741219999999,
        0.0041734932199999995,
        0.004301287219999999,
        0.0041417092199999995,
        0.004280669219999999,
        0.004247588219999999,
        0.004285451219999999,
        0.004149597219999999,
        0.004005540219999999,
        0.004457002219999999,
        0.004199746219999999,
        0.004219007219999999,
        0.004246426219999999,
        0.004117977219999999,
        0.004181889219999999,
        0.004255154219999999,
        0.004506676219999999,
        0.00431633122,
        0.004043665219999999,
        0.004132146219999999,
        0.004251439219999999,
        0.004165574219999999,
        0.0041904612199999995,
        0.004558512219999999,
        0.0043255332199999994,
        0.004508179219999999,
        0.003966821219999999,
        0.004037967219999999,
        0.004026934219999999,
        0.003939961219999999,
        0.004116259219999999,
        0.004105761219999999,
        0.003913799219999999,
        0.00405204722,
        0.004062246219999999,
        0.004165030219999999,
        0.004177883219999999,
        0.003721630219999999,
        0.0037067542199999996,
        0.004076822219999999,
        0.004048004219999999,
        0.003944355219999999,
        0.003951213219999999,
        0.003962791219999999,
        0.004153755219999999,
        0.004207795219999999,
        0.003953491219999999,
        0.0041961612199999995,
        0.003925121219999999,
        0.003933125219999999,
        0.0045676272199999994,
        0.0051044282199999985,
        0.0036778852199999988,
        0.0035882022199999995,
        0.004013125219999999,
        0.0038839702199999996,
        0.0038713612199999994,
        0.0040208862199999995,
        0.003844811219999999,
        0.004085294219999999,
        0.003915527219999999,
        0.004050568219999999,
        0.004093455219999999,
        0.004111706219999999,
        0.0040126652199999994,
        0.004016189219999999,
        0.004284443219999999
      ],
      "exit_codes": [
        0,
        0,
        0,
        0,
        0,
        0,
        0,
        0,
        0,
        0,
        0,
        0,
        0,
        0,
        0,
        0,
        0,
        0,
        0,
        0,
        0,
        0,
        0,
        0,
        0,
        0,
        0,
        0,
        0,
        0,
        0,
        0,
        0,
        0,
        0,
        0,
        0,
        0,
        0,
        0,
        0,
        0,
        0,
        0,
        0,
        0,
        0,
        0,
        0,
        0,
        0,
        0,
        0,
        0,
        0,
        0,
        0,
        0,
        0,
        0,
        0,
        0,
        0,
        0,
        0,
        0,
        0,
        0,
        0,
        0,
        0,
        0,
        0,
        0,
        0,
        0,
        0,
        0,
        0,
        0,
        0,
        0,
        0,
        0,
        0,
        0,
        0,
        0,
        0,
        0,
        0,
        0,
        0,
        0,
        0,
        0,
        0,
        0,
        0,
        0
      ]
    }
  ]
}
