{
  "results": [
    {
      "command": "out/20220731101132/contention 64 100000",
      "mean": 0.014187916440000004,
      "stddev": 0.0006333585118828484,
      "median": 0.014029764720000002,
      "user": 0.07445472999999998,
      "system": 0.003364530000000001,
      "min": 0.013248985220000002,
      "max": 0.016223473220000003,
      "times": [
        0.013257370220000002,
        0.013496733220000001,
        0.013656642220000001,
        0.013349484220000003,
        0.013391626220000001,
        0.01377043822,
        0.01342080722,
        0.013345693220000003,
        0.013727404220000003,
        0.013641626220000001,
        0.013462605220000003,
        0.013720958220000003,
        0.013475191220000002,
        0.013248985220000002,
        0.013834343220000003,
        0.013400516220000002,
        0.013385389220000002,
        0.013515198220000003,
        0.013405029220000003,
        0.013374597220000003,
        0.014396702220000002,
        0.014210991220000004,
        0.013413997220000001,
        0.01353536022,
        0.013796864220000003,
        0.014003850220000003,
        0.01373738222,
        0.014081233220000003,
        0.014772352220000003,
        0.01343101722,
        0.013802026220000003,
        0.013643287220000001,
        0.013834624220000001,
        0.01357775622,
        0.013667444220000002,
        0.013562699220000002,
        0.013915167220000003,
        0.013432655220000003,
        0.01379207122,
        0.014686535220000001,
        0.01356285322,
        0.013747811220000003,
        0.014362055220000003,
        0.01378027922,
        0.014208856220000003,
        0.014537091220000003,
        0.014014450220000002,
        0.013992934220000003,
        0.014175483220000003,
        0.013794291220000001,
        0.015094019220000001,
        0.014291688220000001,
        0.013859183220000001,
        0.014025867220000002,
        0.01386190722,
        0.01377726622,
        0.01370439222,
        0.013833562220000001,
        0.015071111220000002,
        0.013937773220000001,
        0.015353315220000004,
        0.01520521822,
        0.014544706220000002,
        0.016223473220000003,
        0.01417113822,
        0.014965969220000003,
        0.014253006220000003,
        0.01467771122,
        0.014457984220000001,
        0.01545788122,
        0.015258917220000001,
        0.015257970220000003,
        0.01457189822,
        0.014700628220000001,
        0.01459159422,
        0.01400796022,
        0.015133797220000002,
        0.014550460220000002,
        0.014959933220000003,
        0.01514828122,
        0.013858397220000002,
        0.014033662220000003,
        0.014548875220000004,
        0.014637896220000002,
        0.014792503220000003,
        0.014366892220000003,
        0.014756575220000002,
        0.014456593220000001,
        0.014179849220000002,
        0.01477306222,
        0.014467630220000003,
        0.014400162220000002,
        0.01464496522,
        0.015248421220000002,
        0.01486580422,
        0.014903935220000001,
        0.015158446220000003,
        0.015034441220000003,
        0.014895524220000001,
        0.014468634220000002
      ],
      "exit_codes": [
        0,
        0,
        0,
        0,
        0,
        0,
        0,
        0,
        0,
        0,
        0,
        0,
        0,
        0,
        0,
        0,
        0,
        0,
        0,
        0,
        0,
        0,
        0,
        0,
        0,
        0,
        0,
        0,
        0,
        0,
        0,
        0,
        0,
        0,
        0,
        0,
        0,
        0,
        0,
        0,
        0,
        0,
        0,
        0,
        0,
        0,
        0,
        0,
        0,
        0,
        0,
        0,
        0,
        0,
        0,
        0,
        0,
        0,
        0,
        0,
        0,
        0,
        0,
        0,
        0,
        0,
        0,
        0,
        0,
        0,
        0,
        0,
        0,
        0,
        0,
        0,
        0,
        0,
        0,
        0,
        0,
        0,
        0,
        0,
        0,
        0,
        0,
        0,
        0,
        0,
        0,
        0,
        0,
        0,
        0,
        0,
        0,
        0,
        0,
        0
      ]
    }
  ]
}
