{
  "results": [
    {
      "command": "out/20220731101132/contention 8 1",
      "mean": 0.0028493236999999998,
      "stddev": 0.00015878549124567046,
      "median": 0.0028168255200000003,
      "user": 0.0010577299999999998,
      "system": 0.00098703,
      "min": 0.0025691765200000004,
      "max": 0.0034067615200000004,
      "times": [
        0.0031330815200000003,
        0.00276590052,
        0.0027923245200000006,
        0.002883607520000001,
        0.0028501115200000007,
        0.0027754115200000003,
        0.002856236520000001,
        0.0030290695200000006,
        0.0028883625200000003,
        0.00280537352,
        0.0028017665200000008,
        0.0030689475200000008,
        0.002922429520000001,
        0.002807161520000001,
        0.0028921605200000005,
        0.00296065952,
        0.0028088985200000007,
        0.0029440735200000003,
        0.0028706625200000005,
        0.0027766075200000005,
        0.00280627952,
        0.0028996155200000004,
        0.002736471520000001,
        0.0028257235200000006,
        0.0028461345200000003,
        0.00280266252,
        0.0028577285200000004,
        0.00282468152,
        0.00304533152,
        0.00289185952,
        0.0027763995200000007,
        0.00286241752,
        0.00300425552,
        0.0028952435200000006,
        0.0027958895200000003,
        0.0031086715200000004,
        0.0029631895200000007,
        0.00281658052,
        0.00287999652,
        0.00294289552,
        0.00282301852,
        0.0027225085200000003,
        0.0027848175200000003,
        0.0028729825200000006,
        0.0031130845200000004,
        0.0028170705200000006,
        0.00270895052,
        0.0028996185200000006,
        0.0028821335200000004,
        0.002759106520000001,
        0.00274353552,
        0.003297390520000001,
        0.00331205952,
        0.0029075485200000003,
        0.00311143252,
        0.0031206775200000006,
        0.00278853552,
        0.0028521735200000005,
        0.00311262352,
        0.0028606105200000005,
        0.00281577152,
        0.00295671952,
        0.00302480752,
        0.0027649345200000002,
        0.002696161520000001,
        0.00273429452,
        0.0029574455200000005,
        0.0028814775200000004,
        0.0031592935200000006,
        0.0027582235200000007,
        0.0034067615200000004,
        0.0028789345200000006,
        0.0026274515200000004,
        0.0026298585200000006,
        0.0027394085200000006,
        0.00273186052,
        0.0026772675200000006,
        0.0026590175200000006,
        0.00277163152,
        0.00311953652,
        0.00259602752,
        0.00260773552,
        0.0028447995200000004,
        0.0026206505200000005,
        0.00267709052,
        0.0025691765200000004,
        0.0027871355200000006,
        0.0026848515200000003,
        0.002937118520000001,
        0.0026900415200000007,
        0.0026980195200000004,
        0.0027491705200000005,
        0.0026872555200000005,
        0.00275118152,
        0.00263189952,
        0.0027328075200000004,
        0.0026458975200000004,
        0.0027649625200000002,
        0.00275603152,
        0.0028049075200000007
      ],
      "exit_codes": [
        0,
        0,
        0,
        0,
        0,
        0,
        0,
        0,
        0,
        0,
        0,
        0,
        0,
        0,
        0,
        0,
        0,
        0,
        0,
        0,
        0,
        0,
        0,
        0,
        0,
        0,
        0,
        0,
        0,
        0,
        0,
        0,
        0,
        0,
        0,
        0,
        0,
        0,
        0,
        0,
        0,
        0,
        0,
        0,
        0,
        0,
        0,
        0,
        0,
        0,
        0,
        0,
        0,
        0,
        0,
        0,
        0,
        0,
        0,
        0,
        0,
        0,
        0,
        0,
        0,
        0,
        0,
        0,
        0,
        0,
        0,
        0,
        0,
        0,
        0,
        0,
        0,
        0,
        0,
        0,
        0,
        0,
        0,
        0,
        0,
        0,
        0,
        0,
        0,
        0,
        0,
        0,
        0,
        0,
        0,
        0,
        0,
        0,
        0,
        0
      ]
    }
  ]
}
