{
  "results": [
    {
      "command": "out/20220731101132/contention 8 1000",
      "mean": 0.0028761776399999998,
      "stddev": 0.00016520196565561314,
      "median": 0.0028565435599999995,
      "user": 0.0018037799999999998,
      "system": 0.0011395999999999997,
      "min": 0.0026151755599999995,
      "max": 0.00362634056,
      "times": [
        0.0027022845599999996,
        0.0027476665599999997,
        0.00295357656,
        0.00269310156,
        0.0027626505599999997,
        0.00274670856,
        0.0028275235599999997,
        0.00283352156,
        0.00279148456,
        0.0026983315599999995,
        0.0027494725599999997,
        0.0027968715599999997,
        0.00287437856,
        0.0028567025599999995,
        0.00299329956,
        0.0027637745599999996,
        0.0026874885599999995,
        0.0028174735599999995,
        0.0027321025599999996,
        0.0027548115599999997,
        0.0026151755599999995,
        0.00299218856,
        0.0028243915600000002,
        0.0027766905599999996,
        0.00362634056,
        0.0032043205599999996,
        0.0029832635600000003,
        0.0026689485599999995,
        0.00266971056,
        0.0027690855599999996,
        0.0029257675599999996,
        0.0027442985599999995,
        0.00270334156,
        0.00281992756,
        0.00270081056,
        0.00266681556,
        0.00283658256,
        0.00265555856,
        0.0031860705599999995,
        0.0028852055599999996,
        0.00297780656,
        0.00277807856,
        0.00265721456,
        0.0028928945599999995,
        0.0029971895599999994,
        0.0031994695599999994,
        0.00277381556,
        0.00295599356,
        0.00279583156,
        0.00287141056,
        0.0028635015599999996,
        0.0028563845599999995,
        0.0029078275599999995,
        0.00298260456,
        0.0030878015599999998,
        0.00316200556,
        0.0030570495599999995,
        0.00290889256,
        0.00342719956,
        0.0031332335599999995,
        0.0030221425599999997,
        0.00270886356,
        0.00282497856,
        0.0028064985599999996,
        0.00291348856,
        0.0027375995599999998,
        0.00286725656,
        0.0030354325599999997,
        0.00289094756,
        0.00289399756,
        0.0027642295599999995,
        0.00286053756,
        0.0028494155599999996,
        0.0027895835599999995,
        0.00275008156,
        0.00277691856,
        0.00296822056,
        0.00302390656,
        0.0029061285599999995,
        0.00299820856,
        0.0030527235599999997,
        0.00290654456,
        0.00279328556,
        0.0028545285599999998,
        0.0026201535599999996,
        0.0027171945599999995,
        0.0030069265599999995,
        0.00297492556,
        0.0029030615599999997,
        0.0029819745599999996,
        0.0030575225599999995,
        0.0027484195599999997,
        0.0029649325599999995,
        0.0029895465599999995,
        0.00273974756,
        0.0029205175599999996,
        0.00292648056,
        0.0030875345599999998,
        0.0029061415599999996,
        0.0027532415599999995
      ],
      "exit_codes": [
        0,
        0,
        0,
        0,
        0,
        0,
        0,
        0,
        0,
        0,
        0,
        0,
        0,
        0,
        0,
        0,
        0,
        0,
        0,
        0,
        0,
        0,
        0,
        0,
        0,
        0,
        0,
        0,
        0,
        0,
        0,
        0,
        0,
        0,
        0,
        0,
        0,
        0,
        0,
        0,
        0,
        0,
        0,
        0,
        0,
        0,
        0,
        0,
        0,
        0,
        0,
        0,
        0,
        0,
        0,
        0,
        0,
        0,
        0,
        0,
        0,
        0,
        0,
        0,
        0,
        0,
        0,
        0,
        0,
        0,
        0,
        0,
        0,
        0,
        0,
        0,
        0,
        0,
        0,
        0,
        0,
        0,
        0,
        0,
        0,
        0,
        0,
        0,
        0,
        0,
        0,
        0,
        0,
        0,
        0,
        0,
        0,
        0,
        0,
        0
      ]
    }
  ]
}
