{
  "results": [
    {
      "command": "out/20220731101132/contention 8 10000",
      "mean": 0.0038677164200000003,
      "stddev": 0.0002637839852430635,
      "median": 0.00381914904,
      "user": 0.007711490000000002,
      "system": 0.0011620599999999997,
      "min": 0.00333957754,
      "max": 0.00523763954,
      "times": [
        0.0035632295399999994,
        0.003507436539999999,
        0.0035547135399999993,
        0.0038955305399999995,
        0.004372002539999999,
        0.0038028315399999996,
        0.0038031855399999997,
        0.0038006975399999996,
        0.003910625539999999,
        0.0041798715399999995,
        0.004018860539999999,
        0.003755502539999999,
        0.0038419275399999993,
        0.00439993854,
        0.0037925885399999995,
        0.0035738465399999995,
        0.0035329975399999995,
        0.00372797354,
        0.00421392454,
        0.004263893539999999,
        0.0038134345399999992,
        0.004647189539999999,
        0.0037047675399999994,
        0.0036310355399999995,
        0.0036095815399999997,
        0.0036201615399999994,
        0.00368077554,
        0.0038252935399999996,
        0.0036924015399999997,
        0.0037018095399999995,
        0.004208996539999999,
        0.0038957525399999997,
        0.00397064154,
        0.0038961405399999993,
        0.00333957754,
        0.00350398954,
        0.003747251539999999,
        0.00394510954,
        0.0035776435399999993,
        0.0035924405399999997,
        0.0036044685399999996,
        0.003722263539999999,
        0.0037427475399999994,
        0.0038414545399999994,
        0.0037555715399999992,
        0.003936268539999999,
        0.0037904135399999994,
        0.003808456539999999,
        0.004019176539999999,
        0.0038243035399999994,
        0.00376927054,
        0.0037298615399999993,
        0.0038214695399999992,
        0.00400449454,
        0.0036801415399999996,
        0.0037554295399999994,
        0.003911095539999999,
        0.00373857254,
        0.0037823985399999993,
        0.00411643054,
        0.004266718539999999,
        0.0038023375399999994,
        0.0038830615399999993,
        0.00410669954,
        0.00439878254,
        0.0037062955399999992,
        0.00377637954,
        0.0038382725399999994,
        0.00415876754,
        0.00392538854,
        0.00385964254,
        0.004076268539999999,
        0.0038933145399999993,
        0.00381864554,
        0.004126923539999999,
        0.003842575539999999,
        0.00380740054,
        0.003825307539999999,
        0.0038048705399999993,
        0.00401278354,
        0.0038244255399999994,
        0.0037201385399999996,
        0.004247731539999999,
        0.00411826954,
        0.004022966539999999,
        0.0035289555399999994,
        0.00368579654,
        0.0036921255399999992,
        0.0035705555399999996,
        0.003613275539999999,
        0.00384018954,
        0.0038535755399999997,
        0.0037723545399999995,
        0.0038196525399999998,
        0.00398564654,
        0.00523763954,
        0.00371027054,
        0.004165117539999999,
        0.00401073454,
        0.00395192454
      ],
      "exit_codes": [
        0,
        0,
        0,
        0,
        0,
        0,
        0,
        0,
        0,
        0,
        0,
        0,
        0,
        0,
        0,
        0,
        0,
        0,
        0,
        0,
        0,
        0,
        0,
        0,
        0,
        0,
        0,
        0,
        0,
        0,
        0,
        0,
        0,
        0,
        0,
        0,
        0,
        0,
        0,
        0,
        0,
        0,
        0,
        0,
        0,
        0,
        0,
        0,
        0,
        0,
        0,
        0,
        0,
        0,
        0,
        0,
        0,
        0,
        0,
        0,
        0,
        0,
        0,
        0,
        0,
        0,
        0,
        0,
        0,
        0,
        0,
        0,
        0,
        0,
        0,
        0,
        0,
        0,
        0,
        0,
        0,
        0,
        0,
        0,
        0,
        0,
        0,
        0,
        0,
        0,
        0,
        0,
        0,
        0,
        0,
        0,
        0,
        0,
        0,
        0
      ]
    }
  ]
}
