{
  "results": [
    {
      "command": "out/20220731101132/contention 8 100000",
      "mean": 0.01380460193,
      "stddev": 0.0012903423444911603,
      "median": 0.013397759560000002,
      "user": 0.07147358999999998,
      "system": 0.0015514699999999995,
      "min": 0.01249343256,
      "max": 0.019580281560000003,
      "times": [
        0.012659604560000001,
        0.01278445656,
        0.01263216556,
        0.01324838656,
        0.01397387456,
        0.01445661156,
        0.013552954559999998,
        0.013419050560000001,
        0.01249343256,
        0.01272592656,
        0.01305641856,
        0.01309272256,
        0.012843591560000001,
        0.01356184956,
        0.01300200456,
        0.013694050559999999,
        0.01398746656,
        0.013216073560000001,
        0.01293591056,
        0.01336189256,
        0.013337749559999999,
        0.01265165556,
        0.013464768560000001,
        0.01370801456,
        0.01330472356,
        0.01297898756,
        0.013559844560000001,
        0.01298606856,
        0.01332499856,
        0.013847426559999999,
        0.013388466560000001,
        0.01282444356,
        0.01313902856,
        0.01294313956,
        0.013066906560000001,
        0.01367155256,
        0.01328267656,
        0.01307720856,
        0.013792138560000002,
        0.01287357256,
        0.01315492656,
        0.01301594556,
        0.013335016560000001,
        0.013193391560000002,
        0.01261678056,
        0.013406183560000002,
        0.012898702560000001,
        0.01346606356,
        0.013461624560000001,
        0.01281209256,
        0.013485378559999999,
        0.013861778560000001,
        0.013195018559999999,
        0.014338162560000001,
        0.016900528560000003,
        0.01291909856,
        0.013370423559999999,
        0.013901425560000001,
        0.014947605559999999,
        0.01289274456,
        0.016022041560000002,
        0.017188819560000002,
        0.018903985560000003,
        0.015669923560000003,
        0.01836117556,
        0.01437765456,
        0.019580281560000003,
        0.01322863956,
        0.013946610560000001,
        0.01260168656,
        0.01428325756,
        0.014056230559999999,
        0.01521997356,
        0.01598033356,
        0.014987470559999999,
        0.01475566656,
        0.01312171656,
        0.014095801560000001,
        0.01580356856,
        0.01412477856,
        0.013528645560000002,
        0.01327780556,
        0.01461574256,
        0.01577009156,
        0.014413099560000002,
        0.01288650656,
        0.013357163560000001,
        0.013410836560000002,
        0.013563158560000002,
        0.01369080656,
        0.01300873656,
        0.01301735256,
        0.014114334559999999,
        0.01301764356,
        0.01300060756,
        0.01402011356,
        0.013389335560000002,
        0.013689029560000001,
        0.01430903056,
        0.01297582856
      ],
      "exit_codes": [
        0,
        0,
        0,
        0,
        0,
        0,
        0,
        0,
        0,
        0,
        0,
        0,
        0,
        0,
        0,
        0,
        0,
        0,
        0,
        0,
        0,
        0,
        0,
        0,
        0,
        0,
        0,
        0,
        0,
        0,
        0,
        0,
        0,
        0,
        0,
        0,
        0,
        0,
        0,
        0,
        0,
        0,
        0,
        0,
        0,
        0,
        0,
        0,
        0,
        0,
        0,
        0,
        0,
        0,
        0,
        0,
        0,
        0,
        0,
        0,
        0,
        0,
        0,
        0,
        0,
        0,
        0,
        0,
        0,
        0,
        0,
        0,
        0,
        0,
        0,
        0,
        0,
        0,
        0,
        0,
        0,
        0,
        0,
        0,
        0,
        0,
        0,
        0,
        0,
        0,
        0,
        0,
        0,
        0,
        0,
        0,
        0,
        0,
        0,
        0
      ]
    }
  ]
}
