{
  "results": [
    {
      "command": "out/20220731101132/contention 8 100",
      "mean": 0.0018831621700000007,
      "stddev": 0.00015612166095264047,
      "median": 0.0018408987400000002,
      "user": 0.0011781600000000001,
      "system": 0.0010903100000000002,
      "min": 0.0016604452399999999,
      "max": 0.0026353732400000007,
      "times": [
        0.0018008432399999998,
        0.0018076202400000001,
        0.00181142524,
        0.0021124672400000006,
        0.0020038022400000006,
        0.0017924852399999998,
        0.0018773092400000005,
        0.0017626722399999998,
        0.0017157082400000006,
        0.0016722462400000004,
        0.0019592462400000003,
        0.0018186872400000002,
        0.0017687972399999998,
        0.00219383124,
        0.0021078252400000006,
        0.0018382322400000003,
        0.0018741962399999998,
        0.00186715924,
        0.0017985632400000003,
        0.0017767912400000006,
        0.0018362732400000002,
        0.0019160602400000006,
        0.0017745812399999998,
        0.00196876624,
        0.0018181202400000002,
        0.0018571082400000005,
        0.0017890692399999998,
        0.0017894162400000002,
        0.0019308412399999999,
        0.0018485672400000005,
        0.0019089642399999999,
        0.0017940822400000006,
        0.0020119432400000003,
        0.0020405232400000006,
        0.0017815492400000002,
        0.00172419924,
        0.0017710752400000003,
        0.00183768424,
        0.0018087942399999998,
        0.0018404862400000005,
        0.0019174532400000003,
        0.00184131124,
        0.0020609352399999998,
        0.00209004124,
        0.00195120024,
        0.0017079222400000005,
        0.0017805832400000004,
        0.0020039082400000003,
        0.00177002624,
        0.00189611224,
        0.00199952424,
        0.0017909812400000004,
        0.00195653424,
        0.00180050524,
        0.0018976402399999998,
        0.00183894624,
        0.0018394792400000005,
        0.0017568822400000003,
        0.0018816512400000006,
        0.0026353732400000007,
        0.00187704324,
        0.0017911412400000003,
        0.0016604452399999999,
        0.00196129024,
        0.00185307524,
        0.0016996682400000004,
        0.0017857052400000002,
        0.0018196392400000004,
        0.0019263582400000003,
        0.0018764892400000002,
        0.0020754612400000006,
        0.00208762224,
        0.0017930662400000002,
        0.00181983924,
        0.0019616782400000005,
        0.0017267272399999999,
        0.0018211652400000004,
        0.00198656524,
        0.0017092932400000005,
        0.0020299922400000003,
        0.0019570562400000003,
        0.0018613432400000005,
        0.0017410752399999998,
        0.00192087624,
        0.0019071162400000003,
        0.00179219324,
        0.0017676422400000006,
        0.00185392724,
        0.0022764432400000003,
        0.0017289132400000002,
        0.0019524952400000002,
        0.00261535924,
        0.0017788772399999998,
        0.0018592962399999998,
        0.00191519124,
        0.0019402472399999999,
        0.0017848302400000002,
        0.00182442724,
        0.0017912492399999999,
        0.00196036724
      ],
      "exit_codes": [
        0,
        0,
        0,
        0,
        0,
        0,
        0,
        0,
        0,
        0,
        0,
        0,
        0,
        0,
        0,
        0,
        0,
        0,
        0,
        0,
        0,
        0,
        0,
        0,
        0,
        0,
        0,
        0,
        0,
        0,
        0,
        0,
        0,
        0,
        0,
        0,
        0,
        0,
        0,
        0,
        0,
        0,
        0,
        0,
        0,
        0,
        0,
        0,
        0,
        0,
        0,
        0,
        0,
        0,
        0,
        0,
        0,
        0,
        0,
        0,
        0,
        0,
        0,
        0,
        0,
        0,
        0,
        0,
        0,
        0,
        0,
        0,
        0,
        0,
        0,
        0,
        0,
        0,
        0,
        0,
        0,
        0,
        0,
        0,
        0,
        0,
        0,
        0,
        0,
        0,
        0,
        0,
        0,
        0,
        0,
        0,
        0,
        0,
        0,
        0
      ]
    }
  ]
}
