{
  "results": [
    {
      "command": "python3 src/main.py",
      "mean": 2.89199902266,
      "stddev": 0.051854089378713594,
      "median": 2.87898796228,
      "user": 2.8802909,
      "system": 0.0046825658,
      "min": 2.84349601628,
      "max": 3.18800659028,
      "times": [
        2.9288564092800002,
        2.9516102932800004,
        2.8983730912800003,
        2.87869390228,
        2.85624622528,
        2.86825857628,
        2.90423874428,
        2.86302595128,
        2.8604413222800003,
        2.86487832728,
        2.86758991228,
        2.8872975322800003,
        2.91825332428,
        2.87083281628,
        2.8593267572800003,
        2.89404372228,
        2.89540853228,
        2.85145306728,
        2.86871000928,
        2.9111963382800004,
        2.85635678428,
        2.88260073028,
        3.18800659028,
        2.89820474028,
        2.86938645828,
        2.88879897528,
        2.85534587328,
        2.85705532528,
        2.85770860628,
        2.93547973228,
        2.86485632228,
        2.86637010028,
        2.8508902802800002,
        2.89017660928,
        2.8971884502800003,
        2.88485978928,
        2.86262751728,
        2.99114976828,
        2.85488081128,
        2.85900200028,
        2.92653232528,
        2.91741391828,
        2.92667864928,
        3.02385536128,
        2.84349601628,
        2.85555809328,
        2.9159608982800003,
        2.91603740928,
        2.88672823228,
        2.89021558528,
        2.9106289972800004,
        2.88417176328,
        2.91368326028,
        2.85074637228,
        2.90719193628,
        2.86779523428,
        2.85213956628,
        2.87022473028,
        2.86728004228,
        2.87920488428,
        2.85517424328,
        2.86593492728,
        2.86529402228,
        2.93995712628,
        2.92840818528,
        2.94445142428,
        2.8639435142800003,
        2.92167354628,
        2.91270102428,
        2.90088899728,
        2.89615737628,
        2.88426623428,
        2.85141062828,
        2.86180601928,
        2.90964285028,
        2.8999586222800002,
        2.87877104028,
        2.85357440928,
        2.86234891428,
        2.8652261402800003,
        2.84826506428,
        2.86548941328,
        2.88266949828,
        2.85853405728,
        3.13072170428,
        2.88183959428,
        2.89177711928,
        2.86659056628,
        2.87086418528,
        2.95276219428,
        3.02815378928,
        2.86846753128,
        2.85818968328,
        2.85374900628,
        2.86696409528,
        2.89143819028,
        2.90262797828,
        2.86210076428,
        2.85342307428,
        2.8884619162800003
      ],
      "exit_codes": [
        0,
        0,
        0,
        0,
        0,
        0,
        0,
        0,
        0,
        0,
        0,
        0,
        0,
        0,
        0,
        0,
        0,
        0,
        0,
        0,
        0,
        0,
        0,
        0,
        0,
        0,
        0,
        0,
        0,
        0,
        0,
        0,
        0,
        0,
        0,
        0,
        0,
        0,
        0,
        0,
        0,
        0,
        0,
        0,
        0,
        0,
        0,
        0,
        0,
        0,
        0,
        0,
        0,
        0,
        0,
        0,
        0,
        0,
        0,
        0,
        0,
        0,
        0,
        0,
        0,
        0,
        0,
        0,
        0,
        0,
        0,
        0,
        0,
        0,
        0,
        0,
        0,
        0,
        0,
        0,
        0,
        0,
        0,
        0,
        0,
        0,
        0,
        0,
        0,
        0,
        0,
        0,
        0,
        0,
        0,
        0,
        0,
        0,
        0,
        0
      ]
    }
  ]
}
