{
  "results": [
    {
      "command": "out/20220725014352/alg1",
      "mean": 0.87268919664,
      "stddev": 0.029910539316336124,
      "median": 0.88142906304,
      "user": 0.8513601600000001,
      "system": 0.013702179999999998,
      "min": 0.81255477354,
      "max": 0.91076147854,
      "times": [
        0.81255477354,
        0.83771150754,
        0.85011141354,
        0.88055536254,
        0.87949268454,
        0.88230276354,
        0.88877695854,
        0.8888941085400001,
        0.91076147854,
        0.8957309155400001
      ],
      "exit_codes": [
        0,
        0,
        0,
        0,
        0,
        0,
        0,
        0,
        0,
        0
      ]
    }
  ]
}
