{
  "results": [
    {
      "command": "out/20220725014352/alg1",
      "mean": 7.3196134196200004,
      "stddev": 0.04734286187783586,
      "median": 7.300330796519999,
      "user": 7.231701499999998,
      "system": 0.04107802000000001,
      "min": 7.27218336452,
      "max": 7.40409814252,
      "times": [
        7.403050085519999,
        7.31140460252,
        7.33442667552,
        7.27218336452,
        7.29067127152,
        7.29071028852,
        7.40409814252,
        7.2889281725199995,
        7.30976699652,
        7.290894596519999
      ],
      "exit_codes": [
        0,
        0,
        0,
        0,
        0,
        0,
        0,
        0,
        0,
        0
      ]
    }
  ]
}
