{
  "results": [
    {
      "command": "out/20220725014352/alg1",
      "mean": 16.357423466919997,
      "stddev": 0.08893473062111643,
      "median": 16.36508843422,
      "user": 16.178519819999998,
      "system": 0.0819639,
      "min": 16.21017325122,
      "max": 16.46532657722,
      "times": [
        16.35541787822,
        16.31802437722,
        16.46532657722,
        16.21017325122,
        16.45982674922,
        16.29116852022,
        16.25845706322,
        16.46155213222,
        16.37475899022,
        16.37952913022
      ],
      "exit_codes": [
        0,
        0,
        0,
        0,
        0,
        0,
        0,
        0,
        0,
        0
      ]
    }
  ]
}
