{
  "results": [
    {
      "command": "out/20220725014352/alg1",
      "mean": 16.68384493454,
      "stddev": 0.35545196628458053,
      "median": 16.58305253504,
      "user": 16.50153794,
      "system": 0.08449525999999999,
      "min": 16.324114849540003,
      "max": 17.38914760654,
      "times": [
        17.38914760654,
        16.527623376540003,
        16.38046547854,
        16.37700781254,
        16.324114849540003,
        16.81920408954,
        17.19310114454,
        16.60745057854,
        16.55865449154,
        16.661679917540003
      ],
      "exit_codes": [
        0,
        0,
        0,
        0,
        0,
        0,
        0,
        0,
        0,
        0
      ]
    }
  ]
}
