{
  "results": [
    {
      "command": "out/20220725014352/alg2",
      "mean": 0.68768397109,
      "stddev": 0.017848057387363347,
      "median": 0.68608531106,
      "user": 0.67819777,
      "system": 0.007530950000000001,
      "min": 0.6540470310600001,
      "max": 0.76264860706,
      "times": [
        0.6967495500600001,
        0.6800883430600001,
        0.6855782460600001,
        0.7047830820600001,
        0.7239469230600001,
        0.76264860706,
        0.71832258106,
        0.72823865306,
        0.7317093010600001,
        0.69526171006,
        0.70109249506,
        0.6907971030600001,
        0.69120712106,
        0.6726404030600001,
        0.6929808630600001,
        0.67961100906,
        0.6747701230600001,
        0.6901078420600001,
        0.6673695070600001,
        0.6912828630600001,
        0.68978094806,
        0.66034153106,
        0.6719435460600001,
        0.6540470310600001,
        0.68449712206,
        0.6778661890600001,
        0.6808522930600001,
        0.6751806340600001,
        0.7010497240600001,
        0.68056688306,
        0.6814867060600001,
        0.66565300806,
        0.6758997720600001,
        0.67686482006,
        0.6968709430600001,
        0.6806334270600001,
        0.69970735506,
        0.68775039406,
        0.69875897606,
        0.66771197806,
        0.69855775206,
        0.6922106180600001,
        0.6861777560600001,
        0.7131106420600001,
        0.6859928660600001,
        0.6702135600600001,
        0.69151134906,
        0.68211839206,
        0.6781646840600001,
        0.68686923606,
        0.6725845370600001,
        0.68792962006,
        0.70067871106,
        0.66412883706,
        0.69514648806,
        0.7080880300600001,
        0.7393686180600001,
        0.6765438570600001,
        0.6819906570600001,
        0.67690564706,
        0.68593726606,
        0.6725138970600001,
        0.66303105506,
        0.68662260306,
        0.6747386910600001,
        0.69264451506,
        0.68862821606,
        0.7055882680600001,
        0.6722156690600001,
        0.6613865680600001,
        0.6892849720600001,
        0.67084497206,
        0.6873085560600001,
        0.67493796906,
        0.6725756700600001,
        0.67372549106,
        0.69390281606,
        0.6787029480600001,
        0.68484099706,
        0.71299912706,
        0.69414786506,
        0.66689849806,
        0.6786873370600001,
        0.66640012406,
        0.69228650106,
        0.67775883406,
        0.69233695506,
        0.6760464970600001,
        0.68438832106,
        0.68519932206,
        0.71146179306,
        0.68972471706,
        0.67236803306,
        0.69755834806,
        0.66614514906,
        0.7293225510600001,
        0.6867540470600001,
        0.6931082930600001,
        0.68669800106,
        0.7037341890600001
      ],
      "exit_codes": [
        0,
        0,
        0,
        0,
        0,
        0,
        0,
        0,
        0,
        0,
        0,
        0,
        0,
        0,
        0,
        0,
        0,
        0,
        0,
        0,
        0,
        0,
        0,
        0,
        0,
        0,
        0,
        0,
        0,
        0,
        0,
        0,
        0,
        0,
        0,
        0,
        0,
        0,
        0,
        0,
        0,
        0,
        0,
        0,
        0,
        0,
        0,
        0,
        0,
        0,
        0,
        0,
        0,
        0,
        0,
        0,
        0,
        0,
        0,
        0,
        0,
        0,
        0,
        0,
        0,
        0,
        0,
        0,
        0,
        0,
        0,
        0,
        0,
        0,
        0,
        0,
        0,
        0,
        0,
        0,
        0,
        0,
        0,
        0,
        0,
        0,
        0,
        0,
        0,
        0,
        0,
        0,
        0,
        0,
        0,
        0,
        0,
        0,
        0,
        0
      ],
      "parameters": {
        "blk": "Ah=n,Aw=n,Bw=n"
      }
    },
    {
      "command": "out/20220725014352/alg2",
      "mean": 0.5832667555,
      "stddev": 0.004306457975850522,
      "median": 0.58333463006,
      "user": 0.5742395600000001,
      "system": 0.007296570000000001,
      "min": 0.57385547406,
      "max": 0.59387579306,
      "times": [
        0.58711865706,
        0.58553739006,
        0.58103315006,
        0.58467146406,
        0.58112886506,
        0.57933272806,
        0.5798272790600001,
        0.57948792906,
        0.5801932950600001,
        0.57506525306,
        0.5822612180600001,
        0.5852014870600001,
        0.58947183906,
        0.58595662506,
        0.5899924440600001,
        0.58977917406,
        0.58789526506,
        0.58437335306,
        0.5917593750600001,
        0.58609269706,
        0.58089269006,
        0.59179551306,
        0.5859864920600001,
        0.58278513006,
        0.5772856900600001,
        0.5795677920600001,
        0.58027149806,
        0.58177471006,
        0.58125010606,
        0.57600870406,
        0.5883187440600001,
        0.5878915060600001,
        0.57982656706,
        0.57919362906,
        0.58340839406,
        0.5802021890600001,
        0.58343124306,
        0.5854373300600001,
        0.57606575806,
        0.58470490206,
        0.58025674406,
        0.5823691440600001,
        0.5835568840600001,
        0.58843213606,
        0.58604350406,
        0.5815018550600001,
        0.5780808110600001,
        0.57609854206,
        0.5847770830600001,
        0.5855303820600001,
        0.5791687630600001,
        0.58384731406,
        0.57846518406,
        0.5773229940600001,
        0.58614631206,
        0.58233507906,
        0.59387579306,
        0.5851772070600001,
        0.58273369206,
        0.5829597350600001,
        0.58566156106,
        0.58789329706,
        0.5842232110600001,
        0.57829680506,
        0.57897558106,
        0.5847775550600001,
        0.58155267406,
        0.57385547406,
        0.58340083706,
        0.58952484906,
        0.58408511706,
        0.58731660906,
        0.58326842306,
        0.5887094930600001,
        0.5916511280600001,
        0.58739576406,
        0.58294871406,
        0.58862065706,
        0.57965965306,
        0.5846839810600001,
        0.58481656806,
        0.57684105106,
        0.5857892140600001,
        0.58518191906,
        0.5915504100600001,
        0.57663401006,
        0.58251814706,
        0.5887498950600001,
        0.5831274470600001,
        0.58005340406,
        0.58191234906,
        0.57633184806,
        0.58561474006,
        0.5822237140600001,
        0.57828764206,
        0.5761199810600001,
        0.5783191600600001,
        0.58268092906,
        0.58617929906,
        0.58628520206
      ],
      "exit_codes": [
        0,
        0,
        0,
        0,
        0,
        0,
        0,
        0,
        0,
        0,
        0,
        0,
        0,
        0,
        0,
        0,
        0,
        0,
        0,
        0,
        0,
        0,
        0,
        0,
        0,
        0,
        0,
        0,
        0,
        0,
        0,
        0,
        0,
        0,
        0,
        0,
        0,
        0,
        0,
        0,
        0,
        0,
        0,
        0,
        0,
        0,
        0,
        0,
        0,
        0,
        0,
        0,
        0,
        0,
        0,
        0,
        0,
        0,
        0,
        0,
        0,
        0,
        0,
        0,
        0,
        0,
        0,
        0,
        0,
        0,
        0,
        0,
        0,
        0,
        0,
        0,
        0,
        0,
        0,
        0,
        0,
        0,
        0,
        0,
        0,
        0,
        0,
        0,
        0,
        0,
        0,
        0,
        0,
        0,
        0,
        0,
        0,
        0,
        0,
        0
      ],