{
  "results": [
    {
      "command": "python3 /home/ec2-user/environment/EP1/src/main.py",
      "mean": 3.6732868115299993,
      "stddev": 0.1178647093732879,
      "median": 3.64907946258,
      "user": 3.5852556300000025,
      "system": 0.005205006399999998,
      "min": 3.59348971708,
      "max": 4.71273481608,
      "times": [
        3.78581208208,
        3.68020015308,
        3.64245990208,
        3.64458680208,
        3.63726125208,
        3.6230866490799998,
        3.6577335520800003,
        3.73491725808,
        3.65527684308,
        3.76549444808,
        3.65988296508,
        3.79270308708,
        3.68365426008,
        3.6271241500799998,
        3.70049996308,
        3.6640802680799998,
        3.61961427808,
        3.72764919208,
        3.61904767608,
        3.66597984008,
        3.6523114480800003,
        3.68219647708,
        3.64614056108,
        3.65741212908,
        3.67546374108,
        3.64352482508,
        3.68456943108,
        3.66929517508,
        3.70267297608,
        3.62086558108,
        3.66132807308,
        3.63519507208,
        3.66804717808,
        3.73606319208,
        3.62219492608,
        3.63698779608,
        3.86292015408,
        3.64848862908,
        3.69210849908,
        3.6802319360799998,
        3.97743644108,
        3.65367841208,
        3.66327511808,
        3.66150374308,
        3.64749621008,
        3.64967029608,
        3.64295695708,
        3.62264714208,
        3.67625598708,
        3.62761339008,
        3.6226193490800003,
        3.67039649508,
        3.65381204708,
        3.62926464708,
        3.61080354408,
        3.65406802908,
        3.74654312208,
        3.62098389908,
        3.64198225708,
        3.62538769108,
        3.69326930608,
        3.62060610708,
        3.60815754708,
        3.66444127108,
        3.69859347008,
        3.59348971708,
        3.65274400308,
        3.64654540008,
        3.66208571308,
        3.64107278608,
        3.61745616908,
        3.63093614908,
        3.71178115808,
        3.6373276210800003,
        3.62347921408,
        3.63422738208,
        3.64201887708,
        3.69779893608,
        3.62840004908,
        3.6390282480800002,
        3.6382023550800002,
        3.60981432608,
        3.66848436208,
        3.60086281208,
        3.61612268508,
        3.63350625608,
        3.6434839550800002,
        3.63488094908,
        3.65669129508,
        4.71273481608,
        3.68140944308,
        3.63237780708,
        3.6215061470800003,
        3.64414780708,
        3.64836305608,
        3.6257664260799998,
        3.63730889208,
        3.71253280008,
        3.71552610208,
        3.68802253608
      ],
      "exit_codes": [
        0,
        0,
        0,
        0,
        0,
        0,
        0,
        0,
        0,
        0,
        0,
        0,
        0,
        0,
        0,
        0,
        0,
        0,
        0,
        0,
        0,
        0,
        0,
        0,
        0,
        0,
        0,
        0,
        0,
        0,
        0,
        0,
        0,
        0,
        0,
        0,
        0,
        0,
        0,
        0,
        0,
        0,
        0,
        0,
        0,
        0,
        0,
        0,
        0,
        0,
        0,
        0,
        0,
        0,
        0,
        0,
        0,
        0,
        0,
        0,
        0,
        0,
        0,
        0,
        0,
        0,
        0,
        0,
        0,
        0,
        0,
        0,
        0,
        0,
        0,
        0,
        0,
        0,
        0,
        0,
        0,
        0,
        0,
        0,
        0,
        0,
        0,
        0,
        0,
        0,
        0,
        0,
        0,
        0,
        0,
        0,
        0,
        0,
        0,
        0
      ]
    }
  ]
}
