{
  "results": [
    {
      "command": "python3 src/main.py",
      "mean": 2.898728493429999,
      "stddev": 0.10491657342921518,
      "median": 2.86833889894,
      "user": 2.874267860000001,
      "system": 0.004851954999999998,
      "min": 2.8286536669399998,
      "max": 3.57175485794,
      "times": [
        2.92628865694,
        2.86595693094,
        2.85365547494,
        2.87083016894,
        2.85736216794,
        2.85941750094,
        2.90927930894,
        2.8679832839399997,
        2.91064882594,
        2.8621645399399998,
        3.57175485794,
        2.9385766319399997,
        2.87142702494,
        2.88717686194,
        2.84453144994,
        2.85751866394,
        2.9386050989399997,
        2.86087696794,
        2.96916533494,
        2.8578684439399997,
        2.85418821794,
        2.84475702294,
        2.89490603794,
        2.86118295594,
        2.8575447659399997,
        2.8822131719399997,
        2.85668986994,
        2.85320142494,
        2.89462031194,
        3.2048181909399998,
        2.89193427594,
        3.01273741694,
        2.90330960794,
        2.88570250794,
        2.86298327894,
        2.94400667094,
        2.89287349594,
        2.87194044294,
        2.85178236094,
        2.89468564794,
        2.88964280494,
        2.9002732979399997,
        2.92922396494,
        2.84993117294,
        2.85453863994,
        2.85081810894,
        2.87651265094,
        2.87964833794,
        2.86029742694,
        2.84764053794,
        2.89148867194,
        3.04323794594,
        2.95826535994,
        2.84631856594,
        2.86014938694,
        2.84859595294,
        2.84575553594,
        2.86348251994,
        2.84790748394,
        2.90660641694,
        2.86501463894,
        2.88300987994,
        2.85492648094,
        2.85745147094,
        2.86869451394,
        2.85987033794,
        2.85705608294,
        2.87215570594,
        2.84727708494,
        2.8658052709399997,
        2.88188844894,
        2.8570415949399997,
        3.37626248994,
        2.87802805794,
        2.86548543894,
        2.8932108299399997,
        2.8544471909399998,
        2.90961456294,
        2.89639045194,
        2.84984254894,
        2.90127467594,
        2.85068326694,
        2.83816420494,
        2.90761926794,
        2.89840537594,
        2.8286536669399998,
        2.90802238094,
        2.89946164394,
        2.87717987994,
        2.8412736869399997,
        2.88886215094,
        2.85593655894,
        2.84950526394,
        3.2874101149399997,
        2.84881983894,
        2.95657242294,
        2.85202225494,
        2.8477800309399997,
        2.93675397494,
        2.85747494194
      ],
      "exit_codes": [
        0,
        0,
        0,
        0,
        0,
        0,
        0,
        0,
        0,
        0,
        0,
        0,
        0,
        0,
        0,
        0,
        0,
        0,
        0,
        0,
        0,
        0,
        0,
        0,
        0,
        0,
        0,
        0,
        0,
        0,
        0,
        0,
        0,
        0,
        0,
        0,
        0,
        0,
        0,
        0,
        0,
        0,
        0,
        0,
        0,
        0,
        0,
        0,
        0,
        0,
        0,
        0,
        0,
        0,
        0,
        0,
        0,
        0,
        0,
        0,
        0,
        0,
        0,
        0,
        0,
        0,
        0,
        0,
        0,
        0,
        0,
        0,
        0,
        0,
        0,
        0,
        0,
        0,
        0,
        0,
        0,
        0,
        0,
        0,
        0,
        0,
        0,
        0,
        0,
        0,
        0,
        0,
        0,
        0,
        0,
        0,
        0,
        0,
        0,
        0
      ]
    }
  ]
}
